{"type":"FeatureCollection","features":[{"type":"Feature","properties":{"name":"FLINT, BISHOP INTL AIRPORT CLASS C","class":"C","lower":"0","lower_code":"SFC","upper":"4800"},"geometry":{"type":"Polygon","coordinates":[[[-83.7447,43.0488],[-83.7225,43.0472],[-83.7012,43.0425],[-83.6816,43.0348],[-83.6644,43.0244],[-83.6503,43.0118],[-83.6399,42.9974],[-83.6334,42.9818],[-83.6312,42.9655],[-83.6334,42.9492],[-83.6399,42.9336],[-83.6504,42.9192],[-83.6645,42.9065],[-83.6817,42.8962],[-83.7014,42.8884],[-83.7227,42.8837],[-83.7448,42.8821],[-83.7669,42.8837],[-83.7882,42.8885],[-83.8079,42.8962],[-83.825,42.9066],[-83.8391,42.9192],[-83.8496,42.9336],[-83.8561,42.9493],[-83.8582,42.9655],[-83.856,42.9819],[-83.8496,42.9975],[-83.8391,43.0118],[-83.825,43.0244],[-83.8078,43.0348],[-83.7882,43.0425],[-83.7669,43.0472],[-83.7447,43.0488]]]}},{"type":"Feature","properties":{"name":"FLINT, BISHOP INTL AIRPORT CLASS C","class":"C","lower":"2100","lower_code":"MSL","upper":"4800"},"geometry":{"type":"Polygon","coordinates":[[[-83.7447,43.1322],[-83.7004,43.129],[-83.6578,43.1195],[-83.6185,43.1041],[-83.5841,43.0834],[-83.5559,43.0582],[-83.5445,43.0442],[-83.535,43.0294],[-83.5275,43.014],[-83.5221,42.9982],[-83.5188,42.982],[-83.5177,42.9657],[-83.5188,42.9494],[-83.5221,42.9332],[-83.5275,42.9174],[-83.535,42.9019],[-83.5445,42.8871],[-83.556,42.8729],[-83.5843,42.8476],[-83.6186,42.8269],[-83.6579,42.8115],[-83.7005,42.802],[-83.7448,42.7988],[-83.7891,42.802],[-83.8317,42.8115],[-83.871,42.827],[-83.9053,42.8477],[-83.9335,42.8731],[-83.9544,42.9018],[-83.962,42.9174],[-83.9674,42.9332],[-83.9706,42.9494],[-83.9717,42.9657],[-83.9706,42.982],[-83.9674,42.9981],[-83.962,43.014],[-83.9545,43.0294],[-83.945,43.0441],[-83.9336,43.0581],[-83.9054,43.0834],[-83.871,43.1041],[-83.8317,43.1195],[-83.7891,43.129],[-83.7447,43.1322]]]}},{"type":"Feature","properties":{"name":"GREEN BAY, AUSTIN STRAUBEL INTERNATIONAL AIRPORT CLASS C","class":"C","lower":"0","lower_code":"SFC","upper":"4700"},"geometry":{"type":"Polygon","coordinates":[[[-88.1297,44.568],[-88.107,44.5664],[-88.0852,44.5616],[-88.0651,44.554],[-88.0474,44.5436],[-88.033,44.531],[-88.0222,44.5166],[-88.0156,44.501],[-88.0133,44.4847],[-88.0155,44.4685],[-88.0222,44.4528],[-88.0329,44.4384],[-88.0474,44.4257],[-88.065,44.4154],[-88.0851,44.4077],[-88.1069,44.4029],[-88.1296,44.4013],[-88.1523,44.4029],[-88.1742,44.4076],[-88.1943,44.4153],[-88.212,44.4257],[-88.2265,44.4384],[-88.2373,44.4528],[-88.2439,44.4685],[-88.2461,44.4847],[-88.2439,44.501],[-88.2372,44.5166],[-88.2265,44.531],[-88.212,44.5436],[-88.1944,44.5539],[-88.1743,44.5616],[-88.1524,44.5664],[-88.1297,44.568]]]}},{"type":"Feature","properties":{"name":"GREEN BAY, AUSTIN STRAUBEL INTERNATIONAL AIRPORT CLASS C","class":"C","lower":"1900","lower_code":"MSL","upper":"4700"},"geometry":{"type":"Polygon","coordinates":[[[-88.1297,44.6513],[-88.0842,44.6481],[-88.0405,44.6386],[-88.0003,44.6232],[-87.965,44.6025],[-87.9361,44.5773],[-87.9243,44.5633],[-87.9146,44.5485],[-87.9069,44.5332],[-87.9014,44.5173],[-87.898,44.5012],[-87.8969,44.4849],[-87.898,44.4686],[-87.9014,44.4524],[-87.9069,44.4366],[-87.9146,44.421],[-87.9244,44.4063],[-87.9362,44.3921],[-87.9652,44.3668],[-88.0004,44.3461],[-88.0407,44.3307],[-88.0844,44.3212],[-88.1298,44.318],[-88.1752,44.3212],[-88.2189,44.3307],[-88.2592,44.3462],[-88.2943,44.3669],[-88.3233,44.3922],[-88.335,44.4062],[-88.3448,44.421],[-88.3525,44.4365],[-88.3581,44.4524],[-88.3614,44.4685],[-88.3625,44.4848],[-88.3614,44.5011],[-88.3581,44.5173],[-88.3525,44.5331],[-88.3449,44.5485],[-88.3351,44.5633],[-88.3234,44.5773],[-88.2945,44.6025],[-88.2592,44.6232],[-88.2189,44.6386],[-88.1752,44.6481],[-88.1297,44.6513]]]}},{"type":"Feature","properties":{"name":"GREENSBORO, PIEDMONT TRIAD INTERNATIONAL AIRPORT CLASS C","class":"C","lower":"0","lower_code":"SFC","upper":"5000"},"geometry":{"type":"Polygon","coordinates":[[[-79.9372,36.181],[-79.9172,36.1794],[-79.8978,36.1746],[-79.88,36.1669],[-79.8645,36.1565],[-79.8517,36.1439],[-79.8422,36.1295],[-79.8364,36.1139],[-79.8344,36.0975],[-79.8364,36.0813],[-79.8422,36.0656],[-79.8517,36.0512],[-79.8646,36.0385],[-79.8802,36.0281],[-79.8979,36.0204],[-79.9173,36.0156],[-79.9373,36.014],[-79.9573,36.0156],[-79.9766,36.0204],[-79.9944,36.0282],[-80.01,36.0385],[-80.0228,36.0512],[-80.0322,36.0656],[-80.0381,36.0813],[-80.0401,36.0976],[-80.0381,36.1139],[-80.0322,36.1295],[-80.0227,36.1439],[-80.0099,36.1566],[-79.9943,36.1669],[-79.9766,36.1746],[-79.9573,36.1793],[-79.9372,36.181]]]}},{"type":"Feature","properties":{"name":"FORT NOVOSEL (OZARK) CLASS D","class":"D","lower":"0","lower_code":"SFC","upper":"2800"},"geometry":{"type":"Polygon","coordinates":[[[-85.7056,31.3919],[-85.6866,31.3902],[-85.6683,31.3855],[-85.6515,31.3778],[-85.6368,31.3674],[-85.6247,31.3548],[-85.6157,31.3403],[-85.6102,31.3247],[-85.6083,31.3084],[-85.6101,31.2921],[-85.6157,31.2764],[-85.6247,31.262],[-85.6368,31.2493],[-85.6515,31.2389],[-85.6684,31.2312],[-85.6867,31.2264],[-85.7056,31.2248],[-85.7246,31.2264],[-85.7428,31.2312],[-85.7597,31.2389],[-85.7744,31.2493],[-85.7865,31.262],[-85.7954,31.2764],[-85.801,31.2921],[-85.8028,31.3083],[-85.801,31.3247],[-85.7954,31.3403],[-85.7864,31.3547],[-85.7744,31.3674],[-85.7596,31.3778],[-85.7428,31.3855],[-85.7245,31.3902],[-85.7056,31.3919]]]}},{"type":"Feature","properties":{"name":"FORT WAYNE INTL AIRPORT CLASS C","class":"C","lower":"0","lower_code":"SFC","upper":"4800"},"geometry":{"type":"Polygon","coordinates":[[[-85.1952,41.0619],[-85.1736,41.0602],[-85.153,41.0555],[-85.134,41.0478],[-85.1173,41.0374],[-85.1037,41.0248],[-85.0935,41.0104],[-85.0873,40.9948],[-85.0851,40.9785],[-85.0873,40.9622],[-85.0935,40.9466],[-85.1037,40.9322],[-85.1174,40.9195],[-85.1341,40.9092],[-85.1531,40.9014],[-85.1737,40.8967],[-85.1952,40.8951],[-85.2167,40.8967],[-85.2373,40.9015],[-85.2564,40.9092],[-85.273,40.9195],[-85.2867,40.9322],[-85.2968,40.9466],[-85.3031,40.9623],[-85.3052,40.9786],[-85.3031,40.9949],[-85.2968,41.0105],[-85.2866,41.0249],[-85.2729,41.0375],[-85.2563,41.0478],[-85.2373,41.0555],[-85.2166,41.0603],[-85.1952,41.0619]]]}},{"type":"Feature","properties":{"name":"FORT WAYNE INTL AIRPORT CLASS C","class":"C","lower":"2000","lower_code":"MSL","upper":"4800"},"geometry":{"type":"Polygon","coordinates":[[[-85.1952,41.1452],[-85.1522,41.142],[-85.1109,41.1326],[-85.0728,41.1172],[-85.0395,41.0965],[-85.0122,41.0712],[-84.9918,41.0424],[-84.9846,41.0271],[-84.9793,41.0112],[-84.9762,40.995],[-84.9751,40.9787],[-84.9762,40.9624],[-84.9793,40.9463],[-84.9845,40.9304],[-84.9919,40.9149],[-85.0122,40.8859],[-85.0397,40.8606],[-85.0729,40.8399],[-85.111,40.8244],[-85.1523,40.8149],[-85.1953,40.8117],[-85.2382,40.8149],[-85.2795,40.8245],[-85.3176,40.84],[-85.3508,40.8607],[-85.3782,40.886],[-85.3985,40.9148],[-85.4058,40.9304],[-85.411,40.9462],[-85.4142,40.9624],[-85.4152,40.9787],[-85.4142,40.995],[-85.411,41.0112],[-85.4058,41.027],[-85.3985,41.0424],[-85.3782,41.0712],[-85.3509,41.0964],[-85.3175,41.1171],[-85.2795,41.1325],[-85.2382,41.142],[-85.1952,41.1452]]]}},{"type":"Feature","properties":{"name":"KAHULUI AIRPORT CLASS C","class":"C","lower":"0","lower_code":"SFC","upper":"4100"},"geometry":{"type":"Polygon","coordinates":[[[-156.4305,20.9823],[-156.4131,20.9807],[-156.3964,20.9759],[-156.381,20.9682],[-156.3675,20.9578],[-156.3565,20.9452],[-156.3482,20.9307],[-156.3432,20.9151],[-156.3415,20.8987],[-156.3432,20.8824],[-156.3482,20.8667],[-156.3564,20.8522],[-156.3675,20.8395],[-156.3811,20.8291],[-156.3964,20.8214],[-156.4131,20.8166],[-156.4305,20.815],[-156.4479,20.8166],[-156.4646,20.8214],[-156.4799,20.8291],[-156.4934,20.8396],[-156.5045,20.8523],[-156.5127,20.8667],[-156.5178,20.8824],[-156.5195,20.8987],[-156.5177,20.915],[-156.5127,20.9307],[-156.5045,20.9451],[-156.4934,20.9578],[-156.4799,20.9682],[-156.4645,20.9759],[-156.4478,20.9807],[-156.4305,20.9823]]]}},{"type":"Feature","properties":{"name":"KAHULUI AIRPORT CLASS C","class":"C","lower":"2000","lower_code":"MSL","upper":"4100"},"geometry":{"type":"Polygon","coordinates":[[[-156.4165,20.816],[-156.4026,20.7334],[-156.4413,20.7317],[-156.4794,20.7378],[-156.5152,20.7516],[-156.5317,20.7611],[-156.5471,20.7724],[-156.4888,20.8355],[-156.4729,20.8251],[-156.455,20.8183],[-156.4359,20.8152],[-156.4165,20.816]]]}},{"type":"Feature","properties":{"name":"KAHULUI AIRPORT CLASS C","class":"C","lower":"2000","lower_code":"MSL","upper":"4100"},"geometry":{"type":"Polygon","coordinates":[[[-156.3415,20.8972],[-156.3444,20.92],[-156.3538,20.9411],[-156.369,20.9591],[-156.3888,20.9726],[-156.4025,20.9781],[-156.4171,20.9813],[-156.4319,20.9823],[-156.4468,20.9809],[-156.4612,20.9771],[-156.4747,20.9712],[-156.487,20.9632],[-156.4977,20.9535],[-156.5649,21.0083],[-156.5435,21.0279],[-156.5189,21.0439],[-156.4919,21.0556],[-156.4631,21.0631],[-156.4333,21.0659],[-156.4037,21.064],[-156.3746,21.0575],[-156.3471,21.0465],[-156.3274,21.035],[-156.3093,21.0212],[-156.2933,21.0053],[-156.2796,20.9875],[-156.2686,20.9683],[-156.2603,20.9478],[-156.2549,20.9265],[-156.2526,20.9047],[-156.2525,20.8956],[-156.3415,20.8972]]]}},{"type":"Feature","properties":{"name":"MANCHESTER CLASS C","class":"C","lower":"0","lower_code":"SFC","upper":"4300"},"geometry":{"type":"Polygon","coordinates":[[[-71.4357,43.0162],[-71.4136,43.0146],[-71.3924,43.0098],[-71.3728,43.0021],[-71.3556,42.9918],[-71.3415,42.9792],[-71.331,42.9648],[-71.3245,42.9492],[-71.3223,42.9329],[-71.3245,42.9167],[-71.3309,42.901],[-71.3414,42.8866],[-71.3555,42.8739],[-71.3727,42.8635],[-71.3923,42.8558],[-71.4135,42.8511],[-71.4357,42.8495],[-71.4579,42.8511],[-71.4791,42.8558],[-71.4986,42.8635],[-71.5159,42.8738],[-71.53,42.8865],[-71.5405,42.9009],[-71.547,42.9166],[-71.5492,42.9328],[-71.547,42.9491],[-71.5406,42.9647],[-71.5301,42.9791],[-71.516,42.9917],[-71.4988,43.0021],[-71.4792,43.0098],[-71.4579,43.0146],[-71.4357,43.0162]]]}},{"type":"Feature","properties":{"name":"MANCHESTER CLASS C","class":"C","lower":"2500","lower_code":"MSL","upper":"4300"},"geometry":{"type":"Polygon","coordinates":[[[-71.2783,42.8129],[-71.285,42.8165],[-71.2952,42.8324],[-71.3159,42.8533],[-71.3371,42.8633],[-71.3457,42.8821],[-71.3369,42.8919],[-71.3301,42.9025],[-71.3253,42.9137],[-71.3228,42.9253],[-71.3225,42.9371],[-71.3244,42.9487],[-71.3285,42.9601],[-71.3347,42.9708],[-71.353,42.9898],[-71.3777,43.0044],[-71.4069,43.0134],[-71.4384,43.0161],[-71.4524,43.0343],[-71.4724,43.0509],[-71.4713,43.0607],[-71.4722,43.0773],[-71.4758,43.0969],[-71.4397,43.0995],[-71.4036,43.0978],[-71.3683,43.092],[-71.3348,43.0821],[-71.3038,43.0685],[-71.2762,43.0514],[-71.2526,43.0314],[-71.2336,43.0087],[-71.2198,42.9842],[-71.2115,42.9585],[-71.2089,42.932],[-71.212,42.9055],[-71.2207,42.8798],[-71.235,42.8553],[-71.2544,42.8328],[-71.2783,42.8129]]]}},{"type":"Feature","properties":{"name":"MANCHESTER CLASS C","class":"C","lower":"2500","lower_code":"MSL","upper":"4300"},"geometry":{"type":"Polygon","coordinates":[[[-71.5264,42.9829],[-71.541,42.964],[-71.5483,42.943],[-71.5481,42.9213],[-71.5402,42.9003],[-71.526,42.8823],[-71.506,42.8674],[-71.4784,42.8556],[-71.4477,42.8499],[-71.4242,42.8331],[-71.412,42.8184],[-71.4041,42.8022],[-71.401,42.7851],[-71.4027,42.7679],[-71.4399,42.7661],[-71.477,42.7689],[-71.513,42.7761],[-71.5469,42.7875],[-71.5778,42.8029],[-71.6049,42.8218],[-71.6274,42.8438],[-71.6446,42.8679],[-71.6544,42.8885],[-71.6604,42.9099],[-71.6626,42.9317],[-71.6609,42.9535],[-71.6553,42.9749],[-71.646,42.9956],[-71.6331,43.0153],[-71.6168,43.0334],[-71.6073,43.042],[-71.5264,42.9829]]]}},{"type":"Feature","properties":{"name":"MANCHESTER CLASS C","class":"C","lower":"1500","lower_code":"MSL","upper":"4300"},"geometry":{"type":"Polygon","coordinates":[[[-71.2783,42.8129],[-71.3054,42.7964],[-71.3358,42.7832],[-71.3683,42.7736],[-71.4027,42.7679],[-71.401,42.7794],[-71.4015,42.7911],[-71.4043,42.8026],[-71.4092,42.8137],[-71.4161,42.8241],[-71.425,42.8338],[-71.4477,42.8499],[-71.4188,42.8504],[-71.3909,42.8562],[-71.366,42.8671],[-71.3457,42.8821],[-71.3371,42.8633],[-71.3159,42.8533],[-71.2952,42.8324],[-71.285,42.8165],[-71.2783,42.8129]]]}},{"type":"Feature","properties":{"name":"SANTA FE CLASS D","class":"D","lower":"0","lower_code":"SFC","upper":"8800"},"geometry":{"type":"Polygon","coordinates":[[[-106.0894,35.7004],[-106.0695,35.6988],[-106.0503,35.694],[-106.0326,35.6863],[-106.0171,35.676],[-106.0045,35.6633],[-105.995,35.6489],[-105.9892,35.6333],[-105.9872,35.617],[-105.9892,35.6007],[-105.995,35.585],[-106.0045,35.5706],[-106.0172,35.5579],[-106.0327,35.5476],[-106.0504,35.5398],[-106.0696,35.5351],[-106.0895,35.5335],[-106.1095,35.5351],[-106.1286,35.5399],[-106.1463,35.5476],[-106.1617,35.558],[-106.1745,35.5707],[-106.1839,35.5851],[-106.1897,35.6008],[-106.1917,35.617],[-106.1897,35.6334],[-106.1838,35.649],[-106.1744,35.6634],[-106.1617,35.676],[-106.1462,35.6864],[-106.1285,35.6941],[-106.1094,35.6988],[-106.0894,35.7004]]]}},{"type":"Feature","properties":{"name":"SMYRNA CLASS D","class":"D","lower":"0","lower_code":"SFC","upper":"2500"},"geometry":{"type":"Polygon","coordinates":[[[-86.4274,35.9528],[-86.4646,35.9265],[-86.4887,35.9491],[-86.5008,35.9458],[-86.5034,35.916],[-86.5525,35.9188],[-86.55,35.9486],[-86.5659,35.9556],[-86.5795,35.9653],[-86.5901,35.9773],[-86.5971,35.9909],[-86.5997,36.0019],[-86.6,36.0131],[-86.598,36.0241],[-86.5937,36.0347],[-86.5851,36.047],[-86.5734,36.0575],[-86.5592,36.0658],[-86.5433,36.0713],[-86.5261,36.0739],[-86.5087,36.0734],[-86.4918,36.0699],[-86.4764,36.0635],[-86.4655,36.0566],[-86.4563,36.0483],[-86.4489,36.0389],[-86.4436,36.0285],[-86.4403,36.015],[-86.4405,36.0012],[-86.4443,35.9878],[-86.4515,35.9753],[-86.4274,35.9528]]]}},{"type":"Feature","properties":{"name":"VERO BEACH CLASS D","class":"D","lower":"0","lower_code":"SFC","upper":"2500"},"geometry":{"type":"Polygon","coordinates":[[[-80.4181,27.7257],[-80.4027,27.7244],[-80.3879,27.7204],[-80.3742,27.7139],[-80.3623,27.7052],[-80.3525,27.6946],[-80.3452,27.6825],[-80.3408,27.6693],[-80.3392,27.6556],[-80.3407,27.6419],[-80.3452,27.6287],[-80.3525,27.6166],[-80.3623,27.6059],[-80.3742,27.5972],[-80.3879,27.5907],[-80.4027,27.5867],[-80.4181,27.5854],[-80.4334,27.5867],[-80.4483,27.5907],[-80.4619,27.5972],[-80.4738,27.606],[-80.4836,27.6166],[-80.4909,27.6288],[-80.4954,27.6419],[-80.4969,27.6556],[-80.4954,27.6693],[-80.4909,27.6825],[-80.4836,27.6946],[-80.4738,27.7052],[-80.4619,27.7139],[-80.4482,27.7204],[-80.4334,27.7244],[-80.4181,27.7257]]]}},{"type":"Feature","properties":{"name":"PATUXENT RIVER CLASS D","class":"D","lower":"0","lower_code":"SFC","upper":"2500"},"geometry":{"type":"Polygon","coordinates":[[[-76.4099,38.2079],[-76.4297,38.2095],[-76.4485,38.2141],[-76.466,38.2215],[-76.4812,38.2316],[-76.4936,38.2438],[-76.5026,38.2577],[-76.508,38.2728],[-76.5094,38.2883],[-76.5071,38.3032],[-76.5013,38.3175],[-76.492,38.3307],[-76.4799,38.3422],[-76.4667,38.3508],[-76.4519,38.3575],[-76.4339,38.3625],[-76.4149,38.3647],[-76.4108,38.3683],[-76.4048,38.3696],[-76.3989,38.3679],[-76.3952,38.3639],[-76.3771,38.3604],[-76.3603,38.3543],[-76.3467,38.3469],[-76.335,38.3379],[-76.3242,38.3261],[-76.3164,38.3129],[-76.3118,38.2989],[-76.3105,38.2844],[-76.3128,38.2694],[-76.3188,38.255],[-76.3281,38.2418],[-76.3405,38.2302],[-76.3554,38.2208],[-76.3724,38.2137],[-76.3908,38.2094],[-76.4099,38.2079]]]}},{"type":"Feature","properties":{"name":"SOUTH BEND CLASS C","class":"C","lower":"0","lower_code":"SFC","upper":"4800"},"geometry":{"type":"Polygon","coordinates":[[[-86.3565,41.6302],[-86.333,41.6575],[-86.3325,41.6662],[-86.3379,41.6739],[-86.3439,41.6773],[-86.3512,41.6791],[-86.3658,41.6768],[-86.3721,41.6724],[-86.3941,41.6479],[-86.4124,41.6649],[-86.4242,41.6849],[-86.4284,41.704],[-86.4268,41.7232],[-86.4193,41.7417],[-86.4063,41.7583],[-86.3886,41.7723],[-86.367,41.7828],[-86.3428,41.7894],[-86.3172,41.7916],[-86.2917,41.7894],[-86.2675,41.7828],[-86.2459,41.7722],[-86.2282,41.7582],[-86.2187,41.7469],[-86.2117,41.7345],[-86.2075,41.7215],[-86.2061,41.7082],[-86.2075,41.6949],[-86.2118,41.6819],[-86.2188,41.6695],[-86.2284,41.6582],[-86.2402,41.6481],[-86.2541,41.6397],[-86.2695,41.6329],[-86.2862,41.6282],[-86.3037,41.6255],[-86.3216,41.6249],[-86.3393,41.6265],[-86.3565,41.6302]]]}},{"type":"Feature","properties":{"name":"SOUTH BEND CLASS C","class":"C","lower":"2000","lower_code":"MSL","upper":"4800"},"geometry":{"type":"Polygon","coordinates":[[[-86.1249,41.6247],[-86.221,41.6665],[-86.2131,41.6791],[-86.2081,41.6925],[-86.2061,41.7064],[-86.2072,41.7203],[-86.2115,41.7339],[-86.2186,41.7467],[-86.2285,41.7585],[-86.2409,41.7689],[-86.2656,41.782],[-86.2942,41.7898],[-86.3245,41.7914],[-86.3543,41.7869],[-86.3741,41.7799],[-86.3918,41.7702],[-86.4065,41.7581],[-86.4178,41.744],[-86.4252,41.7286],[-86.4285,41.7124],[-86.4274,41.696],[-86.422,41.68],[-86.4106,41.6627],[-86.3941,41.6479],[-86.3721,41.6724],[-86.3662,41.6766],[-86.3521,41.6791],[-86.3389,41.6746],[-86.3327,41.6669],[-86.3329,41.6578],[-86.3565,41.6302],[-86.3375,41.6262],[-86.3179,41.6249],[-86.2984,41.6261],[-86.2793,41.6299],[-86.2414,41.5515],[-86.2799,41.5439],[-86.3196,41.5415],[-86.3593,41.5445],[-86.3977,41.5528],[-86.4331,41.5659],[-86.4647,41.5834],[-86.4917,41.6048],[-86.5133,41.6294],[-86.5288,41.6565],[-86.5377,41.6852],[-86.5397,41.7146],[-86.5348,41.7439],[-86.5284,41.7612],[-86.5196,41.778],[-86.5084,41.7939],[-86.4951,41.8087],[-86.4796,41.8225],[-86.4622,41.8349],[-86.4431,41.8459],[-86.4227,41.8551],[-86.3784,41.8686],[-86.331,41.8747],[-86.2831,41.873],[-86.2367,41.8637],[-86.2149,41.8563],[-86.1942,41.8472],[-86.1751,41.8365],[-86.1574,41.8243],[-86.1418,41.8108],[-86.1281,41.796],[-86.1165,41.7802],[-86.1074,41.7636],[-86.1007,41.7465],[-86.0965,41.7288],[-86.0948,41.7108],[-86.0958,41.6928],[-86.0993,41.675],[-86.1054,41.6576],[-86.1139,41.6408],[-86.1249,41.6247]]]}},{"type":"Feature","properties":{"name":"SOUTH BEND CLASS C","class":"C","lower":"2500","lower_code":"MSL","upper":"4800"},"geometry":{"type":"Polygon","coordinates":[[[-86.1249,41.6247],[-86.1472,41.6009],[-86.1745,41.5804],[-86.2063,41.5638],[-86.2414,41.5515],[-86.2793,41.6299],[-86.2618,41.636],[-86.2459,41.6444],[-86.2322,41.6546],[-86.221,41.6665],[-86.1249,41.6247]]]}},{"type":"Feature","properties":{"name":"MANCHESTER CLASS C","class":"C","lower":"2000","lower_code":"MSL","upper":"4300"},"geometry":{"type":"Polygon","coordinates":[[[-71.4384,43.0161],[-71.4638,43.0136],[-71.4876,43.007],[-71.5088,42.9966],[-71.5264,42.9829],[-71.6073,43.042],[-71.5798,43.0617],[-71.548,43.0777],[-71.5129,43.0896],[-71.4758,43.0969],[-71.4722,43.0773],[-71.4713,43.0607],[-71.4724,43.0509],[-71.4524,43.0343],[-71.4384,43.0161]]]}},{"type":"Feature","properties":{"name":"CARLSBAD CLASS D","class":"D","lower":"0","lower_code":"SFC","upper":"2800"},"geometry":{"type":"Polygon","coordinates":[[[-117.2288,33.1029],[-117.2415,33.0901],[-117.2586,33.0815],[-117.2781,33.0782],[-117.2977,33.0804],[-117.3171,33.089],[-117.3314,33.1028],[-117.3406,33.1013],[-117.3482,33.1341],[-117.339,33.1356],[-117.3355,33.1465],[-117.3294,33.1564],[-117.3207,33.1649],[-117.31,33.1716],[-117.2988,33.1758],[-117.2868,33.178],[-117.2744,33.1781],[-117.2624,33.1761],[-117.2501,33.1715],[-117.2394,33.1648],[-117.2307,33.1563],[-117.2245,33.1463],[-117.2212,33.1354],[-117.2207,33.1242],[-117.2233,33.1131],[-117.2288,33.1029]]]}},{"type":"Feature","properties":{"name":"HUNTINGTON CLASS D","class":"D","lower":"0","lower_code":"SFC","upper":"3400"},"geometry":{"type":"Polygon","coordinates":[[[-82.4922,38.4082],[-82.4838,38.3972],[-82.4783,38.3852],[-82.4757,38.3725],[-82.4763,38.3597],[-82.4405,38.3483],[-82.4564,38.3174],[-82.4922,38.3288],[-82.5038,38.3188],[-82.5176,38.3109],[-82.5331,38.3053],[-82.5498,38.3023],[-82.5671,38.302],[-82.5841,38.3044],[-82.6002,38.3096],[-82.6146,38.3172],[-82.6291,38.3295],[-82.6393,38.3442],[-82.6445,38.3605],[-82.6444,38.3772],[-82.6823,38.3892],[-82.6665,38.4202],[-82.6286,38.4082],[-82.6171,38.4181],[-82.6033,38.4261],[-82.5877,38.4317],[-82.571,38.4347],[-82.5486,38.4346],[-82.527,38.4299],[-82.5077,38.4208],[-82.4922,38.4082]]]}},{"type":"Feature","properties":{"name":"FORT INDIANTOWN GAP CLASS D","class":"D","lower":"0","lower_code":"SFC","upper":"3000"},"geometry":{"type":"Polygon","coordinates":[[[-76.5694,40.5081],[-76.5507,40.5067],[-76.5327,40.5025],[-76.5161,40.4958],[-76.5016,40.4867],[-76.4896,40.4756],[-76.4808,40.4629],[-76.4753,40.4492],[-76.4734,40.4347],[-76.4753,40.4204],[-76.4807,40.4067],[-76.4895,40.394],[-76.5016,40.3828],[-76.5161,40.3737],[-76.5327,40.3669],[-76.5508,40.3627],[-76.5695,40.3613],[-76.5884,40.3628],[-76.6063,40.367],[-76.6229,40.3737],[-76.6374,40.3829],[-76.6494,40.3941],[-76.6582,40.4068],[-76.6637,40.4205],[-76.6655,40.4348],[-76.6636,40.4491],[-76.6582,40.4628],[-76.6493,40.4755],[-76.6374,40.4866],[-76.6229,40.4957],[-76.6063,40.5025],[-76.5883,40.5067],[-76.5694,40.5081]]]}},{"type":"Feature","properties":{"name":"CAMP POHAKULOA CLASS D","class":"D","lower":"0","lower_code":"SFC","upper":"8700"},"geometry":{"type":"Polygon","coordinates":[[[-155.4942,19.8047],[-155.4843,19.7892],[-155.4788,19.7719],[-155.4407,19.7543],[-155.4795,19.6791],[-155.5176,19.6968],[-155.5366,19.6899],[-155.5569,19.6881],[-155.5769,19.6915],[-155.5953,19.6998],[-155.6094,19.7111],[-155.6203,19.7253],[-155.6255,19.7364],[-155.6287,19.7482],[-155.6298,19.7603],[-155.6286,19.7725],[-155.6415,19.7793],[-155.6235,19.81],[-155.6134,19.8047],[-155.6039,19.8141],[-155.5929,19.8217],[-155.5806,19.8273],[-155.5674,19.8308],[-155.5469,19.8317],[-155.527,19.8273],[-155.5089,19.8181],[-155.4942,19.8047]]]}},{"type":"Feature","properties":{"name":"CLARKSBURG CLASS D","class":"D","lower":"0","lower_code":"SFC","upper":"3700"},"geometry":{"type":"Polygon","coordinates":[[[-80.2979,39.4027],[-80.2948,39.3969],[-80.2892,39.3924],[-80.2818,39.3899],[-80.2737,39.3896],[-80.2643,39.3926],[-80.2577,39.3985],[-80.2554,39.4061],[-80.2577,39.4137],[-80.2288,39.4161],[-80.1999,39.4141],[-80.1756,39.409],[-80.1527,39.4009],[-80.1319,39.3899],[-80.1136,39.3764],[-80.0985,39.3608],[-80.0869,39.3435],[-80.0792,39.3249],[-80.0754,39.3055],[-80.0759,39.2859],[-80.0805,39.2666],[-80.089,39.2483],[-80.1014,39.2312],[-80.1239,39.2108],[-80.1518,39.1949],[-80.1835,39.1843],[-80.2176,39.1795],[-80.2521,39.1808],[-80.2853,39.1881],[-80.3157,39.201],[-80.3414,39.2189],[-80.3613,39.241],[-80.3743,39.2658],[-80.3798,39.2924],[-80.3774,39.3192],[-80.3674,39.3448],[-80.3501,39.3681],[-80.3266,39.3877],[-80.2979,39.4027]]]}},{"type":"Feature","properties":{"name":"WINSTON SALEM CLASS D","class":"D","lower":"0","lower_code":"SFC","upper":"3500"},"geometry":{"type":"Polygon","coordinates":[[[-80.2533,36.1991],[-80.2389,36.2025],[-80.2243,36.2038],[-80.2097,36.2031],[-80.1953,36.2004],[-80.1817,36.1958],[-80.1693,36.1893],[-80.1584,36.1812],[-80.1494,36.1717],[-80.1425,36.1612],[-80.1379,36.1498],[-80.1357,36.1379],[-80.1361,36.126],[-80.139,36.1142],[-80.1443,36.1031],[-80.1519,36.0928],[-80.1615,36.0836],[-80.1765,36.0741],[-80.1938,36.0675],[-80.2125,36.064],[-80.2316,36.064],[-80.2502,36.0675],[-80.2675,36.0741],[-80.2826,36.0837],[-80.2946,36.0957],[-80.3012,36.1057],[-80.3057,36.1164],[-80.3081,36.1276],[-80.3082,36.1388],[-80.306,36.15],[-80.3017,36.1608],[-80.2953,36.1708],[-80.287,36.1799],[-80.3074,36.2034],[-80.2736,36.2226],[-80.2533,36.1991]]]}},{"type":"Feature","properties":{"name":"GREER CLASS C","class":"C","lower":"0","lower_code":"SFC","upper":"5000"},"geometry":{"type":"Polygon","coordinates":[[[-82.2189,34.9791],[-82.1991,34.9775],[-82.1801,34.9728],[-82.1625,34.9651],[-82.1472,34.9547],[-82.1346,34.9421],[-82.1253,34.9277],[-82.1195,34.912],[-82.1176,34.8957],[-82.1195,34.8794],[-82.1253,34.8637],[-82.1346,34.8493],[-82.1473,34.8366],[-82.1627,34.8262],[-82.1801,34.8185],[-82.1992,34.8138],[-82.2189,34.8122],[-82.2387,34.8138],[-82.2577,34.8186],[-82.2751,34.8263],[-82.2905,34.8367],[-82.3031,34.8494],[-82.3125,34.8638],[-82.3182,34.8795],[-82.3202,34.8958],[-82.3182,34.9121],[-82.3124,34.9277],[-82.3031,34.9421],[-82.2905,34.9547],[-82.2751,34.9651],[-82.2576,34.9728],[-82.2386,34.9775],[-82.2189,34.9791]]]}},{"type":"Feature","properties":{"name":"GREER CLASS C","class":"C","lower":"2200","lower_code":"MSL","upper":"5000"},"geometry":{"type":"Polygon","coordinates":[[[-82.3568,34.7735],[-82.2879,34.8346],[-82.2703,34.8238],[-82.2504,34.8163],[-82.2289,34.8126],[-82.207,34.8128],[-82.1856,34.8168],[-82.1657,34.8246],[-82.1484,34.8357],[-82.1344,34.8496],[-82.1243,34.8657],[-82.1187,34.8831],[-82.1178,34.9012],[-82.1216,34.919],[-82.1299,34.9357],[-82.1425,34.9505],[-82.1586,34.9628],[-82.1776,34.9719],[-82.1363,35.0481],[-82.1063,35.0345],[-82.0795,35.017],[-82.0567,34.9959],[-82.0386,34.972],[-82.0253,34.9452],[-82.0178,34.9166],[-82.0165,34.8875],[-82.0214,34.8586],[-82.0322,34.831],[-82.0487,34.8052],[-82.0704,34.7821],[-82.0966,34.7626],[-82.1266,34.7471],[-82.1593,34.7361],[-82.1939,34.73],[-82.2292,34.7289],[-82.2642,34.733],[-82.2979,34.742],[-82.3291,34.7556],[-82.3568,34.7735]]]}},{"type":"Feature","properties":{"name":"GREER CLASS C","class":"C","lower":"3100","lower_code":"MSL","upper":"5000"},"geometry":{"type":"Polygon","coordinates":[[[-82.1363,35.0481],[-82.1776,34.9719],[-82.1942,34.9766],[-82.2114,34.9789],[-82.2288,34.9787],[-82.246,34.9761],[-82.2623,34.9711],[-82.2775,34.9638],[-82.2907,34.9545],[-82.302,34.9434],[-82.3109,34.9306],[-82.317,34.9165],[-82.3199,34.9018],[-82.3196,34.8868],[-82.3161,34.8723],[-82.3095,34.8584],[-82.3,34.8457],[-82.2879,34.8346],[-82.3568,34.7735],[-82.3639,34.7792],[-82.3861,34.8015],[-82.4033,34.8267],[-82.415,34.8538],[-82.4208,34.8821],[-82.4206,34.911],[-82.4145,34.9392],[-82.4025,34.9663],[-82.3852,34.9911],[-82.3627,35.0133],[-82.3361,35.0319],[-82.3059,35.0465],[-82.2732,35.0565],[-82.2387,35.0618],[-82.2038,35.0622],[-82.1694,35.0576],[-82.1363,35.0481]]]}},{"type":"Feature","properties":{"name":"JACKSON INTERNATIONAL AIRPORT CLASS C","class":"C","lower":"0","lower_code":"SFC","upper":"4400"},"geometry":{"type":"Polygon","coordinates":[[[-90.0758,32.3949],[-90.0567,32.3933],[-90.0382,32.3886],[-90.0212,32.3809],[-90.0063,32.3704],[-89.9941,32.3578],[-89.985,32.3434],[-89.9794,32.3278],[-89.9775,32.3114],[-89.9794,32.2952],[-89.985,32.2794],[-89.9941,32.265],[-90.0063,32.2523],[-90.0212,32.242],[-90.0382,32.2342],[-90.0567,32.2295],[-90.0759,32.2279],[-90.0951,32.2295],[-90.1135,32.2343],[-90.1305,32.242],[-90.1454,32.2524],[-90.1576,32.2651],[-90.1667,32.2795],[-90.1723,32.2952],[-90.1742,32.3115],[-90.1722,32.3278],[-90.1666,32.3435],[-90.1575,32.3579],[-90.1453,32.3705],[-90.1304,32.3808],[-90.1134,32.3885],[-90.095,32.3933],[-90.0758,32.3949]]]}},{"type":"Feature","properties":{"name":"JACKSON INTERNATIONAL AIRPORT CLASS C","class":"C","lower":"1700","lower_code":"MSL","upper":"4400"},"geometry":{"type":"Polygon","coordinates":[[[-90.0758,32.4784],[-90.0375,32.4752],[-90.0006,32.4657],[-89.9666,32.4503],[-89.9368,32.4296],[-89.9123,32.4043],[-89.8942,32.3755],[-89.883,32.3442],[-89.8792,32.3115],[-89.8829,32.279],[-89.8942,32.2476],[-89.9123,32.2188],[-89.9368,32.1934],[-89.9665,32.1726],[-90.0005,32.1571],[-90.0375,32.1476],[-90.0759,32.1444],[-90.1143,32.1476],[-90.1511,32.1571],[-90.1851,32.1726],[-90.2149,32.1933],[-90.2394,32.2187],[-90.2575,32.2475],[-90.2687,32.279],[-90.2725,32.3115],[-90.2687,32.3442],[-90.2575,32.3755],[-90.2393,32.4043],[-90.2149,32.4295],[-90.1851,32.4503],[-90.1511,32.4657],[-90.1142,32.4752],[-90.0758,32.4784]]]}},{"type":"Feature","properties":{"name":"JACKSON, HAWKINS FIELD CLASS D","class":"D","lower":"0","lower_code":"SFC","upper":"2800"},"geometry":{"type":"Polygon","coordinates":[[[-90.1504,32.3659],[-90.1645,32.3476],[-90.1725,32.3268],[-90.1739,32.305],[-90.1686,32.2836],[-90.1801,32.2764],[-90.1928,32.271],[-90.209,32.2672],[-90.2258,32.2663],[-90.2424,32.2684],[-90.2581,32.2734],[-90.2723,32.2811],[-90.2843,32.291],[-90.2936,32.3029],[-90.2998,32.3161],[-90.3025,32.3285],[-90.3025,32.3411],[-90.2998,32.3535],[-90.2945,32.3652],[-90.2867,32.3759],[-90.2767,32.3852],[-90.2649,32.3928],[-90.2516,32.3985],[-90.2374,32.402],[-90.2226,32.4032],[-90.2079,32.4021],[-90.1936,32.3987],[-90.1802,32.3932],[-90.1683,32.3857],[-90.1583,32.3765],[-90.1504,32.3659]]]}},{"type":"Feature","properties":{"name":"MACKALL AAF CLASS D","class":"D","lower":"0","lower_code":"SFC","upper":"2900"},"geometry":{"type":"Polygon","coordinates":[[[-79.4975,35.1068],[-79.4809,35.1054],[-79.4649,35.1015],[-79.4502,35.095],[-79.4372,35.0862],[-79.4266,35.0756],[-79.4188,35.0635],[-79.4139,35.0504],[-79.4123,35.0367],[-79.4139,35.023],[-79.4188,35.0098],[-79.4266,34.9977],[-79.4372,34.9871],[-79.4501,34.9784],[-79.4649,34.9719],[-79.4809,34.9679],[-79.4975,34.9666],[-79.5142,34.9679],[-79.5302,34.9719],[-79.5449,34.9784],[-79.5578,34.9871],[-79.5684,34.9978],[-79.5763,35.0099],[-79.5811,35.023],[-79.5827,35.0367],[-79.5811,35.0504],[-79.5763,35.0635],[-79.5684,35.0756],[-79.5578,35.0862],[-79.5448,35.095],[-79.5301,35.1015],[-79.5141,35.1054],[-79.4975,35.1068]]]}},{"type":"Feature","properties":{"name":"SAN ANTONIO, RANDOLPH AFB CLASS D","class":"D","lower":"0","lower_code":"SFC","upper":"3300"},"geometry":{"type":"Polygon","coordinates":[[[-98.2789,29.6032],[-98.2625,29.6018],[-98.2468,29.5977],[-98.2322,29.5909],[-98.2194,29.5817],[-98.209,29.5706],[-98.2012,29.5579],[-98.1965,29.5441],[-98.1948,29.5298],[-98.1964,29.5154],[-98.2012,29.5016],[-98.209,29.4889],[-98.2195,29.4777],[-98.2322,29.4686],[-98.2467,29.4618],[-98.2625,29.4576],[-98.2789,29.4562],[-98.2953,29.4576],[-98.3111,29.4618],[-98.3257,29.4686],[-98.3384,29.4778],[-98.3488,29.489],[-98.3566,29.5017],[-98.3613,29.5154],[-98.363,29.5297],[-98.3613,29.5441],[-98.3565,29.5579],[-98.3488,29.5706],[-98.3383,29.5817],[-98.3256,29.5909],[-98.311,29.5977],[-98.2953,29.6018],[-98.2789,29.6032]]]}},{"type":"Feature","properties":{"name":"JACKSONVILLE CLASS D","class":"D","lower":"0","lower_code":"SFC","upper":"2600"},"geometry":{"type":"Polygon","coordinates":[[[-77.6121,34.8993],[-77.5956,34.8979],[-77.5796,34.894],[-77.5649,34.8875],[-77.552,34.8788],[-77.5414,34.8681],[-77.5336,34.856],[-77.5288,34.8429],[-77.5271,34.8292],[-77.5287,34.8155],[-77.5336,34.8023],[-77.5414,34.7902],[-77.552,34.7796],[-77.5649,34.7709],[-77.5796,34.7644],[-77.5956,34.7604],[-77.6122,34.7591],[-77.6288,34.7604],[-77.6447,34.7644],[-77.6594,34.7709],[-77.6723,34.7796],[-77.6829,34.7903],[-77.6907,34.8024],[-77.6955,34.8155],[-77.6972,34.8292],[-77.6955,34.8429],[-77.6907,34.856],[-77.6828,34.8681],[-77.6723,34.8787],[-77.6594,34.8875],[-77.6447,34.894],[-77.6287,34.8979],[-77.6121,34.8993]]]}},{"type":"Feature","properties":{"name":"MANSFIELD CLASS D","class":"D","lower":"0","lower_code":"SFC","upper":"3800"},"geometry":{"type":"Polygon","coordinates":[[[-82.5166,40.9115],[-82.4935,40.9097],[-82.4713,40.9046],[-82.4508,40.8963],[-82.4328,40.8851],[-82.418,40.8715],[-82.4071,40.8559],[-82.4004,40.8391],[-82.3981,40.8214],[-82.4004,40.8039],[-82.4072,40.7869],[-82.4181,40.7714],[-82.4329,40.7577],[-82.4508,40.7465],[-82.4713,40.7382],[-82.4935,40.7331],[-82.5167,40.7314],[-82.5397,40.7331],[-82.562,40.7382],[-82.5826,40.7466],[-82.6005,40.7578],[-82.6152,40.7715],[-82.6262,40.787],[-82.6329,40.804],[-82.6352,40.8215],[-82.6329,40.8391],[-82.6261,40.856],[-82.6152,40.8715],[-82.6004,40.8851],[-82.5825,40.8963],[-82.562,40.9046],[-82.5398,40.9097],[-82.5166,40.9115]]]}},{"type":"Feature","properties":{"name":"WILKES-BARRE CLASS D","class":"D","lower":"0","lower_code":"SFC","upper":"3500"},"geometry":{"type":"Polygon","coordinates":[[[-75.7234,41.4085],[-75.7052,41.4072],[-75.6878,41.4032],[-75.6717,41.3967],[-75.6577,41.388],[-75.6461,41.3774],[-75.6375,41.3653],[-75.6323,41.3522],[-75.6305,41.3385],[-75.6322,41.3249],[-75.6376,41.3117],[-75.6461,41.2996],[-75.6577,41.2889],[-75.6718,41.2802],[-75.6879,41.2738],[-75.7053,41.2698],[-75.7234,41.2684],[-75.7415,41.2698],[-75.759,41.2738],[-75.7751,41.2803],[-75.7891,41.289],[-75.8007,41.2996],[-75.8093,41.3117],[-75.8145,41.3249],[-75.8163,41.3385],[-75.8145,41.3523],[-75.8092,41.3654],[-75.8006,41.3774],[-75.7891,41.388],[-75.775,41.3967],[-75.7589,41.4032],[-75.7415,41.4072],[-75.7234,41.4085]]]}},{"type":"Feature","properties":{"name":"SAGINAW CLASS D","class":"D","lower":"0","lower_code":"SFC","upper":"3200"},"geometry":{"type":"Polygon","coordinates":[[[-84.0796,43.6046],[-84.0604,43.6032],[-84.042,43.5992],[-84.0249,43.5926],[-84.0099,43.5836],[-83.9977,43.5728],[-83.9886,43.5604],[-83.983,43.547],[-83.9811,43.5329],[-83.983,43.519],[-83.9886,43.5055],[-83.9977,43.4931],[-84.01,43.4822],[-84.0249,43.4733],[-84.042,43.4667],[-84.0604,43.4626],[-84.0797,43.4612],[-84.0989,43.4626],[-84.1174,43.4667],[-84.1344,43.4734],[-84.1493,43.4823],[-84.1616,43.4932],[-84.1707,43.5055],[-84.1763,43.519],[-84.1782,43.533],[-84.1762,43.547],[-84.1706,43.5604],[-84.1615,43.5728],[-84.1493,43.5837],[-84.1344,43.5925],[-84.1173,43.5992],[-84.0989,43.6032],[-84.0796,43.6046]]]}},{"type":"Feature","properties":{"name":"ASHEVILLE CLASS C","class":"C","lower":"4300","lower_code":"MSL","upper":"6200"},"geometry":{"type":"Polygon","coordinates":[[[-82.5072,35.6006],[-82.5127,35.5161],[-82.5287,35.5189],[-82.5451,35.5195],[-82.5614,35.5181],[-82.5773,35.5144],[-82.5922,35.5088],[-82.6058,35.5013],[-82.6177,35.4921],[-82.6277,35.4815],[-82.6989,35.5429],[-82.6806,35.5587],[-82.6598,35.5725],[-82.637,35.5839],[-82.6125,35.5928],[-82.5869,35.599],[-82.5605,35.6024],[-82.5337,35.6029],[-82.5072,35.6006]]]}},{"type":"Feature","properties":{"name":"ASHEVILLE CLASS C","class":"C","lower":"0","lower_code":"SFC","upper":"6200"},"geometry":{"type":"Polygon","coordinates":[[[-82.5127,35.5161],[-82.4565,35.3907],[-82.4665,35.3801],[-82.4784,35.3709],[-82.492,35.3634],[-82.5069,35.3578],[-82.5226,35.3542],[-82.5389,35.3527],[-82.5553,35.3534],[-82.5713,35.3562],[-82.6277,35.4815],[-82.6177,35.4921],[-82.6058,35.5013],[-82.5922,35.5088],[-82.5773,35.5144],[-82.5614,35.5181],[-82.5451,35.5195],[-82.5287,35.5189],[-82.5127,35.5161]]]}},{"type":"Feature","properties":{"name":"ASHEVILLE CLASS C","class":"C","lower":"4300","lower_code":"MSL","upper":"6200"},"geometry":{"type":"Polygon","coordinates":[[[-82.3856,35.3291],[-82.4039,35.3134],[-82.4246,35.2997],[-82.4474,35.2883],[-82.4717,35.2794],[-82.4973,35.2733],[-82.5236,35.2699],[-82.5503,35.2693],[-82.5768,35.2716],[-82.5713,35.3562],[-82.5553,35.3534],[-82.5389,35.3527],[-82.5226,35.3542],[-82.5069,35.3578],[-82.492,35.3634],[-82.4784,35.3709],[-82.4665,35.3801],[-82.4565,35.3907],[-82.3856,35.3291]]]}},{"type":"Feature","properties":{"name":"ANDERSON CLASS D","class":"D","lower":"0","lower_code":"SFC","upper":"3400"},"geometry":{"type":"Polygon","coordinates":[[[-85.613,40.1753],[-85.5961,40.174],[-85.5798,40.1703],[-85.5647,40.1641],[-85.5515,40.1558],[-85.5408,40.1457],[-85.5327,40.1342],[-85.5278,40.1217],[-85.5261,40.1086],[-85.5278,40.0956],[-85.5327,40.0831],[-85.5408,40.0716],[-85.5516,40.0614],[-85.5647,40.0531],[-85.5798,40.047],[-85.596,40.0432],[-85.613,40.0419],[-85.63,40.0432],[-85.6463,40.047],[-85.6613,40.0532],[-85.6745,40.0615],[-85.6853,40.0716],[-85.6933,40.0831],[-85.6982,40.0957],[-85.6999,40.1087],[-85.6982,40.1217],[-85.6932,40.1342],[-85.6852,40.1457],[-85.6744,40.1558],[-85.6612,40.1641],[-85.6462,40.1703],[-85.63,40.174],[-85.613,40.1753]]]}},{"type":"Feature","properties":{"name":"HUNTSVILLE INTERNATIONAL-CARL T. JONES FIELD CLASS C","class":"C","lower":"0","lower_code":"SFC","upper":"4600"},"geometry":{"type":"Polygon","coordinates":[[[-86.6981,34.6912],[-86.7042,34.6834],[-86.7043,34.6742],[-86.7006,34.6683],[-86.6945,34.664],[-86.6868,34.6621],[-86.6789,34.6627],[-86.6744,34.6436],[-86.6753,34.6241],[-86.681,34.6068],[-86.6911,34.5909],[-86.705,34.5771],[-86.7223,34.566],[-86.7419,34.5583],[-86.7631,34.5543],[-86.7848,34.5541],[-86.8061,34.5578],[-86.8259,34.5651],[-86.8434,34.5757],[-86.8577,34.5893],[-86.8682,34.6049],[-86.8736,34.6191],[-86.876,34.6337],[-86.8751,34.6484],[-86.8712,34.6628],[-86.8642,34.6764],[-86.8545,34.6888],[-86.8422,34.6995],[-86.8279,34.7083],[-86.8119,34.7149],[-86.7948,34.7191],[-86.777,34.7207],[-86.7591,34.7196],[-86.7418,34.716],[-86.7255,34.71],[-86.7108,34.7016],[-86.6981,34.6912]]]}},{"type":"Feature","properties":{"name":"HUNTSVILLE INTERNATIONAL-CARL T. JONES FIELD CLASS C","class":"C","lower":"2400","lower_code":"MSL","upper":"4600"},"geometry":{"type":"Polygon","coordinates":[[[-86.7172,34.5688],[-86.6988,34.5825],[-86.685,34.5994],[-86.6766,34.6186],[-86.6741,34.6389],[-86.6754,34.6509],[-86.6789,34.6627],[-86.6864,34.662],[-86.6937,34.6637],[-86.6997,34.6674],[-86.7037,34.6728],[-86.7044,34.6827],[-86.6981,34.6912],[-86.7088,34.7002],[-86.721,34.7077],[-86.7489,34.7178],[-86.7227,34.7984],[-86.6922,34.7895],[-86.6637,34.7765],[-86.6381,34.76],[-86.616,34.7402],[-86.5981,34.7178],[-86.5848,34.6933],[-86.5764,34.6674],[-86.5731,34.6407],[-86.5741,34.6203],[-86.5782,34.6001],[-86.5852,34.5804],[-86.5951,34.5616],[-86.6075,34.544],[-86.6226,34.5277],[-86.64,34.5131],[-86.6594,34.5004],[-86.7172,34.5688]]]}},{"type":"Feature","properties":{"name":"HUNTSVILLE INTERNATIONAL-CARL T. JONES FIELD CLASS C","class":"C","lower":"2000","lower_code":"MSL","upper":"4600"},"geometry":{"type":"Polygon","coordinates":[[[-86.7489,34.7178],[-86.7759,34.7207],[-86.8028,34.7175],[-86.8277,34.7084],[-86.8488,34.6942],[-86.8646,34.6759],[-86.8738,34.6548],[-86.8759,34.6324],[-86.8707,34.6103],[-86.8607,34.5929],[-86.8461,34.5779],[-86.8277,34.566],[-86.8064,34.5579],[-86.7836,34.554],[-86.7602,34.5546],[-86.7377,34.5597],[-86.7172,34.5688],[-86.6594,34.5004],[-86.6909,34.4855],[-86.7253,34.4754],[-86.7612,34.4706],[-86.7977,34.4713],[-86.8334,34.4774],[-86.8672,34.4887],[-86.898,34.5048],[-86.9246,34.5251],[-86.9457,34.5481],[-86.9618,34.5737],[-86.9722,34.6012],[-86.9768,34.6296],[-86.9754,34.6584],[-86.968,34.6866],[-86.9549,34.7134],[-86.9365,34.7377],[-86.9166,34.7564],[-86.8938,34.7723],[-86.8683,34.7853],[-86.8409,34.7951],[-86.8119,34.8013],[-86.7822,34.804],[-86.7522,34.8031],[-86.7227,34.7984],[-86.7489,34.7178]]]}},{"type":"Feature","properties":{"name":"NORTH MYRTLE BEACH CLASS D","class":"D","lower":"0","lower_code":"SFC","upper":"2500"},"geometry":{"type":"Polygon","coordinates":[[[-78.7239,33.8787],[-78.7082,33.8774],[-78.6932,33.8736],[-78.6794,33.8675],[-78.6673,33.8592],[-78.6574,33.8491],[-78.65,33.8375],[-78.6454,33.825],[-78.6439,33.812],[-78.6454,33.799],[-78.65,33.7864],[-78.6574,33.7749],[-78.6673,33.7647],[-78.6795,33.7564],[-78.6933,33.7502],[-78.7083,33.7464],[-78.7239,33.7452],[-78.7396,33.7465],[-78.7545,33.7503],[-78.7684,33.7565],[-78.7805,33.7648],[-78.7905,33.7749],[-78.7978,33.7864],[-78.8024,33.799],[-78.8039,33.812],[-78.8024,33.825],[-78.7978,33.8375],[-78.7904,33.8491],[-78.7805,33.8592],[-78.7683,33.8675],[-78.7545,33.8737],[-78.7395,33.8774],[-78.7239,33.8787]]]}},{"type":"Feature","properties":{"name":"COLUMBUS CLASS D","class":"D","lower":"0","lower_code":"SFC","upper":"2800"},"geometry":{"type":"Polygon","coordinates":[[[-88.5914,33.5167],[-88.5755,33.5154],[-88.5602,33.5115],[-88.546,33.5052],[-88.5336,33.4967],[-88.5235,33.4863],[-88.516,33.4745],[-88.5113,33.4617],[-88.5097,33.4483],[-88.5113,33.435],[-88.5159,33.4221],[-88.5235,33.4103],[-88.5337,33.3999],[-88.546,33.3914],[-88.5602,33.385],[-88.5755,33.3811],[-88.5914,33.3798],[-88.6074,33.3811],[-88.6227,33.385],[-88.6368,33.3914],[-88.6492,33.3999],[-88.6593,33.4103],[-88.6669,33.4221],[-88.6715,33.435],[-88.6731,33.4483],[-88.6715,33.4617],[-88.6668,33.4745],[-88.6593,33.4863],[-88.6492,33.4967],[-88.6368,33.5052],[-88.6226,33.5115],[-88.6073,33.5154],[-88.5914,33.5167]]]}},{"type":"Feature","properties":{"name":"GLENDALE CLASS D","class":"D","lower":"0","lower_code":"SFC","upper":"3000"},"geometry":{"type":"Polygon","coordinates":[[[-112.3239,33.4834],[-112.3247,33.4914],[-112.3011,33.5567],[-112.2788,33.5754],[-112.2629,33.5695],[-112.2498,33.56],[-112.2391,33.5451],[-112.2352,33.528],[-112.2385,33.5109],[-112.2485,33.4957],[-112.2642,33.4843],[-112.2836,33.4781],[-112.3043,33.4777],[-112.3239,33.4834]]]}},{"type":"Feature","properties":{"name":"HUNTSVILLE, REDSTONE ARMY AIRFIELD CLASS D","class":"D","lower":"0","lower_code":"SFC","upper":"2400"},"geometry":{"type":"Polygon","coordinates":[[[-86.6818,34.6052],[-86.6748,34.6273],[-86.6753,34.6502],[-86.6789,34.6627],[-86.6861,34.662],[-86.6931,34.6634],[-86.699,34.6668],[-86.7032,34.6717],[-86.7049,34.6769],[-86.7045,34.6822],[-86.6981,34.6912],[-86.7107,34.7016],[-86.7254,34.7099],[-86.7415,34.7159],[-86.7587,34.7196],[-86.746,34.732],[-86.7302,34.7418],[-86.7123,34.7485],[-86.6931,34.7518],[-86.6754,34.7517],[-86.658,34.7487],[-86.6417,34.7429],[-86.6271,34.7345],[-86.6148,34.724],[-86.6053,34.7116],[-86.599,34.6979],[-86.5961,34.6834],[-86.5967,34.6687],[-86.6008,34.6545],[-86.6083,34.6412],[-86.6189,34.6293],[-86.6321,34.6195],[-86.6474,34.612],[-86.6641,34.6072],[-86.6818,34.6052]]]}},{"type":"Feature","properties":{"name":"PHOENIX-GOODYEAR MUNICIPAL AIRPORT CLASS D","class":"D","lower":"0","lower_code":"SFC","upper":"3000"},"geometry":{"type":"Polygon","coordinates":[[[-112.3761,33.4729],[-112.3533,33.4691],[-112.343,33.4645],[-112.3339,33.4582],[-112.3264,33.4506],[-112.3209,33.442],[-112.3175,33.4326],[-112.3164,33.4228],[-112.3175,33.413],[-112.3209,33.4036],[-112.3264,33.395],[-112.3339,33.3874],[-112.3429,33.3811],[-112.3533,33.3765],[-112.3761,33.3727],[-112.399,33.3765],[-112.4094,33.3812],[-112.4184,33.3874],[-112.4258,33.395],[-112.4313,33.4037],[-112.4347,33.413],[-112.4358,33.4228],[-112.4347,33.4325],[-112.4313,33.442],[-112.4258,33.4506],[-112.4184,33.4582],[-112.4093,33.4644],[-112.399,33.4691],[-112.3761,33.4729]]]}},{"type":"Feature","properties":{"name":"PHOENIX, LUKE AFB CLASS D","class":"D","lower":"0","lower_code":"SFC","upper":"4000"},"geometry":{"type":"Polygon","coordinates":[[[-112.3218,33.4824],[-112.3345,33.4738],[-112.3488,33.4674],[-112.3605,33.4711],[-112.3728,33.4728],[-112.3852,33.4723],[-112.3973,33.4696],[-112.4142,33.4614],[-112.427,33.449],[-112.4463,33.4579],[-112.4616,33.4685],[-112.4743,33.4811],[-112.4842,33.4955],[-112.491,33.5111],[-112.4943,33.5274],[-112.4942,33.544],[-112.4906,33.5602],[-112.4836,33.5757],[-112.4709,33.5928],[-112.4541,33.6071],[-112.4341,33.6182],[-112.4117,33.6254],[-112.388,33.6284],[-112.364,33.6271],[-112.341,33.6216],[-112.3198,33.6121],[-112.2973,33.5949],[-112.2812,33.5734],[-112.3011,33.5567],[-112.3247,33.4914],[-112.3239,33.4834],[-112.3218,33.4824]]]}},{"type":"Feature","properties":{"name":"PATUXENT RIVER CLASS D","class":"D","lower":"0","lower_code":"SFC","upper":"2500"},"geometry":{"type":"Polygon","coordinates":[[[-76.4099,38.2079],[-76.4297,38.2095],[-76.4485,38.2141],[-76.466,38.2215],[-76.4812,38.2316],[-76.4936,38.2438],[-76.5026,38.2577],[-76.508,38.2728],[-76.5094,38.2883],[-76.5071,38.3032],[-76.5013,38.3175],[-76.492,38.3307],[-76.4799,38.3422],[-76.4667,38.3508],[-76.4519,38.3575],[-76.4339,38.3625],[-76.4149,38.3647],[-76.4108,38.3683],[-76.4048,38.3696],[-76.3989,38.3679],[-76.3952,38.3639],[-76.3771,38.3604],[-76.3603,38.3543],[-76.3467,38.3469],[-76.335,38.3379],[-76.3242,38.3261],[-76.3164,38.3129],[-76.3118,38.2989],[-76.3105,38.2844],[-76.3128,38.2694],[-76.3188,38.255],[-76.3281,38.2418],[-76.3405,38.2302],[-76.3554,38.2208],[-76.3724,38.2137],[-76.3908,38.2094],[-76.4099,38.2079]]]}},{"type":"Feature","properties":{"name":"THE EASTERN IOWA AIRPORT CLASS C","class":"C","lower":"0","lower_code":"SFC","upper":"4900"},"geometry":{"type":"Polygon","coordinates":[[[-91.7108,41.9681],[-91.6891,41.9665],[-91.6681,41.9617],[-91.6489,41.954],[-91.6319,41.9436],[-91.618,41.931],[-91.6077,41.9166],[-91.6014,41.901],[-91.5992,41.8847],[-91.6014,41.8685],[-91.6078,41.8528],[-91.6181,41.8384],[-91.632,41.8257],[-91.6488,41.8154],[-91.6682,41.8077],[-91.689,41.8029],[-91.7109,41.8013],[-91.7325,41.8029],[-91.7535,41.8077],[-91.7728,41.8154],[-91.7897,41.8258],[-91.8036,41.8385],[-91.8139,41.8528],[-91.8202,41.8685],[-91.8224,41.8848],[-91.8202,41.9011],[-91.8138,41.9167],[-91.8035,41.9311],[-91.7897,41.9437],[-91.7728,41.954],[-91.7535,41.9617],[-91.7326,41.9665],[-91.7108,41.9681]]]}},{"type":"Feature","properties":{"name":"TOLEDO EXPRESS AIRPORT CLASS C","class":"C","lower":"0","lower_code":"SFC","upper":"4700"},"geometry":{"type":"Polygon","coordinates":[[[-83.8078,41.6702],[-83.7862,41.6686],[-83.7654,41.6639],[-83.7462,41.6562],[-83.7293,41.6458],[-83.7155,41.6332],[-83.7052,41.6188],[-83.6989,41.6031],[-83.6968,41.5868],[-83.6989,41.5706],[-83.7053,41.5549],[-83.7155,41.5405],[-83.7294,41.5278],[-83.7461,41.5175],[-83.7654,41.5098],[-83.7862,41.505],[-83.8079,41.5034],[-83.8295,41.505],[-83.8503,41.5098],[-83.8696,41.5175],[-83.8864,41.5279],[-83.9002,41.5406],[-83.9104,41.555],[-83.9168,41.5707],[-83.9189,41.5869],[-83.9167,41.6032],[-83.9104,41.6188],[-83.9001,41.6332],[-83.8863,41.6458],[-83.8695,41.6562],[-83.8503,41.6639],[-83.8295,41.6686],[-83.8078,41.6702]]]}},{"type":"Feature","properties":{"name":"TOLEDO EXPRESS AIRPORT CLASS C","class":"C","lower":"2000","lower_code":"MSL","upper":"4700"},"geometry":{"type":"Polygon","coordinates":[[[-83.8078,41.7536],[-83.7645,41.7504],[-83.7228,41.7409],[-83.6844,41.7255],[-83.6507,41.7048],[-83.6231,41.6796],[-83.6026,41.6508],[-83.5953,41.6354],[-83.59,41.6195],[-83.5868,41.6034],[-83.5857,41.5871],[-83.5868,41.5708],[-83.59,41.5546],[-83.5952,41.5387],[-83.6026,41.5232],[-83.6232,41.4943],[-83.6509,41.4689],[-83.6844,41.4482],[-83.7228,41.4328],[-83.7646,41.4233],[-83.8079,41.4201],[-83.8513,41.4233],[-83.893,41.4328],[-83.9314,41.4483],[-83.9649,41.469],[-83.9926,41.4944],[-84.013,41.5232],[-84.0204,41.5387],[-84.0257,41.5546],[-84.0289,41.5707],[-84.0299,41.587],[-84.0289,41.6034],[-84.0257,41.6195],[-84.0204,41.6354],[-84.0131,41.6507],[-83.9926,41.6795],[-83.965,41.7048],[-83.9313,41.7255],[-83.8929,41.7409],[-83.8512,41.7504],[-83.8078,41.7536]]]}},{"type":"Feature","properties":{"name":"EASTMAN CLASS D","class":"D","lower":"0","lower_code":"SFC","upper":"2500"},"geometry":{"type":"Polygon","coordinates":[[[-83.1287,32.2932],[-83.1111,32.2917],[-83.0941,32.2874],[-83.0784,32.2803],[-83.0648,32.2707],[-83.0535,32.2591],[-83.0452,32.2458],[-83.04,32.2315],[-83.0383,32.2164],[-83.04,32.2015],[-83.0452,32.187],[-83.0535,32.1737],[-83.0648,32.1621],[-83.0785,32.1525],[-83.0941,32.1454],[-83.1111,32.141],[-83.1287,32.1396],[-83.1464,32.1411],[-83.1633,32.1454],[-83.1789,32.1525],[-83.1926,32.1621],[-83.2039,32.1738],[-83.2122,32.1871],[-83.2173,32.2014],[-83.219,32.2164],[-83.2173,32.2314],[-83.2122,32.2458],[-83.2038,32.2591],[-83.1926,32.2707],[-83.1788,32.2803],[-83.1632,32.2874],[-83.1463,32.2917],[-83.1287,32.2932]]]}},{"type":"Feature","properties":{"name":"MOJAVE CLASS D","class":"D","lower":"0","lower_code":"SFC","upper":"4800"},"geometry":{"type":"Polygon","coordinates":[[[-118.0642,35.0494],[-118.1068,35.0206],[-118.1068,34.9964],[-118.132,34.9882],[-118.1591,34.9869],[-118.1756,34.9895],[-118.1911,34.9947],[-118.2052,35.0022],[-118.2173,35.0118],[-118.2269,35.0231],[-118.2337,35.0357],[-118.2374,35.0492],[-118.238,35.0629],[-118.2351,35.0771],[-118.2289,35.0905],[-118.2196,35.1026],[-118.2075,35.1129],[-118.1932,35.1211],[-118.1772,35.1268],[-118.1601,35.1297],[-118.1426,35.1298],[-118.1255,35.127],[-118.1094,35.1215],[-118.095,35.1135],[-118.0827,35.1033],[-118.0732,35.0913],[-118.0668,35.0779],[-118.0638,35.0638],[-118.0642,35.0494]]]}},{"type":"Feature","properties":{"name":"NASHUA CLASS D","class":"D","lower":"0","lower_code":"SFC","upper":"2700"},"geometry":{"type":"Polygon","coordinates":[[[-71.5023,42.8653],[-71.4763,42.855],[-71.4477,42.8499],[-71.4306,42.8387],[-71.4169,42.8251],[-71.4062,42.8075],[-71.4012,42.7886],[-71.4023,42.7693],[-71.4094,42.7507],[-71.4221,42.7339],[-71.4398,42.7196],[-71.4613,42.7087],[-71.4858,42.7017],[-71.5051,42.6993],[-71.5086,42.7095],[-71.5163,42.7183],[-71.5273,42.725],[-71.5405,42.7288],[-71.5528,42.7295],[-71.5649,42.7277],[-71.5759,42.7236],[-71.5849,42.7174],[-71.5981,42.7266],[-71.6092,42.7372],[-71.6178,42.749],[-71.6237,42.7617],[-71.6268,42.7749],[-71.627,42.7882],[-71.6243,42.8015],[-71.6187,42.8142],[-71.6105,42.8261],[-71.5998,42.8369],[-71.5868,42.8463],[-71.5721,42.854],[-71.5557,42.8599],[-71.5384,42.8638],[-71.5205,42.8656],[-71.5023,42.8653]]]}},{"type":"Feature","properties":{"name":"NEW BEDFORD CLASS D","class":"D","lower":"0","lower_code":"SFC","upper":"2600"},"geometry":{"type":"Polygon","coordinates":[[[-70.9578,41.7431],[-70.9404,41.7418],[-70.9238,41.738],[-70.9084,41.7319],[-70.8948,41.7236],[-70.8838,41.7135],[-70.8756,41.702],[-70.8705,41.6895],[-70.8688,41.6764],[-70.8705,41.6634],[-70.8756,41.6509],[-70.8838,41.6394],[-70.8949,41.6292],[-70.9084,41.6209],[-70.9238,41.6148],[-70.9405,41.611],[-70.9578,41.6097],[-70.9751,41.611],[-70.9918,41.6148],[-71.0072,41.6209],[-71.0207,41.6293],[-71.0318,41.6394],[-71.04,41.6509],[-71.045,41.6635],[-71.0467,41.6765],[-71.045,41.6895],[-71.0399,41.702],[-71.0317,41.7135],[-71.0207,41.7236],[-71.0072,41.7319],[-70.9918,41.738],[-70.9751,41.7418],[-70.9578,41.7431]]]}},{"type":"Feature","properties":{"name":"OCEANA NAS CLASS D","class":"D","lower":"0","lower_code":"SFC","upper":"2500"},"geometry":{"type":"Polygon","coordinates":[[[-76.0308,36.751],[-76.0486,36.7523],[-76.0657,36.7563],[-76.0814,36.7631],[-76.0936,36.7709],[-76.1052,36.7818],[-76.1139,36.7944],[-76.1193,36.808],[-76.1212,36.8205],[-76.1199,36.8348],[-76.1152,36.8486],[-76.1072,36.8614],[-76.0976,36.8714],[-76.0843,36.8809],[-76.0688,36.8881],[-76.0519,36.8927],[-76.0364,36.8944],[-76.0208,36.894],[-76.0034,36.8908],[-75.9871,36.8848],[-75.9726,36.8764],[-75.9606,36.8659],[-75.9513,36.8536],[-75.9453,36.8401],[-75.9428,36.8259],[-75.9438,36.8116],[-75.9483,36.7977],[-75.9562,36.7848],[-75.9671,36.7735],[-75.9806,36.7641],[-75.9961,36.757],[-76.0131,36.7526],[-76.0308,36.751]]]}},{"type":"Feature","properties":{"name":"OLATHE, JOHNSON COUNTY EXECUTIVE AIRPORT CLASS D","class":"D","lower":"0","lower_code":"SFC","upper":"3600"},"geometry":{"type":"Polygon","coordinates":[[[-94.7376,38.9127],[-94.7214,38.9114],[-94.7058,38.9077],[-94.6913,38.9017],[-94.6787,38.8936],[-94.6684,38.8838],[-94.6607,38.8725],[-94.656,38.8604],[-94.6544,38.8476],[-94.656,38.835],[-94.6607,38.8227],[-94.6684,38.8115],[-94.6788,38.8016],[-94.6914,38.7935],[-94.7058,38.7875],[-94.7214,38.7838],[-94.7376,38.7825],[-94.7539,38.7838],[-94.7695,38.7875],[-94.7838,38.7935],[-94.7964,38.8016],[-94.8068,38.8115],[-94.8145,38.8228],[-94.8192,38.8349],[-94.8208,38.8476],[-94.8192,38.8603],[-94.8145,38.8725],[-94.8068,38.8838],[-94.7964,38.8936],[-94.7839,38.9017],[-94.7694,38.9077],[-94.7538,38.9114],[-94.7376,38.9127]]]}},{"type":"Feature","properties":{"name":"SANTA MARIA CLASS D","class":"D","lower":"0","lower_code":"SFC","upper":"2800"},"geometry":{"type":"Polygon","coordinates":[[[-120.3556,34.8544],[-120.3947,34.8256],[-120.4106,34.8375],[-120.4303,34.8299],[-120.4516,34.8265],[-120.4733,34.8275],[-120.4921,34.8322],[-120.5074,34.8391],[-120.5191,34.8471],[-120.5291,34.8566],[-120.5369,34.8674],[-120.5428,34.8809],[-120.5453,34.8933],[-120.5452,34.9059],[-120.5424,34.9183],[-120.5351,34.9333],[-120.5254,34.9452],[-120.5112,34.9564],[-120.4964,34.964],[-120.478,34.9695],[-120.4607,34.9714],[-120.4433,34.9705],[-120.4244,34.9661],[-120.4108,34.9604],[-120.3986,34.9528],[-120.3882,34.9437],[-120.3788,34.9315],[-120.3726,34.9181],[-120.3695,34.9022],[-120.3708,34.886],[-120.3764,34.8706],[-120.3556,34.8544]]]}},{"type":"Feature","properties":{"name":"WILL ROGERS WORLD AIRPORT, OKLAHOMA CITY CLASS C","class":"C","lower":"3000","lower_code":"MSL","upper":"5300"},"geometry":{"type":"Polygon","coordinates":[[[-97.5123,35.3519],[-97.5235,35.3388],[-97.5262,35.3552],[-97.5251,35.4061],[-97.5167,35.4299],[-97.5164,35.4397],[-97.5089,35.4289],[-97.5028,35.4155],[-97.4998,35.4033],[-97.4991,35.3891],[-97.501,35.3768],[-97.5058,35.3631],[-97.5123,35.3519]]]}},{"type":"Feature","properties":{"name":"WILL ROGERS WORLD AIRPORT, OKLAHOMA CITY CLASS C","class":"C","lower":"2500","lower_code":"MSL","upper":"5300"},"geometry":{"type":"Polygon","coordinates":[[[-97.535,35.4326],[-97.5245,35.4341],[-97.5164,35.4397],[-97.5167,35.4299],[-97.5251,35.4061],[-97.5262,35.3552],[-97.5244,35.3411],[-97.5204,35.3301],[-97.5203,35.2975],[-97.5155,35.2809],[-97.5246,35.2712],[-97.5306,35.2601],[-97.5332,35.2481],[-97.5321,35.236],[-97.5725,35.2278],[-97.6162,35.2267],[-97.6592,35.2332],[-97.6976,35.2463],[-97.7163,35.2556],[-97.7337,35.2666],[-97.7623,35.2914],[-97.7747,35.3062],[-97.7851,35.322],[-97.7934,35.3386],[-97.799,35.3542],[-97.8043,35.3844],[-97.8029,35.4149],[-97.7947,35.4446],[-97.78,35.4727],[-97.7593,35.4981],[-97.7332,35.52],[-97.7028,35.5376],[-97.6709,35.5498],[-97.6391,35.557],[-97.6086,35.5598],[-97.5778,35.5589],[-97.5454,35.5537],[-97.5448,35.4628],[-97.5515,35.4561],[-97.5533,35.4475],[-97.5481,35.438],[-97.5431,35.4347],[-97.535,35.4326]]]}},{"type":"Feature","properties":{"name":"WILL ROGERS WORLD AIRPORT, OKLAHOMA CITY CLASS C","class":"C","lower":"3000","lower_code":"MSL","upper":"5300"},"geometry":{"type":"Polygon","coordinates":[[[-97.4557,35.4423],[-97.4562,35.4217],[-97.4646,35.3996],[-97.4645,35.3773],[-97.4642,35.3499],[-97.4597,35.3348],[-97.4595,35.3014],[-97.4547,35.2882],[-97.4546,35.2768],[-97.4721,35.2637],[-97.4914,35.2523],[-97.5122,35.2428],[-97.5321,35.2359],[-97.5332,35.2481],[-97.5306,35.2601],[-97.5246,35.2712],[-97.5155,35.2809],[-97.5203,35.2975],[-97.5204,35.3301],[-97.5244,35.3411],[-97.5262,35.3552],[-97.5251,35.4061],[-97.5167,35.4299],[-97.5164,35.4397],[-97.5245,35.4341],[-97.5371,35.4329],[-97.5481,35.438],[-97.5529,35.4458],[-97.5523,35.4544],[-97.5448,35.4628],[-97.5454,35.5538],[-97.5127,35.5436],[-97.4825,35.5291],[-97.4558,35.5105],[-97.4347,35.49],[-97.4346,35.479],[-97.4379,35.4601],[-97.4442,35.4502],[-97.4557,35.4423]]]}},{"type":"Feature","properties":{"name":"CHICAGO, WAUKEGAN REGIONAL CLASS D","class":"D","lower":"0","lower_code":"SFC","upper":"3200"},"geometry":{"type":"Polygon","coordinates":[[[-87.8678,42.4889],[-87.8502,42.4876],[-87.8334,42.4838],[-87.8178,42.4777],[-87.8041,42.4694],[-87.7929,42.4593],[-87.7846,42.4478],[-87.7795,42.4353],[-87.7778,42.4222],[-87.7795,42.4093],[-87.7846,42.3967],[-87.7929,42.3852],[-87.8042,42.3751],[-87.8178,42.3668],[-87.8334,42.3606],[-87.8502,42.3568],[-87.8678,42.3555],[-87.8853,42.3568],[-87.9022,42.3606],[-87.9178,42.3668],[-87.9314,42.3751],[-87.9427,42.3852],[-87.9509,42.3968],[-87.9561,42.4093],[-87.9578,42.4223],[-87.956,42.4353],[-87.9509,42.4478],[-87.9426,42.4593],[-87.9314,42.4694],[-87.9178,42.4777],[-87.9022,42.4838],[-87.8853,42.4876],[-87.8678,42.4889]]]}},{"type":"Feature","properties":{"name":"CHINA LAKE CLASS D","class":"D","lower":"0","lower_code":"SFC","upper":"4800"},"geometry":{"type":"Polygon","coordinates":[[[-117.6591,35.6156],[-117.6752,35.6119],[-117.6921,35.6106],[-117.7089,35.6118],[-117.7251,35.6156],[-117.7431,35.6014],[-117.7971,35.647],[-117.7791,35.6612],[-117.7841,35.6822],[-117.7816,35.7035],[-117.7718,35.7234],[-117.7555,35.7402],[-117.7393,35.7502],[-117.7209,35.7571],[-117.701,35.7605],[-117.6807,35.7602],[-117.661,35.7564],[-117.6428,35.7491],[-117.6269,35.7388],[-117.6143,35.7258],[-117.6054,35.711],[-117.6007,35.6949],[-117.6005,35.6783],[-117.6047,35.6621],[-117.6132,35.647],[-117.6255,35.6339],[-117.641,35.6232],[-117.6591,35.6156]]]}},{"type":"Feature","properties":{"name":"CHRISTIANSTED ST CROIX CLASS D","class":"D","lower":"0","lower_code":"SFC","upper":"2500"},"geometry":{"type":"Polygon","coordinates":[[[-64.8017,17.797],[-64.7823,17.7952],[-64.7636,17.7898],[-64.7464,17.781],[-64.7314,17.7692],[-64.719,17.7548],[-64.7098,17.7383],[-64.7041,17.7205],[-64.7022,17.7017],[-64.7041,17.6831],[-64.7097,17.6653],[-64.7188,17.6488],[-64.7313,17.6342],[-64.7464,17.6224],[-64.7637,17.6135],[-64.7823,17.6081],[-64.8017,17.6063],[-64.8213,17.6082],[-64.8399,17.6136],[-64.857,17.6224],[-64.8721,17.6343],[-64.8845,17.6489],[-64.8937,17.6653],[-64.8993,17.6832],[-64.9012,17.7018],[-64.8993,17.7204],[-64.8936,17.7382],[-64.8844,17.7547],[-64.872,17.7691],[-64.857,17.781],[-64.8398,17.7898],[-64.8212,17.7952],[-64.8017,17.797]]]}},{"type":"Feature","properties":{"name":"NEW ORLEANS CLASS B","class":"B","lower":"1000","lower_code":"MSL","upper":"7000"},"geometry":{"type":"Polygon","coordinates":[[[-90.2739,29.9407],[-90.2923,29.9332],[-90.2752,29.928],[-90.2549,29.9266],[-90.2349,29.93],[-90.2166,29.9377],[-90.2112,29.9273],[-90.2055,29.9256],[-90.1978,29.9278],[-90.1803,29.9393],[-90.1507,29.9244],[-90.1612,29.9134],[-90.1747,29.9024],[-90.1899,29.8931],[-90.2064,29.8858],[-90.2239,29.8805],[-90.242,29.8773],[-90.2769,29.8774],[-90.2951,29.8806],[-90.3125,29.886],[-90.329,29.8934],[-90.3425,29.9016],[-90.3562,29.9125],[-90.3668,29.9234],[-90.3768,29.937],[-90.3847,29.9516],[-90.3698,29.9447],[-90.352,29.9392],[-90.3319,29.9371],[-90.319,29.9406],[-90.303,29.9594],[-90.282,29.9721],[-90.2739,29.9407]]]}},{"type":"Feature","properties":{"name":"NEW ORLEANS CLASS B","class":"B","lower":"2500","lower_code":"MSL","upper":"7000"},"geometry":{"type":"Polygon","coordinates":[[[-90.0257,29.969],[-90.0482,29.9711],[-90.0675,29.9774],[-90.0675,30.1077],[-90.0505,30.1134],[-90.0325,30.1159],[-90.0064,30.1135],[-89.9989,30.1008],[-89.9879,30.0777],[-89.9797,30.0537],[-89.9742,30.0292],[-89.9715,30.0043],[-89.9713,29.9882],[-89.9777,29.9837],[-89.9994,29.9734],[-90.0257,29.969]]]}},{"type":"Feature","properties":{"name":"NEW ORLEANS CLASS B","class":"B","lower":"2000","lower_code":"MSL","upper":"7000"},"geometry":{"type":"Polygon","coordinates":[[[-90.0227,30.1365],[-90.0064,30.1135],[-90.0203,30.1157],[-90.0366,30.1157],[-90.0525,30.113],[-90.0675,30.1077],[-90.0675,29.9774],[-90.0442,29.9703],[-90.0174,29.9696],[-89.9918,29.9762],[-89.9713,29.9882],[-89.9754,29.9512],[-89.9858,29.9151],[-89.9944,29.8951],[-90.0205,29.9005],[-90.0451,29.8989],[-90.0682,29.8912],[-90.0891,29.8766],[-90.0968,29.8681],[-90.1037,29.857],[-90.1084,29.8451],[-90.1107,29.8327],[-90.1108,29.8219],[-90.1085,29.8094],[-90.1038,29.7975],[-90.0968,29.7865],[-90.1179,29.7751],[-90.1419,29.7645],[-90.1688,29.7554],[-90.1987,29.7483],[-90.2272,29.7443],[-90.2582,29.7427],[-90.2891,29.7441],[-90.3176,29.748],[-90.3476,29.7549],[-90.3746,29.7638],[-90.4023,29.776],[-90.4266,29.7896],[-90.4508,29.8065],[-90.4714,29.8242],[-90.4911,29.8451],[-90.507,29.8661],[-90.5214,29.8901],[-90.532,29.9135],[-90.5394,29.9361],[-90.5443,29.9591],[-90.5468,29.9824],[-90.5467,30.0058],[-90.5442,30.0292],[-90.5391,30.0522],[-90.5316,30.0747],[-90.5225,30.0948],[-90.5105,30.1158],[-90.4963,30.1357],[-90.48,30.1543],[-90.4632,30.1703],[-90.4433,30.1861],[-90.4218,30.2002],[-90.3989,30.2125],[-90.3766,30.2222],[-90.3515,30.2307],[-90.3256,30.2372],[-90.2991,30.2415],[-90.2743,30.2436],[-90.2494,30.2438],[-90.2225,30.2419],[-90.1959,30.2378],[-90.1699,30.2316],[-90.1466,30.224],[-90.1223,30.2139],[-90.0992,30.2018],[-90.0775,30.1879],[-90.0574,30.1723],[-90.0391,30.1551],[-90.0227,30.1365]]]}},{"type":"Feature","properties":{"name":"NEW ORLEANS CLASS B","class":"B","lower":"4000","lower_code":"MSL","upper":"7000"},"geometry":{"type":"Polygon","coordinates":[[[-90.2571,29.6592],[-90.2942,29.6606],[-90.331,29.6651],[-90.3691,29.6732],[-90.4042,29.684],[-90.4397,29.6986],[-90.4716,29.7152],[-90.5016,29.7345],[-90.5292,29.7561],[-90.5557,29.7815],[-90.5779,29.8075],[-90.5971,29.8353],[-90.6132,29.8646],[-90.6259,29.8951],[-90.6351,29.9265],[-90.6409,29.9586],[-90.643,29.991],[-90.6413,30.0252],[-90.636,30.0573],[-90.6272,30.0888],[-90.6149,30.1195],[-90.5991,30.1489],[-90.5802,30.1769],[-90.5582,30.2031],[-90.5334,30.2274],[-90.5044,30.2506],[-90.4745,30.2701],[-90.4426,30.287],[-90.4089,30.3011],[-90.3738,30.3123],[-90.3376,30.3204],[-90.3007,30.3255],[-90.2633,30.3274],[-90.2259,30.3262],[-90.1889,30.3218],[-90.1525,30.3143],[-90.1171,30.3038],[-90.0831,30.2904],[-90.0507,30.2741],[-90.0204,30.2552],[-89.9908,30.2325],[-89.9654,30.2087],[-89.9427,30.1829],[-89.9231,30.1553],[-89.9059,30.1245],[-89.893,30.094],[-89.8835,30.0626],[-89.8776,30.0306],[-89.8753,29.9964],[-89.8768,29.964],[-89.882,29.9318],[-89.8907,29.9003],[-89.9036,29.8679],[-89.9193,29.8385],[-89.9382,29.8105],[-89.96,29.7843],[-89.9862,29.7587],[-90.0136,29.7367],[-90.0433,29.7172],[-90.075,29.7003],[-90.1103,29.6854],[-90.1453,29.6743],[-90.1812,29.6662],[-90.2179,29.6611],[-90.2571,29.6592]]]}},{"type":"Feature","properties":{"name":"NEW ORLEANS CLASS B","class":"B","lower":"600","lower_code":"MSL","upper":"1000"},"geometry":{"type":"Polygon","coordinates":[[[-90.3636,30.0669],[-90.3441,30.054],[-90.3619,30.0578],[-90.3682,30.056],[-90.3713,30.0578],[-90.3636,30.0669]]]}},{"type":"Feature","properties":{"name":"NEW ORLEANS CLASS B","class":"B","lower":"600","lower_code":"MSL","upper":"1000"},"geometry":{"type":"Polygon","coordinates":[[[-90.1308,30.0278],[-90.1285,30.0204],[-90.1444,30.0208],[-90.1447,30.0198],[-90.1603,30.0216],[-90.1308,30.0278]]]}},{"type":"Feature","properties":{"name":"MESA CLASS D","class":"D","lower":"0","lower_code":"SFC","upper":"3400"},"geometry":{"type":"Polygon","coordinates":[[[-111.7896,33.4107],[-111.7896,33.511],[-111.7781,33.5193],[-111.762,33.5269],[-111.7444,33.5314],[-111.726,33.5326],[-111.7077,33.5305],[-111.6904,33.5252],[-111.6748,33.5169],[-111.6617,33.506],[-111.6517,33.493],[-111.6462,33.4812],[-111.6432,33.4687],[-111.6429,33.4561],[-111.6452,33.4435],[-111.6501,33.4315],[-111.6575,33.4204],[-111.6671,33.4106],[-111.6786,33.4024],[-111.6917,33.3959],[-111.7059,33.3915],[-111.7208,33.3893],[-111.7359,33.3893],[-111.7508,33.3915],[-111.765,33.3959],[-111.778,33.4024],[-111.7896,33.4107]]]}},{"type":"Feature","properties":{"name":"MESQUITE CLASS D","class":"D","lower":"0","lower_code":"SFC","upper":"2000"},"geometry":{"type":"Polygon","coordinates":[[[-96.5304,32.8221],[-96.5131,32.8207],[-96.4964,32.8164],[-96.481,32.8094],[-96.4675,32.8001],[-96.4565,32.7887],[-96.4483,32.7758],[-96.4432,32.7617],[-96.4415,32.747],[-96.4432,32.7324],[-96.4483,32.7182],[-96.4565,32.7052],[-96.4676,32.6938],[-96.481,32.6845],[-96.4964,32.6775],[-96.5131,32.6732],[-96.5305,32.6718],[-96.5478,32.6733],[-96.5645,32.6775],[-96.5799,32.6845],[-96.5933,32.6939],[-96.6044,32.7053],[-96.6126,32.7183],[-96.6176,32.7323],[-96.6193,32.747],[-96.6176,32.7617],[-96.6126,32.7758],[-96.6044,32.7887],[-96.5933,32.8001],[-96.5798,32.8095],[-96.5644,32.8164],[-96.5478,32.8207],[-96.5304,32.8221]]]}},{"type":"Feature","properties":{"name":"MIAMI, OPA LOCKA EXECUTIVE AIRPORT CLASS D","class":"D","lower":"0","lower_code":"SFC","upper":"2500"},"geometry":{"type":"Polygon","coordinates":[[[-80.2081,25.9412],[-80.2007,25.9231],[-80.1988,25.9039],[-80.2028,25.8848],[-80.2121,25.8675],[-80.3443,25.8675],[-80.3529,25.8828],[-80.3567,25.8958],[-80.3577,25.9093],[-80.3559,25.9227],[-80.3514,25.9355],[-80.3443,25.9473],[-80.3349,25.9578],[-80.3235,25.9665],[-80.3106,25.9731],[-80.3083,25.974],[-80.2081,25.9412]]]}},{"type":"Feature","properties":{"name":"WINDSOR LOCKS CLASS C","class":"C","lower":"0","lower_code":"SFC","upper":"4200"},"geometry":{"type":"Polygon","coordinates":[[[-72.5762,41.9635],[-72.5718,41.9457],[-72.5814,41.9449],[-72.5877,41.9424],[-72.5927,41.9386],[-72.5958,41.9338],[-72.5964,41.9267],[-72.593,41.9201],[-72.5862,41.9151],[-72.5772,41.9127],[-72.5856,41.8985],[-72.5973,41.8856],[-72.6036,41.8805],[-72.6168,41.8834],[-72.6298,41.8799],[-72.6368,41.8731],[-72.6384,41.868],[-72.6379,41.8628],[-72.656,41.8581],[-72.675,41.8559],[-72.6966,41.8563],[-72.7199,41.8603],[-72.7395,41.8671],[-72.757,41.8766],[-72.7702,41.887],[-72.7821,41.9004],[-72.7706,41.9006],[-72.7607,41.9052],[-72.7568,41.9096],[-72.7549,41.9147],[-72.7565,41.9233],[-72.7638,41.9302],[-72.7746,41.9334],[-72.784,41.9327],[-72.7938,41.928],[-72.7947,41.9352],[-72.7936,41.9513],[-72.7883,41.967],[-72.7791,41.9816],[-72.7663,41.9946],[-72.7503,42.0055],[-72.7319,42.0139],[-72.7116,42.0196],[-72.6926,42.022],[-72.671,42.0218],[-72.6498,42.0185],[-72.6298,42.0122],[-72.6119,42.0032],[-72.5966,41.9918],[-72.5846,41.9784],[-72.5762,41.9635]]]}},{"type":"Feature","properties":{"name":"AGUADILLA CLASS D","class":"D","lower":"0","lower_code":"SFC","upper":"2700"},"geometry":{"type":"Polygon","coordinates":[[[-67.1294,18.5703],[-67.1141,18.5689],[-67.0993,18.5646],[-67.0857,18.5576],[-67.0737,18.5483],[-67.0639,18.5369],[-67.0566,18.5239],[-67.0521,18.5099],[-67.0505,18.495],[-67.052,18.4804],[-67.0565,18.4663],[-67.0638,18.4533],[-67.0736,18.4418],[-67.0856,18.4324],[-67.0992,18.4255],[-67.114,18.4212],[-67.1295,18.4197],[-67.145,18.4212],[-67.1598,18.4255],[-67.1734,18.4324],[-67.1853,18.4418],[-67.1952,18.4533],[-67.2024,18.4663],[-67.2069,18.4804],[-67.2084,18.4951],[-67.2068,18.5098],[-67.2023,18.5239],[-67.1951,18.5369],[-67.1853,18.5482],[-67.1733,18.5576],[-67.1597,18.5645],[-67.1449,18.5688],[-67.1294,18.5703]]]}},{"type":"Feature","properties":{"name":"AKRON-CANTON REGIONAL AIRPORT CLASS D","class":"D","lower":"0","lower_code":"SFC","upper":"5200"},"geometry":{"type":"Polygon","coordinates":[[[-81.4422,40.9998],[-81.4208,40.9982],[-81.4002,40.9934],[-81.3812,40.9858],[-81.3645,40.9753],[-81.3508,40.9627],[-81.3407,40.9483],[-81.3344,40.9327],[-81.3323,40.9164],[-81.3344,40.9002],[-81.3407,40.8845],[-81.3508,40.8701],[-81.3645,40.8574],[-81.3812,40.8471],[-81.4002,40.8393],[-81.4209,40.8346],[-81.4423,40.833],[-81.4638,40.8346],[-81.4843,40.8394],[-81.5034,40.8471],[-81.52,40.8575],[-81.5337,40.8701],[-81.5438,40.8845],[-81.55,40.9002],[-81.5521,40.9165],[-81.55,40.9328],[-81.5437,40.9484],[-81.5336,40.9628],[-81.5199,40.9754],[-81.5033,40.9857],[-81.4843,40.9934],[-81.4637,40.9982],[-81.4422,40.9998]]]}},{"type":"Feature","properties":{"name":"COCOA PATRICK AFB CLASS D","class":"D","lower":"0","lower_code":"SFC","upper":"2500"},"geometry":{"type":"Polygon","coordinates":[[[-80.5856,28.153],[-80.6711,28.1711],[-80.6828,28.1811],[-80.6913,28.1912],[-80.7033,28.214],[-80.7071,28.2317],[-80.7071,28.2479],[-80.7037,28.2638],[-80.6971,28.2789],[-80.6875,28.2927],[-80.6752,28.3047],[-80.6606,28.3145],[-80.6443,28.3218],[-80.6247,28.3267],[-80.6044,28.328],[-80.5843,28.3256],[-80.5651,28.3197],[-80.5476,28.3104],[-80.5327,28.2982],[-80.5208,28.2836],[-80.5119,28.2655],[-80.5079,28.2478],[-80.5081,28.2298],[-80.5123,28.2123],[-80.5205,28.1958],[-80.5323,28.1811],[-80.5471,28.1688],[-80.5645,28.1595],[-80.5856,28.153]]]}},{"type":"Feature","properties":{"name":"DENTON CLASS D","class":"D","lower":"0","lower_code":"SFC","upper":"2500"},"geometry":{"type":"Polygon","coordinates":[[[-97.1794,33.1372],[-97.1796,33.1317],[-97.2192,33.1323],[-97.2191,33.1377],[-97.2406,33.1458],[-97.2584,33.1587],[-97.269,33.1723],[-97.2755,33.1876],[-97.2774,33.2001],[-97.2764,33.2125],[-97.2728,33.2246],[-97.2665,33.2359],[-97.2571,33.2467],[-97.2453,33.2557],[-97.2316,33.2626],[-97.2165,33.2671],[-97.2164,33.2725],[-97.1766,33.2719],[-97.1767,33.2665],[-97.1552,33.2584],[-97.1375,33.2455],[-97.1269,33.232],[-97.1204,33.2167],[-97.1185,33.2041],[-97.1195,33.1915],[-97.1233,33.1793],[-97.1298,33.1679],[-97.1378,33.1585],[-97.1475,33.1505],[-97.1626,33.1423],[-97.1794,33.1372]]]}},{"type":"Feature","properties":{"name":"DETROIT CLASS D","class":"D","lower":"0","lower_code":"SFC","upper":"3100"},"geometry":{"type":"Polygon","coordinates":[[[-83.0102,42.4777],[-82.9922,42.4764],[-82.9749,42.4725],[-82.959,42.4662],[-82.9449,42.4577],[-82.9335,42.4473],[-82.925,42.4355],[-82.9197,42.4227],[-82.9179,42.4093],[-82.9197,42.396],[-82.925,42.3832],[-82.9335,42.3714],[-82.945,42.361],[-82.959,42.3525],[-82.9749,42.3462],[-82.9923,42.3423],[-83.0102,42.341],[-83.0283,42.3423],[-83.0455,42.3462],[-83.0615,42.3525],[-83.0754,42.361],[-83.0869,42.3714],[-83.0954,42.3832],[-83.1007,42.3961],[-83.1024,42.4094],[-83.1006,42.4228],[-83.0954,42.4356],[-83.0868,42.4474],[-83.0754,42.4577],[-83.0614,42.4662],[-83.0455,42.4725],[-83.0282,42.4764],[-83.0102,42.4777]]]}},{"type":"Feature","properties":{"name":"SANTA MONICA CLASS D","class":"D","lower":"0","lower_code":"SFC","upper":"2700"},"geometry":{"type":"Polygon","coordinates":[[[-118.3785,33.9878],[-118.3828,34.0],[-118.4006,34.0],[-118.4075,33.9893],[-118.4176,33.9806],[-118.4282,33.9751],[-118.44,33.9717],[-118.4564,33.9617],[-118.529,33.9994],[-118.5315,34.0162],[-118.529,34.0323],[-118.523,34.0458],[-118.5137,34.0578],[-118.5014,34.068],[-118.4888,34.0749],[-118.4706,34.0806],[-118.4535,34.0826],[-118.4341,34.0811],[-118.4174,34.0764],[-118.4043,34.0865],[-118.3633,34.0499],[-118.3764,34.0397],[-118.3722,34.027],[-118.3711,34.0144],[-118.3733,34.0002],[-118.3785,33.9878]]]}},{"type":"Feature","properties":{"name":"WORCESTER CLASS D","class":"D","lower":"0","lower_code":"SFC","upper":"3500"},"geometry":{"type":"Polygon","coordinates":[[[-71.9868,42.2875],[-71.9822,42.2801],[-71.9735,42.2752],[-71.9627,42.2739],[-71.9524,42.2766],[-71.9459,42.2814],[-71.9426,42.2877],[-71.9429,42.2944],[-71.9468,42.3005],[-71.9536,42.305],[-71.9623,42.3071],[-71.9714,42.3064],[-71.9794,42.3031],[-71.9701,42.3152],[-71.9584,42.3259],[-71.9368,42.339],[-71.9117,42.3478],[-71.8843,42.3519],[-71.8566,42.351],[-71.8359,42.3469],[-71.8167,42.3401],[-71.7994,42.3306],[-71.7849,42.319],[-71.7735,42.3056],[-71.7656,42.2908],[-71.7616,42.2752],[-71.7616,42.2593],[-71.7662,42.2423],[-71.7753,42.2262],[-71.7887,42.2118],[-71.8058,42.1998],[-71.8257,42.1906],[-71.8478,42.1847],[-71.8711,42.1822],[-71.8945,42.1833],[-71.9172,42.1879],[-71.9381,42.1959],[-71.9564,42.2069],[-71.9713,42.2205],[-71.9821,42.236],[-71.9884,42.2528],[-71.99,42.2702],[-71.9868,42.2875]]]}},{"type":"Feature","properties":{"name":"WRIGHTSTOWN MCGUIRE FIELD CLASS D","class":"D","lower":"0","lower_code":"SFC","upper":"2600"},"geometry":{"type":"Polygon","coordinates":[[[-74.5917,40.0906],[-74.5727,40.0892],[-74.5544,40.0849],[-74.5375,40.078],[-74.5227,40.0687],[-74.5106,40.0574],[-74.5016,40.0444],[-74.496,40.0304],[-74.4941,40.0156],[-74.496,40.001],[-74.5015,39.9869],[-74.5105,39.974],[-74.5227,39.9625],[-74.5375,39.9532],[-74.5543,39.9463],[-74.5727,39.942],[-74.5917,39.9405],[-74.6107,39.942],[-74.629,39.9462],[-74.646,39.9532],[-74.6607,39.9625],[-74.673,39.974],[-74.6819,39.987],[-74.6875,40.001],[-74.6893,40.0157],[-74.6874,40.0303],[-74.6819,40.0443],[-74.6729,40.0573],[-74.6608,40.0686],[-74.646,40.078],[-74.6291,40.0849],[-74.6108,40.0892],[-74.5917,40.0906]]]}},{"type":"Feature","properties":{"name":"YAKIMA CLASS D","class":"D","lower":"0","lower_code":"SFC","upper":"3600"},"geometry":{"type":"Polygon","coordinates":[[[-120.6073,46.6237],[-120.5853,46.6321],[-120.565,46.6366],[-120.5427,46.6381],[-120.5206,46.6362],[-120.4992,46.631],[-120.48,46.6225],[-120.4641,46.6113],[-120.4522,46.598],[-120.3228,46.5772],[-120.3513,46.4928],[-120.4806,46.5136],[-120.5015,46.5047],[-120.5248,46.4995],[-120.5492,46.4983],[-120.5733,46.5012],[-120.5971,46.5085],[-120.6173,46.5198],[-120.6328,46.5343],[-120.6424,46.551],[-120.7197,46.5692],[-120.6838,46.6417],[-120.6073,46.6237]]]}},{"type":"Feature","properties":{"name":"CLEVELAND, BURKE LAKEFRONT AIRPORT CLASS D","class":"D","lower":"0","lower_code":"SFC","upper":"3000"},"geometry":{"type":"Polygon","coordinates":[[[-81.6833,41.5859],[-81.6656,41.5846],[-81.6485,41.5807],[-81.6328,41.5744],[-81.6191,41.5659],[-81.6077,41.5556],[-81.5993,41.5438],[-81.5941,41.531],[-81.5924,41.5175],[-81.5941,41.5042],[-81.5993,41.4914],[-81.6076,41.4796],[-81.619,41.4691],[-81.6328,41.4607],[-81.6485,41.4544],[-81.6655,41.4505],[-81.6834,41.4491],[-81.7012,41.4505],[-81.7183,41.4544],[-81.7339,41.4607],[-81.7477,41.4692],[-81.7591,41.4796],[-81.7674,41.4915],[-81.7726,41.5043],[-81.7743,41.5176],[-81.7725,41.5309],[-81.7674,41.5437],[-81.759,41.5555],[-81.7477,41.5658],[-81.7339,41.5743],[-81.7182,41.5806],[-81.7012,41.5845],[-81.6833,41.5859]]]}},{"type":"Feature","properties":{"name":"HILTON HEAD ISLAND CLASS D","class":"D","lower":"0","lower_code":"SFC","upper":"2000"},"geometry":{"type":"Polygon","coordinates":[[[-80.6975,32.2896],[-80.6827,32.2884],[-80.6685,32.2847],[-80.6554,32.2789],[-80.6438,32.271],[-80.6343,32.2613],[-80.6271,32.2503],[-80.6226,32.2383],[-80.6209,32.2257],[-80.622,32.2132],[-80.626,32.201],[-80.6327,32.1898],[-80.6417,32.1798],[-80.6529,32.1715],[-80.6657,32.1652],[-80.6818,32.1607],[-80.6965,32.1593],[-80.7134,32.1607],[-80.7275,32.1645],[-80.7405,32.1706],[-80.7519,32.1786],[-80.7613,32.1884],[-80.7683,32.1995],[-80.7726,32.2116],[-80.7741,32.2241],[-80.7728,32.2366],[-80.7686,32.2487],[-80.7618,32.2599],[-80.7525,32.2698],[-80.7412,32.2779],[-80.7283,32.2841],[-80.7142,32.288],[-80.6975,32.2896]]]}},{"type":"Feature","properties":{"name":"SARASOTA-BRADENTON AIRPORT CLASS C","class":"C","lower":"1200","lower_code":"MSL","upper":"4000"},"geometry":{"type":"Polygon","coordinates":[[[-82.5519,27.2282],[-82.588,27.2309],[-82.6247,27.2406],[-82.6568,27.2557],[-82.6851,27.2761],[-82.7084,27.3009],[-82.7259,27.3293],[-82.7369,27.3602],[-82.7411,27.3924],[-82.7379,27.4265],[-82.7277,27.4577],[-82.7109,27.4864],[-82.6882,27.5118],[-82.6605,27.5327],[-82.6287,27.5485],[-82.5941,27.5585],[-82.5579,27.5624],[-82.5217,27.5599],[-82.4866,27.5513],[-82.4541,27.5367],[-82.4239,27.5156],[-82.4003,27.4909],[-82.3825,27.4627],[-82.3711,27.4318],[-82.3667,27.3979],[-82.3697,27.3655],[-82.3796,27.3343],[-82.396,27.3055],[-82.4198,27.2786],[-82.4476,27.2577],[-82.4793,27.242],[-82.5138,27.232],[-82.5519,27.2282]]]}},{"type":"Feature","properties":{"name":"DELTA JUNCTION CLASS D","class":"D","lower":"0","lower_code":"SFC","upper":"3800"},"geometry":{"type":"Polygon","coordinates":[[[-145.5106,64.043],[-145.5004,64.0332],[-145.4915,64.0213],[-145.4864,64.0108],[-145.4837,63.9984],[-145.4841,63.9877],[-145.4877,63.9753],[-145.4934,63.9649],[-145.5031,63.9531],[-145.5139,63.9435],[-145.5293,63.933],[-145.5649,63.9159],[-145.6081,63.9026],[-145.6607,63.8934],[-145.7047,63.8902],[-145.7532,63.8908],[-145.7967,63.8953],[-145.841,63.904],[-145.8272,63.9378],[-145.9585,63.9829],[-145.9598,63.99],[-145.9586,64.0059],[-145.9519,64.0216],[-145.9399,64.0366],[-145.9228,64.0507],[-145.901,64.0635],[-145.875,64.0746],[-145.8454,64.0839],[-145.8165,64.0904],[-145.8149,64.0804],[-145.8062,64.0752],[-145.7966,64.0624],[-145.786,64.0564],[-145.7845,64.053],[-145.7851,64.0421],[-145.6914,64.0415],[-145.6936,64.0594],[-145.697,64.0669],[-145.7235,64.099],[-145.6589,64.0953],[-145.6281,64.0906],[-145.599,64.0841],[-145.5722,64.0759],[-145.5483,64.0662],[-145.5276,64.0551],[-145.5106,64.043]]]}},{"type":"Feature","properties":{"name":"DELTA JUNCTION CLASS D","class":"D","lower":"700","lower_code":"MSL","upper":"3800"},"geometry":{"type":"Polygon","coordinates":[[[-145.6916,64.0499],[-145.6914,64.0415],[-145.7851,64.0421],[-145.7845,64.053],[-145.786,64.0564],[-145.7966,64.0624],[-145.8062,64.0752],[-145.8149,64.0804],[-145.8165,64.0904],[-145.771,64.0967],[-145.7235,64.099],[-145.697,64.0669],[-145.6944,64.0621],[-145.6916,64.0499]]]}},{"type":"Feature","properties":{"name":"NORTHWEST ARKANSAS REGIONAL AIRPORT CLASS C","class":"C","lower":"0","lower_code":"SFC","upper":"5300"},"geometry":{"type":"Polygon","coordinates":[[[-94.2504,36.3509],[-94.2083,36.2597],[-94.2188,36.2394],[-94.2356,36.222],[-94.2535,36.2106],[-94.2741,36.2027],[-94.2964,36.1986],[-94.3192,36.1986],[-94.3415,36.2027],[-94.3621,36.2107],[-94.38,36.2221],[-94.3944,36.2364],[-94.4026,36.249],[-94.4081,36.2626],[-94.4107,36.2767],[-94.4102,36.2908],[-94.4068,36.3048],[-94.4005,36.3181],[-94.3914,36.3303],[-94.38,36.3411],[-94.3665,36.3502],[-94.3512,36.3573],[-94.3346,36.3622],[-94.3174,36.3647],[-94.2998,36.3648],[-94.2824,36.3625],[-94.2658,36.3578],[-94.2504,36.3509]]]}},{"type":"Feature","properties":{"name":"NORTHWEST ARKANSAS REGIONAL AIRPORT CLASS C","class":"C","lower":"2500","lower_code":"MSL","upper":"5300"},"geometry":{"type":"Polygon","coordinates":[[[-94.2504,36.3509],[-94.2783,36.3615],[-94.3087,36.365],[-94.3391,36.3611],[-94.3667,36.3501],[-94.3787,36.3421],[-94.389,36.333],[-94.3975,36.3226],[-94.4041,36.3113],[-94.4085,36.2994],[-94.4106,36.287],[-94.4105,36.2745],[-94.408,36.2622],[-94.4027,36.2491],[-94.3948,36.2369],[-94.3846,36.2259],[-94.3722,36.2165],[-94.3582,36.2088],[-94.3427,36.2031],[-94.3263,36.1995],[-94.3094,36.1981],[-94.2924,36.1991],[-94.2759,36.2022],[-94.2603,36.2075],[-94.2458,36.2149],[-94.2331,36.2241],[-94.2225,36.2348],[-94.2141,36.2467],[-94.2083,36.2597],[-94.1636,36.1624],[-94.1894,36.145],[-94.2085,36.1354],[-94.2289,36.1274],[-94.2502,36.1213],[-94.272,36.1172],[-94.3169,36.1148],[-94.3394,36.1167],[-94.3615,36.1205],[-94.383,36.1262],[-94.4034,36.1338],[-94.4227,36.1431],[-94.4407,36.1541],[-94.4572,36.1667],[-94.4717,36.1805],[-94.4844,36.1957],[-94.4949,36.2118],[-94.5071,36.2391],[-94.5132,36.2677],[-94.5131,36.2967],[-94.5068,36.3251],[-94.4946,36.3523],[-94.4767,36.3773],[-94.4537,36.3995],[-94.4264,36.4181],[-94.3965,36.4322],[-94.3641,36.4421],[-94.3301,36.4475],[-94.2954,36.4482],[-94.2504,36.3509]]]}},{"type":"Feature","properties":{"name":"JACKSON CLASS D","class":"D","lower":"0","lower_code":"SFC","upper":"3500"},"geometry":{"type":"Polygon","coordinates":[[[-84.4621,42.3271],[-84.4446,42.3259],[-84.4278,42.3221],[-84.4122,42.3159],[-84.3986,42.3076],[-84.3875,42.2975],[-84.3792,42.286],[-84.3741,42.2735],[-84.3724,42.2605],[-84.3741,42.2475],[-84.3792,42.2349],[-84.3875,42.2234],[-84.3987,42.2133],[-84.4123,42.205],[-84.4278,42.1988],[-84.4447,42.195],[-84.4622,42.1938],[-84.4797,42.195],[-84.4965,42.1988],[-84.5121,42.205],[-84.5256,42.2133],[-84.5368,42.2235],[-84.5451,42.235],[-84.5502,42.2475],[-84.5519,42.2605],[-84.5502,42.2736],[-84.5451,42.2861],[-84.5368,42.2976],[-84.5256,42.3076],[-84.512,42.3159],[-84.4965,42.3221],[-84.4797,42.3259],[-84.4621,42.3271]]]}},{"type":"Feature","properties":{"name":"LAGUNA AAF CLASS D","class":"D","lower":"0","lower_code":"SFC","upper":"1700"},"geometry":{"type":"Polygon","coordinates":[[[-114.3931,32.9232],[-114.3795,32.922],[-114.3665,32.9187],[-114.3546,32.9133],[-114.3441,32.9061],[-114.3355,32.8972],[-114.3291,32.8871],[-114.3251,32.8762],[-114.3238,32.8647],[-114.3251,32.8534],[-114.3291,32.8424],[-114.3355,32.8323],[-114.3441,32.8234],[-114.3546,32.8161],[-114.3666,32.8107],[-114.3796,32.8074],[-114.3931,32.8063],[-114.4066,32.8074],[-114.4196,32.8107],[-114.4316,32.8162],[-114.4421,32.8234],[-114.4507,32.8323],[-114.4571,32.8424],[-114.461,32.8534],[-114.4623,32.8647],[-114.461,32.8762],[-114.457,32.8871],[-114.4506,32.8972],[-114.442,32.9061],[-114.4316,32.9133],[-114.4195,32.9187],[-114.4066,32.922],[-114.3931,32.9232]]]}},{"type":"Feature","properties":{"name":"NORTHWEST ARKANSAS REGIONAL AIRPORT CLASS C","class":"C","lower":"2900","lower_code":"MSL","upper":"5300"},"geometry":{"type":"Polygon","coordinates":[[[-94.1636,36.1624],[-94.2294,36.3053],[-94.2954,36.4482],[-94.2659,36.445],[-94.2373,36.4385],[-94.2102,36.4286],[-94.1851,36.4158],[-94.1626,36.4001],[-94.1431,36.382],[-94.127,36.3619],[-94.1146,36.34],[-94.1063,36.317],[-94.1021,36.2932],[-94.1022,36.2692],[-94.1066,36.2454],[-94.1151,36.2224],[-94.1277,36.2005],[-94.1439,36.1804],[-94.1636,36.1624]]]}},{"type":"Feature","properties":{"name":"CLEVELAND, CUYAHOGA COUNTY AIRPORT CLASS D","class":"D","lower":"0","lower_code":"SFC","upper":"3400"},"geometry":{"type":"Polygon","coordinates":[[[-81.4861,41.6317],[-81.4688,41.6304],[-81.4521,41.6266],[-81.4368,41.6205],[-81.4234,41.6122],[-81.4123,41.6021],[-81.4041,41.5906],[-81.399,41.5781],[-81.3973,41.565],[-81.399,41.552],[-81.404,41.5395],[-81.4122,41.528],[-81.4233,41.5178],[-81.4368,41.5096],[-81.4521,41.5034],[-81.4689,41.4996],[-81.4861,41.4983],[-81.5034,41.4996],[-81.5202,41.5034],[-81.5355,41.5096],[-81.5489,41.5179],[-81.56,41.5281],[-81.5682,41.5396],[-81.5732,41.5521],[-81.5749,41.5651],[-81.5732,41.5781],[-81.5682,41.5906],[-81.56,41.6021],[-81.5489,41.6122],[-81.5355,41.6204],[-81.5202,41.6266],[-81.5035,41.6304],[-81.4861,41.6317]]]}},{"type":"Feature","properties":{"name":"CLOVIS CLASS D","class":"D","lower":"0","lower_code":"SFC","upper":"6800"},"geometry":{"type":"Polygon","coordinates":[[[-103.3222,34.4829],[-103.2987,34.481],[-103.276,34.4753],[-103.2551,34.4661],[-103.2367,34.4536],[-103.2217,34.4385],[-103.2106,34.4212],[-103.2037,34.4024],[-103.2014,34.3828],[-103.2037,34.3633],[-103.2106,34.3444],[-103.2218,34.3272],[-103.2368,34.3119],[-103.2551,34.2995],[-103.276,34.2902],[-103.2988,34.2845],[-103.3223,34.2826],[-103.3458,34.2845],[-103.3685,34.2902],[-103.3894,34.2995],[-103.4077,34.312],[-103.4227,34.3272],[-103.4339,34.3445],[-103.4407,34.3634],[-103.443,34.3829],[-103.4407,34.4025],[-103.4338,34.4212],[-103.4226,34.4385],[-103.4076,34.4537],[-103.3893,34.4661],[-103.3685,34.4753],[-103.3458,34.481],[-103.3222,34.4829]]]}},{"type":"Feature","properties":{"name":"COCOA BEACH CLASS D","class":"D","lower":"0","lower_code":"SFC","upper":"2500"},"geometry":{"type":"Polygon","coordinates":[[[-80.5669,28.543],[-80.5504,28.5415],[-80.5344,28.5373],[-80.5196,28.5303],[-80.5068,28.521],[-80.4962,28.5096],[-80.4883,28.4966],[-80.4835,28.4825],[-80.4818,28.4678],[-80.4835,28.4532],[-80.4883,28.439],[-80.4962,28.426],[-80.5068,28.4146],[-80.5197,28.4052],[-80.5344,28.3983],[-80.5503,28.394],[-80.567,28.3926],[-80.5835,28.394],[-80.5995,28.3983],[-80.6142,28.4053],[-80.6271,28.4146],[-80.6378,28.4261],[-80.6456,28.4391],[-80.6504,28.4532],[-80.652,28.4678],[-80.6504,28.4825],[-80.6456,28.4966],[-80.6377,28.5096],[-80.6271,28.5209],[-80.6143,28.5303],[-80.5995,28.5373],[-80.5835,28.5415],[-80.5669,28.543]]]}},{"type":"Feature","properties":{"name":"HILO CLASS D","class":"D","lower":"0","lower_code":"SFC","upper":"2500"},"geometry":{"type":"Polygon","coordinates":[[[-155.0485,19.7922],[-155.0337,19.7908],[-155.0194,19.7867],[-155.0063,19.7801],[-154.9948,19.7712],[-154.9854,19.7603],[-154.9783,19.7479],[-154.974,19.7345],[-154.9725,19.7203],[-154.974,19.7063],[-154.9783,19.6928],[-154.9852,19.6804],[-154.9948,19.6694],[-155.0062,19.6605],[-155.0193,19.6538],[-155.0337,19.6497],[-155.0485,19.6483],[-155.0633,19.6497],[-155.0776,19.6538],[-155.0907,19.6605],[-155.1022,19.6694],[-155.1117,19.6804],[-155.1187,19.6929],[-155.123,19.7064],[-155.1244,19.7204],[-155.123,19.7344],[-155.1186,19.7478],[-155.1116,19.7603],[-155.1022,19.7711],[-155.0907,19.7801],[-155.0776,19.7867],[-155.0634,19.7908],[-155.0485,19.7922]]]}},{"type":"Feature","properties":{"name":"ALTUS AFB CLASS D","class":"D","lower":"2500","lower_code":"MSL","upper":"3900"},"geometry":{"type":"Polygon","coordinates":[[[-99.3144,34.759],[-99.3144,34.5739],[-99.3317,34.5814],[-99.3457,34.5899],[-99.358,34.5999],[-99.3685,34.6113],[-99.3779,34.6255],[-99.3838,34.639],[-99.3873,34.653],[-99.3884,34.6673],[-99.387,34.6816],[-99.3832,34.6956],[-99.377,34.7089],[-99.3686,34.7215],[-99.358,34.7329],[-99.3457,34.7429],[-99.3317,34.7514],[-99.3144,34.759]]]}},{"type":"Feature","properties":{"name":"ANCHORAGE, BRYANT AAF CLASS D","class":"D","lower":"0","lower_code":"SFC","upper":"2900"},"geometry":{"type":"Polygon","coordinates":[[[-149.6897,61.24],[-149.7189,61.2303],[-149.7189,61.2869],[-149.6264,61.2869],[-149.6389,61.265],[-149.6897,61.24]]]}},{"type":"Feature","properties":{"name":"ANCHORAGE, ELMENDORF AFB CLASS D","class":"D","lower":"0","lower_code":"SFC","upper":"3000"},"geometry":{"type":"Polygon","coordinates":[[[-149.7336,61.2278],[-149.8936,61.2239],[-149.9275,61.26],[-149.9233,61.2672],[-149.9225,61.28],[-149.9161,61.2978],[-149.9131,61.3017],[-149.9119,61.3067],[-149.9068,61.3092],[-149.8777,61.32],[-149.8478,61.3267],[-149.812,61.3307],[-149.7789,61.3308],[-149.7789,61.3194],[-149.7189,61.2917],[-149.7189,61.2303],[-149.7336,61.2278]]]}},{"type":"Feature","properties":{"name":"ANCHORAGE MERRILL FIELD CLASS D","class":"D","lower":"0","lower_code":"SFC","upper":"2500"},"geometry":{"type":"Polygon","coordinates":[[[-149.9275,61.26],[-149.8936,61.2239],[-149.7336,61.2278],[-149.7314,61.2103],[-149.7319,61.1856],[-149.7353,61.1831],[-149.7461,61.1814],[-149.8583,61.1814],[-149.93,61.1953],[-149.9331,61.2058],[-149.9867,61.2372],[-149.9697,61.2447],[-149.9569,61.2533],[-149.9369,61.2589],[-149.9275,61.26]]]}},{"type":"Feature","properties":{"name":"BEAVER FALLS CLASS D","class":"D","lower":"0","lower_code":"SFC","upper":"3800"},"geometry":{"type":"Polygon","coordinates":[[[-80.3914,40.8375],[-80.3748,40.8363],[-80.3587,40.8326],[-80.3439,40.8266],[-80.331,40.8185],[-80.3204,40.8087],[-80.3124,40.7975],[-80.3076,40.7853],[-80.3059,40.7725],[-80.3075,40.7598],[-80.3124,40.7476],[-80.3203,40.7364],[-80.331,40.7265],[-80.3439,40.7184],[-80.3587,40.7124],[-80.3748,40.7087],[-80.3915,40.7074],[-80.4081,40.7087],[-80.4243,40.7124],[-80.439,40.7184],[-80.452,40.7265],[-80.4627,40.7365],[-80.4705,40.7477],[-80.4754,40.7599],[-80.477,40.7725],[-80.4753,40.7852],[-80.4705,40.7974],[-80.4626,40.8086],[-80.452,40.8185],[-80.439,40.8265],[-80.4243,40.8325],[-80.4082,40.8363],[-80.3914,40.8375]]]}},{"type":"Feature","properties":{"name":"BELLEVILLE CLASS D","class":"D","lower":"0","lower_code":"SFC","upper":"3000"},"geometry":{"type":"Polygon","coordinates":[[[-89.8352,38.6269],[-89.8149,38.6254],[-89.7954,38.6207],[-89.7774,38.6132],[-89.7615,38.603],[-89.7486,38.5906],[-89.739,38.5765],[-89.7331,38.5612],[-89.7311,38.5452],[-89.7331,38.5293],[-89.739,38.5139],[-89.7486,38.4998],[-89.7616,38.4874],[-89.7774,38.4772],[-89.7954,38.4696],[-89.815,38.465],[-89.8352,38.4634],[-89.8556,38.465],[-89.875,38.4697],[-89.8931,38.4772],[-89.9088,38.4874],[-89.9218,38.4998],[-89.9314,38.5139],[-89.9373,38.5293],[-89.9393,38.5453],[-89.9373,38.5613],[-89.9313,38.5766],[-89.9217,38.5907],[-89.9088,38.603],[-89.893,38.6132],[-89.875,38.6207],[-89.8555,38.6254],[-89.8352,38.6269]]]}},{"type":"Feature","properties":{"name":"BELLINGHAM CLASS D","class":"D","lower":"0","lower_code":"SFC","upper":"2700"},"geometry":{"type":"Polygon","coordinates":[[[-122.5375,48.861],[-122.513,48.859],[-122.49,48.8533],[-122.4696,48.8442],[-122.4531,48.8321],[-122.4414,48.8178],[-122.4351,48.802],[-122.4347,48.7858],[-122.4402,48.7699],[-122.4511,48.7553],[-122.467,48.7428],[-122.4868,48.7332],[-122.5096,48.7269],[-122.534,48.7245],[-122.5586,48.7258],[-122.5819,48.731],[-122.6027,48.7397],[-122.6239,48.7553],[-122.6316,48.7645],[-122.637,48.7743],[-122.6401,48.7846],[-122.6408,48.7951],[-122.639,48.8055],[-122.6349,48.8156],[-122.6284,48.8252],[-122.6199,48.834],[-122.5972,48.8485],[-122.5688,48.8578],[-122.5375,48.861]]]}},{"type":"Feature","properties":{"name":"FARMINGTON CLASS D","class":"D","lower":"0","lower_code":"SFC","upper":"8000"},"geometry":{"type":"Polygon","coordinates":[[[-108.1427,36.7763],[-108.1167,36.7777],[-108.1115,36.7177],[-108.1376,36.7163],[-108.1468,36.7003],[-108.1602,36.6864],[-108.1772,36.6753],[-108.1969,36.6675],[-108.2169,36.6635],[-108.2374,36.663],[-108.2575,36.666],[-108.2765,36.6723],[-108.2934,36.6817],[-108.3075,36.6937],[-108.3181,36.7079],[-108.3248,36.7235],[-108.3273,36.7376],[-108.3265,36.7518],[-108.3226,36.7657],[-108.3156,36.7787],[-108.3057,36.7906],[-108.2935,36.8008],[-108.279,36.809],[-108.263,36.815],[-108.2459,36.8186],[-108.2283,36.8197],[-108.2108,36.8182],[-108.1938,36.8141],[-108.178,36.8077],[-108.164,36.799],[-108.1521,36.7884],[-108.1427,36.7763]]]}},{"type":"Feature","properties":{"name":"ERIE CLASS D","class":"D","lower":"0","lower_code":"SFC","upper":"3200"},"geometry":{"type":"Polygon","coordinates":[[[-80.1739,42.1548],[-80.1552,42.1534],[-80.1371,42.1493],[-80.1205,42.1427],[-80.1059,42.1338],[-80.094,42.123],[-80.0851,42.1106],[-80.0796,42.0972],[-80.0777,42.0831],[-80.0795,42.0691],[-80.085,42.0557],[-80.0939,42.0433],[-80.1059,42.0324],[-80.1205,42.0235],[-80.1372,42.0168],[-80.1553,42.0128],[-80.174,42.0114],[-80.1927,42.0128],[-80.2109,42.0169],[-80.2275,42.0235],[-80.242,42.0324],[-80.2541,42.0434],[-80.2629,42.0558],[-80.2684,42.0692],[-80.2702,42.0832],[-80.2683,42.0971],[-80.2629,42.1105],[-80.254,42.1229],[-80.242,42.1338],[-80.2275,42.1427],[-80.2109,42.1493],[-80.1928,42.1534],[-80.1739,42.1548]]]}},{"type":"Feature","properties":{"name":"EVERETT CLASS D","class":"D","lower":"0","lower_code":"SFC","upper":"3100"},"geometry":{"type":"Polygon","coordinates":[[[-122.2817,47.9819],[-122.2559,47.9799],[-122.2314,47.9739],[-122.2098,47.9642],[-122.192,47.9515],[-122.1791,47.9363],[-122.1718,47.9196],[-122.1704,47.9022],[-122.1751,47.8849],[-122.1856,47.8689],[-122.2013,47.855],[-122.2214,47.8439],[-122.2448,47.8362],[-122.2702,47.8324],[-122.2961,47.8326],[-122.3213,47.8369],[-122.3444,47.845],[-122.3582,47.8525],[-122.37,47.8613],[-122.3797,47.8713],[-122.3868,47.8822],[-122.3914,47.8937],[-122.3931,47.9055],[-122.3921,47.9174],[-122.3882,47.929],[-122.3817,47.9401],[-122.3726,47.9503],[-122.3613,47.9594],[-122.3479,47.9673],[-122.3328,47.9735],[-122.3165,47.9782],[-122.2817,47.9819]]]}},{"type":"Feature","properties":{"name":"FAIRBANKS, EIELSON AFB CLASS D","class":"D","lower":"0","lower_code":"SFC","upper":"3000"},"geometry":{"type":"Polygon","coordinates":[[[-147.1014,64.7436],[-147.0608,64.7417],[-147.0222,64.7359],[-146.9877,64.7266],[-146.9587,64.7142],[-146.9371,64.6994],[-146.9236,64.6829],[-146.9203,64.6742],[-146.9192,64.6655],[-146.9203,64.6568],[-146.9238,64.6481],[-146.9332,64.6356],[-146.9472,64.624],[-146.9656,64.6135],[-146.988,64.6045],[-147.0133,64.5972],[-147.0414,64.5918],[-147.0709,64.5886],[-147.1015,64.5875],[-147.132,64.5886],[-147.1616,64.5919],[-147.1896,64.5973],[-147.2149,64.6045],[-147.2372,64.6136],[-147.2556,64.624],[-147.2697,64.6357],[-147.279,64.6482],[-147.2825,64.6568],[-147.2836,64.6656],[-147.2825,64.6743],[-147.2791,64.6829],[-147.2656,64.6995],[-147.244,64.7143],[-147.2151,64.7266],[-147.1806,64.7359],[-147.142,64.7417],[-147.1014,64.7436]]]}},{"type":"Feature","properties":{"name":"FAIRFIELD CLASS D","class":"D","lower":"0","lower_code":"SFC","upper":"2600"},"geometry":{"type":"Polygon","coordinates":[[[-121.9275,38.3345],[-121.9098,38.3331],[-121.8926,38.329],[-121.8769,38.3224],[-121.8631,38.3135],[-121.8518,38.3027],[-121.8434,38.2903],[-121.8383,38.2768],[-121.8365,38.2628],[-121.8383,38.2488],[-121.8434,38.2353],[-121.8518,38.2229],[-121.8632,38.212],[-121.8769,38.2031],[-121.8927,38.1965],[-121.9098,38.1924],[-121.9275,38.191],[-121.9452,38.1924],[-121.9623,38.1965],[-121.9781,38.2032],[-121.9919,38.2121],[-122.0032,38.223],[-122.0116,38.2354],[-122.0168,38.2489],[-122.0185,38.2629],[-122.0167,38.2769],[-122.0115,38.2903],[-122.0031,38.3027],[-121.9918,38.3136],[-121.978,38.3225],[-121.9623,38.3291],[-121.9453,38.3331],[-121.9275,38.3345]]]}},{"type":"Feature","properties":{"name":"FALLON CLASS D","class":"D","lower":"0","lower_code":"SFC","upper":"6400"},"geometry":{"type":"Polygon","coordinates":[[[-118.7682,39.492],[-118.7638,39.4872],[-118.7575,39.4839],[-118.7501,39.4825],[-118.7425,39.4832],[-118.7345,39.4867],[-118.7291,39.4925],[-118.7273,39.4995],[-118.7294,39.5064],[-118.7117,39.509],[-118.6939,39.5095],[-118.6742,39.5076],[-118.6553,39.5032],[-118.6376,39.4965],[-118.6216,39.4875],[-118.6077,39.4766],[-118.5964,39.4641],[-118.5879,39.4503],[-118.5825,39.4354],[-118.5803,39.4202],[-118.5815,39.405],[-118.5859,39.39],[-118.5935,39.3758],[-118.6082,39.3587],[-118.6276,39.3445],[-118.6505,39.334],[-118.6759,39.3278],[-118.7024,39.3261],[-118.7288,39.3291],[-118.7536,39.3366],[-118.7756,39.3482],[-118.7937,39.3633],[-118.807,39.3812],[-118.8148,39.401],[-118.8168,39.4215],[-118.8127,39.4419],[-118.8029,39.4611],[-118.7879,39.4781],[-118.7682,39.492]]]}},{"type":"Feature","properties":{"name":"OGDEN-HINCKLEY AIRPORT CLASS D","class":"D","lower":"0","lower_code":"SFC","upper":"7800"},"geometry":{"type":"Polygon","coordinates":[[[-112.0153,41.1725],[-112.0741,41.1306],[-112.0859,41.1499],[-112.0997,41.1673],[-112.1051,41.1805],[-112.1071,41.1942],[-112.1051,41.2097],[-112.0988,41.2245],[-112.0884,41.2379],[-112.0744,41.2493],[-112.0565,41.2585],[-112.0364,41.2644],[-112.015,41.2667],[-111.9934,41.2654],[-111.9728,41.2603],[-111.9543,41.2519],[-111.9388,41.2406],[-111.9271,41.2269],[-111.921,41.215],[-111.9178,41.2025],[-111.9075,41.1825],[-111.9886,41.1822],[-112.0153,41.1725]]]}},{"type":"Feature","properties":{"name":"DECATUR CLASS D","class":"D","lower":"0","lower_code":"SFC","upper":"3200"},"geometry":{"type":"Polygon","coordinates":[[[-88.8664,39.9081],[-88.8478,39.9067],[-88.8299,39.9025],[-88.8135,39.8957],[-88.7991,39.8866],[-88.7872,39.8755],[-88.7784,39.8628],[-88.773,39.8491],[-88.7712,39.8347],[-88.773,39.8204],[-88.7785,39.8066],[-88.7872,39.794],[-88.7991,39.7828],[-88.8135,39.7737],[-88.83,39.7669],[-88.8479,39.7627],[-88.8664,39.7613],[-88.8849,39.7627],[-88.9028,39.7669],[-88.9193,39.7737],[-88.9337,39.7829],[-88.9456,39.794],[-88.9544,39.8067],[-88.9598,39.8205],[-88.9616,39.8348],[-88.9597,39.8492],[-88.9543,39.8629],[-88.9455,39.8756],[-88.9337,39.8867],[-88.9193,39.8958],[-88.9028,39.9025],[-88.885,39.9067],[-88.8664,39.9081]]]}},{"type":"Feature","properties":{"name":"IDAHO FALLS CLASS D","class":"D","lower":"5300","lower_code":"MSL","upper":"7200"},"geometry":{"type":"Polygon","coordinates":[[[-111.9591,43.4751],[-111.9708,43.4607],[-111.986,43.4482],[-112.0213,43.4669],[-111.9944,43.4938],[-111.9591,43.4751]]]}},{"type":"Feature","properties":{"name":"AURORA CLASS D","class":"D","lower":"0","lower_code":"SFC","upper":"2700"},"geometry":{"type":"Polygon","coordinates":[[[-122.712,45.1946],[-122.7428,45.2139],[-122.7625,45.1975],[-122.7602,45.1808],[-122.7774,45.1807],[-122.7944,45.1827],[-122.8107,45.187],[-122.8255,45.1932],[-122.8373,45.2004],[-122.8473,45.2089],[-122.8539,45.2603],[-122.8627,45.2598],[-122.8588,45.2699],[-122.8496,45.283],[-122.8367,45.2943],[-122.8206,45.3034],[-122.802,45.3099],[-122.7976,45.3351],[-122.7132,45.3278],[-122.7176,45.3025],[-122.7002,45.292],[-122.687,45.2787],[-122.6786,45.2636],[-122.6757,45.2475],[-122.678,45.2325],[-122.6851,45.2181],[-122.6967,45.2052],[-122.712,45.1946]]]}},{"type":"Feature","properties":{"name":"AURORA CLASS D","class":"D","lower":"1500","lower_code":"MSL","upper":"2700"},"geometry":{"type":"Polygon","coordinates":[[[-122.712,45.1946],[-122.7348,45.1853],[-122.7602,45.1808],[-122.7625,45.1975],[-122.7428,45.2139],[-122.712,45.1946]]]}},{"type":"Feature","properties":{"name":"INDIAN SPRINGS CLASS D","class":"D","lower":"0","lower_code":"SFC","upper":"5700"},"geometry":{"type":"Polygon","coordinates":[[[-115.5796,36.559],[-115.5869,36.5458],[-115.5969,36.5339],[-115.6094,36.5235],[-115.6238,36.515],[-115.6398,36.5086],[-115.657,36.5045],[-115.6747,36.5029],[-115.6927,36.5038],[-115.7101,36.5072],[-115.7265,36.5129],[-115.7415,36.5209],[-115.7545,36.5308],[-115.7652,36.5423],[-115.7733,36.5552],[-115.7786,36.569],[-115.7808,36.5833],[-115.6175,36.5833],[-115.5796,36.559]]]}},{"type":"Feature","properties":{"name":"SARASOTA-BRADENTON AIRPORT CLASS C","class":"C","lower":"0","lower_code":"SFC","upper":"4000"},"geometry":{"type":"Polygon","coordinates":[[[-82.5529,27.3117],[-82.5729,27.3135],[-82.5903,27.3183],[-82.6062,27.326],[-82.6202,27.3363],[-82.6317,27.3489],[-82.6403,27.3632],[-82.6456,27.3787],[-82.6475,27.3948],[-82.6459,27.4109],[-82.6407,27.4265],[-82.6324,27.4409],[-82.621,27.4535],[-82.6071,27.464],[-82.5913,27.4719],[-82.574,27.4769],[-82.5559,27.4788],[-82.5378,27.4776],[-82.5203,27.4733],[-82.504,27.466],[-82.4896,27.4561],[-82.4777,27.4439],[-82.4686,27.4298],[-82.4628,27.4145],[-82.4603,27.3966],[-82.4618,27.3804],[-82.4667,27.3648],[-82.4749,27.3504],[-82.4861,27.3376],[-82.4999,27.327],[-82.5156,27.319],[-82.5348,27.3135],[-82.5529,27.3117]]]}},{"type":"Feature","properties":{"name":"BETHEL CLASS D","class":"D","lower":"0","lower_code":"SFC","upper":"2600"},"geometry":{"type":"Polygon","coordinates":[[[-161.7208,60.8161],[-161.7306,60.8151],[-161.7386,60.8122],[-161.7435,60.8079],[-161.7443,60.803],[-161.7389,60.797],[-161.7277,60.7934],[-161.7142,60.7933],[-161.7028,60.7968],[-161.6988,60.7868],[-161.6979,60.7766],[-161.7,60.7665],[-161.7052,60.7567],[-161.7188,60.7426],[-161.7385,60.7305],[-161.7632,60.7208],[-161.7918,60.7141],[-161.8226,60.7108],[-161.8543,60.7109],[-161.885,60.7146],[-161.9133,60.7215],[-161.9377,60.7314],[-161.9569,60.7437],[-161.9699,60.7579],[-161.9761,60.773],[-161.9761,60.7842],[-161.9723,60.7953],[-161.9648,60.8059],[-161.9539,60.8158],[-161.9398,60.8247],[-161.9229,60.8323],[-161.9036,60.8385],[-161.8827,60.843],[-161.8375,60.8467],[-161.7923,60.8431],[-161.7712,60.8386],[-161.752,60.8325],[-161.735,60.825],[-161.7208,60.8161]]]}},{"type":"Feature","properties":{"name":"BETHEL CLASS D","class":"D","lower":"1100","lower_code":"MSL","upper":"2600"},"geometry":{"type":"Polygon","coordinates":[[[-161.7028,60.7968],[-161.7156,60.7931],[-161.7303,60.7938],[-161.7413,60.7986],[-161.744,60.802],[-161.7444,60.8057],[-161.7419,60.8098],[-161.7367,60.8131],[-161.7208,60.8161],[-161.7103,60.8068],[-161.7028,60.7968]]]}},{"type":"Feature","properties":{"name":"BEVERLY CLASS D","class":"D","lower":"0","lower_code":"SFC","upper":"2600"},"geometry":{"type":"Polygon","coordinates":[[[-70.9152,42.5158],[-70.9345,42.5171],[-70.9508,42.5207],[-70.9659,42.5264],[-70.9793,42.5341],[-70.9921,42.5449],[-71.0005,42.5558],[-71.0061,42.5677],[-71.0087,42.5801],[-71.0078,42.5944],[-71.0038,42.6066],[-70.9967,42.6181],[-70.987,42.6283],[-70.9749,42.6372],[-70.9607,42.6442],[-70.9451,42.6491],[-70.9285,42.6519],[-70.9115,42.6524],[-70.8923,42.6502],[-70.8742,42.645],[-70.8579,42.6372],[-70.8458,42.6283],[-70.8349,42.6165],[-70.8275,42.6032],[-70.8241,42.5891],[-70.8245,42.5765],[-70.8287,42.5625],[-70.8367,42.5494],[-70.8483,42.5379],[-70.8609,42.5295],[-70.8775,42.5221],[-70.8959,42.5175],[-70.9152,42.5158]]]}},{"type":"Feature","properties":{"name":"BILOXI CLASS D","class":"D","lower":"0","lower_code":"SFC","upper":"2500"},"geometry":{"type":"Polygon","coordinates":[[[-89.0,30.3853],[-89.0,30.4356],[-88.9972,30.4412],[-88.9884,30.4534],[-88.977,30.4638],[-88.9634,30.472],[-88.9481,30.4775],[-88.9318,30.4803],[-88.9152,30.4801],[-88.899,30.477],[-88.8839,30.4712],[-88.8705,30.4627],[-88.8593,30.4521],[-88.8509,30.4398],[-88.8455,30.4261],[-88.8435,30.4131],[-88.8444,30.4],[-88.848,30.3873],[-88.8544,30.3753],[-88.8631,30.3646],[-88.8741,30.3555],[-88.8868,30.3483],[-88.9009,30.3433],[-88.9157,30.3407],[-88.9309,30.3405],[-88.9458,30.3428],[-88.9599,30.3474],[-88.9729,30.3542],[-88.9841,30.363],[-88.9933,30.3735],[-89.0,30.3853]]]}},{"type":"Feature","properties":{"name":"FORT WORTH CLASS D","class":"D","lower":"0","lower_code":"SFC","upper":"3000"},"geometry":{"type":"Polygon","coordinates":[[[-97.2774,32.4876],[-97.3165,32.4835],[-97.3184,32.4972],[-97.3346,32.5003],[-97.3497,32.5062],[-97.363,32.5146],[-97.3741,32.5251],[-97.3815,32.5357],[-97.3865,32.5472],[-97.389,32.5593],[-97.3889,32.5715],[-97.3858,32.585],[-97.3796,32.5977],[-97.3705,32.6091],[-97.3589,32.6186],[-97.3453,32.6261],[-97.3302,32.6311],[-97.3142,32.6334],[-97.298,32.633],[-97.283,32.6301],[-97.2688,32.6248],[-97.2561,32.6173],[-97.2453,32.6079],[-97.2368,32.597],[-97.231,32.5848],[-97.228,32.5719],[-97.2279,32.5588],[-97.2331,32.5404],[-97.244,32.5238],[-97.2598,32.5104],[-97.2793,32.5013],[-97.2774,32.4876]]]}},{"type":"Feature","properties":{"name":"LOS ALAMITOS AAF CLASS D","class":"D","lower":"0","lower_code":"SFC","upper":"2500"},"geometry":{"type":"Polygon","coordinates":[[[-118.0509,33.7182],[-118.0722,33.7202],[-118.0922,33.7266],[-118.1098,33.7369],[-118.1233,33.75],[-118.1095,33.7552],[-118.0954,33.7635],[-118.0836,33.7739],[-118.0755,33.7845],[-118.0675,33.803],[-118.0657,33.8209],[-118.07,33.8403],[-118.0802,33.8578],[-118.0541,33.8618],[-118.0391,33.861],[-118.0224,33.8574],[-118.0069,33.8512],[-117.9932,33.8425],[-117.9819,33.8317],[-117.9734,33.8192],[-117.968,33.8056],[-117.966,33.7913],[-117.967,33.7788],[-117.9714,33.7649],[-117.979,33.752],[-117.9895,33.7407],[-118.0025,33.7313],[-118.0175,33.7242],[-118.0338,33.7198],[-118.0509,33.7182]]]}},{"type":"Feature","properties":{"name":"ROGERS CLASS D","class":"D","lower":"0","lower_code":"SFC","upper":"3900"},"geometry":{"type":"Polygon","coordinates":[[[-94.1334,36.2738],[-94.1808,36.4024],[-94.1722,36.4134],[-94.1611,36.4228],[-94.148,36.4303],[-94.1334,36.4357],[-94.1177,36.4386],[-94.1016,36.439],[-94.0857,36.4369],[-94.0707,36.4324],[-94.0581,36.4262],[-94.0471,36.4184],[-94.038,36.4091],[-94.031,36.3986],[-94.0265,36.3873],[-94.0245,36.3756],[-94.0251,36.3637],[-94.0284,36.3521],[-94.0347,36.3402],[-94.0438,36.3295],[-94.0553,36.3204],[-94.0686,36.3133],[-94.0734,36.2695],[-94.1334,36.2738]]]}},{"type":"Feature","properties":{"name":"SPRINGDALE CLASS D","class":"D","lower":"0","lower_code":"SFC","upper":"3900"},"geometry":{"type":"Polygon","coordinates":[[[-94.1192,36.108],[-94.137,36.1095],[-94.1541,36.1141],[-94.1694,36.1214],[-94.1826,36.1312],[-94.193,36.1431],[-94.2,36.1565],[-94.2034,36.1708],[-94.2029,36.1853],[-94.197,36.2031],[-94.1854,36.219],[-94.1689,36.2317],[-94.1488,36.2405],[-94.1493,36.2524],[-94.0958,36.2539],[-94.0953,36.242],[-94.0803,36.2371],[-94.0667,36.23],[-94.0551,36.2209],[-94.0458,36.2101],[-94.0401,36.2001],[-94.0364,36.1895],[-94.0349,36.1786],[-94.0355,36.1676],[-94.0388,36.1556],[-94.0447,36.1443],[-94.053,36.134],[-94.0635,36.125],[-94.0758,36.1177],[-94.0894,36.1124],[-94.104,36.1091],[-94.1192,36.108]]]}},{"type":"Feature","properties":{"name":"LOS ANGELES CLASS D","class":"D","lower":"0","lower_code":"SFC","upper":"2700"},"geometry":{"type":"Polygon","coordinates":[[[-118.3694,33.9617],[-118.4564,33.9617],[-118.44,33.9717],[-118.4282,33.9751],[-118.4176,33.9806],[-118.4075,33.9893],[-118.4006,34.0],[-118.3828,34.0],[-118.3694,33.9617]]]}},{"type":"Feature","properties":{"name":"LOS ANGELES CLASS D","class":"D","lower":"0","lower_code":"SFC","upper":"2500"},"geometry":{"type":"Polygon","coordinates":[[[-118.3683,33.9306],[-118.4047,33.9044],[-118.4394,33.8798],[-118.4347,33.9308],[-118.3683,33.9306]]]}},{"type":"Feature","properties":{"name":"KLAMATH FALLS CLASS D","class":"D","lower":"0","lower_code":"SFC","upper":"6600"},"geometry":{"type":"Polygon","coordinates":[[[-121.7332,42.2462],[-121.7096,42.2444],[-121.6869,42.2393],[-121.666,42.231],[-121.6476,42.2198],[-121.6326,42.2062],[-121.6214,42.1906],[-121.6145,42.1738],[-121.6122,42.1561],[-121.6145,42.1386],[-121.6214,42.1217],[-121.6326,42.1061],[-121.6477,42.0925],[-121.666,42.0813],[-121.687,42.0729],[-121.7096,42.0678],[-121.7332,42.0661],[-121.7569,42.0678],[-121.7795,42.073],[-121.8005,42.0813],[-121.8188,42.0925],[-121.8338,42.1062],[-121.845,42.1217],[-121.8519,42.1387],[-121.8542,42.1562],[-121.8519,42.1738],[-121.845,42.1907],[-121.8338,42.2062],[-121.8187,42.2198],[-121.8004,42.231],[-121.7795,42.2393],[-121.7568,42.2444],[-121.7332,42.2462]]]}},{"type":"Feature","properties":{"name":"KNOB NOSTER CLASS D","class":"D","lower":"0","lower_code":"SFC","upper":"3400"},"geometry":{"type":"Polygon","coordinates":[[[-93.5481,38.8387],[-93.5211,38.8366],[-93.4951,38.8305],[-93.4712,38.8205],[-93.4502,38.807],[-93.433,38.7906],[-93.4202,38.7719],[-93.4123,38.7516],[-93.4096,38.7304],[-93.4123,38.7093],[-93.4201,38.6889],[-93.4329,38.6701],[-93.4502,38.6536],[-93.4711,38.6402],[-93.495,38.6301],[-93.5211,38.6239],[-93.5481,38.6218],[-93.575,38.6239],[-93.6011,38.6301],[-93.625,38.6402],[-93.6459,38.6536],[-93.6632,38.6701],[-93.676,38.6888],[-93.6838,38.7093],[-93.6865,38.7304],[-93.6838,38.7516],[-93.6759,38.7719],[-93.6631,38.7906],[-93.6459,38.807],[-93.625,38.8205],[-93.601,38.8305],[-93.5751,38.8366],[-93.5481,38.8387]]]}},{"type":"Feature","properties":{"name":"KODIAK CLASS D","class":"D","lower":"0","lower_code":"SFC","upper":"2600"},"geometry":{"type":"Polygon","coordinates":[[[-152.4093,57.7945],[-152.4165,57.7907],[-152.4211,57.7858],[-152.4225,57.7805],[-152.4206,57.7751],[-152.4002,57.7791],[-152.3921,57.7759],[-152.3832,57.7784],[-152.3637,57.7723],[-152.3601,57.7651],[-152.3036,57.7645],[-152.3049,57.7313],[-152.3613,57.7319],[-152.3674,57.722],[-152.3759,57.7128],[-152.3999,57.6967],[-152.4313,57.6848],[-152.4677,57.678],[-152.5027,57.6768],[-152.5372,57.6804],[-152.5689,57.6886],[-152.5955,57.7008],[-152.5651,57.7795],[-152.4654,57.8214],[-152.4382,57.8166],[-152.4093,57.7945]]]}},{"type":"Feature","properties":{"name":"LA CROSSE CLASS D","class":"D","lower":"0","lower_code":"SFC","upper":"3200"},"geometry":{"type":"Polygon","coordinates":[[[-91.1539,43.953],[-91.1799,43.9272],[-91.166,43.9122],[-91.1576,43.8951],[-91.1553,43.8771],[-91.1591,43.8592],[-91.1306,43.8477],[-91.153,43.8186],[-91.1815,43.83],[-91.2057,43.8158],[-91.2347,43.8077],[-91.2658,43.8062],[-91.296,43.8117],[-91.3138,43.7939],[-91.351,43.8135],[-91.3333,43.8313],[-91.3475,43.8468],[-91.3559,43.8644],[-91.3579,43.883],[-91.3533,43.9014],[-91.3428,43.9179],[-91.327,43.9321],[-91.3068,43.943],[-91.2836,43.95],[-91.284,43.9673],[-91.2357,43.9679],[-91.2353,43.951],[-91.2172,43.9468],[-91.1912,43.9726],[-91.1539,43.953]]]}},{"type":"Feature","properties":{"name":"LA VERNE CLASS D","class":"D","lower":"0","lower_code":"SFC","upper":"2700"},"geometry":{"type":"Polygon","coordinates":[[[-117.7488,34.0293],[-117.8209,34.0272],[-117.8218,34.0478],[-117.831,34.0549],[-117.8385,34.0634],[-117.8439,34.0729],[-117.8471,34.0831],[-117.8479,34.0933],[-117.8464,34.1034],[-117.8427,34.1131],[-117.8369,34.1221],[-117.8276,34.1314],[-117.8162,34.1387],[-117.8031,34.1438],[-117.789,34.1464],[-117.7746,34.1464],[-117.7604,34.1439],[-117.7473,34.1388],[-117.7359,34.1315],[-117.7262,34.1218],[-117.7195,34.1106],[-117.7159,34.0985],[-117.7158,34.0859],[-117.7193,34.0731],[-117.7264,34.0614],[-117.7366,34.0513],[-117.7494,34.0436],[-117.7488,34.0293]]]}},{"type":"Feature","properties":{"name":"LAFAYETTE CLASS D","class":"D","lower":"0","lower_code":"SFC","upper":"3100"},"geometry":{"type":"Polygon","coordinates":[[[-86.9369,40.4823],[-86.9191,40.4809],[-86.9019,40.477],[-86.8861,40.4705],[-86.8721,40.4618],[-86.8607,40.4512],[-86.8523,40.4391],[-86.8471,40.426],[-86.8453,40.4122],[-86.8471,40.3986],[-86.8523,40.3854],[-86.8607,40.3733],[-86.8722,40.3627],[-86.8861,40.3539],[-86.9019,40.3475],[-86.9192,40.3435],[-86.937,40.3422],[-86.9549,40.3435],[-86.972,40.3475],[-86.9879,40.354],[-87.0018,40.3627],[-87.0132,40.3734],[-87.0216,40.3855],[-87.0268,40.3987],[-87.0286,40.4123],[-87.0268,40.426],[-87.0216,40.4391],[-87.0131,40.4512],[-87.0017,40.4618],[-86.9878,40.4705],[-86.972,40.4769],[-86.9548,40.4809],[-86.9369,40.4823]]]}},{"type":"Feature","properties":{"name":"FREDERICK CLASS D","class":"D","lower":"0","lower_code":"SFC","upper":"2800"},"geometry":{"type":"Polygon","coordinates":[[[-77.3743,39.501],[-77.3533,39.4994],[-77.3332,39.4947],[-77.3146,39.487],[-77.2982,39.4766],[-77.2849,39.4639],[-77.275,39.4495],[-77.2688,39.4339],[-77.2668,39.4176],[-77.2688,39.4014],[-77.275,39.3857],[-77.2849,39.3713],[-77.2983,39.3586],[-77.3147,39.3482],[-77.3332,39.3405],[-77.3534,39.3358],[-77.3743,39.3342],[-77.3954,39.3358],[-77.4155,39.3405],[-77.4341,39.3483],[-77.4504,39.3586],[-77.4638,39.3713],[-77.4737,39.3857],[-77.4798,39.4014],[-77.4818,39.4177],[-77.4797,39.434],[-77.4736,39.4496],[-77.4637,39.464],[-77.4503,39.4766],[-77.434,39.487],[-77.4155,39.4946],[-77.3953,39.4994],[-77.3743,39.501]]]}},{"type":"Feature","properties":{"name":"FULLERTON CLASS D","class":"D","lower":"0","lower_code":"SFC","upper":"2500"},"geometry":{"type":"Polygon","coordinates":[[[-117.9787,33.8277],[-117.9948,33.8437],[-118.0145,33.8546],[-118.0369,33.8607],[-118.0602,33.8615],[-118.0706,33.8991],[-117.8636,33.9389],[-117.8402,33.8543],[-117.9787,33.8277]]]}},{"type":"Feature","properties":{"name":"GALVESTON CLASS D","class":"D","lower":"0","lower_code":"SFC","upper":"2500"},"geometry":{"type":"Polygon","coordinates":[[[-94.8604,29.3338],[-94.8452,29.3325],[-94.8305,29.3286],[-94.817,29.3223],[-94.8052,29.3138],[-94.7955,29.3034],[-94.7883,29.2916],[-94.7838,29.2788],[-94.7823,29.2654],[-94.7838,29.252],[-94.7882,29.2391],[-94.7954,29.2273],[-94.8052,29.2169],[-94.8171,29.2083],[-94.8305,29.202],[-94.8452,29.1981],[-94.8604,29.1968],[-94.8757,29.1982],[-94.8903,29.2021],[-94.9039,29.2084],[-94.9157,29.2169],[-94.9254,29.2274],[-94.9326,29.2392],[-94.937,29.252],[-94.9385,29.2654],[-94.937,29.2788],[-94.9326,29.2916],[-94.9254,29.3034],[-94.9157,29.3138],[-94.9039,29.3223],[-94.8903,29.3286],[-94.8757,29.3325],[-94.8604,29.3338]]]}},{"type":"Feature","properties":{"name":"TULSA INTERNATIONAL AIRPORT CLASS C","class":"C","lower":"0","lower_code":"SFC","upper":"4700"},"geometry":{"type":"Polygon","coordinates":[[[-95.7918,36.1696],[-95.8054,36.1491],[-95.8128,36.1525],[-95.8192,36.1533],[-95.8313,36.1501],[-95.8358,36.1464],[-95.8393,36.14],[-95.8392,36.1331],[-95.8356,36.1268],[-95.8599,36.1182],[-95.8773,36.1154],[-95.895,36.1151],[-95.9146,36.1177],[-95.9313,36.1226],[-95.9485,36.1307],[-95.9619,36.1401],[-95.9743,36.1526],[-95.9827,36.1653],[-95.9888,36.1806],[-95.9911,36.1949],[-95.9903,36.2092],[-95.9865,36.2232],[-95.9777,36.2397],[-95.9647,36.2542],[-95.9482,36.2661],[-95.9289,36.2749],[-95.9078,36.2802],[-95.8857,36.2817],[-95.8659,36.2797],[-95.8449,36.2739],[-95.8278,36.2657],[-95.8114,36.2537],[-95.7986,36.2391],[-95.7899,36.2226],[-95.7858,36.205],[-95.7864,36.187],[-95.7918,36.1696]]]}},{"type":"Feature","properties":{"name":"TULSA INTERNATIONAL AIRPORT CLASS C","class":"C","lower":"2300","lower_code":"MSL","upper":"4700"},"geometry":{"type":"Polygon","coordinates":[[[-95.8861,36.0314],[-95.928,36.0346],[-95.9662,36.0439],[-96.0015,36.0589],[-96.0325,36.0793],[-96.0582,36.1041],[-96.0775,36.1324],[-96.0896,36.1633],[-96.0942,36.1955],[-96.0911,36.2277],[-96.0803,36.2589],[-96.0623,36.2878],[-96.0377,36.3134],[-96.0074,36.3346],[-95.9727,36.3506],[-95.9347,36.361],[-95.895,36.3651],[-95.8551,36.363],[-95.8164,36.3547],[-95.7804,36.3405],[-95.7469,36.3197],[-95.7206,36.2953],[-95.7007,36.2672],[-95.6878,36.2366],[-95.6842,36.2206],[-95.6825,36.2027],[-95.6854,36.1704],[-95.6959,36.1391],[-95.7136,36.1101],[-95.7394,36.0831],[-95.7697,36.062],[-95.8064,36.0452],[-95.8443,36.0353],[-95.8861,36.0314]]]}},{"type":"Feature","properties":{"name":"CAHOKIA CLASS D","class":"D","lower":"0","lower_code":"SFC","upper":"2900"},"geometry":{"type":"Polygon","coordinates":[[[-90.1561,38.6373],[-90.1395,38.636],[-90.1235,38.6322],[-90.1089,38.626],[-90.096,38.6177],[-90.0854,38.6077],[-90.0776,38.5961],[-90.0727,38.5836],[-90.0711,38.5706],[-90.0727,38.5576],[-90.0776,38.545],[-90.0854,38.5335],[-90.096,38.5234],[-90.1089,38.5151],[-90.1236,38.5089],[-90.1396,38.5051],[-90.1561,38.5038],[-90.1728,38.5051],[-90.1887,38.5089],[-90.2034,38.5151],[-90.2162,38.5234],[-90.2268,38.5336],[-90.2347,38.5451],[-90.2395,38.5576],[-90.2411,38.5706],[-90.2395,38.5837],[-90.2346,38.5962],[-90.2268,38.6077],[-90.2162,38.6178],[-90.2033,38.6261],[-90.1886,38.6322],[-90.1727,38.636],[-90.1561,38.6373]]]}},{"type":"Feature","properties":{"name":"CAMARILLO CLASS D","class":"D","lower":"0","lower_code":"SFC","upper":"2000"},"geometry":{"type":"Polygon","coordinates":[[[-119.0206,34.1763],[-119.0314,34.1646],[-119.0447,34.155],[-119.0671,34.1763],[-119.1575,34.1728],[-119.1597,34.2608],[-119.1481,34.27],[-119.1347,34.2772],[-119.1199,34.2823],[-119.1041,34.2851],[-119.0881,34.2854],[-119.0722,34.2831],[-119.0571,34.2785],[-119.0433,34.2717],[-119.0313,34.2629],[-119.0215,34.2523],[-119.0141,34.2405],[-119.0096,34.2277],[-119.0079,34.2144],[-119.0093,34.2011],[-119.0136,34.1883],[-119.0206,34.1763]]]}},{"type":"Feature","properties":{"name":"CAMP DOUGLAS CLASS D","class":"D","lower":"0","lower_code":"SFC","upper":"3400"},"geometry":{"type":"Polygon","coordinates":[[[-90.1205,43.9289],[-90.128,43.9058],[-90.141,43.9092],[-90.1507,43.8944],[-90.1642,43.8812],[-90.1808,43.87],[-90.2,43.8614],[-90.2188,43.8559],[-90.2386,43.8529],[-90.2588,43.8523],[-90.2788,43.8542],[-90.3074,43.8614],[-90.3324,43.8735],[-90.3524,43.8898],[-90.3663,43.9092],[-90.3793,43.9058],[-90.3865,43.9275],[-90.3866,43.9498],[-90.3805,43.9695],[-90.369,43.9879],[-90.3524,44.0041],[-90.3317,44.0174],[-90.3074,44.0274],[-90.2809,44.0335],[-90.2531,44.0356],[-90.2253,44.0334],[-90.1989,44.0271],[-90.1747,44.017],[-90.1541,44.0035],[-90.1377,43.9872],[-90.1264,43.9688],[-90.1206,43.9491],[-90.1205,43.9289]]]}},{"type":"Feature","properties":{"name":"AURORA CLASS D","class":"D","lower":"1500","lower_code":"MSL","upper":"2700"},"geometry":{"type":"Polygon","coordinates":[[[-122.8473,45.2089],[-122.8565,45.2205],[-122.8623,45.2332],[-122.8644,45.2465],[-122.8627,45.2598],[-122.8539,45.2603],[-122.8473,45.2089]]]}},{"type":"Feature","properties":{"name":"OGDEN HILL AFB CLASS D","class":"D","lower":"0","lower_code":"SFC","upper":"7800"},"geometry":{"type":"Polygon","coordinates":[[[-112.0741,41.1306],[-112.0153,41.1725],[-111.9886,41.1822],[-111.9075,41.1825],[-111.8919,41.17],[-111.8803,41.155],[-111.8735,41.1386],[-111.8717,41.1213],[-111.8744,41.1062],[-111.881,41.0918],[-111.8913,41.0786],[-111.9048,41.0672],[-111.921,41.0581],[-111.9393,41.0516],[-111.959,41.048],[-111.9792,41.0474],[-111.9991,41.0498],[-112.018,41.0552],[-112.0352,41.0633],[-112.0498,41.0738],[-112.0615,41.0864],[-112.0696,41.1004],[-112.0739,41.1154],[-112.0741,41.1306]]]}},{"type":"Feature","properties":{"name":"BALTIMORE CLASS D","class":"D","lower":"0","lower_code":"SFC","upper":"2500"},"geometry":{"type":"Polygon","coordinates":[[[-76.3209,39.3739],[-76.3664,39.3639],[-76.3664,39.3442],[-76.3506,39.3322],[-76.3042,39.3424],[-76.3023,39.3309],[-76.3024,39.3192],[-76.3086,39.2964],[-76.3202,39.2784],[-76.3369,39.2628],[-76.3576,39.2507],[-76.3815,39.2426],[-76.404,39.2393],[-76.427,39.2395],[-76.4494,39.2435],[-76.4703,39.2509],[-76.4882,39.261],[-76.5031,39.2737],[-76.5146,39.2883],[-76.5221,39.3045],[-76.5508,39.3199],[-76.4559,39.4469],[-76.4223,39.43],[-76.3909,39.4106],[-76.3695,39.4053],[-76.3499,39.3968],[-76.334,39.3864],[-76.3209,39.3739]]]}},{"type":"Feature","properties":{"name":"OLATHE, NEW CENTURY AIRCENTER CLASS D","class":"D","lower":"0","lower_code":"SFC","upper":"3600"},"geometry":{"type":"Polygon","coordinates":[[[-94.9417,38.7715],[-94.9417,38.825],[-94.9817,38.825],[-94.9812,38.8404],[-94.9765,38.8555],[-94.9678,38.8693],[-94.9556,38.8813],[-94.9399,38.8913],[-94.9221,38.8982],[-94.9025,38.902],[-94.8824,38.9024],[-94.8627,38.8993],[-94.8442,38.8929],[-94.828,38.8836],[-94.8149,38.8717],[-94.8202,38.8555],[-94.82,38.8386],[-94.8143,38.8225],[-94.8035,38.8079],[-94.8123,38.7932],[-94.8251,38.7805],[-94.8371,38.7725],[-94.8508,38.7662],[-94.8657,38.7618],[-94.8814,38.7595],[-94.8971,38.7594],[-94.9128,38.7614],[-94.9279,38.7655],[-94.9417,38.7715]]]}},{"type":"Feature","properties":{"name":"SANTA ROSA CLASS D","class":"D","lower":"0","lower_code":"SFC","upper":"2600"},"geometry":{"type":"Polygon","coordinates":[[[-122.8128,38.5815],[-122.795,38.5801],[-122.7778,38.576],[-122.762,38.5694],[-122.7482,38.5605],[-122.7369,38.5496],[-122.7284,38.5372],[-122.7232,38.5238],[-122.7215,38.5097],[-122.7232,38.4958],[-122.7284,38.4823],[-122.7369,38.4699],[-122.7482,38.459],[-122.7621,38.4501],[-122.7779,38.4434],[-122.795,38.4394],[-122.8128,38.438],[-122.8306,38.4394],[-122.8477,38.4435],[-122.8636,38.4501],[-122.8774,38.459],[-122.8887,38.4699],[-122.8971,38.4823],[-122.9023,38.4958],[-122.9041,38.5098],[-122.9023,38.5238],[-122.8971,38.5373],[-122.8887,38.5496],[-122.8773,38.5605],[-122.8635,38.5694],[-122.8477,38.576],[-122.8306,38.5801],[-122.8128,38.5815]]]}},{"type":"Feature","properties":{"name":"VAN NUYS CLASS D","class":"D","lower":"0","lower_code":"SFC","upper":"3000"},"geometry":{"type":"Polygon","coordinates":[[[-118.4464,34.2718],[-118.449,34.2649],[-118.4496,34.2577],[-118.4481,34.2506],[-118.4446,34.244],[-118.4513,34.2331],[-118.456,34.2214],[-118.4586,34.2093],[-118.459,34.1969],[-118.4573,34.1849],[-118.4534,34.173],[-118.4475,34.1618],[-118.4397,34.1514],[-118.4539,34.1446],[-118.4693,34.1401],[-118.4855,34.1381],[-118.5019,34.1387],[-118.5178,34.1418],[-118.5328,34.1474],[-118.5462,34.1553],[-118.5575,34.165],[-118.5658,34.1754],[-118.5718,34.1868],[-118.5754,34.1989],[-118.5764,34.2113],[-118.5748,34.2237],[-118.5706,34.2356],[-118.5641,34.2467],[-118.5553,34.2568],[-118.5446,34.2655],[-118.5322,34.2724],[-118.5186,34.2776],[-118.5041,34.2806],[-118.4892,34.2816],[-118.4743,34.2804],[-118.4599,34.2771],[-118.4464,34.2718]]]}},{"type":"Feature","properties":{"name":"NEW ORLEANS CLASS B","class":"B","lower":"0","lower_code":"SFC","upper":"1000"},"geometry":{"type":"Polygon","coordinates":[[[-90.3713,30.0578],[-90.3682,30.056],[-90.3619,30.0578],[-90.3441,30.054],[-90.2625,30.0001],[-90.1603,30.0216],[-90.1553,30.0205],[-90.154,30.0218],[-90.1518,30.0198],[-90.1284,30.0204],[-90.1264,30.0115],[-90.258,29.9838],[-90.3746,30.0532],[-90.3713,30.0578]]]}},{"type":"Feature","properties":{"name":"NEW ORLEANS CLASS B","class":"B","lower":"2000","lower_code":"MSL","upper":"7000"},"geometry":{"type":"Polygon","coordinates":[[[-90.3636,30.0669],[-90.2625,30.0001],[-90.1308,30.0278],[-90.1264,30.0115],[-90.258,29.9838],[-90.3746,30.0532],[-90.3636,30.0669]]]}},{"type":"Feature","properties":{"name":"ST PAUL CLASS D","class":"D","lower":"0","lower_code":"SFC","upper":"3200"},"geometry":{"type":"Polygon","coordinates":[[[-93.0656,44.8665],[-93.0656,44.8821],[-93.0687,44.8963],[-93.0755,44.9117],[-93.0844,44.9246],[-93.0974,44.9379],[-93.1113,44.9482],[-93.1272,44.9571],[-93.1466,44.9649],[-93.1351,44.9777],[-93.1208,44.9878],[-93.1039,44.9956],[-93.0851,45.0007],[-93.0651,45.003],[-93.045,45.0022],[-93.0255,44.9984],[-93.0075,44.9919],[-92.9852,44.9775],[-92.9767,44.9686],[-92.9694,44.9571],[-92.9656,44.9467],[-92.9641,44.936],[-92.965,44.9253],[-92.969,44.9131],[-92.975,44.9032],[-92.983,44.8941],[-92.9929,44.886],[-93.0066,44.8781],[-93.022,44.872],[-93.0361,44.8737],[-93.0452,44.8714],[-93.0521,44.8666],[-93.0656,44.8665]]]}},{"type":"Feature","properties":{"name":"PENDLETON CLASS D","class":"D","lower":"0","lower_code":"SFC","upper":"4000"},"geometry":{"type":"Polygon","coordinates":[[[-118.843,45.7631],[-118.8255,45.762],[-118.8086,45.7587],[-118.7928,45.7534],[-118.7787,45.7461],[-118.7666,45.7372],[-118.757,45.7269],[-118.7502,45.7156],[-118.7463,45.7036],[-118.7456,45.6913],[-118.7481,45.6791],[-118.7537,45.6675],[-118.7621,45.6567],[-118.7732,45.6471],[-118.7865,45.6391],[-118.8017,45.6329],[-118.8182,45.6287],[-118.8387,45.6265],[-118.8592,45.6274],[-118.8792,45.6313],[-118.8975,45.6381],[-118.9133,45.6475],[-118.9259,45.6589],[-118.9349,45.672],[-118.9397,45.686],[-118.9401,45.7006],[-118.9362,45.7148],[-118.9282,45.7281],[-118.9163,45.7399],[-118.901,45.7497],[-118.8832,45.757],[-118.8636,45.7615],[-118.843,45.7631]]]}},{"type":"Feature","properties":{"name":"PHOENIX, DEER VALLEY MUNICIPAL AIRPORT CLASS D","class":"D","lower":"0","lower_code":"SFC","upper":"4000"},"geometry":{"type":"Polygon","coordinates":[[[-112.0826,33.7618],[-112.0654,33.7604],[-112.049,33.7562],[-112.0338,33.7494],[-112.0204,33.7403],[-112.0095,33.7291],[-112.0014,33.7165],[-111.9964,33.7027],[-111.9947,33.6883],[-111.9964,33.674],[-112.0014,33.6602],[-112.0095,33.6475],[-112.0204,33.6364],[-112.0338,33.6272],[-112.049,33.6204],[-112.0654,33.6163],[-112.0826,33.6148],[-112.0997,33.6162],[-112.1162,33.6204],[-112.1314,33.6272],[-112.1447,33.6364],[-112.1557,33.6476],[-112.1638,33.6603],[-112.1688,33.674],[-112.1704,33.6883],[-112.1687,33.7027],[-112.1637,33.7165],[-112.1556,33.7291],[-112.1447,33.7403],[-112.1314,33.7494],[-112.1162,33.7562],[-112.0997,33.7604],[-112.0826,33.7618]]]}},{"type":"Feature","properties":{"name":"RENTON CLASS D","class":"D","lower":"0","lower_code":"SFC","upper":"2500"},"geometry":{"type":"Polygon","coordinates":[[[-122.1305,47.4332],[-122.1514,47.4222],[-122.2053,47.4267],[-122.2161,47.4625],[-122.2258,47.4692],[-122.2258,47.5],[-122.2589,47.5203],[-122.2342,47.5614],[-122.1992,47.5756],[-122.1711,47.5706],[-122.1498,47.5633],[-122.1311,47.5534],[-122.1156,47.5412],[-122.1027,47.5256],[-122.0962,47.512],[-122.0932,47.4978],[-122.0938,47.4835],[-122.098,47.4695],[-122.1057,47.4562],[-122.1167,47.4439],[-122.1305,47.4332]]]}},{"type":"Feature","properties":{"name":"TRAVERSE CITY CLASS D","class":"D","lower":"0","lower_code":"SFC","upper":"3100"},"geometry":{"type":"Polygon","coordinates":[[[-85.5583,44.6533],[-85.605,44.6533],[-85.605,44.6703],[-85.6272,44.6759],[-85.6471,44.6851],[-85.6635,44.6973],[-85.6756,44.7118],[-85.6823,44.7263],[-85.6846,44.7414],[-85.6825,44.7564],[-85.6761,44.7709],[-85.664,44.7857],[-85.6475,44.7981],[-85.6273,44.8074],[-85.6048,44.8131],[-85.5809,44.815],[-85.5572,44.8129],[-85.5347,44.8069],[-85.5148,44.7974],[-85.5032,44.7891],[-85.4937,44.7797],[-85.4863,44.7693],[-85.4814,44.7582],[-85.479,44.7467],[-85.4792,44.735],[-85.482,44.7235],[-85.4873,44.7125],[-85.4993,44.6977],[-85.5158,44.6854],[-85.5358,44.676],[-85.5583,44.6703],[-85.5583,44.6533]]]}},{"type":"Feature","properties":{"name":"TRENTON CLASS D","class":"D","lower":"0","lower_code":"SFC","upper":"2700"},"geometry":{"type":"Polygon","coordinates":[[[-74.7489,40.2296],[-74.7618,40.221],[-74.7768,40.2144],[-74.793,40.2101],[-74.8101,40.2083],[-74.8291,40.2093],[-74.8472,40.2133],[-74.8639,40.2202],[-74.8783,40.2295],[-74.8941,40.2251],[-74.9075,40.2533],[-74.9285,40.2863],[-74.8987,40.2975],[-74.8914,40.3102],[-74.8808,40.3217],[-74.8673,40.3313],[-74.8516,40.3386],[-74.8341,40.3432],[-74.8157,40.345],[-74.7973,40.3439],[-74.7795,40.3399],[-74.7607,40.3317],[-74.745,40.3204],[-74.7333,40.3066],[-74.7263,40.2909],[-74.7244,40.2745],[-74.7277,40.2582],[-74.736,40.2429],[-74.7489,40.2296]]]}},{"type":"Feature","properties":{"name":"NEW HAVEN CLASS D","class":"D","lower":"0","lower_code":"SFC","upper":"2500"},"geometry":{"type":"Polygon","coordinates":[[[-72.8867,41.347],[-72.8651,41.3454],[-72.8443,41.3406],[-72.8252,41.3329],[-72.8085,41.3226],[-72.7948,41.3099],[-72.7846,41.2956],[-72.7783,41.2799],[-72.7762,41.2636],[-72.7783,41.2474],[-72.7846,41.2317],[-72.7948,41.2173],[-72.8086,41.2046],[-72.8253,41.1943],[-72.8444,41.1866],[-72.8651,41.1818],[-72.8867,41.1802],[-72.9083,41.1818],[-72.929,41.1866],[-72.9481,41.1943],[-72.9648,41.2047],[-72.9786,41.2174],[-72.9888,41.2318],[-72.9951,41.2475],[-72.9972,41.2637],[-72.995,41.28],[-72.9887,41.2956],[-72.9785,41.31],[-72.9648,41.3226],[-72.948,41.333],[-72.929,41.3407],[-72.9082,41.3454],[-72.8867,41.347]]]}},{"type":"Feature","properties":{"name":"SAN CLEMENTE CLASS D","class":"D","lower":"0","lower_code":"SFC","upper":"2700"},"geometry":{"type":"Polygon","coordinates":[[[-118.587,32.9515],[-118.604,32.9528],[-118.6203,32.9569],[-118.6353,32.9636],[-118.6485,32.9727],[-118.6592,32.9838],[-118.6671,32.9966],[-118.6719,33.0103],[-118.6733,33.0229],[-118.6717,33.0371],[-118.6668,33.0509],[-118.6587,33.0635],[-118.6493,33.0733],[-118.6363,33.0826],[-118.6213,33.0895],[-118.605,33.0937],[-118.5902,33.0951],[-118.5753,33.0943],[-118.5588,33.0908],[-118.5434,33.0845],[-118.5299,33.0758],[-118.5186,33.065],[-118.5102,33.0525],[-118.5048,33.0389],[-118.5028,33.0247],[-118.5039,33.0121],[-118.5082,32.9982],[-118.5157,32.9854],[-118.5261,32.974],[-118.539,32.9646],[-118.5539,32.9576],[-118.5701,32.9531],[-118.587,32.9515]]]}},{"type":"Feature","properties":{"name":"MILWAUKEE, LAWRENCE J. TIMMERMAN AIRPORT CLASS D","class":"D","lower":"0","lower_code":"SFC","upper":"3200"},"geometry":{"type":"Polygon","coordinates":[[[-88.0344,43.1754],[-88.0171,43.1742],[-88.0005,43.1705],[-87.9852,43.1645],[-87.9716,43.1564],[-87.9606,43.1465],[-87.9524,43.1353],[-87.9474,43.1231],[-87.9457,43.1104],[-87.9474,43.0977],[-87.9524,43.0855],[-87.9606,43.0743],[-87.9717,43.0644],[-87.9851,43.0563],[-88.0005,43.0503],[-88.0171,43.0466],[-88.0345,43.0454],[-88.0518,43.0466],[-88.0684,43.0503],[-88.0838,43.0564],[-88.0972,43.0644],[-88.1082,43.0743],[-88.1164,43.0856],[-88.1215,43.0978],[-88.1232,43.1105],[-88.1214,43.1232],[-88.1164,43.1354],[-88.1082,43.1466],[-88.0971,43.1564],[-88.0837,43.1645],[-88.0684,43.1705],[-88.0517,43.1742],[-88.0344,43.1754]]]}},{"type":"Feature","properties":{"name":"MINNEAPOLIS, ANOKA CLASS D","class":"D","lower":"0","lower_code":"SFC","upper":"3400"},"geometry":{"type":"Polygon","coordinates":[[[-93.2114,45.21],[-93.1935,45.2087],[-93.1763,45.2051],[-93.1603,45.199],[-93.1464,45.191],[-93.135,45.1811],[-93.1265,45.1698],[-93.1213,45.1577],[-93.1196,45.1449],[-93.1213,45.1323],[-93.1266,45.1201],[-93.1351,45.1089],[-93.1466,45.099],[-93.1605,45.0909],[-93.1764,45.0849],[-93.1937,45.0812],[-93.2116,45.08],[-93.2296,45.0813],[-93.2467,45.085],[-93.2626,45.0911],[-93.2765,45.0992],[-93.2879,45.1091],[-93.2963,45.1203],[-93.3015,45.1325],[-93.3032,45.1451],[-93.3014,45.1578],[-93.2962,45.17],[-93.2877,45.1812],[-93.2763,45.191],[-93.2624,45.1991],[-93.2465,45.2051],[-93.2293,45.2087],[-93.2114,45.21]]]}},{"type":"Feature","properties":{"name":"READING CLASS D","class":"D","lower":"0","lower_code":"SFC","upper":"2800"},"geometry":{"type":"Polygon","coordinates":[[[-75.9652,40.4586],[-75.9448,40.457],[-75.9252,40.4525],[-75.9071,40.4451],[-75.8912,40.4351],[-75.8782,40.423],[-75.8685,40.4092],[-75.8626,40.3942],[-75.8606,40.3785],[-75.8626,40.3629],[-75.8686,40.3479],[-75.8782,40.334],[-75.8913,40.3219],[-75.9072,40.3119],[-75.9252,40.3045],[-75.9448,40.3],[-75.9653,40.2984],[-75.9858,40.3],[-76.0053,40.3046],[-76.0235,40.312],[-76.0393,40.3219],[-76.0523,40.3341],[-76.062,40.3479],[-76.0679,40.363],[-76.0699,40.3786],[-76.0679,40.3943],[-76.0619,40.4092],[-76.0523,40.423],[-76.0392,40.4352],[-76.0234,40.4451],[-76.0053,40.4525],[-75.9857,40.457],[-75.9652,40.4586]]]}},{"type":"Feature","properties":{"name":"REDDING CLASS D","class":"D","lower":"0","lower_code":"SFC","upper":"3000"},"geometry":{"type":"Polygon","coordinates":[[[-122.2934,40.5807],[-122.2751,40.5793],[-122.2575,40.5752],[-122.2412,40.5686],[-122.2269,40.5597],[-122.2153,40.5488],[-122.2066,40.5365],[-122.2012,40.523],[-122.1994,40.509],[-122.2012,40.495],[-122.2066,40.4815],[-122.2153,40.4692],[-122.227,40.4583],[-122.2412,40.4494],[-122.2575,40.4427],[-122.2751,40.4386],[-122.2934,40.4373],[-122.3117,40.4386],[-122.3294,40.4427],[-122.3456,40.4494],[-122.3598,40.4583],[-122.3716,40.4692],[-122.3802,40.4816],[-122.3856,40.4951],[-122.3873,40.509],[-122.3855,40.5231],[-122.3802,40.5365],[-122.3715,40.5489],[-122.3598,40.5597],[-122.3456,40.5686],[-122.3293,40.5752],[-122.3117,40.5793],[-122.2934,40.5807]]]}},{"type":"Feature","properties":{"name":"REDMOND CLASS D","class":"D","lower":"0","lower_code":"SFC","upper":"5600"},"geometry":{"type":"Polygon","coordinates":[[[-121.15,44.3391],[-121.1269,44.3374],[-121.1047,44.3326],[-121.0842,44.3247],[-121.0663,44.3142],[-121.0516,44.3013],[-121.0407,44.2866],[-121.034,44.2707],[-121.0317,44.2541],[-121.034,44.2375],[-121.0407,44.2215],[-121.0517,44.2068],[-121.0664,44.1939],[-121.0843,44.1834],[-121.1048,44.1755],[-121.1269,44.1707],[-121.15,44.1691],[-121.173,44.1707],[-121.1952,44.1755],[-121.2157,44.1834],[-121.2336,44.194],[-121.2483,44.2069],[-121.2592,44.2216],[-121.266,44.2376],[-121.2682,44.2541],[-121.2659,44.2708],[-121.2592,44.2867],[-121.2483,44.3013],[-121.2336,44.3142],[-121.2157,44.3248],[-121.1952,44.3326],[-121.1731,44.3374],[-121.15,44.3391]]]}},{"type":"Feature","properties":{"name":"VICTORIA CLASS D","class":"D","lower":"0","lower_code":"SFC","upper":"2600"},"geometry":{"type":"Polygon","coordinates":[[[-96.9187,28.9311],[-96.9017,28.9296],[-96.8854,28.9252],[-96.8702,28.9181],[-96.857,28.9086],[-96.8461,28.8969],[-96.8381,28.8837],[-96.8331,28.8693],[-96.8314,28.8542],[-96.8331,28.8393],[-96.8381,28.8248],[-96.8461,28.8115],[-96.857,28.7999],[-96.8702,28.7903],[-96.8854,28.7832],[-96.9018,28.7788],[-96.9188,28.7773],[-96.9358,28.7788],[-96.9522,28.7832],[-96.9673,28.7903],[-96.9805,28.7999],[-96.9913,28.8115],[-96.9994,28.8249],[-97.0044,28.8393],[-97.006,28.8542],[-97.0044,28.8693],[-96.9994,28.8837],[-96.9913,28.8969],[-96.9805,28.9086],[-96.9673,28.9181],[-96.9521,28.9252],[-96.9358,28.9296],[-96.9187,28.9311]]]}},{"type":"Feature","properties":{"name":"VICTORVILLE CLASS D","class":"D","lower":"0","lower_code":"SFC","upper":"5400"},"geometry":{"type":"Polygon","coordinates":[[[-117.45,34.514],[-117.4389,34.52],[-117.432,34.5293],[-117.4305,34.5401],[-117.4347,34.5505],[-117.4466,34.5597],[-117.4624,34.5625],[-117.4778,34.5581],[-117.4838,34.5535],[-117.4882,34.5478],[-117.4983,34.5667],[-117.5035,34.5869],[-117.5034,34.6089],[-117.4976,34.6302],[-117.4862,34.6501],[-117.4699,34.6674],[-117.4493,34.6814],[-117.4257,34.6913],[-117.3999,34.6967],[-117.3734,34.6973],[-117.3473,34.6932],[-117.3229,34.6845],[-117.3015,34.6716],[-117.2839,34.6551],[-117.2734,34.6401],[-117.2662,34.6239],[-117.2624,34.6068],[-117.2623,34.5895],[-117.2658,34.5724],[-117.2728,34.5561],[-117.283,34.541],[-117.2964,34.5276],[-117.3122,34.5163],[-117.3301,34.5074],[-117.3497,34.5012],[-117.3702,34.4979],[-117.3911,34.4976],[-117.4117,34.5002],[-117.4316,34.5057],[-117.45,34.514]]]}},{"type":"Feature","properties":{"name":"WACO CLASS D","class":"D","lower":"0","lower_code":"SFC","upper":"3000"},"geometry":{"type":"Polygon","coordinates":[[[-97.1492,31.6021],[-97.1484,31.6138],[-97.1498,31.6254],[-97.1535,31.6367],[-97.1593,31.6473],[-97.1555,31.6615],[-97.148,31.6754],[-97.1372,31.6877],[-97.1237,31.6978],[-97.1081,31.7053],[-97.091,31.7099],[-97.0732,31.7113],[-97.0554,31.7095],[-97.0384,31.7046],[-97.0229,31.6968],[-97.0097,31.6865],[-96.9993,31.674],[-96.9922,31.6599],[-96.9889,31.6468],[-96.9884,31.6333],[-96.9908,31.6199],[-96.9961,31.6072],[-97.0039,31.5956],[-97.0141,31.5853],[-97.0263,31.5768],[-97.0402,31.5703],[-97.0552,31.5661],[-97.0707,31.5644],[-97.0865,31.5651],[-97.1018,31.5682],[-97.1162,31.5737],[-97.1292,31.5814],[-97.1403,31.591],[-97.1492,31.6021]]]}},{"type":"Feature","properties":{"name":"WACO CLASS D","class":"D","lower":"0","lower_code":"SFC","upper":"3000"},"geometry":{"type":"Polygon","coordinates":[[[-97.1704,31.5592],[-97.2038,31.542],[-97.206,31.5452],[-97.2304,31.542],[-97.2565,31.5457],[-97.2695,31.5506],[-97.2814,31.5573],[-97.2917,31.5657],[-97.3002,31.5755],[-97.3067,31.5867],[-97.3107,31.5987],[-97.3123,31.6111],[-97.3112,31.6235],[-97.3076,31.6356],[-97.3015,31.6469],[-97.2932,31.6572],[-97.2829,31.666],[-97.2683,31.6744],[-97.252,31.6799],[-97.2346,31.6822],[-97.2171,31.6814],[-97.2001,31.6774],[-97.1846,31.6704],[-97.1711,31.6608],[-97.1604,31.6488],[-97.153,31.6356],[-97.149,31.6212],[-97.1486,31.6065],[-97.1518,31.592],[-97.1601,31.576],[-97.1726,31.5624],[-97.1704,31.5592]]]}},{"type":"Feature","properties":{"name":"OWENSBORO CLASS D","class":"D","lower":"0","lower_code":"SFC","upper":"2900"},"geometry":{"type":"Polygon","coordinates":[[[-87.1653,37.6721],[-87.1832,37.6735],[-87.1984,37.677],[-87.2144,37.6838],[-87.2267,37.6917],[-87.2382,37.7028],[-87.2457,37.7138],[-87.2505,37.7258],[-87.2525,37.7383],[-87.2512,37.7526],[-87.247,37.7647],[-87.2389,37.7776],[-87.2291,37.7875],[-87.2154,37.7968],[-87.2016,37.803],[-87.1866,37.8071],[-87.1709,37.8089],[-87.1528,37.8081],[-87.1375,37.805],[-87.1231,37.7997],[-87.1085,37.7912],[-87.0978,37.782],[-87.0884,37.7697],[-87.083,37.7579],[-87.0803,37.7437],[-87.0811,37.7311],[-87.0854,37.7172],[-87.0922,37.7058],[-87.103,37.6943],[-87.1147,37.6858],[-87.1302,37.6785],[-87.1473,37.6738],[-87.1653,37.6721]]]}},{"type":"Feature","properties":{"name":"SCHENECTADY CLASS D","class":"D","lower":"0","lower_code":"SFC","upper":"2900"},"geometry":{"type":"Polygon","coordinates":[[[-73.8378,42.8273],[-73.8589,42.8205],[-73.8786,42.8099],[-73.8934,42.798],[-73.9055,42.783],[-73.9292,42.7809],[-73.9529,42.7831],[-73.9696,42.7874],[-73.9851,42.794],[-73.9986,42.8024],[-74.0097,42.8125],[-74.0183,42.8241],[-74.0239,42.8364],[-74.0263,42.8493],[-74.0255,42.8623],[-74.0206,42.8769],[-74.0117,42.8905],[-73.9991,42.9023],[-73.9835,42.912],[-73.9654,42.919],[-73.9458,42.9232],[-73.9253,42.9242],[-73.905,42.922],[-73.8858,42.9168],[-73.8686,42.9088],[-73.8539,42.8983],[-73.8426,42.8858],[-73.8351,42.8718],[-73.8317,42.857],[-73.8326,42.842],[-73.8378,42.8273]]]}},{"type":"Feature","properties":{"name":"SCOTTSDALE CLASS D","class":"D","lower":"0","lower_code":"SFC","upper":"4000"},"geometry":{"type":"Polygon","coordinates":[[[-111.9106,33.6946],[-111.8937,33.6932],[-111.8777,33.6891],[-111.8628,33.6825],[-111.8499,33.6736],[-111.8392,33.6627],[-111.8313,33.6503],[-111.8264,33.6369],[-111.8247,33.6228],[-111.8264,33.6088],[-111.8313,33.5953],[-111.8392,33.5829],[-111.8499,33.572],[-111.8629,33.5631],[-111.8777,33.5564],[-111.8939,33.5523],[-111.9106,33.551],[-111.9274,33.5524],[-111.9434,33.5565],[-111.9582,33.5631],[-111.9713,33.572],[-111.982,33.583],[-111.9899,33.5954],[-111.9947,33.6088],[-111.9964,33.6228],[-111.9947,33.6368],[-111.9898,33.6503],[-111.9819,33.6627],[-111.9713,33.6735],[-111.9582,33.6825],[-111.9434,33.6891],[-111.9273,33.6932],[-111.9106,33.6946]]]}},{"type":"Feature","properties":{"name":"SEATTLE, BOEING FIELD/KING COUNTY INT. AIRPORT CLASS D","class":"D","lower":"0","lower_code":"SFC","upper":"2500"},"geometry":{"type":"Polygon","coordinates":[[[-122.2589,47.5203],[-122.2258,47.5],[-122.2258,47.4692],[-122.2161,47.4625],[-122.2053,47.4267],[-122.2483,47.4303],[-122.2475,47.4333],[-122.2983,47.4978],[-122.2976,47.5015],[-122.3158,47.5019],[-122.3337,47.5],[-122.4167,47.5],[-122.4235,47.5173],[-122.4247,47.5352],[-122.4203,47.5528],[-122.4116,47.5678],[-122.3971,47.5828],[-122.3803,47.5943],[-122.3582,47.6041],[-122.336,47.6101],[-122.3126,47.613],[-122.2861,47.6126],[-122.2604,47.6084],[-122.2365,47.6006],[-122.2158,47.5895],[-122.1991,47.5756],[-122.2342,47.5614],[-122.2589,47.5203]]]}},{"type":"Feature","properties":{"name":"SEATTLE-TACOMA INTERNATIONAL AIRPORT CLASS D1","class":"D","lower":"0","lower_code":"SFC","upper":"3000"},"geometry":{"type":"Polygon","coordinates":[[[-122.328,47.4045],[-122.3385,47.368],[-122.351,47.3705],[-122.3701,47.3765],[-122.3853,47.3834],[-122.4073,47.3986],[-122.4229,47.4171],[-122.4307,47.4359],[-122.432,47.4537],[-122.4262,47.4746],[-122.4128,47.4939],[-122.4167,47.5],[-122.3337,47.5],[-122.3509,47.4958],[-122.3646,47.4906],[-122.3646,47.4876],[-122.3612,47.4868],[-122.361,47.4815],[-122.3701,47.4718],[-122.369,47.4623],[-122.3701,47.4576],[-122.3821,47.4512],[-122.3623,47.4474],[-122.3569,47.4443],[-122.3585,47.4323],[-122.3536,47.4207],[-122.343,47.411],[-122.328,47.4045]]]}},{"type":"Feature","properties":{"name":"WINDSOR LOCKS CLASS C","class":"C","lower":"2100","lower_code":"MSL","upper":"4200"},"geometry":{"type":"Polygon","coordinates":[[[-72.6807,41.7722],[-72.7237,41.7749],[-72.7652,41.7839],[-72.8037,41.7986],[-72.8359,41.8174],[-72.8644,41.8418],[-72.8862,41.8697],[-72.8942,41.8848],[-72.9003,41.9003],[-72.9061,41.9306],[-72.9061,41.9468],[-72.9041,41.9629],[-72.9,41.9788],[-72.8938,41.9943],[-72.8755,42.0237],[-72.8515,42.0484],[-72.82,42.0707],[-72.7854,42.0871],[-72.7451,42.0991],[-72.7048,42.1048],[-72.6589,42.1047],[-72.6164,42.098],[-72.5764,42.0854],[-72.5386,42.0661],[-72.5084,42.0429],[-72.4957,42.0298],[-72.4837,42.0142],[-72.4748,41.9994],[-72.4674,41.9823],[-72.4628,41.9664],[-72.4601,41.9486],[-72.4599,41.9324],[-72.4618,41.9162],[-72.4659,41.9003],[-72.4727,41.8831],[-72.481,41.8681],[-72.4924,41.8523],[-72.5045,41.8389],[-72.52,41.8251],[-72.5525,41.8037],[-72.592,41.7867],[-72.6353,41.776],[-72.6807,41.7722]]]}},{"type":"Feature","properties":{"name":"SAN ANTONIO STINSON MUNICIPAL AIRPORT CLASS D","class":"D","lower":"0","lower_code":"SFC","upper":"3100"},"geometry":{"type":"Polygon","coordinates":[[[-98.405,29.3005],[-98.4181,29.2866],[-98.4367,29.2755],[-98.4562,29.2697],[-98.4787,29.2688],[-98.4889,29.2702],[-98.4836,29.2754],[-98.4812,29.2839],[-98.483,29.2907],[-98.4878,29.2963],[-98.4968,29.3001],[-98.5086,29.2987],[-98.5161,29.293],[-98.5194,29.283],[-98.5344,29.2967],[-98.5446,29.3135],[-98.5014,29.4001],[-98.4836,29.4045],[-98.4631,29.405],[-98.445,29.4015],[-98.4267,29.3933],[-98.4129,29.3826],[-98.4013,29.3677],[-98.395,29.3525],[-98.393,29.3346],[-98.3964,29.3168],[-98.405,29.3005]]]}},{"type":"Feature","properties":{"name":"SAN BERNARDINO CLASS D","class":"D","lower":"0","lower_code":"SFC","upper":"3200"},"geometry":{"type":"Polygon","coordinates":[[[-117.1739,34.04],[-117.1864,34.032],[-117.2005,34.0259],[-117.2156,34.0219],[-117.2312,34.0202],[-117.2471,34.0208],[-117.2625,34.0237],[-117.2771,34.0288],[-117.2904,34.0359],[-117.302,34.0449],[-117.3115,34.0554],[-117.3187,34.0671],[-117.3233,34.0797],[-117.3253,34.0928],[-117.3244,34.1059],[-117.3208,34.1188],[-117.3146,34.1309],[-117.311,34.1358],[-117.1869,34.1358],[-117.1739,34.1283],[-117.1739,34.04]]]}},{"type":"Feature","properties":{"name":"SAN CARLOS CLASS D","class":"D","lower":"0","lower_code":"SFC","upper":"2000"},"geometry":{"type":"Polygon","coordinates":[[[-122.2484,37.4611],[-122.2684,37.4633],[-122.2864,37.4705],[-122.3007,37.4819],[-122.309,37.4946],[-122.3125,37.5105],[-122.3102,37.5247],[-122.3029,37.5378],[-122.2895,37.5499],[-122.2026,37.478],[-122.2126,37.4707],[-122.2243,37.4653],[-122.2484,37.4611]]]}},{"type":"Feature","properties":{"name":"OLYMPIA CLASS D","class":"D","lower":"0","lower_code":"SFC","upper":"2700"},"geometry":{"type":"Polygon","coordinates":[[[-122.9025,47.036],[-122.8806,47.0343],[-122.8599,47.0293],[-122.8413,47.0212],[-122.8258,47.0104],[-122.8143,46.9976],[-122.8073,46.9833],[-122.8052,46.9683],[-122.8081,46.9533],[-122.8158,46.9392],[-122.828,46.9266],[-122.844,46.9162],[-122.8629,46.9085],[-122.8839,46.904],[-122.9059,46.9028],[-122.9277,46.905],[-122.9482,46.9105],[-122.9617,46.9165],[-122.9737,46.9239],[-122.9837,46.9326],[-122.9914,46.9423],[-122.9968,46.9527],[-122.9995,46.9636],[-122.9996,46.9747],[-122.997,46.9855],[-122.9918,46.996],[-122.9842,47.0057],[-122.9743,47.0144],[-122.9625,47.0219],[-122.9342,47.0324],[-122.9025,47.036]]]}},{"type":"Feature","properties":{"name":"OSHKOSH CLASS D","class":"D","lower":"0","lower_code":"SFC","upper":"3300"},"geometry":{"type":"Polygon","coordinates":[[[-88.5569,44.0628],[-88.5358,44.0613],[-88.5154,44.0568],[-88.4967,44.0496],[-88.4802,44.0398],[-88.4667,44.028],[-88.4567,44.0145],[-88.4505,43.9998],[-88.4484,43.9845],[-88.4505,43.9692],[-88.4567,43.9545],[-88.4667,43.9409],[-88.4803,43.929],[-88.4968,43.9193],[-88.5155,43.9121],[-88.5358,43.9076],[-88.557,43.9061],[-88.5782,43.9076],[-88.5985,43.9121],[-88.6172,43.9193],[-88.6337,43.9291],[-88.6472,43.941],[-88.6572,43.9545],[-88.6634,43.9693],[-88.6654,43.9845],[-88.6633,43.9999],[-88.6572,44.0145],[-88.6471,44.028],[-88.6336,44.0399],[-88.6172,44.0496],[-88.5985,44.0568],[-88.5781,44.0613],[-88.5569,44.0628]]]}},{"type":"Feature","properties":{"name":"SHAW AFB CLASS D","class":"D","lower":"0","lower_code":"SFC","upper":"2700"},"geometry":{"type":"Polygon","coordinates":[[[-80.4717,33.8996],[-80.4888,33.9008],[-80.5054,33.9048],[-80.5207,33.9114],[-80.5341,33.9203],[-80.5453,33.9312],[-80.5536,33.9438],[-80.5589,33.9574],[-80.5609,33.9717],[-80.5596,33.986],[-80.5549,33.9998],[-80.5471,34.0126],[-80.5365,34.0239],[-80.5234,34.0332],[-80.5084,34.0403],[-80.492,34.0447],[-80.4749,34.0465],[-80.4577,34.0454],[-80.4411,34.0416],[-80.4257,34.0352],[-80.4121,34.0264],[-80.4008,34.0156],[-80.3923,34.0031],[-80.3868,33.9895],[-80.3846,33.9753],[-80.3858,33.961],[-80.3903,33.9471],[-80.3979,33.9342],[-80.4084,33.9229],[-80.4213,33.9134],[-80.4362,33.9062],[-80.4525,33.9016],[-80.4717,33.8996]]]}},{"type":"Feature","properties":{"name":"YUMA CLASS D","class":"D","lower":"300","lower_code":"SFC","upper":"2700"},"geometry":{"type":"Polygon","coordinates":[[[-114.6583,32.6144],[-114.6583,32.5819],[-114.6776,32.5944],[-114.6876,32.6039],[-114.6957,32.6144],[-114.6583,32.6144]]]}},{"type":"Feature","properties":{"name":"YUMA CLASS D","class":"D","lower":"0","lower_code":"SFC","upper":"2700"},"geometry":{"type":"Polygon","coordinates":[[[-114.5162,32.6144],[-114.5268,32.6013],[-114.54,32.5901],[-114.5554,32.581],[-114.5726,32.5745],[-114.5908,32.5707],[-114.6095,32.5698],[-114.6282,32.5718],[-114.646,32.5766],[-114.6583,32.5819],[-114.6583,32.6144],[-114.6957,32.6144],[-114.699,32.6198],[-114.7053,32.6348],[-114.7084,32.6504],[-114.708,32.6663],[-114.7042,32.6818],[-114.6958,32.6986],[-114.6836,32.7135],[-114.6678,32.7259],[-114.6495,32.7352],[-114.6291,32.7412],[-114.6078,32.7434],[-114.5865,32.7418],[-114.5659,32.7365],[-114.5471,32.7277],[-114.5309,32.7158],[-114.518,32.7013],[-114.5089,32.6848],[-114.5041,32.6672],[-114.5037,32.649],[-114.5078,32.6312],[-114.5162,32.6144]]]}},{"type":"Feature","properties":{"name":"GARY CLASS D","class":"D","lower":"0","lower_code":"SFC","upper":"3100"},"geometry":{"type":"Polygon","coordinates":[[[-87.4128,41.6864],[-87.3946,41.6851],[-87.377,41.6811],[-87.3609,41.6746],[-87.3468,41.6659],[-87.3352,41.6553],[-87.3266,41.6432],[-87.3213,41.6301],[-87.3195,41.6164],[-87.3212,41.6028],[-87.3266,41.5896],[-87.3352,41.5775],[-87.3468,41.5669],[-87.3609,41.5582],[-87.3771,41.5517],[-87.3946,41.5477],[-87.4128,41.5464],[-87.431,41.5477],[-87.4485,41.5517],[-87.4647,41.5582],[-87.4788,41.5669],[-87.4904,41.5776],[-87.499,41.5896],[-87.5043,41.6028],[-87.5061,41.6165],[-87.5043,41.6302],[-87.499,41.6433],[-87.4903,41.6554],[-87.4787,41.666],[-87.4646,41.6746],[-87.4485,41.6811],[-87.431,41.6851],[-87.4128,41.6864]]]}},{"type":"Feature","properties":{"name":"MONROE CLASS D","class":"D","lower":"0","lower_code":"SFC","upper":"2600"},"geometry":{"type":"Polygon","coordinates":[[[-92.019,32.5797],[-91.992,32.5697],[-91.9756,32.5767],[-91.9434,32.5231],[-91.9552,32.518],[-91.9556,32.5019],[-91.9602,32.4864],[-91.9688,32.4721],[-91.9811,32.4599],[-91.9963,32.4504],[-92.0157,32.4436],[-92.0365,32.4411],[-92.0574,32.443],[-92.0662,32.433],[-92.1228,32.4692],[-92.1124,32.4809],[-92.1176,32.4926],[-92.1202,32.5049],[-92.1202,32.5174],[-92.1175,32.5297],[-92.1084,32.5478],[-92.0936,32.5629],[-92.0707,32.5756],[-92.0463,32.581],[-92.019,32.5797]]]}},{"type":"Feature","properties":{"name":"NEW IBERIA CLASS D","class":"D","lower":"0","lower_code":"SFC","upper":"1300"},"geometry":{"type":"Polygon","coordinates":[[[-91.841,30.0972],[-91.8666,30.0753],[-91.8964,30.058],[-91.9294,30.0458],[-91.9645,30.0392],[-91.9613,30.0574],[-91.9527,30.0743],[-91.9394,30.0887],[-91.9222,30.0995],[-91.9023,30.1061],[-91.8812,30.1079],[-91.8603,30.1049],[-91.841,30.0972]]]}},{"type":"Feature","properties":{"name":"CHICAGO/ROCKFORD CLASS D","class":"D","lower":"0","lower_code":"SFC","upper":"3200"},"geometry":{"type":"Polygon","coordinates":[[[-89.0837,42.1193],[-89.0841,42.1158],[-89.1287,42.1187],[-89.1283,42.1222],[-89.1513,42.1301],[-89.171,42.1418],[-89.1843,42.1543],[-89.1938,42.1684],[-89.1985,42.1808],[-89.2003,42.1934],[-89.1993,42.2061],[-89.1956,42.2185],[-89.189,42.2304],[-89.1799,42.2412],[-89.1686,42.2508],[-89.1553,42.2588],[-89.1347,42.2668],[-89.1122,42.2712],[-89.089,42.2718],[-89.0661,42.2685],[-89.0448,42.2614],[-89.0263,42.251],[-89.0113,42.2378],[-89.0007,42.2224],[-88.9951,42.2059],[-88.9945,42.1888],[-88.999,42.172],[-89.0085,42.1563],[-89.0218,42.1431],[-89.0387,42.1322],[-89.0602,42.1238],[-89.0837,42.1193]]]}},{"type":"Feature","properties":{"name":"WESTFIELD CLASS D","class":"D","lower":"0","lower_code":"SFC","upper":"2800"},"geometry":{"type":"Polygon","coordinates":[[[-72.6551,42.226],[-72.6602,42.2121],[-72.6624,42.1978],[-72.6617,42.1834],[-72.6581,42.1693],[-72.6517,42.1557],[-72.6426,42.143],[-72.631,42.1314],[-72.6173,42.1214],[-72.6286,42.1079],[-72.6433,42.0963],[-72.664,42.0857],[-72.6874,42.0788],[-72.7123,42.0761],[-72.7374,42.0777],[-72.7613,42.0835],[-72.7828,42.0932],[-72.8008,42.1063],[-72.8144,42.1222],[-72.8208,42.1346],[-72.8245,42.1476],[-72.8253,42.1609],[-72.8232,42.174],[-72.8182,42.1868],[-72.8105,42.1988],[-72.8003,42.2097],[-72.788,42.2192],[-72.7736,42.2271],[-72.7577,42.2332],[-72.7407,42.2373],[-72.723,42.2393],[-72.7052,42.2391],[-72.6876,42.2368],[-72.6707,42.2324],[-72.6551,42.226]]]}},{"type":"Feature","properties":{"name":"WESTHAMPTON BEACH CLASS D","class":"D","lower":"0","lower_code":"SFC","upper":"2600"},"geometry":{"type":"Polygon","coordinates":[[[-72.6317,40.9237],[-72.6111,40.9221],[-72.5914,40.9176],[-72.573,40.9102],[-72.5571,40.9002],[-72.544,40.8881],[-72.5343,40.8743],[-72.5283,40.8593],[-72.5263,40.8436],[-72.5283,40.828],[-72.5343,40.813],[-72.544,40.7992],[-72.5572,40.787],[-72.5731,40.7771],[-72.5914,40.7696],[-72.6111,40.7651],[-72.6317,40.7636],[-72.6523,40.7651],[-72.672,40.7697],[-72.6902,40.7771],[-72.7062,40.787],[-72.7194,40.7992],[-72.7291,40.813],[-72.7351,40.8281],[-72.7371,40.8437],[-72.735,40.8594],[-72.729,40.8743],[-72.7193,40.8882],[-72.7062,40.9003],[-72.6902,40.9102],[-72.672,40.9176],[-72.6522,40.9221],[-72.6317,40.9237]]]}},{"type":"Feature","properties":{"name":"WHEELER SACK CLASS D","class":"D","lower":"0","lower_code":"SFC","upper":"3200"},"geometry":{"type":"Polygon","coordinates":[[[-75.7812,44.1438],[-75.7465,44.1228],[-75.7143,44.1221],[-75.6839,44.1143],[-75.6638,44.1038],[-75.6478,44.0901],[-75.6405,44.0806],[-75.6353,44.0705],[-75.6322,44.06],[-75.6314,44.0475],[-75.633,44.0368],[-75.6376,44.0247],[-75.6437,44.0148],[-75.6534,44.0044],[-75.6691,43.9929],[-75.6902,43.9835],[-75.7113,43.9783],[-75.736,43.9766],[-75.7606,43.9793],[-75.7834,43.9862],[-75.8033,43.9969],[-75.8177,44.0093],[-75.8289,44.0253],[-75.8343,44.0428],[-75.8337,44.0607],[-75.828,44.0763],[-75.8467,44.0876],[-75.7812,44.1438]]]}},{"type":"Feature","properties":{"name":"POMPANO BEACH CLASS D","class":"D","lower":"0","lower_code":"SFC","upper":"2500"},"geometry":{"type":"Polygon","coordinates":[[[-80.0402,26.2281],[-80.1433,26.2181],[-80.1833,26.2632],[-80.1784,26.2757],[-80.1708,26.2872],[-80.1609,26.2971],[-80.1489,26.305],[-80.1355,26.3106],[-80.1211,26.3137],[-80.1063,26.3141],[-80.0917,26.3119],[-80.0779,26.3071],[-80.0654,26.3],[-80.0548,26.2908],[-80.0463,26.2798],[-80.0405,26.2676],[-80.0375,26.2545],[-80.0374,26.2412],[-80.0402,26.2281]]]}},{"type":"Feature","properties":{"name":"PONTIAC CLASS D","class":"D","lower":"0","lower_code":"SFC","upper":"3500"},"geometry":{"type":"Polygon","coordinates":[[[-83.3301,42.687],[-83.3261,42.6729],[-83.3261,42.6585],[-83.3301,42.6444],[-83.338,42.6311],[-83.3493,42.6194],[-83.3637,42.6096],[-83.3805,42.6021],[-83.3989,42.5974],[-83.4174,42.5957],[-83.4361,42.5966],[-83.4542,42.6002],[-83.4709,42.6063],[-83.4841,42.6137],[-83.4954,42.6227],[-83.5073,42.6373],[-83.514,42.6537],[-83.5212,42.6541],[-83.5181,42.6873],[-83.5109,42.687],[-83.4992,42.7048],[-83.481,42.7196],[-83.4627,42.7284],[-83.4421,42.7338],[-83.4246,42.7356],[-83.407,42.7349],[-83.3898,42.7319],[-83.3737,42.7266],[-83.3593,42.7191],[-83.3469,42.7098],[-83.3371,42.699],[-83.3301,42.687]]]}},{"type":"Feature","properties":{"name":"STRATFORD CLASS D","class":"D","lower":"0","lower_code":"SFC","upper":"2500"},"geometry":{"type":"Polygon","coordinates":[[[-73.0376,41.1974],[-73.0531,41.2142],[-73.0742,41.2273],[-73.0991,41.2356],[-73.1261,41.2384],[-73.1261,41.2717],[-73.1565,41.2693],[-73.1857,41.262],[-73.1805,41.2752],[-73.1706,41.2887],[-73.157,41.3002],[-73.1403,41.3091],[-73.1215,41.3149],[-73.1013,41.3174],[-73.081,41.3165],[-73.0614,41.3121],[-73.0436,41.3046],[-73.0286,41.2943],[-73.0169,41.2816],[-73.0093,41.2674],[-73.0062,41.2521],[-73.0076,41.2367],[-73.0136,41.222],[-73.0237,41.2086],[-73.0376,41.1974]]]}},{"type":"Feature","properties":{"name":"NEW ORLEANS LAKEFRONT AIRPORT CLASS D","class":"D","lower":"0","lower_code":"SFC","upper":"2500"},"geometry":{"type":"Polygon","coordinates":[[[-90.0257,29.969],[-90.0462,29.9707],[-90.0675,29.9775],[-90.0675,30.1075],[-90.0502,30.1134],[-90.0318,30.1159],[-90.0153,30.1152],[-89.9993,30.1116],[-89.9844,30.1054],[-89.9711,30.0968],[-89.9601,30.0862],[-89.9516,30.0738],[-89.9461,30.0603],[-89.9437,30.046],[-89.9445,30.0317],[-89.9485,30.0178],[-89.9556,30.0048],[-89.9654,29.9932],[-89.9776,29.9835],[-89.9918,29.9761],[-90.0093,29.9708],[-90.0257,29.969]]]}},{"type":"Feature","properties":{"name":"NEWBURGH CLASS D","class":"D","lower":"0","lower_code":"SFC","upper":"3000"},"geometry":{"type":"Polygon","coordinates":[[[-74.1049,41.4238],[-74.1255,41.4254],[-74.1455,41.4299],[-74.1639,41.4372],[-74.18,41.4471],[-74.1933,41.4592],[-74.2031,41.4729],[-74.2093,41.4878],[-74.2115,41.5033],[-74.2095,41.5191],[-74.2035,41.5342],[-74.1937,41.5482],[-74.1804,41.5605],[-74.1945,41.5711],[-74.1757,41.5827],[-74.1542,41.5915],[-74.1309,41.5969],[-74.1067,41.5989],[-74.0883,41.5981],[-74.0703,41.5953],[-74.053,41.5905],[-74.0368,41.5839],[-74.0221,41.5757],[-74.0091,41.5659],[-73.9981,41.5547],[-73.9894,41.5425],[-74.0077,41.5364],[-73.9998,41.5163],[-73.9991,41.4954],[-74.0057,41.475],[-74.0191,41.4566],[-74.036,41.4429],[-74.0568,41.4325],[-74.0802,41.4261],[-74.1049,41.4238]]]}},{"type":"Feature","properties":{"name":"NEWPORT NEWS CLASS D","class":"D","lower":"0","lower_code":"SFC","upper":"2500"},"geometry":{"type":"Polygon","coordinates":[[[-76.4054,37.1471],[-76.4279,37.1329],[-76.4368,37.1239],[-76.4438,37.1137],[-76.4488,37.103],[-76.4516,37.0916],[-76.4521,37.0802],[-76.4505,37.0688],[-76.4642,37.064],[-76.479,37.0611],[-76.4972,37.0603],[-76.5152,37.0624],[-76.5324,37.0675],[-76.5477,37.0751],[-76.561,37.0851],[-76.5714,37.0971],[-76.5786,37.1105],[-76.5822,37.1247],[-76.5823,37.1383],[-76.5792,37.1517],[-76.573,37.1644],[-76.564,37.1758],[-76.5524,37.1857],[-76.5388,37.1937],[-76.5234,37.1995],[-76.5071,37.2028],[-76.4902,37.2037],[-76.4733,37.2019],[-76.4573,37.1977],[-76.4424,37.1912],[-76.4295,37.1825],[-76.4187,37.172],[-76.4106,37.16],[-76.4054,37.1471]]]}},{"type":"Feature","properties":{"name":"NIAGARA FALLS CLASS D","class":"D","lower":"0","lower_code":"SFC","upper":"3100"},"geometry":{"type":"Polygon","coordinates":[[[-79.0062,43.0449],[-78.9997,43.056],[-79.0074,43.0659],[-79.0381,43.0714],[-79.0476,43.0896],[-79.0505,43.1089],[-79.047,43.1274],[-79.0375,43.1447],[-79.0226,43.1597],[-79.0032,43.1717],[-78.9813,43.1797],[-78.9575,43.1838],[-78.933,43.1837],[-78.9092,43.1794],[-78.8892,43.1721],[-78.8717,43.1617],[-78.8547,43.1453],[-78.8443,43.1261],[-78.8366,43.1261],[-78.8367,43.0928],[-78.8432,43.0928],[-78.8505,43.076],[-78.8629,43.0608],[-78.8748,43.0513],[-78.8886,43.0434],[-78.9168,43.0339],[-78.9477,43.0309],[-78.9784,43.0347],[-79.0062,43.0449]]]}},{"type":"Feature","properties":{"name":"NORFOLK NAS CLASS D","class":"D","lower":"0","lower_code":"SFC","upper":"2000"},"geometry":{"type":"Polygon","coordinates":[[[-76.2159,36.9773],[-76.2989,36.8661],[-76.3248,36.8713],[-76.3476,36.8825],[-76.3653,36.8986],[-76.3757,36.9164],[-76.3792,36.9304],[-76.3794,36.943],[-76.3769,36.9554],[-76.3717,36.9672],[-76.364,36.9781],[-76.3541,36.9878],[-76.3422,36.9959],[-76.3287,37.0023],[-76.314,37.0067],[-76.2986,37.0089],[-76.283,37.009],[-76.2676,37.0069],[-76.2529,37.0027],[-76.2393,36.9964],[-76.2273,36.9884],[-76.2159,36.9773]]]}},{"type":"Feature","properties":{"name":"NORTH BEND CLASS D","class":"D","lower":"0","lower_code":"SFC","upper":"2500"},"geometry":{"type":"Polygon","coordinates":[[[-124.2234,43.4848],[-124.2222,43.478],[-124.2171,43.4723],[-124.2089,43.4688],[-124.1996,43.4684],[-124.1887,43.4723],[-124.1827,43.4801],[-124.1525,43.4933],[-124.1101,43.4418],[-124.1514,43.4238],[-124.1524,43.4049],[-124.1603,43.387],[-124.1328,43.3346],[-124.2565,43.3],[-124.284,43.3523],[-124.2992,43.3582],[-124.3127,43.3659],[-124.3241,43.3752],[-124.333,43.3858],[-124.3384,43.3954],[-124.3418,43.4054],[-124.3431,43.4158],[-124.3423,43.426],[-124.3376,43.4404],[-124.3288,43.4537],[-124.3165,43.4653],[-124.301,43.4749],[-124.2832,43.4818],[-124.2637,43.4859],[-124.2435,43.4869],[-124.2234,43.4848]]]}},{"type":"Feature","properties":{"name":"TUCSON-RYAN FIELD CLASS D","class":"D","lower":"0","lower_code":"SFC","upper":"4200"},"geometry":{"type":"Polygon","coordinates":[[[-111.1746,32.209],[-111.1593,32.2077],[-111.1446,32.204],[-111.1309,32.1978],[-111.1191,32.1895],[-111.1093,32.1794],[-111.1021,32.1678],[-111.0976,32.1553],[-111.0961,32.1423],[-111.0976,32.1292],[-111.102,32.1167],[-111.1093,32.1051],[-111.1191,32.095],[-111.131,32.0867],[-111.1446,32.0805],[-111.1593,32.0767],[-111.1746,32.0754],[-111.19,32.0767],[-111.2047,32.0805],[-111.2183,32.0867],[-111.2301,32.095],[-111.2399,32.1052],[-111.2471,32.1167],[-111.2516,32.1292],[-111.2531,32.1422],[-111.2516,32.1553],[-111.2471,32.1678],[-111.2399,32.1794],[-111.2301,32.1895],[-111.2182,32.1978],[-111.2046,32.204],[-111.1899,32.2077],[-111.1746,32.209]]]}},{"type":"Feature","properties":{"name":"TUSCALOOSA CLASS D","class":"D","lower":"0","lower_code":"SFC","upper":"2700"},"geometry":{"type":"Polygon","coordinates":[[[-87.6114,33.2924],[-87.5947,33.291],[-87.5787,33.2869],[-87.5639,33.2803],[-87.551,33.2713],[-87.5404,33.2605],[-87.5325,33.2481],[-87.5276,33.2346],[-87.526,33.2206],[-87.5276,33.2066],[-87.5325,33.1931],[-87.5404,33.1807],[-87.551,33.1698],[-87.5639,33.1609],[-87.5787,33.1542],[-87.5947,33.1501],[-87.6114,33.1488],[-87.6281,33.1501],[-87.6441,33.1542],[-87.6589,33.1609],[-87.6718,33.1698],[-87.6825,33.1807],[-87.6903,33.1931],[-87.6952,33.2066],[-87.6968,33.2206],[-87.6952,33.2346],[-87.6903,33.2481],[-87.6824,33.2605],[-87.6718,33.2713],[-87.6588,33.2803],[-87.6441,33.2869],[-87.6281,33.291],[-87.6114,33.2924]]]}},{"type":"Feature","properties":{"name":"OXFORD CLASS D","class":"D","lower":"0","lower_code":"SFC","upper":"3200"},"geometry":{"type":"Polygon","coordinates":[[[-73.1353,41.562],[-73.1137,41.5604],[-73.0929,41.5557],[-73.0737,41.548],[-73.0568,41.5376],[-73.0431,41.5249],[-73.0328,41.5106],[-73.0265,41.4949],[-73.0244,41.4786],[-73.0265,41.4624],[-73.0329,41.4467],[-73.0431,41.4323],[-73.0569,41.4196],[-73.0738,41.4092],[-73.0929,41.4016],[-73.1138,41.3968],[-73.1353,41.3952],[-73.157,41.3969],[-73.1777,41.4016],[-73.1969,41.4093],[-73.2137,41.4197],[-73.2275,41.4324],[-73.2377,41.4468],[-73.244,41.4625],[-73.2461,41.4787],[-73.244,41.495],[-73.2377,41.5106],[-73.2274,41.525],[-73.2136,41.5376],[-73.1969,41.548],[-73.1777,41.5556],[-73.1569,41.5604],[-73.1353,41.562]]]}},{"type":"Feature","properties":{"name":"OXNARD CLASS D","class":"D","lower":"0","lower_code":"SFC","upper":"2000"},"geometry":{"type":"Polygon","coordinates":[[[-119.2051,34.129],[-119.2241,34.1304],[-119.2402,34.1345],[-119.2552,34.1411],[-119.2683,34.15],[-119.2791,34.1609],[-119.287,34.1733],[-119.292,34.1868],[-119.2936,34.2007],[-119.292,34.2148],[-119.2871,34.2282],[-119.2791,34.2406],[-119.2684,34.2515],[-119.2553,34.2604],[-119.2404,34.2671],[-119.2242,34.2712],[-119.2073,34.2726],[-119.1825,34.2696],[-119.1597,34.2608],[-119.1575,34.1728],[-119.2051,34.129]]]}},{"type":"Feature","properties":{"name":"SANFORD CLASS C","class":"C","lower":"700","lower_code":"MSL","upper":"3000"},"geometry":{"type":"Polygon","coordinates":[[[-81.1549,28.7368],[-81.1667,28.7222],[-81.1667,28.8333],[-81.157,28.8219],[-81.1496,28.8092],[-81.1448,28.7955],[-81.1427,28.7796],[-81.1437,28.7653],[-81.1482,28.7497],[-81.1549,28.7368]]]}},{"type":"Feature","properties":{"name":"COLUMBIA CLASS D","class":"D","lower":"0","lower_code":"SFC","upper":"3400"},"geometry":{"type":"Polygon","coordinates":[[[-92.2178,38.8895],[-92.1998,38.8881],[-92.1826,38.884],[-92.1668,38.8774],[-92.1529,38.8685],[-92.1415,38.8576],[-92.1331,38.8452],[-92.1279,38.8318],[-92.1261,38.8178],[-92.1279,38.8038],[-92.1331,38.7903],[-92.1415,38.7779],[-92.153,38.767],[-92.1668,38.7581],[-92.1827,38.7515],[-92.2,38.7474],[-92.2178,38.746],[-92.2357,38.7474],[-92.2529,38.7515],[-92.2688,38.7581],[-92.2827,38.767],[-92.2941,38.778],[-92.3025,38.7903],[-92.3077,38.8038],[-92.3095,38.8178],[-92.3077,38.8319],[-92.3025,38.8453],[-92.294,38.8577],[-92.2826,38.8685],[-92.2687,38.8774],[-92.2529,38.884],[-92.2357,38.8881],[-92.2178,38.8895]]]}},{"type":"Feature","properties":{"name":"COLUMBUS CLASS D","class":"D","lower":"0","lower_code":"SFC","upper":"3400"},"geometry":{"type":"Polygon","coordinates":[[[-83.1369,39.8361],[-83.1534,39.8374],[-83.1692,39.8411],[-83.1838,39.847],[-83.1966,39.8552],[-83.2071,39.865],[-83.2149,39.8763],[-83.2197,39.8884],[-83.2214,39.9011],[-83.1759,39.9012],[-83.1748,39.9083],[-83.1715,39.915],[-83.1593,39.9258],[-83.1854,39.9544],[-83.1625,39.9632],[-83.1372,39.9662],[-83.1206,39.965],[-83.1048,39.9613],[-83.0902,39.9554],[-83.0774,39.9473],[-83.0668,39.9375],[-83.059,39.9262],[-83.0541,39.914],[-83.0525,39.9013],[-83.054,39.8886],[-83.0588,39.8764],[-83.0666,39.8652],[-83.0771,39.8553],[-83.0899,39.8472],[-83.1045,39.8411],[-83.1204,39.8374],[-83.1369,39.8361]]]}},{"type":"Feature","properties":{"name":"HOLLYWOOD CLASS D","class":"D","lower":"0","lower_code":"SFC","upper":"2500"},"geometry":{"type":"Polygon","coordinates":[[[-80.1702,26.0214],[-80.1673,26.0099],[-80.1668,25.998],[-80.1686,25.9863],[-80.1727,25.975],[-80.1789,25.9645],[-80.187,25.9552],[-80.1969,25.9474],[-80.2081,25.9412],[-80.3083,25.974],[-80.313,25.987],[-80.3147,26.0028],[-80.3122,26.0184],[-80.3058,26.0331],[-80.2956,26.0461],[-80.2632,26.0449],[-80.2312,26.0404],[-80.2002,26.0326],[-80.1702,26.0214]]]}},{"type":"Feature","properties":{"name":"HOMESTEAD CLASS D","class":"D","lower":"0","lower_code":"SFC","upper":"2500"},"geometry":{"type":"Polygon","coordinates":[[[-80.3025,25.583],[-80.267,25.5445],[-80.2911,25.5262],[-80.2856,25.512],[-80.2827,25.4971],[-80.2825,25.4821],[-80.2851,25.4671],[-80.2911,25.4511],[-80.3002,25.4364],[-80.3121,25.4234],[-80.3264,25.4126],[-80.3396,25.4057],[-80.3536,25.4007],[-80.3684,25.3976],[-80.3834,25.3966],[-80.3985,25.3976],[-80.4132,25.4006],[-80.4274,25.4056],[-80.4404,25.4125],[-80.4645,25.3941],[-80.5,25.4325],[-80.476,25.4509],[-80.4824,25.4685],[-80.4849,25.4869],[-80.4831,25.5055],[-80.4774,25.5233],[-80.4708,25.5353],[-80.4624,25.5463],[-80.4523,25.5561],[-80.4407,25.5645],[-80.4276,25.5714],[-80.4135,25.5764],[-80.3987,25.5795],[-80.3837,25.5805],[-80.3686,25.5795],[-80.3538,25.5764],[-80.3397,25.5715],[-80.3266,25.5646],[-80.3025,25.583]]]}},{"type":"Feature","properties":{"name":"FARMINGDALE CLASS D","class":"D","lower":"0","lower_code":"SFC","upper":"2600"},"geometry":{"type":"Polygon","coordinates":[[[-73.3213,40.7293],[-73.3231,40.7157],[-73.3284,40.7025],[-73.3369,40.6904],[-73.3483,40.6797],[-73.3623,40.671],[-73.3782,40.6646],[-73.3955,40.6606],[-73.4135,40.6592],[-73.4438,40.6632],[-73.4578,40.6679],[-73.4707,40.6744],[-73.4853,40.6855],[-73.4963,40.6988],[-73.5032,40.7137],[-73.5055,40.7293],[-73.5296,40.7294],[-73.5274,40.7467],[-73.5207,40.7632],[-73.51,40.7785],[-73.4956,40.7918],[-73.478,40.8028],[-73.4579,40.8109],[-73.4361,40.816],[-73.4134,40.8177],[-73.3875,40.8154],[-73.3628,40.8089],[-73.3407,40.7983],[-73.3223,40.7842],[-73.3081,40.7666],[-73.3299,40.7588],[-73.3235,40.7444],[-73.3213,40.7293]]]}},{"type":"Feature","properties":{"name":"LAKEHURST CLASS D","class":"D","lower":"0","lower_code":"SFC","upper":"2600"},"geometry":{"type":"Polygon","coordinates":[[[-74.3514,40.1058],[-74.3336,40.1045],[-74.3165,40.1005],[-74.3008,40.0941],[-74.2869,40.0853],[-74.2756,40.0747],[-74.2672,40.0626],[-74.262,40.0495],[-74.2602,40.0358],[-74.262,40.0222],[-74.2672,40.009],[-74.2756,39.9969],[-74.287,39.9862],[-74.3008,39.9775],[-74.3165,39.971],[-74.3337,39.9671],[-74.3514,39.9657],[-74.3692,39.9671],[-74.3863,39.9711],[-74.4021,39.9776],[-74.4158,39.9863],[-74.4272,39.9969],[-74.4356,40.009],[-74.4408,40.0222],[-74.4425,40.0359],[-74.4407,40.0496],[-74.4355,40.0627],[-74.4271,40.0748],[-74.4158,40.0854],[-74.402,40.094],[-74.3862,40.1005],[-74.3691,40.1045],[-74.3514,40.1058]]]}},{"type":"Feature","properties":{"name":"SANFORD CLASS C","class":"C","lower":"1300","lower_code":"MSL","upper":"3000"},"geometry":{"type":"Polygon","coordinates":[[[-81.0739,28.6934],[-81.4012,28.6933],[-81.4113,28.7109],[-81.4185,28.7277],[-81.4235,28.7451],[-81.4265,28.7629],[-81.4271,28.7826],[-81.4255,28.8005],[-81.4217,28.8181],[-81.4157,28.8353],[-81.4019,28.8613],[-81.3845,28.8834],[-81.0905,28.8833],[-81.0742,28.8627],[-81.0616,28.8402],[-81.053,28.8163],[-81.0486,28.7915],[-81.0484,28.7665],[-81.0524,28.7416],[-81.0607,28.7176],[-81.0739,28.6934]]]}},{"type":"Feature","properties":{"name":"ALAMOGORDO CLASS D","class":"D","lower":"0","lower_code":"SFC","upper":"6600"},"geometry":{"type":"Polygon","coordinates":[[[-106.1167,32.9426],[-106.1141,32.9324],[-106.0951,32.9321],[-106.0766,32.9286],[-106.0593,32.9221],[-106.0439,32.9129],[-106.0335,32.904],[-106.0239,32.8923],[-106.0169,32.8794],[-106.0131,32.8674],[-106.0236,32.8585],[-106.0293,32.8469],[-106.0292,32.8326],[-106.0264,32.8258],[-106.0207,32.8183],[-106.0269,32.8089],[-106.0374,32.7976],[-106.0518,32.787],[-106.0685,32.7791],[-106.0867,32.7742],[-106.1057,32.7724],[-106.1268,32.7743],[-106.1449,32.7793],[-106.1615,32.7874],[-106.1759,32.798],[-106.1874,32.8109],[-106.1956,32.8254],[-106.2003,32.8411],[-106.2005,32.8626],[-106.1947,32.8817],[-106.1871,32.8945],[-106.1784,32.9047],[-106.1662,32.9147],[-106.1521,32.9227],[-106.1554,32.9357],[-106.1167,32.9426]]]}},{"type":"Feature","properties":{"name":"ALBANY-SOUTHWEST GEORGIA REGIONAL AIRPORT CLASS D","class":"D","lower":"0","lower_code":"SFC","upper":"2700"},"geometry":{"type":"Polygon","coordinates":[[[-84.1945,31.6057],[-84.1784,31.6043],[-84.1631,31.6003],[-84.1489,31.5939],[-84.1365,31.5851],[-84.1264,31.5745],[-84.1188,31.5624],[-84.1142,31.5493],[-84.1126,31.5356],[-84.1141,31.5219],[-84.1188,31.5087],[-84.1264,31.4966],[-84.1366,31.4859],[-84.149,31.4772],[-84.1632,31.4707],[-84.1785,31.4667],[-84.1945,31.4654],[-84.2105,31.4667],[-84.2258,31.4707],[-84.24,31.4772],[-84.2524,31.486],[-84.2626,31.4966],[-84.2702,31.5087],[-84.2748,31.5219],[-84.2764,31.5355],[-84.2748,31.5493],[-84.2701,31.5624],[-84.2626,31.5745],[-84.2524,31.5851],[-84.2399,31.5939],[-84.2258,31.6003],[-84.2104,31.6043],[-84.1945,31.6057]]]}},{"type":"Feature","properties":{"name":"ATHENS CLASS D","class":"D","lower":"0","lower_code":"SFC","upper":"3300"},"geometry":{"type":"Polygon","coordinates":[[[-83.3259,34.0254],[-83.3079,34.024],[-83.2906,34.0196],[-83.2747,34.0125],[-83.2607,34.003],[-83.2493,33.9913],[-83.2408,33.9781],[-83.2355,33.9637],[-83.2338,33.9487],[-83.2355,33.9337],[-83.2408,33.9193],[-83.2493,33.9059],[-83.2608,33.8943],[-83.2748,33.8847],[-83.2907,33.8777],[-83.3079,33.8733],[-83.326,33.8718],[-83.3439,33.8733],[-83.3612,33.8777],[-83.3771,33.8848],[-83.3911,33.8944],[-83.4026,33.9061],[-83.4111,33.9193],[-83.4163,33.9337],[-83.4181,33.9487],[-83.4163,33.9637],[-83.4111,33.9781],[-83.4026,33.9913],[-83.3911,34.0029],[-83.3771,34.0125],[-83.3612,34.0196],[-83.3439,34.024],[-83.3259,34.0254]]]}},{"type":"Feature","properties":{"name":"ATLANTA CLASS D","class":"D","lower":"0","lower_code":"SFC","upper":"3500"},"geometry":{"type":"Polygon","coordinates":[[[-84.3819,33.8812],[-84.3725,33.9037],[-84.3746,33.9043],[-84.3736,33.906],[-84.3653,33.9169],[-84.3547,33.9263],[-84.3421,33.9338],[-84.3279,33.9392],[-84.3128,33.9422],[-84.2973,33.9427],[-84.282,33.9407],[-84.2674,33.9362],[-84.2541,33.9295],[-84.2426,33.9208],[-84.2334,33.9104],[-84.2267,33.8987],[-84.2229,33.8862],[-84.222,33.8733],[-84.2242,33.8602],[-84.2295,33.8477],[-84.2377,33.8363],[-84.2483,33.8265],[-84.2611,33.8186],[-84.2755,33.813],[-84.2909,33.8099],[-84.3068,33.8093],[-84.3225,33.8114],[-84.3374,33.8161],[-84.3509,33.8231],[-84.3624,33.8321],[-84.3716,33.8429],[-84.378,33.855],[-84.3815,33.868],[-84.3819,33.8812]]]}},{"type":"Feature","properties":{"name":"COLLEGE STATION CLASS D","class":"D","lower":"0","lower_code":"SFC","upper":"2500"},"geometry":{"type":"Polygon","coordinates":[[[-96.2995,30.6312],[-96.2908,30.6189],[-96.2847,30.6036],[-96.2429,30.5918],[-96.2679,30.525],[-96.3092,30.5367],[-96.3279,30.5256],[-96.3494,30.5195],[-96.372,30.5187],[-96.394,30.5234],[-96.4153,30.5342],[-96.4318,30.5501],[-96.442,30.5696],[-96.445,30.589],[-96.4688,30.5957],[-96.4532,30.637],[-96.4291,30.6302],[-96.4194,30.6396],[-96.408,30.6474],[-96.3832,30.6567],[-96.3604,30.6586],[-96.3379,30.655],[-96.3175,30.6461],[-96.2995,30.6312]]]}},{"type":"Feature","properties":{"name":"COLORADO SPRINGS USAF ACADEMY CLASS D","class":"D","lower":"0","lower_code":"SFC","upper":"8800"},"geometry":{"type":"Polygon","coordinates":[[[-104.8119,38.9197],[-104.8366,38.9232],[-104.8488,38.9282],[-104.8578,38.9339],[-104.8665,38.9421],[-104.872,38.95],[-104.8755,38.9586],[-104.8771,38.9675],[-104.8762,38.9782],[-104.8733,38.9869],[-104.8672,38.9965],[-104.8602,39.0036],[-104.8498,39.0107],[-104.8398,39.0152],[-104.8177,39.0196],[-104.7927,39.0172],[-104.7822,39.0136],[-104.7709,39.0074],[-104.7629,39.0009],[-104.7555,38.9918],[-104.7514,38.9835],[-104.7491,38.9728],[-104.7494,38.9639],[-104.7525,38.9534],[-104.7572,38.9452],[-104.7652,38.9364],[-104.7736,38.9303],[-104.7853,38.9246],[-104.7982,38.921],[-104.8119,38.9197]]]}},{"type":"Feature","properties":{"name":"HOUMA CLASS D","class":"D","lower":"0","lower_code":"SFC","upper":"2500"},"geometry":{"type":"Polygon","coordinates":[[[-90.6595,29.5012],[-90.6739,29.5022],[-90.6897,29.5063],[-90.7024,29.5121],[-90.7137,29.52],[-90.7242,29.5311],[-90.731,29.5421],[-90.7353,29.5542],[-90.737,29.5667],[-90.7356,29.581],[-90.7314,29.5931],[-90.7248,29.6043],[-90.7159,29.6142],[-90.7033,29.6235],[-90.6907,29.6295],[-90.6769,29.6333],[-90.6626,29.6349],[-90.6482,29.634],[-90.6343,29.6308],[-90.6213,29.6254],[-90.6081,29.6167],[-90.5986,29.6073],[-90.5913,29.5964],[-90.5865,29.5845],[-90.5841,29.5703],[-90.585,29.5577],[-90.5886,29.5455],[-90.5947,29.5341],[-90.6046,29.5226],[-90.6153,29.5142],[-90.6295,29.507],[-90.6432,29.503],[-90.6595,29.5012]]]}},{"type":"Feature","properties":{"name":"SANFORD CLASS C","class":"C","lower":"0","lower_code":"SFC","upper":"3000"},"geometry":{"type":"Polygon","coordinates":[[[-81.2352,28.6942],[-81.2555,28.6957],[-81.2731,28.7003],[-81.2894,28.7078],[-81.3037,28.7179],[-81.3155,28.7303],[-81.3245,28.7444],[-81.3301,28.7598],[-81.3323,28.7759],[-81.331,28.792],[-81.3261,28.8077],[-81.3179,28.8221],[-81.3067,28.835],[-81.2929,28.8456],[-81.277,28.8538],[-81.2596,28.859],[-81.2414,28.8613],[-81.221,28.8601],[-81.1995,28.8543],[-81.1818,28.8454],[-81.1667,28.8333],[-81.1667,28.7222],[-81.1801,28.7112],[-81.1976,28.702],[-81.2169,28.6962],[-81.2352,28.6942]]]}},{"type":"Feature","properties":{"name":"WHIDBEY ISLAND NAS CLASS C","class":"C","lower":"0","lower_code":"SFC","upper":"4000"},"geometry":{"type":"Polygon","coordinates":[[[-122.6542,48.2687],[-122.6757,48.2698],[-122.694,48.2727],[-122.7114,48.2775],[-122.7276,48.2839],[-122.7421,48.2919],[-122.7547,48.3013],[-122.765,48.3118],[-122.7728,48.3233],[-122.7785,48.3371],[-122.7804,48.3496],[-122.7796,48.3622],[-122.7758,48.3745],[-122.7694,48.3863],[-122.7603,48.3974],[-122.7489,48.4074],[-122.7353,48.4161],[-122.7104,48.4268],[-122.6824,48.4333],[-122.6529,48.4352],[-122.6235,48.4324],[-122.5959,48.4251],[-122.5718,48.4137],[-122.5523,48.3989],[-122.5386,48.3814],[-122.5316,48.3622],[-122.5314,48.3425],[-122.5383,48.3233],[-122.5517,48.3057],[-122.571,48.2907],[-122.5949,48.2791],[-122.6223,48.2717],[-122.6542,48.2687]]]}},{"type":"Feature","properties":{"name":"WHIDBEY ISLAND NAS CLASS C","class":"C","lower":"1300","lower_code":"MSL","upper":"4000"},"geometry":{"type":"Polygon","coordinates":[[[-122.6574,48.2685],[-122.6202,48.2719],[-122.5884,48.2816],[-122.5619,48.2967],[-122.5505,48.3067],[-122.5426,48.3161],[-122.5358,48.3278],[-122.5317,48.3401],[-122.5304,48.3526],[-122.5316,48.3634],[-122.5356,48.3757],[-122.5411,48.3858],[-122.5501,48.3969],[-122.5596,48.4056],[-122.4636,48.4589],[-122.4431,48.44],[-122.4257,48.4178],[-122.4156,48.3992],[-122.4086,48.3782],[-122.4057,48.3585],[-122.4065,48.337],[-122.411,48.3175],[-122.4197,48.2968],[-122.4312,48.2786],[-122.4473,48.2599],[-122.4651,48.2441],[-122.4875,48.2287],[-122.5105,48.2163],[-122.5379,48.205],[-122.5647,48.1967],[-122.5954,48.1902],[-122.6244,48.1866],[-122.6565,48.1853],[-122.6887,48.1867],[-122.7202,48.191],[-122.7507,48.1979],[-122.7773,48.2064],[-122.8044,48.2181],[-122.8271,48.2308],[-122.849,48.2465],[-122.8664,48.2625],[-122.8819,48.2814],[-122.8929,48.2997],[-122.9011,48.3206],[-122.9049,48.3401],[-122.9052,48.3616],[-122.9018,48.3813],[-122.8941,48.4022],[-122.8835,48.4206],[-122.8698,48.4381],[-122.8546,48.453],[-122.8372,48.4666],[-122.8176,48.479],[-122.7939,48.4909],[-122.7706,48.5],[-122.746,48.5074],[-122.7203,48.5129],[-122.6878,48.4325],[-122.7081,48.4276],[-122.7291,48.4195],[-122.7454,48.4101],[-122.7605,48.3974],[-122.7706,48.3848],[-122.778,48.3694],[-122.7807,48.3533],[-122.7787,48.3372],[-122.7731,48.3234],[-122.764,48.3103],[-122.7517,48.2986],[-122.7365,48.2884],[-122.7189,48.28],[-122.6995,48.2739],[-122.6788,48.27],[-122.6574,48.2685]]]}},{"type":"Feature","properties":{"name":"WHIDBEY ISLAND NAS CLASS C","class":"C","lower":"2000","lower_code":"MSL","upper":"4000"},"geometry":{"type":"Polygon","coordinates":[[[-122.4637,48.4589],[-122.5597,48.4055],[-122.5727,48.4145],[-122.5877,48.422],[-122.6191,48.4317],[-122.6534,48.4353],[-122.6878,48.4325],[-122.7203,48.5129],[-122.6861,48.5173],[-122.6513,48.5186],[-122.6166,48.5166],[-122.5801,48.5108],[-122.5477,48.5023],[-122.5174,48.4909],[-122.4898,48.4768],[-122.4637,48.4589]]]}},{"type":"Feature","properties":{"name":"ATLANTA CLASS D","class":"D","lower":"0","lower_code":"SFC","upper":"3300"},"geometry":{"type":"Polygon","coordinates":[[[-84.47,33.8303],[-84.458,33.8199],[-84.449,33.8075],[-84.4433,33.7939],[-84.4414,33.7794],[-84.4432,33.765],[-84.4487,33.7513],[-84.4576,33.7388],[-84.4696,33.7282],[-84.484,33.7201],[-84.5001,33.7147],[-84.5172,33.7124],[-84.5346,33.7133],[-84.5513,33.7172],[-84.5666,33.724],[-84.5798,33.7335],[-84.5902,33.7451],[-84.5962,33.7557],[-84.6,33.7669],[-84.6013,33.7785],[-84.6002,33.7902],[-84.5967,33.8015],[-84.5909,33.8121],[-84.583,33.8217],[-84.5732,33.83],[-84.5671,33.8339],[-84.47,33.8303]]]}},{"type":"Feature","properties":{"name":"ATWATER CLASS D","class":"D","lower":"0","lower_code":"SFC","upper":"2000"},"geometry":{"type":"Polygon","coordinates":[[[-120.5117,37.3184],[-120.5699,37.3409],[-120.6635,37.3911],[-120.6592,37.4053],[-120.6517,37.4186],[-120.6391,37.4324],[-120.623,37.4436],[-120.6041,37.4517],[-120.5836,37.4562],[-120.5622,37.4571],[-120.5411,37.4541],[-120.5214,37.4475],[-120.5039,37.4376],[-120.4897,37.4249],[-120.4794,37.41],[-120.4734,37.3936],[-120.4721,37.3765],[-120.4756,37.3597],[-120.4836,37.3439],[-120.4959,37.3299],[-120.5117,37.3184]]]}},{"type":"Feature","properties":{"name":"AUGUSTA CLASS D","class":"D","lower":"0","lower_code":"SFC","upper":"2600"},"geometry":{"type":"Polygon","coordinates":[[[-81.9644,33.4585],[-81.9438,33.4568],[-81.924,33.4517],[-81.9058,33.4436],[-81.8898,33.4326],[-81.8767,33.4192],[-81.867,33.4039],[-81.861,33.3873],[-81.859,33.37],[-81.861,33.3528],[-81.867,33.3361],[-81.8767,33.3209],[-81.8899,33.3074],[-81.9058,33.2964],[-81.9241,33.2882],[-81.9439,33.2832],[-81.9645,33.2815],[-81.985,33.2832],[-82.0048,33.2883],[-82.0231,33.2965],[-82.039,33.3075],[-82.0522,33.3209],[-82.0619,33.3362],[-82.0679,33.3529],[-82.0699,33.3701],[-82.0679,33.3874],[-82.0619,33.404],[-82.0521,33.4193],[-82.039,33.4326],[-82.023,33.4436],[-82.0048,33.4518],[-81.985,33.4568],[-81.9644,33.4585]]]}},{"type":"Feature","properties":{"name":"DETROIT, WILLOW RUN AIRPORT CLASS D","class":"D","lower":"0","lower_code":"SFC","upper":"3000"},"geometry":{"type":"Polygon","coordinates":[[[-83.5277,42.1644],[-83.5446,42.1651],[-83.5633,42.1686],[-83.5808,42.1746],[-83.5946,42.1819],[-83.608,42.1923],[-83.6173,42.2027],[-83.6248,42.216],[-83.6284,42.2282],[-83.6291,42.2426],[-83.6266,42.255],[-83.6202,42.2686],[-83.6118,42.2795],[-83.5994,42.2904],[-83.5862,42.2984],[-83.5693,42.3053],[-83.5532,42.3092],[-83.534,42.3111],[-83.5147,42.3102],[-83.496,42.3065],[-83.4787,42.3002],[-83.4633,42.2915],[-83.4505,42.2808],[-83.4408,42.2683],[-83.4345,42.2548],[-83.4446,42.2017],[-83.4526,42.1928],[-83.4677,42.1812],[-83.4859,42.1723],[-83.5062,42.1667],[-83.5277,42.1644]]]}},{"type":"Feature","properties":{"name":"DOTHAN CLASS D","class":"D","lower":"0","lower_code":"SFC","upper":"2900"},"geometry":{"type":"Polygon","coordinates":[[[-85.4495,31.3995],[-85.4316,31.398],[-85.4144,31.3935],[-85.3986,31.3863],[-85.3848,31.3765],[-85.3734,31.3647],[-85.365,31.3511],[-85.3598,31.3364],[-85.358,31.3211],[-85.3598,31.3058],[-85.365,31.291],[-85.3734,31.2774],[-85.3848,31.2655],[-85.3987,31.2558],[-85.4145,31.2485],[-85.4316,31.244],[-85.4495,31.2425],[-85.4673,31.244],[-85.4845,31.2485],[-85.5003,31.2558],[-85.5142,31.2656],[-85.5256,31.2775],[-85.534,31.2911],[-85.5392,31.3058],[-85.5409,31.321],[-85.5392,31.3364],[-85.534,31.3511],[-85.5255,31.3647],[-85.5142,31.3765],[-85.5002,31.3863],[-85.4845,31.3936],[-85.4673,31.398],[-85.4495,31.3995]]]}},{"type":"Feature","properties":{"name":"DUBUQUE CLASS D","class":"D","lower":"0","lower_code":"SFC","upper":"3600"},"geometry":{"type":"Polygon","coordinates":[[[-90.7094,42.472],[-90.6909,42.4706],[-90.6732,42.4666],[-90.6569,42.4602],[-90.6426,42.4515],[-90.6309,42.4409],[-90.6222,42.4288],[-90.6168,42.4157],[-90.615,42.402],[-90.6168,42.3883],[-90.6222,42.3751],[-90.6309,42.3631],[-90.6427,42.3524],[-90.657,42.3437],[-90.6733,42.3372],[-90.6911,42.3333],[-90.7095,42.3319],[-90.7279,42.3333],[-90.7456,42.3373],[-90.762,42.3438],[-90.7763,42.3525],[-90.788,42.3631],[-90.7967,42.3752],[-90.8021,42.3884],[-90.8039,42.402],[-90.8021,42.4157],[-90.7967,42.4288],[-90.788,42.4409],[-90.7762,42.4515],[-90.7619,42.4602],[-90.7456,42.4666],[-90.7279,42.4706],[-90.7094,42.472]]]}},{"type":"Feature","properties":{"name":"THE EASTERN IOWA AIRPORT CLASS C","class":"C","lower":"2100","lower_code":"MSL","upper":"4900"},"geometry":{"type":"Polygon","coordinates":[[[-91.7108,42.0514],[-91.6672,42.0482],[-91.6254,42.0388],[-91.5868,42.0234],[-91.553,42.0027],[-91.5252,41.9774],[-91.5046,41.9486],[-91.4973,41.9333],[-91.492,41.9174],[-91.4887,41.9013],[-91.4877,41.8849],[-91.4887,41.8686],[-91.4919,41.8525],[-91.4972,41.8366],[-91.5047,41.8211],[-91.5253,41.7922],[-91.5531,41.7668],[-91.5868,41.7461],[-91.6254,41.7307],[-91.6673,41.7212],[-91.7109,41.718],[-91.7545,41.7212],[-91.7963,41.7307],[-91.8349,41.7462],[-91.8686,41.7669],[-91.8964,41.7923],[-91.9169,41.8211],[-91.9244,41.8366],[-91.9297,41.8524],[-91.9329,41.8686],[-91.9339,41.8849],[-91.9329,41.9012],[-91.9297,41.9174],[-91.9244,41.9332],[-91.917,41.9486],[-91.8964,41.9774],[-91.8687,42.0026],[-91.8349,42.0233],[-91.7963,42.0387],[-91.7544,42.0482],[-91.7108,42.0514]]]}},{"type":"Feature","properties":{"name":"JACKSONVILLE CECIL AIRPORT CLASS D","class":"D","lower":"0","lower_code":"SFC","upper":"2600"},"geometry":{"type":"Polygon","coordinates":[[[-81.8016,30.2479],[-81.8001,30.245],[-81.8,30.193],[-81.8012,30.1904],[-81.8095,30.1775],[-81.8207,30.1663],[-81.8343,30.1574],[-81.8497,30.151],[-81.8662,30.1476],[-81.8832,30.1471],[-81.9,30.1497],[-81.9158,30.1553],[-81.93,30.1635],[-81.9419,30.1741],[-81.9511,30.1865],[-81.9571,30.2003],[-81.9597,30.2134],[-81.9594,30.2266],[-81.9564,30.2395],[-81.9507,30.2518],[-81.9424,30.263],[-81.932,30.2726],[-81.9197,30.2804],[-81.906,30.2861],[-81.8402,30.2823],[-81.8389,30.2686],[-81.8307,30.2568],[-81.8173,30.2494],[-81.8016,30.2479]]]}},{"type":"Feature","properties":{"name":"JACKSONVILLE EXECUTIVE AIRPORT AT CRAIG CLASS D","class":"D","lower":"0","lower_code":"SFC","upper":"2500"},"geometry":{"type":"Polygon","coordinates":[[[-81.5144,30.2662],[-81.5301,30.2675],[-81.5454,30.2715],[-81.5594,30.278],[-81.5716,30.2867],[-81.5817,30.2974],[-81.5892,30.3095],[-81.5938,30.3226],[-81.5953,30.3363],[-81.5938,30.35],[-81.5892,30.3632],[-81.5817,30.3753],[-81.5717,30.3859],[-81.5595,30.3946],[-81.5455,30.4011],[-81.5304,30.4051],[-81.5145,30.4065],[-81.5037,30.4059],[-81.4353,30.3218],[-81.4393,30.3104],[-81.4454,30.2997],[-81.4536,30.2901],[-81.4635,30.2818],[-81.4749,30.2751],[-81.4874,30.2702],[-81.5007,30.2672],[-81.5144,30.2662]]]}},{"type":"Feature","properties":{"name":"SHAW AFB CLASS C","class":"C","lower":"0","lower_code":"SFC","upper":"4200"},"geometry":{"type":"Polygon","coordinates":[[[-80.471,33.8896],[-80.4904,33.8909],[-80.509,33.8952],[-80.5263,33.9025],[-80.5416,33.9124],[-80.5544,33.9246],[-80.564,33.9387],[-80.5703,33.954],[-80.5729,33.97],[-80.5717,33.9861],[-80.5669,34.0018],[-80.5585,34.0163],[-80.5468,34.0293],[-80.5324,34.0401],[-80.5158,34.0485],[-80.4975,34.0539],[-80.4783,34.0564],[-80.4568,34.0555],[-80.436,34.0507],[-80.4169,34.0423],[-80.4004,34.0308],[-80.3896,34.0196],[-80.396,34.0126],[-80.4001,34.0045],[-80.4015,33.9958],[-80.3995,33.9853],[-80.396,33.9789],[-80.3894,33.972],[-80.3732,33.9639],[-80.3766,33.9498],[-80.3828,33.9364],[-80.3917,33.9241],[-80.4045,33.912],[-80.4181,33.9031],[-80.4353,33.8957],[-80.4518,33.8914],[-80.471,33.8896]]]}},{"type":"Feature","properties":{"name":"ANN ARBOR CLASS D","class":"D","lower":"0","lower_code":"SFC","upper":"3300"},"geometry":{"type":"Polygon","coordinates":[[[-83.7456,42.2964],[-83.7263,42.295],[-83.7078,42.2908],[-83.6908,42.2841],[-83.6758,42.275],[-83.6635,42.2639],[-83.6544,42.2512],[-83.6488,42.2375],[-83.6469,42.2231],[-83.6488,42.2088],[-83.6544,42.195],[-83.6634,42.1824],[-83.6758,42.1712],[-83.6907,42.1621],[-83.7077,42.1553],[-83.7262,42.1511],[-83.7456,42.1497],[-83.765,42.1511],[-83.7834,42.1553],[-83.8004,42.1621],[-83.8154,42.1712],[-83.8277,42.1824],[-83.8368,42.1951],[-83.8424,42.2088],[-83.8443,42.2231],[-83.8424,42.2374],[-83.8367,42.2512],[-83.8276,42.2638],[-83.8154,42.2749],[-83.8005,42.284],[-83.7834,42.2908],[-83.7649,42.295],[-83.7456,42.2964]]]}},{"type":"Feature","properties":{"name":"ARDMORE CLASS D","class":"D","lower":"0","lower_code":"SFC","upper":"3300"},"geometry":{"type":"Polygon","coordinates":[[[-97.0206,34.3757],[-97.0037,34.3743],[-96.9875,34.3702],[-96.9726,34.3636],[-96.9594,34.3546],[-96.9487,34.3438],[-96.9407,34.3314],[-96.9358,34.318],[-96.9341,34.3039],[-96.9357,34.2899],[-96.9407,34.2764],[-96.9487,34.264],[-96.9595,34.2531],[-96.9726,34.2442],[-96.9875,34.2375],[-97.0037,34.2335],[-97.0206,34.2321],[-97.0376,34.2335],[-97.0537,34.2376],[-97.0687,34.2442],[-97.0818,34.2531],[-97.0926,34.2641],[-97.1005,34.2765],[-97.1054,34.2899],[-97.1071,34.3039],[-97.1054,34.3179],[-97.1005,34.3314],[-97.0925,34.3438],[-97.0818,34.3546],[-97.0686,34.3636],[-97.0537,34.3702],[-97.0375,34.3743],[-97.0206,34.3757]]]}},{"type":"Feature","properties":{"name":"ARLINGTON CLASS D","class":"D","lower":"0","lower_code":"SFC","upper":"2000"},"geometry":{"type":"Polygon","coordinates":[[[-97.0911,32.5973],[-97.1059,32.598],[-97.1223,32.6016],[-97.1355,32.6071],[-97.1474,32.6146],[-97.1586,32.6253],[-97.1659,32.6362],[-97.1708,32.648],[-97.173,32.6604],[-97.172,32.6747],[-97.1682,32.6868],[-97.1619,32.6981],[-97.1531,32.7082],[-97.1422,32.7167],[-97.1297,32.7234],[-97.1159,32.728],[-97.1013,32.7302],[-97.0844,32.7301],[-97.0572,32.6361],[-97.0586,32.6044],[-97.0744,32.5994],[-97.0911,32.5973]]]}},{"type":"Feature","properties":{"name":"SAN JOSE CLASS C","class":"C","lower":"0","lower_code":"SFC","upper":"4000"},"geometry":{"type":"Polygon","coordinates":[[[-121.8899,37.4405],[-121.8743,37.3958],[-121.8465,37.3683],[-121.8384,37.355],[-121.8394,37.349],[-121.8519,37.3397],[-121.8365,37.3236],[-121.8424,37.3159],[-121.8576,37.3018],[-121.8764,37.2907],[-121.8979,37.2832],[-121.9208,37.2798],[-121.9442,37.2805],[-121.9667,37.2853],[-121.9874,37.294],[-122.0051,37.3061],[-122.016,37.3172],[-122.0244,37.3296],[-122.0301,37.3429],[-122.0329,37.3567],[-122.0327,37.3708],[-122.0296,37.3847],[-122.0236,37.3979],[-122.0149,37.4101],[-122.0038,37.421],[-121.9904,37.4303],[-121.9755,37.4376],[-121.9591,37.4428],[-121.9418,37.4458],[-121.9242,37.4464],[-121.9067,37.4446],[-121.8899,37.4405]]]}},{"type":"Feature","properties":{"name":"SAN JOSE CLASS C","class":"C","lower":"1500","lower_code":"MSL","upper":"4000"},"geometry":{"type":"Polygon","coordinates":[[[-121.7667,37.2576],[-121.7858,37.2412],[-121.8076,37.227],[-121.8316,37.2152],[-121.8573,37.2062],[-121.8929,37.2846],[-121.8746,37.2916],[-121.8583,37.3013],[-121.8447,37.3133],[-121.8342,37.3273],[-121.7667,37.2576]]]}},{"type":"Feature","properties":{"name":"LANCASTER CLASS D","class":"D","lower":"0","lower_code":"SFC","upper":"4800"},"geometry":{"type":"Polygon","coordinates":[[[-118.2186,34.8078],[-118.2029,34.8066],[-118.1877,34.8028],[-118.1737,34.7966],[-118.1614,34.7883],[-118.1514,34.7782],[-118.1439,34.7667],[-118.1393,34.7542],[-118.1377,34.7411],[-118.1393,34.7281],[-118.1439,34.7155],[-118.1514,34.704],[-118.1615,34.6938],[-118.1737,34.6855],[-118.1877,34.6794],[-118.2029,34.6756],[-118.2187,34.6743],[-118.2344,34.6756],[-118.2496,34.6794],[-118.2636,34.6856],[-118.2759,34.6939],[-118.2859,34.704],[-118.2934,34.7156],[-118.298,34.7281],[-118.2995,34.7411],[-118.298,34.7541],[-118.2934,34.7666],[-118.2859,34.7782],[-118.2759,34.7883],[-118.2636,34.7966],[-118.2496,34.8028],[-118.2344,34.8066],[-118.2186,34.8078]]]}},{"type":"Feature","properties":{"name":"LANCASTER CLASS D","class":"D","lower":"0","lower_code":"SFC","upper":"2900"},"geometry":{"type":"Polygon","coordinates":[[[-76.2944,40.1907],[-76.277,40.1894],[-76.2603,40.1856],[-76.2448,40.1792],[-76.2314,40.1707],[-76.2203,40.1604],[-76.2121,40.1486],[-76.207,40.1358],[-76.2053,40.1224],[-76.207,40.1091],[-76.2121,40.0962],[-76.2203,40.0844],[-76.2314,40.074],[-76.2449,40.0655],[-76.2603,40.0592],[-76.277,40.0553],[-76.2944,40.054],[-76.3117,40.0553],[-76.3285,40.0592],[-76.3439,40.0655],[-76.3574,40.074],[-76.3685,40.0844],[-76.3767,40.0962],[-76.3817,40.1091],[-76.3834,40.1224],[-76.3817,40.1358],[-76.3766,40.1486],[-76.3684,40.1604],[-76.3573,40.1708],[-76.3438,40.1792],[-76.3284,40.1855],[-76.3117,40.1894],[-76.2944,40.1907]]]}},{"type":"Feature","properties":{"name":"TALLAHASSEE REGIONAL AIRPORT CLASS C","class":"C","lower":"0","lower_code":"SFC","upper":"4100"},"geometry":{"type":"Polygon","coordinates":[[[-84.3495,30.3131],[-84.3681,30.3145],[-84.388,30.3197],[-84.4044,30.3274],[-84.4188,30.3377],[-84.4307,30.3503],[-84.4395,30.3646],[-84.445,30.3801],[-84.4469,30.3962],[-84.4452,30.4123],[-84.44,30.4279],[-84.4313,30.4422],[-84.4196,30.4549],[-84.4054,30.4654],[-84.389,30.4733],[-84.3712,30.4783],[-84.3526,30.4802],[-84.334,30.479],[-84.3159,30.4746],[-84.2992,30.4674],[-84.2844,30.4574],[-84.2721,30.4452],[-84.2628,30.4312],[-84.2568,30.4158],[-84.2542,30.398],[-84.2557,30.3818],[-84.2608,30.3662],[-84.2693,30.3518],[-84.2808,30.339],[-84.295,30.3284],[-84.3112,30.3204],[-84.3289,30.3153],[-84.3495,30.3131]]]}},{"type":"Feature","properties":{"name":"TALLAHASSEE REGIONAL AIRPORT CLASS C","class":"C","lower":"1400","lower_code":"MSL","upper":"4100"},"geometry":{"type":"Polygon","coordinates":[[[-84.3485,30.2296],[-84.3857,30.2324],[-84.4235,30.242],[-84.4565,30.2572],[-84.4856,30.2775],[-84.5095,30.3024],[-84.5276,30.3307],[-84.5389,30.3616],[-84.5432,30.3938],[-84.5425,30.4118],[-84.5399,30.4279],[-84.5294,30.459],[-84.5122,30.4878],[-84.4888,30.5131],[-84.4603,30.5341],[-84.4275,30.5498],[-84.3919,30.5598],[-84.3547,30.5637],[-84.3174,30.5612],[-84.2813,30.5526],[-84.2478,30.538],[-84.2167,30.5169],[-84.1924,30.4923],[-84.1741,30.464],[-84.1625,30.4332],[-84.1593,30.4172],[-84.1579,30.3992],[-84.1609,30.3669],[-84.1712,30.3357],[-84.1881,30.3069],[-84.2126,30.2801],[-84.2412,30.2592],[-84.2738,30.2434],[-84.3093,30.2335],[-84.3485,30.2296]]]}},{"type":"Feature","properties":{"name":"BISMARCK CLASS D","class":"D","lower":"0","lower_code":"SFC","upper":"4200"},"geometry":{"type":"Polygon","coordinates":[[[-100.7452,46.6939],[-100.766,46.6949],[-100.7837,46.6978],[-100.8005,46.7026],[-100.8161,46.7092],[-100.8318,46.7186],[-100.8434,46.7283],[-100.8526,46.7391],[-100.8592,46.7508],[-100.8634,46.7649],[-100.8641,46.7774],[-100.8618,46.7899],[-100.8568,46.8019],[-100.8491,46.8133],[-100.8389,46.8237],[-100.8264,46.8329],[-100.812,46.8406],[-100.7887,46.8487],[-100.7634,46.8531],[-100.7373,46.8535],[-100.7093,46.8494],[-100.6858,46.8416],[-100.6654,46.8304],[-100.6491,46.8164],[-100.637,46.7985],[-100.6318,46.781],[-100.6325,46.7631],[-100.6389,46.7457],[-100.6522,46.7283],[-100.6693,46.7148],[-100.6927,46.7035],[-100.7169,46.6968],[-100.7452,46.6939]]]}},{"type":"Feature","properties":{"name":"FAYETTEVILLE CLASS D","class":"D","lower":"0","lower_code":"SFC","upper":"3800"},"geometry":{"type":"Polygon","coordinates":[[[-94.1492,35.9268],[-94.1496,35.9063],[-94.1947,35.9069],[-94.194,35.9412],[-94.2124,35.9479],[-94.2284,35.958],[-94.2407,35.9711],[-94.2488,35.9861],[-94.2522,36.0054],[-94.2486,36.0248],[-94.2423,36.0369],[-94.2332,36.0479],[-94.2216,36.0571],[-94.208,36.0643],[-94.2128,36.081],[-94.1727,36.0885],[-94.1679,36.0718],[-94.1427,36.068],[-94.1201,36.0581],[-94.1024,36.043],[-94.0913,36.0241],[-94.0885,36.0131],[-94.088,36.0018],[-94.0898,35.9907],[-94.094,35.9798],[-94.1018,35.9679],[-94.1125,35.9574],[-94.1255,35.949],[-94.1404,35.9428],[-94.1384,35.9277],[-94.1492,35.9268]]]}},{"type":"Feature","properties":{"name":"FLORENCE CLASS D","class":"D","lower":"0","lower_code":"SFC","upper":"2600"},"geometry":{"type":"Polygon","coordinates":[[[-79.7239,34.2557],[-79.7074,34.2543],[-79.6916,34.2503],[-79.677,34.2439],[-79.6642,34.2351],[-79.6537,34.2245],[-79.6459,34.2124],[-79.6411,34.1993],[-79.6395,34.1856],[-79.6411,34.1719],[-79.6459,34.1587],[-79.6537,34.1466],[-79.6642,34.136],[-79.677,34.1273],[-79.6916,34.1208],[-79.7075,34.1168],[-79.7239,34.1154],[-79.7403,34.1168],[-79.7562,34.1208],[-79.7708,34.1273],[-79.7836,34.136],[-79.7941,34.1467],[-79.8019,34.1588],[-79.8066,34.1719],[-79.8083,34.1856],[-79.8066,34.1993],[-79.8018,34.2124],[-79.7941,34.2245],[-79.7836,34.2351],[-79.7708,34.2438],[-79.7562,34.2503],[-79.7404,34.2543],[-79.7239,34.2557]]]}},{"type":"Feature","properties":{"name":"FORT BELVOIR CLASS D","class":"D","lower":"0","lower_code":"SFC","upper":"2500"},"geometry":{"type":"Polygon","coordinates":[[[-77.2264,38.7919],[-77.2158,38.7838],[-77.2005,38.7873],[-77.1848,38.7888],[-77.1689,38.7881],[-77.1512,38.7848],[-77.1289,38.7678],[-77.1025,38.7548],[-77.0929,38.739],[-77.0881,38.7202],[-77.0879,38.7148],[-77.0935,38.7118],[-77.0951,38.7085],[-77.0944,38.705],[-77.0897,38.7013],[-77.0906,38.698],[-77.1003,38.6789],[-77.0947,38.6747],[-77.1237,38.6503],[-77.1294,38.6545],[-77.1519,38.6458],[-77.1765,38.6421],[-77.1971,38.643],[-77.2189,38.6481],[-77.2368,38.6561],[-77.252,38.6669],[-77.2648,38.6817],[-77.2722,38.6968],[-77.2747,38.7074],[-77.2752,38.7181],[-77.2736,38.7288],[-77.2694,38.7409],[-77.2802,38.7491],[-77.2264,38.7919]]]}},{"type":"Feature","properties":{"name":"FORT CAMPBELL CLASS D","class":"D","lower":"0","lower_code":"SFC","upper":"3100"},"geometry":{"type":"Polygon","coordinates":[[[-87.4115,36.572],[-87.4185,36.572],[-87.4217,36.5548],[-87.4319,36.5395],[-87.4439,36.5301],[-87.4587,36.5237],[-87.4768,36.5206],[-87.4952,36.5219],[-87.5123,36.5275],[-87.5266,36.537],[-87.5363,36.5485],[-87.5416,36.5617],[-87.5423,36.5756],[-87.5383,36.589],[-87.5605,36.5997],[-87.5792,36.6141],[-87.5934,36.6315],[-87.6024,36.6511],[-87.6056,36.6707],[-87.6035,36.6904],[-87.5962,36.7093],[-87.5841,36.7265],[-87.5671,36.7416],[-87.5463,36.7534],[-87.5228,36.7611],[-87.4977,36.7644],[-87.4725,36.7633],[-87.4481,36.7576],[-87.4259,36.7477],[-87.4069,36.7341],[-87.3945,36.7208],[-87.3853,36.7057],[-87.3786,36.6844],[-87.3785,36.6624],[-87.3675,36.6542],[-87.3593,36.6441],[-87.3544,36.6328],[-87.3529,36.6208],[-87.3542,36.6116],[-87.3577,36.6027],[-87.3704,36.5871],[-87.3891,36.5764],[-87.4115,36.572]]]}},{"type":"Feature","properties":{"name":"FORT CARSON CLASS D","class":"D","lower":"0","lower_code":"SFC","upper":"8400"},"geometry":{"type":"Polygon","coordinates":[[[-104.688,38.723],[-104.6804,38.7137],[-104.6746,38.7035],[-104.671,38.6928],[-104.6695,38.6818],[-104.6701,38.6707],[-104.673,38.6599],[-104.6779,38.6495],[-104.6849,38.6398],[-104.704,38.6235],[-104.7285,38.6126],[-104.7561,38.608],[-104.7842,38.6103],[-104.8029,38.6159],[-104.8195,38.6245],[-104.8333,38.6358],[-104.8437,38.6491],[-104.8505,38.6651],[-104.8524,38.6818],[-104.8493,38.6985],[-104.8413,38.7141],[-104.8751,38.7617],[-104.8059,38.7918],[-104.8006,38.7765],[-104.7917,38.7622],[-104.7795,38.7496],[-104.7645,38.7389],[-104.7471,38.7307],[-104.7281,38.7252],[-104.7082,38.7226],[-104.688,38.723]]]}},{"type":"Feature","properties":{"name":"FORT EUSTIS CLASS D","class":"D","lower":"0","lower_code":"SFC","upper":"2500"},"geometry":{"type":"Polygon","coordinates":[[[-76.5489,37.1881],[-76.5627,37.1771],[-76.5733,37.164],[-76.58,37.1494],[-76.5826,37.1339],[-76.5813,37.1193],[-76.5762,37.1051],[-76.5653,37.0895],[-76.5499,37.0765],[-76.5528,37.0746],[-76.5699,37.0661],[-76.5892,37.0609],[-76.6092,37.0592],[-76.6293,37.061],[-76.6485,37.0664],[-76.6657,37.075],[-76.6802,37.0864],[-76.6911,37.0999],[-76.6968,37.1117],[-76.7,37.124],[-76.7005,37.1366],[-76.6983,37.149],[-76.6935,37.161],[-76.6862,37.1722],[-76.6766,37.1822],[-76.6651,37.1906],[-76.6519,37.1975],[-76.6374,37.2024],[-76.622,37.2053],[-76.6064,37.206],[-76.5907,37.2046],[-76.5757,37.2011],[-76.5616,37.1955],[-76.5489,37.1881]]]}},{"type":"Feature","properties":{"name":"FORT HUACHUCA CLASS D","class":"D","lower":"0","lower_code":"SFC","upper":"7200"},"geometry":{"type":"Polygon","coordinates":[[[-110.3444,31.6671],[-110.3265,31.6656],[-110.3093,31.6611],[-110.2935,31.6539],[-110.2796,31.6441],[-110.2682,31.6323],[-110.2597,31.6187],[-110.2545,31.604],[-110.2527,31.5886],[-110.2545,31.5734],[-110.2597,31.5586],[-110.2682,31.545],[-110.2796,31.5331],[-110.2935,31.5234],[-110.3094,31.5161],[-110.3265,31.5116],[-110.3445,31.5101],[-110.3623,31.5116],[-110.3796,31.5161],[-110.3955,31.5234],[-110.4093,31.5331],[-110.4207,31.5451],[-110.4292,31.5586],[-110.4344,31.5733],[-110.4362,31.5886],[-110.4344,31.604],[-110.4292,31.6187],[-110.4207,31.6322],[-110.4093,31.6441],[-110.3954,31.6539],[-110.3795,31.6611],[-110.3623,31.6656],[-110.3444,31.6671]]]}},{"type":"Feature","properties":{"name":"MANASSAS CLASS D","class":"D","lower":"0","lower_code":"SFC","upper":"2000"},"geometry":{"type":"Polygon","coordinates":[[[-77.5151,38.8044],[-77.4942,38.8028],[-77.4743,38.7981],[-77.4559,38.7904],[-77.4398,38.78],[-77.4265,38.7674],[-77.4167,38.753],[-77.4107,38.7374],[-77.4086,38.721],[-77.4107,38.7048],[-77.4167,38.6891],[-77.4266,38.6747],[-77.4399,38.662],[-77.4559,38.6517],[-77.4744,38.6439],[-77.4943,38.6392],[-77.5151,38.6376],[-77.536,38.6392],[-77.5559,38.644],[-77.5743,38.6517],[-77.5904,38.6621],[-77.6037,38.6748],[-77.6135,38.6892],[-77.6195,38.7049],[-77.6216,38.7211],[-77.6195,38.7374],[-77.6134,38.7531],[-77.6036,38.7674],[-77.5904,38.7801],[-77.5742,38.7904],[-77.5558,38.7981],[-77.5359,38.8028],[-77.5151,38.8044]]]}},{"type":"Feature","properties":{"name":"MANHATTAN CLASS D","class":"D","lower":"0","lower_code":"SFC","upper":"3600"},"geometry":{"type":"Polygon","coordinates":[[[-96.7382,39.1144],[-96.7169,39.1389],[-96.7169,39.1564],[-96.6822,39.1786],[-96.6822,39.2047],[-96.6957,39.2105],[-96.6772,39.2128],[-96.6584,39.2122],[-96.6403,39.2086],[-96.6234,39.2023],[-96.6086,39.1934],[-96.5963,39.1823],[-96.5872,39.1696],[-96.5816,39.1556],[-96.5797,39.1427],[-96.5809,39.1298],[-96.585,39.1173],[-96.592,39.1055],[-96.6015,39.0949],[-96.6134,39.0858],[-96.6272,39.0785],[-96.6424,39.0733],[-96.663,39.0698],[-96.6841,39.0701],[-96.6919,39.0848],[-96.7041,39.0975],[-96.7198,39.1076],[-96.7382,39.1144]]]}},{"type":"Feature","properties":{"name":"MARIETTA CLASS D","class":"D","lower":"0","lower_code":"SFC","upper":"3600"},"geometry":{"type":"Polygon","coordinates":[[[-84.6424,33.9581],[-84.63,33.9523],[-84.6166,33.9484],[-84.5173,34.0062],[-84.4884,34.0037],[-84.4596,33.9942],[-84.435,33.9783],[-84.4216,33.9642],[-84.4117,33.9481],[-84.4058,33.9307],[-84.4041,33.9128],[-84.3725,33.9037],[-84.3948,33.85],[-84.4263,33.8591],[-84.4459,33.8424],[-84.47,33.8303],[-84.5671,33.8339],[-84.5911,33.8487],[-84.6094,33.8683],[-84.6208,33.8913],[-84.6236,33.9035],[-84.6244,33.916],[-84.656,33.925],[-84.6424,33.9581]]]}},{"type":"Feature","properties":{"name":"MARIETTA CLASS D","class":"D","lower":"0","lower_code":"SFC","upper":"3500"},"geometry":{"type":"Polygon","coordinates":[[[-84.5173,34.0062],[-84.6166,33.9484],[-84.6297,33.9522],[-84.6418,33.9578],[-84.6526,33.965],[-84.6616,33.9736],[-84.6689,33.9835],[-84.6739,33.9941],[-84.6767,34.0055],[-84.6771,34.0169],[-84.6746,34.0301],[-84.6691,34.0425],[-84.6607,34.0538],[-84.6498,34.0635],[-84.6368,34.0712],[-84.6221,34.0766],[-84.6066,34.0795],[-84.5906,34.0797],[-84.5749,34.0774],[-84.5601,34.0725],[-84.5467,34.0652],[-84.5353,34.0559],[-84.5264,34.0449],[-84.5203,34.0325],[-84.5172,34.0195],[-84.5173,34.0062]]]}},{"type":"Feature","properties":{"name":"MARION CLASS D","class":"D","lower":"0","lower_code":"SFC","upper":"3000"},"geometry":{"type":"Polygon","coordinates":[[[-89.0111,37.8284],[-88.9931,37.827],[-88.9757,37.8228],[-88.9597,37.816],[-88.9457,37.8069],[-88.9342,37.7958],[-88.9257,37.7831],[-88.9204,37.7694],[-88.9186,37.755],[-88.9204,37.7407],[-88.9257,37.7269],[-88.9342,37.7142],[-88.9457,37.703],[-88.9598,37.6939],[-88.9757,37.6871],[-88.993,37.683],[-89.0111,37.6816],[-89.0292,37.683],[-89.0465,37.6872],[-89.0624,37.6939],[-89.0765,37.7031],[-89.088,37.7143],[-89.0965,37.7269],[-89.1018,37.7408],[-89.1036,37.7551],[-89.1018,37.7694],[-89.0965,37.7832],[-89.0879,37.7958],[-89.0764,37.8069],[-89.0624,37.816],[-89.0465,37.8228],[-89.0291,37.827],[-89.0111,37.8284]]]}},{"type":"Feature","properties":{"name":"MARQUETTE CLASS D","class":"D","lower":"0","lower_code":"SFC","upper":"3700"},"geometry":{"type":"Polygon","coordinates":[[[-87.3964,46.4258],[-87.3722,46.4239],[-87.3491,46.4185],[-87.3283,46.4096],[-87.3108,46.3978],[-87.2975,46.3837],[-87.289,46.3678],[-87.2857,46.3511],[-87.2878,46.3342],[-87.2952,46.3181],[-87.3075,46.3035],[-87.3241,46.2911],[-87.3443,46.2815],[-87.3669,46.2753],[-87.391,46.2726],[-87.4153,46.2737],[-87.4388,46.2784],[-87.4557,46.2845],[-87.4708,46.2925],[-87.4837,46.3021],[-87.494,46.3132],[-87.5015,46.3253],[-87.5059,46.3381],[-87.507,46.3512],[-87.5049,46.3642],[-87.4996,46.3769],[-87.4913,46.3886],[-87.4801,46.3993],[-87.4666,46.4084],[-87.451,46.4158],[-87.4337,46.4213],[-87.4153,46.4247],[-87.3964,46.4258]]]}},{"type":"Feature","properties":{"name":"MARTHA'S VINEYARD CLASS D","class":"D","lower":"0","lower_code":"SFC","upper":"2600"},"geometry":{"type":"Polygon","coordinates":[[[-70.6144,41.4598],[-70.5972,41.4585],[-70.5806,41.4547],[-70.5653,41.4485],[-70.5519,41.4403],[-70.5408,41.4302],[-70.5326,41.4187],[-70.5276,41.4062],[-70.5259,41.3931],[-70.5276,41.3801],[-70.5326,41.3676],[-70.5407,41.3561],[-70.5518,41.3459],[-70.5652,41.3376],[-70.5805,41.3314],[-70.5972,41.3276],[-70.6145,41.3264],[-70.6319,41.3277],[-70.6484,41.3315],[-70.6637,41.3376],[-70.6771,41.3459],[-70.6882,41.3561],[-70.6963,41.3676],[-70.7013,41.3801],[-70.703,41.3931],[-70.7013,41.4061],[-70.6963,41.4186],[-70.6881,41.4301],[-70.6771,41.4402],[-70.6637,41.4485],[-70.6484,41.4547],[-70.6318,41.4585],[-70.6144,41.4598]]]}},{"type":"Feature","properties":{"name":"MARTINSBURG CLASS D","class":"D","lower":"0","lower_code":"SFC","upper":"3100"},"geometry":{"type":"Polygon","coordinates":[[[-77.9847,39.472],[-77.9671,39.4707],[-77.9502,39.4667],[-77.9346,39.4602],[-77.9209,39.4515],[-77.9097,39.4409],[-77.9013,39.4289],[-77.8962,39.4157],[-77.8944,39.402],[-77.8961,39.3883],[-77.9013,39.3752],[-77.9096,39.3631],[-77.9209,39.3524],[-77.9346,39.3437],[-77.9501,39.3372],[-77.967,39.3332],[-77.9848,39.3319],[-78.0023,39.3332],[-78.0192,39.3372],[-78.035,39.3437],[-78.0486,39.3524],[-78.0599,39.3632],[-78.0682,39.3753],[-78.0733,39.3884],[-78.075,39.402],[-78.0733,39.4157],[-78.0682,39.4288],[-78.0598,39.4409],[-78.0486,39.4515],[-78.0349,39.4602],[-78.0194,39.4667],[-78.0024,39.4706],[-77.9847,39.472]]]}},{"type":"Feature","properties":{"name":"CAMP PENDLETON MCAS CLASS D","class":"D","lower":"0","lower_code":"SFC","upper":"2600"},"geometry":{"type":"Polygon","coordinates":[[[-117.2948,33.3451],[-117.2851,33.3333],[-117.2786,33.32],[-117.2757,33.3059],[-117.2763,33.2916],[-117.2806,33.2778],[-117.2883,33.265],[-117.2991,33.2539],[-117.3124,33.245],[-117.3257,33.2393],[-117.3422,33.2355],[-117.3592,33.2347],[-117.376,33.237],[-117.3919,33.2422],[-117.406,33.2502],[-117.4178,33.2605],[-117.427,33.2727],[-117.4058,33.2917],[-117.4069,33.3059],[-117.4032,33.3181],[-117.3942,33.3303],[-117.3829,33.3384],[-117.363,33.3447],[-117.3439,33.344],[-117.3239,33.3629],[-117.309,33.3559],[-117.2948,33.3451]]]}},{"type":"Feature","properties":{"name":"CAMP RIPLEY CLASS D","class":"D","lower":"0","lower_code":"SFC","upper":"3700"},"geometry":{"type":"Polygon","coordinates":[[[-94.3598,46.155],[-94.3279,46.151],[-94.3131,46.1462],[-94.2998,46.1397],[-94.2883,46.1318],[-94.2789,46.1224],[-94.2721,46.1122],[-94.2678,46.1012],[-94.2664,46.09],[-94.2679,46.0787],[-94.2721,46.0677],[-94.279,46.0574],[-94.2883,46.0482],[-94.2999,46.0402],[-94.3133,46.0337],[-94.3281,46.0289],[-94.3479,46.0255],[-94.3682,46.0253],[-94.3881,46.028],[-94.4066,46.0337],[-94.4231,46.0422],[-94.4364,46.0528],[-94.4462,46.0652],[-94.4518,46.0788],[-94.4531,46.0929],[-94.45,46.1069],[-94.4426,46.12],[-94.4313,46.1318],[-94.4166,46.1416],[-94.3992,46.1489],[-94.38,46.1534],[-94.3598,46.155]]]}},{"type":"Feature","properties":{"name":"CAPE GIRARDEAU CLASS D","class":"D","lower":"0","lower_code":"SFC","upper":"2800"},"geometry":{"type":"Polygon","coordinates":[[[-89.5573,37.2998],[-89.5183,37.2879],[-89.5215,37.2813],[-89.5077,37.2716],[-89.4968,37.2597],[-89.4877,37.2419],[-89.4853,37.2227],[-89.463,37.2175],[-89.4745,37.1855],[-89.497,37.1906],[-89.5097,37.1774],[-89.5259,37.167],[-89.5449,37.1601],[-89.5653,37.157],[-89.5837,37.1577],[-89.6015,37.1615],[-89.6179,37.1682],[-89.632,37.1775],[-89.6412,37.1865],[-89.6484,37.1966],[-89.6534,37.2075],[-89.6559,37.2188],[-89.6561,37.2304],[-89.6538,37.2418],[-89.6491,37.2528],[-89.6423,37.2629],[-89.6239,37.279],[-89.6,37.2896],[-89.5806,37.2933],[-89.5605,37.2932],[-89.5573,37.2998]]]}},{"type":"Feature","properties":{"name":"CARBONDALE/MURPHYSBORO CLASS D","class":"D","lower":"0","lower_code":"SFC","upper":"2900"},"geometry":{"type":"Polygon","coordinates":[[[-89.252,37.8482],[-89.2348,37.8468],[-89.2183,37.8428],[-89.203,37.8364],[-89.1896,37.8276],[-89.1786,37.817],[-89.1705,37.8049],[-89.1654,37.7918],[-89.1637,37.7781],[-89.1654,37.7645],[-89.1705,37.7513],[-89.1786,37.7392],[-89.1896,37.7285],[-89.203,37.7198],[-89.2183,37.7133],[-89.2349,37.7093],[-89.2521,37.708],[-89.2692,37.7093],[-89.2858,37.7134],[-89.3011,37.7198],[-89.3145,37.7286],[-89.3255,37.7392],[-89.3336,37.7513],[-89.3386,37.7645],[-89.3403,37.7782],[-89.3386,37.7919],[-89.3336,37.805],[-89.3254,37.8171],[-89.3144,37.8277],[-89.3011,37.8364],[-89.2858,37.8428],[-89.2693,37.8468],[-89.252,37.8482]]]}},{"type":"Feature","properties":{"name":"GARDEN CITY CLASS D","class":"D","lower":"0","lower_code":"SFC","upper":"5400"},"geometry":{"type":"Polygon","coordinates":[[[-100.7244,37.9992],[-100.7068,37.9979],[-100.6898,37.9938],[-100.6742,37.9872],[-100.6604,37.9783],[-100.6492,37.9674],[-100.6408,37.9551],[-100.6356,37.9416],[-100.6339,37.9275],[-100.6356,37.9135],[-100.6407,37.9001],[-100.6491,37.8877],[-100.6604,37.8768],[-100.6741,37.8679],[-100.6897,37.8612],[-100.7067,37.8571],[-100.7245,37.8558],[-100.7421,37.8571],[-100.7592,37.8613],[-100.7748,37.8679],[-100.7885,37.8768],[-100.7999,37.8878],[-100.8082,37.9002],[-100.8133,37.9136],[-100.815,37.9276],[-100.8133,37.9416],[-100.8081,37.955],[-100.7998,37.9674],[-100.7885,37.9782],[-100.7748,37.9871],[-100.7592,37.9938],[-100.7422,37.9979],[-100.7244,37.9992]]]}},{"type":"Feature","properties":{"name":"GILA BEND CLASS D","class":"D","lower":"0","lower_code":"SFC","upper":"3900"},"geometry":{"type":"Polygon","coordinates":[[[-112.6514,32.8478],[-112.6622,32.8371],[-112.6754,32.8285],[-112.7156,32.8478],[-112.7833,32.8428],[-112.795,32.8584],[-112.8015,32.876],[-112.8024,32.8944],[-112.7975,32.9124],[-112.7896,32.9257],[-112.7786,32.9372],[-112.765,32.9466],[-112.7493,32.9534],[-112.7323,32.9572],[-112.7148,32.9579],[-112.6974,32.9554],[-112.681,32.95],[-112.6664,32.9417],[-112.6542,32.9311],[-112.6448,32.9185],[-112.6389,32.9045],[-112.6365,32.8898],[-112.6379,32.875],[-112.6429,32.8608],[-112.6514,32.8478]]]}},{"type":"Feature","properties":{"name":"GRAND CANYON CLASS D","class":"D","lower":"0","lower_code":"SFC","upper":"9100"},"geometry":{"type":"Polygon","coordinates":[[[-112.147,36.0241],[-112.1298,36.0228],[-112.1132,36.0187],[-112.098,36.0121],[-112.0845,36.0031],[-112.0736,35.9923],[-112.0654,35.9799],[-112.0604,35.9664],[-112.0587,35.9524],[-112.0604,35.9384],[-112.0654,35.9249],[-112.0736,35.9125],[-112.0846,35.9016],[-112.0979,35.8927],[-112.1132,35.886],[-112.1297,35.882],[-112.147,35.8806],[-112.1642,35.882],[-112.1808,35.8861],[-112.196,35.8927],[-112.2094,35.9016],[-112.2204,35.9126],[-112.2285,35.925],[-112.2335,35.9384],[-112.2352,35.9524],[-112.2335,35.9664],[-112.2285,35.9799],[-112.2204,35.9922],[-112.2094,36.0031],[-112.196,36.0121],[-112.1807,36.0187],[-112.1642,36.0228],[-112.147,36.0241]]]}},{"type":"Feature","properties":{"name":"GRAND FORKS AFB CLASS D","class":"D","lower":"0","lower_code":"SFC","upper":"3400"},"geometry":{"type":"Polygon","coordinates":[[[-97.3297,47.8726],[-97.443,47.8646],[-97.4463,47.8857],[-97.4703,47.8944],[-97.4908,47.9065],[-97.5068,47.9215],[-97.5174,47.9384],[-97.5221,47.9557],[-97.521,47.9734],[-97.5144,47.9905],[-97.5024,48.0062],[-97.4831,48.0215],[-97.4591,48.033],[-97.4316,48.0404],[-97.4021,48.043],[-97.3726,48.0408],[-97.3448,48.0338],[-97.3203,48.0226],[-97.3006,48.0076],[-97.2897,47.9944],[-97.2825,47.98],[-97.2794,47.965],[-97.2806,47.9498],[-97.2868,47.9333],[-97.298,47.918],[-97.3136,47.9046],[-97.333,47.8937],[-97.3297,47.8726]]]}},{"type":"Feature","properties":{"name":"GRAND FORKS CLASS D","class":"D","lower":"0","lower_code":"SFC","upper":"3300"},"geometry":{"type":"Polygon","coordinates":[[[-97.1739,48.0172],[-97.1414,48.0137],[-97.1121,48.0036],[-97.0997,47.9963],[-97.0891,47.9878],[-97.0806,47.9783],[-97.0744,47.968],[-97.0708,47.9572],[-97.0698,47.9461],[-97.0714,47.9351],[-97.0755,47.9243],[-97.0821,47.9142],[-97.0911,47.9048],[-97.1021,47.8966],[-97.1149,47.8896],[-97.1364,47.882],[-97.1599,47.8779],[-97.1842,47.8776],[-97.208,47.8811],[-97.23,47.8883],[-97.2488,47.8986],[-97.2635,47.9116],[-97.2733,47.9265],[-97.2778,47.9426],[-97.2766,47.9589],[-97.2697,47.9746],[-97.2577,47.9887],[-97.2411,48.0007],[-97.2208,48.0097],[-97.198,48.0153],[-97.1739,48.0172]]]}},{"type":"Feature","properties":{"name":"CLEVELAND CLASS B","class":"B","lower":"0","lower_code":"SFC","upper":"8000"},"geometry":{"type":"Polygon","coordinates":[[[-81.7619,41.3844],[-81.7661,41.3704],[-81.7745,41.3556],[-81.7865,41.3423],[-81.8017,41.3309],[-81.8196,41.322],[-81.8393,41.3158],[-81.8603,41.3126],[-81.8817,41.3125],[-81.9027,41.3155],[-81.9225,41.3215],[-81.9405,41.3303],[-81.9543,41.3401],[-81.9644,41.3501],[-81.9536,41.3532],[-81.9475,41.3585],[-81.9447,41.3651],[-81.9458,41.3721],[-81.9523,41.3793],[-81.9604,41.3826],[-81.9697,41.3831],[-81.9804,41.3797],[-81.9823,41.3994],[-81.9787,41.4171],[-81.9712,41.4322],[-81.9585,41.4473],[-81.9436,41.4589],[-81.924,41.4691],[-81.9042,41.4753],[-81.8832,41.4785],[-81.8617,41.4786],[-81.8407,41.4756],[-81.8208,41.4696],[-81.8028,41.4608],[-81.7858,41.4483],[-81.774,41.4348],[-81.7651,41.4182],[-81.7613,41.4023],[-81.7619,41.3844]]]}},{"type":"Feature","properties":{"name":"CLEVELAND CLASS B","class":"B","lower":"1900","lower_code":"MSL","upper":"8000"},"geometry":{"type":"Polygon","coordinates":[[[-81.8705,41.2538],[-81.9084,41.2565],[-81.9426,41.2643],[-81.9742,41.2768],[-82.0022,41.2935],[-82.0269,41.3154],[-82.0442,41.339],[-82.0553,41.3646],[-82.0598,41.3914],[-82.0571,41.42],[-82.0476,41.446],[-82.0318,41.4702],[-82.0101,41.4916],[-81.9815,41.5107],[-81.9506,41.5243],[-81.9167,41.5332],[-81.8812,41.5371],[-81.8454,41.5359],[-81.8083,41.529],[-81.7758,41.5176],[-81.7451,41.5005],[-81.721,41.4806],[-81.7013,41.4559],[-81.6886,41.4288],[-81.6835,41.4003],[-81.6858,41.3735],[-81.6955,41.3457],[-81.7125,41.32],[-81.7361,41.2973],[-81.7632,41.2798],[-81.7963,41.2657],[-81.8326,41.2569],[-81.8705,41.2538]]]}},{"type":"Feature","properties":{"name":"CLEVELAND CLASS B","class":"B","lower":"3000","lower_code":"MSL","upper":"8000"},"geometry":{"type":"Polygon","coordinates":[[[-81.8705,41.1454],[-81.9038,41.1466],[-81.9367,41.1503],[-81.9691,41.1565],[-81.9982,41.1643],[-82.0284,41.1751],[-82.0549,41.1871],[-82.0818,41.202],[-82.1049,41.2177],[-82.1274,41.2362],[-82.1461,41.2549],[-82.1635,41.2764],[-82.177,41.2975],[-82.1886,41.3211],[-82.1965,41.3437],[-82.2018,41.3686],[-82.2038,41.3919],[-82.2027,41.4171],[-82.1986,41.4403],[-82.191,41.4648],[-82.1811,41.487],[-82.1673,41.51],[-82.1518,41.5303],[-82.1324,41.5508],[-82.112,41.5685],[-82.0876,41.5858],[-82.063,41.6002],[-82.0347,41.6136],[-82.0068,41.6241],[-81.9755,41.6332],[-81.9454,41.6395],[-81.9147,41.6436],[-81.8813,41.6456],[-81.8501,41.6452],[-81.8167,41.6422],[-81.7862,41.6373],[-81.7543,41.6296],[-81.7257,41.6203],[-81.6963,41.6081],[-81.6687,41.5937],[-81.6432,41.5774],[-81.6216,41.5605],[-81.6009,41.5407],[-81.5828,41.5195],[-81.5678,41.497],[-81.5566,41.4752],[-81.5476,41.4509],[-81.5419,41.4261],[-81.5396,41.4009],[-81.5404,41.3775],[-81.5445,41.3525],[-81.552,41.328],[-81.5627,41.3041],[-81.5754,41.2828],[-81.592,41.2609],[-81.6114,41.2404],[-81.6334,41.2215],[-81.656,41.2055],[-81.6825,41.1901],[-81.7108,41.1768],[-81.7407,41.1657],[-81.772,41.157],[-81.8043,41.1506],[-81.8372,41.1468],[-81.8705,41.1454]]]}},{"type":"Feature","properties":{"name":"CLEVELAND CLASS B","class":"B","lower":"4000","lower_code":"MSL","upper":"8000"},"geometry":{"type":"Polygon","coordinates":[[[-81.8686,41.0621],[-81.9114,41.0635],[-81.9537,41.0679],[-81.9953,41.0755],[-82.0358,41.086],[-82.0747,41.0995],[-82.1116,41.1155],[-82.1461,41.1341],[-82.178,41.1551],[-82.2072,41.1784],[-82.2335,41.2038],[-82.2564,41.231],[-82.2758,41.2598],[-82.2913,41.29],[-82.303,41.3211],[-82.3107,41.353],[-82.3142,41.3853],[-82.3136,41.4177],[-82.3087,41.4499],[-82.2997,41.4816],[-82.2867,41.5125],[-82.2697,41.5423],[-82.249,41.5707],[-82.2246,41.5974],[-82.1986,41.6209],[-82.1679,41.6437],[-82.1344,41.6642],[-82.0984,41.6822],[-82.0603,41.6974],[-82.0203,41.7097],[-81.9789,41.7191],[-81.9365,41.7254],[-81.8959,41.7285],[-81.8526,41.7287],[-81.8096,41.7257],[-81.7671,41.7196],[-81.7234,41.7098],[-81.6834,41.6975],[-81.6431,41.6814],[-81.6072,41.6634],[-81.5722,41.6416],[-81.5419,41.6186],[-81.5133,41.5921],[-81.4897,41.565],[-81.4687,41.5347],[-81.4521,41.5029],[-81.4404,41.4718],[-81.4327,41.4399],[-81.4291,41.4059],[-81.4299,41.3735],[-81.4354,41.3396],[-81.4447,41.308],[-81.459,41.2755],[-81.4764,41.246],[-81.4989,41.2163],[-81.5237,41.1899],[-81.5535,41.1642],[-81.5847,41.142],[-81.6206,41.1212],[-81.657,41.1042],[-81.6975,41.0891],[-81.7376,41.0779],[-81.7813,41.0692],[-81.8236,41.0641],[-81.8686,41.0621]]]}},{"type":"Feature","properties":{"name":"ORLANDO CLASS B","class":"B","lower":"0","lower_code":"SFC","upper":"10000"},"geometry":{"type":"Polygon","coordinates":[[[-81.3079,28.3459],[-81.3261,28.3473],[-81.3456,28.3525],[-81.3617,28.3602],[-81.3759,28.3705],[-81.3875,28.383],[-81.3961,28.3973],[-81.4015,28.4128],[-81.4034,28.429],[-81.4017,28.4451],[-81.3966,28.4607],[-81.3881,28.475],[-81.3767,28.4877],[-81.3626,28.4982],[-81.3466,28.5061],[-81.3292,28.5111],[-81.3109,28.513],[-81.2926,28.5118],[-81.2749,28.5074],[-81.2585,28.5002],[-81.244,28.4902],[-81.232,28.478],[-81.2228,28.464],[-81.2169,28.4486],[-81.2144,28.4308],[-81.2159,28.4146],[-81.2209,28.399],[-81.2292,28.3846],[-81.2405,28.3718],[-81.2544,28.3612],[-81.2703,28.3532],[-81.2877,28.348],[-81.3079,28.3459]]]}},{"type":"Feature","properties":{"name":"ATLANTA CLASS B","class":"B","lower":"0","lower_code":"SFC","upper":"12500"},"geometry":{"type":"Polygon","coordinates":[[[-84.3421,33.7165],[-84.3237,33.6999],[-84.3097,33.6809],[-84.3002,33.6599],[-84.2956,33.6376],[-84.2963,33.6152],[-84.3021,33.5931],[-84.3129,33.5723],[-84.3283,33.5537],[-84.5416,33.5537],[-84.5567,33.5718],[-84.5663,33.5892],[-84.5723,33.6077],[-84.5747,33.6267],[-84.5733,33.6458],[-84.5682,33.6645],[-84.5595,33.6822],[-84.5475,33.6985],[-84.5324,33.713],[-84.5128,33.7127],[-84.4936,33.7165],[-84.3421,33.7165]]]}},{"type":"Feature","properties":{"name":"ATLANTA CLASS B","class":"B","lower":"2500","lower_code":"MSL","upper":"12500"},"geometry":{"type":"Polygon","coordinates":[[[-84.2193,33.7164],[-84.2096,33.6971],[-84.2024,33.6771],[-84.1977,33.6567],[-84.1956,33.6355],[-84.1961,33.6147],[-84.1993,33.5936],[-84.205,33.5733],[-84.2133,33.5536],[-84.3283,33.5537],[-84.3129,33.5723],[-84.3021,33.5931],[-84.2963,33.6152],[-84.2956,33.6376],[-84.3002,33.6599],[-84.3097,33.6809],[-84.3237,33.6999],[-84.3421,33.7165],[-84.2193,33.7164]]]}},{"type":"Feature","properties":{"name":"ATLANTA CLASS B","class":"B","lower":"2500","lower_code":"MSL","upper":"12500"},"geometry":{"type":"Polygon","coordinates":[[[-84.5324,33.713],[-84.5493,33.6964],[-84.5623,33.6774],[-84.5708,33.6566],[-84.5746,33.6349],[-84.5734,33.613],[-84.5673,33.5916],[-84.5566,33.5716],[-84.5416,33.5537],[-84.6567,33.5535],[-84.665,33.5735],[-84.6707,33.5938],[-84.6739,33.6144],[-84.6744,33.6353],[-84.6723,33.6564],[-84.6677,33.6769],[-84.6605,33.6968],[-84.6508,33.7163],[-84.5489,33.7164],[-84.5324,33.713]]]}},{"type":"Feature","properties":{"name":"ATLANTA CLASS B","class":"B","lower":"3000","lower_code":"MSL","upper":"12500"},"geometry":{"type":"Polygon","coordinates":[[[-84.6508,33.7163],[-84.6605,33.6968],[-84.6677,33.6769],[-84.6723,33.6564],[-84.6744,33.6353],[-84.6739,33.6144],[-84.6707,33.5938],[-84.665,33.5735],[-84.6567,33.5535],[-84.2133,33.5536],[-84.205,33.5733],[-84.1993,33.5936],[-84.1961,33.6147],[-84.1956,33.6355],[-84.1977,33.6567],[-84.2024,33.6771],[-84.2096,33.6971],[-84.2193,33.7164],[-84.0089,33.716],[-84.0089,33.4863],[-84.8606,33.486],[-84.8606,33.7156],[-84.6508,33.7163]]]}},{"type":"Feature","properties":{"name":"ATLANTA CLASS B","class":"B","lower":"3500","lower_code":"MSL","upper":"12500"},"geometry":{"type":"Polygon","coordinates":[[[-84.8606,33.7824],[-84.0089,33.7827],[-84.0089,33.716],[-84.8606,33.7156],[-84.8606,33.7824]]]}},{"type":"Feature","properties":{"name":"CLEVELAND CLASS B","class":"B","lower":"5000","lower_code":"MSL","upper":"8000"},"geometry":{"type":"Polygon","coordinates":[[[-81.2747,41.6167],[-81.456,41.5114],[-81.4697,41.5363],[-81.4861,41.5603],[-81.5064,41.5847],[-81.5279,41.6063],[-81.5533,41.6278],[-81.5793,41.6464],[-81.6072,41.6634],[-81.6369,41.6786],[-81.46,41.7889],[-81.4042,41.752],[-81.3544,41.7106],[-81.311,41.6653],[-81.2747,41.6167]]]}},{"type":"Feature","properties":{"name":"ATLANTA CLASS B","class":"B","lower":"4000","lower_code":"MSL","upper":"12500"},"geometry":{"type":"Polygon","coordinates":[[[-84.0089,33.7827],[-83.9011,33.7824],[-83.9011,33.4191],[-84.4309,33.4201],[-84.9614,33.4188],[-84.9614,33.782],[-84.8606,33.7824],[-84.8606,33.486],[-84.0089,33.4863],[-84.0089,33.7827]]]}},{"type":"Feature","properties":{"name":"ATLANTA CLASS B","class":"B","lower":"5000","lower_code":"MSL","upper":"12500"},"geometry":{"type":"Polygon","coordinates":[[[-84.9614,33.8488],[-84.4304,33.8501],[-83.9011,33.8492],[-83.9011,33.7824],[-84.4315,33.7833],[-84.9614,33.782],[-84.9614,33.8488]]]}},{"type":"Feature","properties":{"name":"PASCO CLASS D","class":"D","lower":"0","lower_code":"SFC","upper":"2900"},"geometry":{"type":"Polygon","coordinates":[[[-119.0379,46.3432],[-119.0164,46.33],[-118.9993,46.314],[-118.9872,46.2959],[-118.9808,46.2764],[-119.0166,46.2734],[-119.0169,46.2547],[-119.0241,46.2368],[-119.0377,46.2207],[-119.0568,46.2076],[-119.0845,46.1972],[-119.1154,46.1931],[-119.1466,46.1957],[-119.1754,46.2046],[-119.1949,46.1837],[-119.2128,46.1932],[-119.2282,46.2046],[-119.2407,46.2176],[-119.2501,46.2317],[-119.2543,46.2413],[-119.231,46.2453],[-119.2341,46.2583],[-119.2341,46.2715],[-119.2309,46.2845],[-119.2248,46.2969],[-119.2097,46.3143],[-119.1889,46.3285],[-119.1682,46.3371],[-119.1453,46.3426],[-119.1213,46.3447],[-119.0971,46.3432],[-119.0925,46.3596],[-119.0639,46.3534],[-119.0379,46.3432]]]}},{"type":"Feature","properties":{"name":"MINNEAPOLIS, CRYSTAL AIRPORT CLASS D","class":"D","lower":"0","lower_code":"SFC","upper":"3400"},"geometry":{"type":"Polygon","coordinates":[[[-93.3539,45.1253],[-93.3365,45.1241],[-93.3197,45.1205],[-93.3043,45.1146],[-93.2907,45.1067],[-93.2796,45.0971],[-93.2713,45.0862],[-93.2663,45.0744],[-93.2645,45.062],[-93.2663,45.0496],[-93.2714,45.0377],[-93.2796,45.0268],[-93.2907,45.0172],[-93.3043,45.0093],[-93.3197,45.0034],[-93.3365,44.9998],[-93.3539,44.9986],[-93.3714,44.9998],[-93.3881,45.0035],[-93.4036,45.0093],[-93.4171,45.0172],[-93.4282,45.0268],[-93.4365,45.0378],[-93.4415,45.0497],[-93.4432,45.062],[-93.4415,45.0744],[-93.4364,45.0863],[-93.4282,45.0972],[-93.417,45.1068],[-93.4035,45.1146],[-93.3881,45.1205],[-93.3713,45.1241],[-93.3539,45.1253]]]}},{"type":"Feature","properties":{"name":"MINNEAPOLIS, FLYING CLOUD AIRPORT CLASS D","class":"D","lower":"0","lower_code":"SFC","upper":"3400"},"geometry":{"type":"Polygon","coordinates":[[[-93.4572,44.8939],[-93.439,44.8926],[-93.4214,44.8888],[-93.4052,44.8827],[-93.391,44.8744],[-93.3794,44.8643],[-93.3707,44.8528],[-93.3654,44.8404],[-93.3635,44.8273],[-93.3653,44.8143],[-93.3707,44.8018],[-93.3793,44.7903],[-93.391,44.7801],[-93.4051,44.7718],[-93.4213,44.7657],[-93.4389,44.7619],[-93.4572,44.7606],[-93.4755,44.7618],[-93.493,44.7656],[-93.5092,44.7718],[-93.5234,44.7801],[-93.5351,44.7902],[-93.5437,44.8017],[-93.5491,44.8142],[-93.5509,44.8272],[-93.5491,44.8403],[-93.5438,44.8528],[-93.5351,44.8643],[-93.5235,44.8743],[-93.5093,44.8826],[-93.4931,44.8888],[-93.4755,44.8926],[-93.4572,44.8939]]]}},{"type":"Feature","properties":{"name":"MISSOULA CLASS D","class":"D","lower":"0","lower_code":"SFC","upper":"5700"},"geometry":{"type":"Polygon","coordinates":[[[-114.0906,46.9896],[-114.0729,46.9886],[-114.0556,46.9856],[-114.0394,46.9807],[-114.0245,46.974],[-114.0115,46.9657],[-114.0006,46.9561],[-113.9923,46.9453],[-113.9866,46.9337],[-113.9839,46.9217],[-113.984,46.9096],[-113.9871,46.8976],[-113.9931,46.8861],[-114.0017,46.8755],[-114.0129,46.8659],[-114.0262,46.8578],[-114.0412,46.8513],[-114.0638,46.8453],[-114.0877,46.843],[-114.1117,46.8445],[-114.1347,46.8496],[-114.1554,46.858],[-114.1729,46.8695],[-114.1861,46.8834],[-114.1945,46.8989],[-114.1975,46.9154],[-114.1951,46.9319],[-114.1874,46.9475],[-114.1747,46.9616],[-114.1577,46.9734],[-114.1374,46.9822],[-114.1146,46.9877],[-114.0906,46.9896]]]}},{"type":"Feature","properties":{"name":"MOBILE DOWNTOWN AIRPORT CLASS D","class":"D","lower":"0","lower_code":"SFC","upper":"2500"},"geometry":{"type":"Polygon","coordinates":[[[-88.0681,30.6985],[-88.0519,30.6971],[-88.0363,30.693],[-88.0219,30.6864],[-88.0093,30.6775],[-87.999,30.6666],[-87.9913,30.6542],[-87.9866,30.6408],[-87.985,30.6267],[-87.9866,30.6127],[-87.9913,30.5992],[-87.999,30.5868],[-88.0093,30.5759],[-88.022,30.5669],[-88.0363,30.5603],[-88.0519,30.5562],[-88.0681,30.5548],[-88.0843,30.5562],[-88.0999,30.5603],[-88.1143,30.567],[-88.1268,30.5759],[-88.1372,30.5868],[-88.1448,30.5992],[-88.1495,30.6127],[-88.1511,30.6267],[-88.1495,30.6407],[-88.1448,30.6542],[-88.1371,30.6666],[-88.1268,30.6775],[-88.1142,30.6864],[-88.0998,30.693],[-88.0843,30.6971],[-88.0681,30.6985]]]}},{"type":"Feature","properties":{"name":"MODESTO CLASS D","class":"D","lower":"0","lower_code":"SFC","upper":"2600"},"geometry":{"type":"Polygon","coordinates":[[[-120.9544,37.6959],[-120.9373,37.6946],[-120.9208,37.6906],[-120.9055,37.6841],[-120.8921,37.6754],[-120.8812,37.6648],[-120.873,37.6527],[-120.868,37.6396],[-120.8663,37.6259],[-120.868,37.6122],[-120.8731,37.599],[-120.8812,37.5869],[-120.8922,37.5763],[-120.9055,37.5676],[-120.9208,37.5611],[-120.9373,37.5571],[-120.9545,37.5558],[-120.9716,37.5571],[-120.9882,37.5611],[-121.0035,37.5676],[-121.0168,37.5763],[-121.0278,37.587],[-121.0359,37.5991],[-121.0409,37.6123],[-121.0426,37.6259],[-121.0408,37.6396],[-121.0358,37.6527],[-121.0277,37.6648],[-121.0167,37.6754],[-121.0034,37.6841],[-120.9882,37.6906],[-120.9716,37.6946],[-120.9544,37.6959]]]}},{"type":"Feature","properties":{"name":"KAUNAKAKAI CLASS D","class":"D","lower":"0","lower_code":"SFC","upper":"3000"},"geometry":{"type":"Polygon","coordinates":[[[-157.0963,21.2248],[-157.0813,21.2234],[-157.067,21.2194],[-157.0537,21.2127],[-157.042,21.2038],[-157.0325,21.1929],[-157.0254,21.1804],[-157.0211,21.1669],[-157.0196,21.1529],[-157.0211,21.1388],[-157.0254,21.1254],[-157.0325,21.1129],[-157.042,21.102],[-157.0536,21.0931],[-157.0669,21.0864],[-157.0814,21.0823],[-157.0963,21.081],[-157.1113,21.0824],[-157.1256,21.0865],[-157.1389,21.0931],[-157.1505,21.1021],[-157.1601,21.113],[-157.1671,21.1254],[-157.1715,21.1389],[-157.1729,21.1529],[-157.1715,21.1669],[-157.1671,21.1805],[-157.16,21.1929],[-157.1505,21.2037],[-157.1389,21.2127],[-157.1256,21.2193],[-157.1112,21.2234],[-157.0963,21.2248]]]}},{"type":"Feature","properties":{"name":"ORLANDO CLASS B","class":"B","lower":"900","lower_code":"MSL","upper":"10000"},"geometry":{"type":"Polygon","coordinates":[[[-81.2506,28.539],[-81.1667,28.4894],[-81.1667,28.3622],[-81.1931,28.3453],[-81.2216,28.3314],[-81.2519,28.3207],[-81.2854,28.313],[-81.3178,28.3093],[-81.3504,28.3092],[-81.3827,28.3127],[-81.4163,28.3201],[-81.4164,28.3321],[-81.4199,28.3393],[-81.4201,28.3556],[-81.4258,28.3683],[-81.4258,28.4063],[-81.4229,28.413],[-81.4227,28.4308],[-81.4279,28.4406],[-81.4278,28.4587],[-81.4178,28.4729],[-81.4172,28.5075],[-81.3997,28.5091],[-81.3419,28.5377],[-81.3412,28.5353],[-81.3381,28.5343],[-81.3253,28.5385],[-81.2506,28.539]]]}},{"type":"Feature","properties":{"name":"ORLANDO CLASS B","class":"B","lower":"1600","lower_code":"MSL","upper":"10000"},"geometry":{"type":"Polygon","coordinates":[[[-81.2805,28.5981],[-81.2584,28.5957],[-81.1667,28.5972],[-81.1667,28.4894],[-81.2506,28.539],[-81.3253,28.5385],[-81.3381,28.5343],[-81.3412,28.5353],[-81.3419,28.5377],[-81.4008,28.5092],[-81.4071,28.5204],[-81.4109,28.5325],[-81.4123,28.5449],[-81.4112,28.5574],[-81.4075,28.5695],[-81.4015,28.5808],[-81.3933,28.591],[-81.3831,28.5998],[-81.3714,28.6068],[-81.3584,28.6119],[-81.3446,28.6148],[-81.3304,28.6155],[-81.3047,28.611],[-81.2919,28.6055],[-81.2805,28.5981]]]}},{"type":"Feature","properties":{"name":"OXNARD CLASS D","class":"D","lower":"0","lower_code":"SFC","upper":"3000"},"geometry":{"type":"Polygon","coordinates":[[[-119.1195,34.0475],[-119.1378,34.0491],[-119.1553,34.0539],[-119.1711,34.0617],[-119.1846,34.0721],[-119.1952,34.0846],[-119.2023,34.0987],[-119.2056,34.1138],[-119.2051,34.129],[-119.1575,34.1728],[-119.0671,34.1763],[-119.0447,34.155],[-119.037,34.1402],[-119.0341,34.1294],[-119.0333,34.1182],[-119.0345,34.1072],[-119.0378,34.0963],[-119.0502,34.0766],[-119.0692,34.061],[-119.0931,34.0509],[-119.1195,34.0475]]]}},{"type":"Feature","properties":{"name":"SAN DIEGO, NORTH ISLAND NAS CLASS D","class":"D","lower":"0","lower_code":"SFC","upper":"2800"},"geometry":{"type":"Polygon","coordinates":[[[-117.2135,32.6274],[-117.2346,32.6293],[-117.2545,32.6355],[-117.2719,32.6457],[-117.2846,32.6577],[-117.2946,32.6735],[-117.2993,32.6891],[-117.2999,32.7052],[-117.2955,32.7228],[-117.2099,32.7228],[-117.1321,32.6849],[-117.1355,32.6746],[-117.1418,32.6632],[-117.1503,32.6529],[-117.1609,32.6441],[-117.1845,32.6322],[-117.1988,32.6287],[-117.2135,32.6274]]]}},{"type":"Feature","properties":{"name":"WATERLOO CLASS D","class":"D","lower":"0","lower_code":"SFC","upper":"3400"},"geometry":{"type":"Polygon","coordinates":[[[-92.4003,42.6288],[-92.3814,42.6274],[-92.3632,42.6233],[-92.3465,42.6167],[-92.3317,42.6078],[-92.3197,42.5969],[-92.3107,42.5846],[-92.3052,42.5711],[-92.3034,42.5571],[-92.3052,42.5431],[-92.3108,42.5296],[-92.3197,42.5173],[-92.3318,42.5064],[-92.3465,42.4975],[-92.3633,42.4908],[-92.3815,42.4868],[-92.4004,42.4854],[-92.4192,42.4868],[-92.4375,42.4909],[-92.4543,42.4975],[-92.4689,42.5064],[-92.481,42.5173],[-92.4899,42.5297],[-92.4955,42.5432],[-92.4973,42.5572],[-92.4954,42.5712],[-92.4899,42.5846],[-92.4809,42.597],[-92.4689,42.6078],[-92.4542,42.6167],[-92.4374,42.6233],[-92.4193,42.6274],[-92.4003,42.6288]]]}},{"type":"Feature","properties":{"name":"WAUKESHA CLASS D","class":"D","lower":"0","lower_code":"SFC","upper":"3400"},"geometry":{"type":"Polygon","coordinates":[[[-88.1778,43.0708],[-88.1681,43.0724],[-88.1602,43.0769],[-88.1561,43.0716],[-88.1503,43.0613],[-88.1469,43.0504],[-88.1461,43.0392],[-88.1478,43.028],[-88.1549,43.0124],[-88.1669,42.9986],[-88.1832,42.9873],[-88.2029,42.9793],[-88.2219,42.9754],[-88.2416,42.9745],[-88.261,42.9768],[-88.2794,42.9822],[-88.2958,42.9903],[-88.3094,43.0008],[-88.3195,43.0133],[-88.3258,43.027],[-88.3278,43.0385],[-88.327,43.0502],[-88.3235,43.0615],[-88.3173,43.0723],[-88.3087,43.0821],[-88.2979,43.0906],[-88.2852,43.0976],[-88.2711,43.1029],[-88.2531,43.1067],[-88.2345,43.1078],[-88.2159,43.106],[-88.1983,43.1015],[-88.1934,43.0996],[-88.1978,43.0955],[-88.2002,43.0905],[-88.2003,43.0852],[-88.1982,43.0802],[-88.1898,43.0734],[-88.1778,43.0708]]]}},{"type":"Feature","properties":{"name":"TACOMA CLASS D","class":"D","lower":"0","lower_code":"SFC","upper":"2800"},"geometry":{"type":"Polygon","coordinates":[[[-122.3612,47.0944],[-122.3733,47.0953],[-122.4006,47.0761],[-122.4009,47.0643],[-122.4176,47.0575],[-122.4357,47.0525],[-122.4369,47.0361],[-122.5253,47.0392],[-122.5242,47.0719],[-122.5864,47.1464],[-122.5508,47.1431],[-122.5697,47.2016],[-122.5517,47.2119],[-122.5312,47.2199],[-122.509,47.2252],[-122.4856,47.2278],[-122.4622,47.2275],[-122.439,47.2243],[-122.4171,47.2184],[-122.397,47.2099],[-122.3795,47.1991],[-122.3651,47.1864],[-122.3543,47.1721],[-122.3474,47.1567],[-122.3446,47.1407],[-122.346,47.1247],[-122.3516,47.1091],[-122.3612,47.0944]]]}},{"type":"Feature","properties":{"name":"PITTSBURGH ALLEGHENY COUNTY AIRPORT CLASS D","class":"D","lower":"0","lower_code":"SFC","upper":"3800"},"geometry":{"type":"Polygon","coordinates":[[[-79.93,40.4228],[-79.9126,40.4215],[-79.8958,40.4176],[-79.8803,40.4113],[-79.8668,40.4028],[-79.8557,40.3925],[-79.8474,40.3807],[-79.8423,40.3678],[-79.8406,40.3545],[-79.8423,40.3411],[-79.8474,40.3283],[-79.8557,40.3165],[-79.8668,40.3061],[-79.8803,40.2976],[-79.8958,40.2913],[-79.9126,40.2874],[-79.93,40.2861],[-79.9475,40.2874],[-79.9642,40.2913],[-79.9797,40.2976],[-79.9932,40.3061],[-80.0044,40.3165],[-80.0126,40.3283],[-80.0177,40.3412],[-80.0194,40.3545],[-80.0176,40.3679],[-80.0125,40.3807],[-80.0043,40.3925],[-79.9932,40.4028],[-79.9796,40.4113],[-79.9642,40.4176],[-79.9474,40.4215],[-79.93,40.4228]]]}},{"type":"Feature","properties":{"name":"POCATELLO CLASS D","class":"D","lower":"0","lower_code":"SFC","upper":"7000"},"geometry":{"type":"Polygon","coordinates":[[[-112.5957,42.8164],[-112.6287,42.8196],[-112.6223,42.8373],[-112.6379,42.8414],[-112.6525,42.8474],[-112.6656,42.855],[-112.6767,42.864],[-112.6858,42.8743],[-112.6924,42.8855],[-112.6965,42.8973],[-112.698,42.9095],[-112.6961,42.9241],[-112.6904,42.9381],[-112.6811,42.9511],[-112.6686,42.9625],[-112.6532,42.9719],[-112.6358,42.9789],[-112.6167,42.9833],[-112.5968,42.9848],[-112.5768,42.9835],[-112.5575,42.9793],[-112.5398,42.9725],[-112.5242,42.9632],[-112.5114,42.9519],[-112.5019,42.939],[-112.4959,42.9249],[-112.4939,42.9102],[-112.4952,42.8976],[-112.4995,42.8852],[-112.5066,42.8736],[-112.5162,42.863],[-112.5283,42.8537],[-112.5423,42.846],[-112.558,42.8402],[-112.5747,42.8364],[-112.5695,42.8185],[-112.5957,42.8164]]]}},{"type":"Feature","properties":{"name":"RIVERSIDE MUNICIPAL AIRPORT CLASS D","class":"D","lower":"0","lower_code":"SFC","upper":"2700"},"geometry":{"type":"Polygon","coordinates":[[[-117.4119,33.9731],[-117.4036,33.974],[-117.3965,33.9778],[-117.3919,33.9836],[-117.3905,33.9888],[-117.379,33.9717],[-117.3757,33.9612],[-117.3749,33.9505],[-117.378,33.9346],[-117.3862,33.92],[-117.3989,33.9079],[-117.4151,33.8991],[-117.4293,33.895],[-117.4442,33.8935],[-117.4592,33.8947],[-117.4735,33.8985],[-117.4865,33.9048],[-117.4976,33.9133],[-117.5063,33.9236],[-117.5115,33.9334],[-117.5145,33.9439],[-117.5151,33.9546],[-117.5133,33.9653],[-117.5092,33.9755],[-117.503,33.9849],[-117.4947,33.9932],[-117.4755,34.0046],[-117.4613,34.0088],[-117.4464,34.0104],[-117.4314,34.0093],[-117.417,34.0055],[-117.427,33.9993],[-117.4298,33.9945],[-117.4304,33.9876],[-117.425,33.9782],[-117.42,33.975],[-117.4119,33.9731]]]}},{"type":"Feature","properties":{"name":"ROBERT GRAY ARMY AIRFIELD CLASS D","class":"D","lower":"0","lower_code":"SFC","upper":"3500"},"geometry":{"type":"Polygon","coordinates":[[[-97.6404,31.1397],[-97.7378,31.0776],[-97.7366,31.0645],[-97.738,31.0513],[-97.7419,31.0386],[-97.7483,31.0265],[-97.7569,31.0156],[-97.7676,31.006],[-97.7799,30.9982],[-97.7936,30.9922],[-97.8119,30.9877],[-97.8307,30.9865],[-97.8495,30.9887],[-97.8673,30.9942],[-97.8834,31.0028],[-97.8971,31.014],[-97.9079,31.0274],[-97.9151,31.0425],[-97.9189,31.063],[-97.9164,31.0836],[-97.9076,31.1029],[-97.8933,31.1196],[-97.8826,31.1278],[-97.8706,31.1343],[-97.8436,31.1423],[-97.8151,31.1428],[-97.7879,31.1356],[-97.7853,31.1547],[-97.7761,31.1723],[-97.7612,31.1867],[-97.7419,31.1966],[-97.7239,31.2007],[-97.7053,31.2008],[-97.6872,31.1969],[-97.6708,31.1892],[-97.6562,31.1771],[-97.646,31.1621],[-97.642,31.1511],[-97.6404,31.1397]]]}},{"type":"Feature","properties":{"name":"PANAMA CITY CLASS D","class":"D","lower":"0","lower_code":"SFC","upper":"2500"},"geometry":{"type":"Polygon","coordinates":[[[-85.7935,30.2798],[-85.81,30.2808],[-85.828,30.285],[-85.8446,30.2924],[-85.8577,30.3012],[-85.8699,30.3135],[-85.878,30.326],[-85.8839,30.3413],[-85.886,30.3556],[-85.8848,30.3717],[-85.8805,30.3856],[-85.8722,30.4001],[-85.8621,30.4116],[-85.8481,30.4223],[-85.8338,30.4295],[-85.8162,30.4348],[-85.7997,30.4368],[-85.7811,30.4358],[-85.765,30.4322],[-85.75,30.4262],[-85.7349,30.4166],[-85.7236,30.4061],[-85.7139,30.3923],[-85.7076,30.377],[-85.7051,30.361],[-85.706,30.3466],[-85.7107,30.331],[-85.7179,30.318],[-85.7291,30.3051],[-85.7414,30.2954],[-85.7574,30.2871],[-85.775,30.2819],[-85.7935,30.2798]]]}},{"type":"Feature","properties":{"name":"PARKERSBURG CLASS D","class":"D","lower":"0","lower_code":"SFC","upper":"3400"},"geometry":{"type":"Polygon","coordinates":[[[-81.4392,39.4151],[-81.4216,39.4137],[-81.4047,39.4097],[-81.3891,39.4033],[-81.3753,39.3945],[-81.3641,39.3839],[-81.3558,39.3719],[-81.3507,39.3587],[-81.3489,39.345],[-81.3507,39.3314],[-81.3558,39.3182],[-81.3641,39.3061],[-81.3754,39.2955],[-81.3891,39.2867],[-81.4047,39.2803],[-81.4216,39.2763],[-81.4392,39.2749],[-81.4568,39.2763],[-81.4737,39.2803],[-81.4894,39.2868],[-81.503,39.2955],[-81.5142,39.3061],[-81.5225,39.3182],[-81.5277,39.3314],[-81.5294,39.3451],[-81.5276,39.3588],[-81.5225,39.3719],[-81.5142,39.384],[-81.5029,39.3946],[-81.4893,39.4033],[-81.4737,39.4097],[-81.4568,39.4137],[-81.4392,39.4151]]]}},{"type":"Feature","properties":{"name":"ST AUGUSTINE CLASS D","class":"D","lower":"0","lower_code":"SFC","upper":"2500"},"geometry":{"type":"Polygon","coordinates":[[[-81.3387,29.8923],[-81.3551,29.8937],[-81.369,29.8974],[-81.3817,29.9033],[-81.393,29.9111],[-81.4036,29.9222],[-81.4105,29.9333],[-81.4148,29.9453],[-81.4165,29.9578],[-81.415,29.9721],[-81.4109,29.9842],[-81.4042,29.9954],[-81.3953,30.0053],[-81.3827,30.0146],[-81.3699,30.0206],[-81.3562,30.0244],[-81.3418,30.026],[-81.3274,30.0251],[-81.3133,30.0219],[-81.3003,30.0165],[-81.2871,30.0078],[-81.2775,29.9984],[-81.2702,29.9875],[-81.2653,29.9756],[-81.263,29.9614],[-81.2639,29.9488],[-81.2675,29.9366],[-81.2736,29.9252],[-81.2835,29.9137],[-81.2943,29.9053],[-81.3086,29.8981],[-81.3223,29.8941],[-81.3387,29.8923]]]}},{"type":"Feature","properties":{"name":"SPRINGFIELD/CHICOPEE CLASS D","class":"D","lower":"0","lower_code":"SFC","upper":"2700"},"geometry":{"type":"Polygon","coordinates":[[[-72.5347,42.2889],[-72.5098,42.2871],[-72.4858,42.2817],[-72.4637,42.2729],[-72.4444,42.2611],[-72.4285,42.2468],[-72.4167,42.2304],[-72.4094,42.2126],[-72.4069,42.194],[-72.4094,42.1755],[-72.4166,42.1576],[-72.4284,42.1412],[-72.4443,42.1267],[-72.4637,42.1149],[-72.4858,42.1061],[-72.5098,42.1007],[-72.5348,42.0989],[-72.5596,42.1007],[-72.5836,42.1061],[-72.6058,42.1149],[-72.6251,42.1267],[-72.641,42.1412],[-72.6528,42.1576],[-72.6601,42.1755],[-72.6625,42.194],[-72.6601,42.2126],[-72.6528,42.2304],[-72.641,42.2468],[-72.6251,42.2611],[-72.6057,42.2729],[-72.5836,42.2817],[-72.5597,42.2871],[-72.5347,42.2889]]]}},{"type":"Feature","properties":{"name":"ST CLOUD CLASS D","class":"D","lower":"0","lower_code":"SFC","upper":"3500"},"geometry":{"type":"Polygon","coordinates":[[[-94.0594,45.6162],[-94.0412,45.615],[-94.0238,45.6116],[-94.0074,45.6059],[-93.9928,45.5983],[-93.9804,45.5889],[-93.9707,45.5781],[-93.9639,45.5662],[-93.9604,45.5537],[-93.9601,45.5409],[-93.9631,45.5283],[-93.9694,45.5163],[-93.9787,45.5052],[-93.9906,45.4956],[-94.0049,45.4877],[-94.0211,45.4816],[-94.0384,45.4778],[-94.059,45.4762],[-94.0798,45.4777],[-94.0996,45.4822],[-94.1177,45.4895],[-94.1333,45.4993],[-94.1456,45.5111],[-94.1541,45.5245],[-94.1584,45.5388],[-94.1585,45.5535],[-94.1542,45.5678],[-94.1457,45.5812],[-94.1335,45.593],[-94.118,45.6028],[-94.1,45.6101],[-94.0801,45.6147],[-94.0594,45.6162]]]}},{"type":"Feature","properties":{"name":"ST JOSEPH CLASS D","class":"D","lower":"0","lower_code":"SFC","upper":"3300"},"geometry":{"type":"Polygon","coordinates":[[[-94.9535,39.8357],[-94.924,39.8428],[-94.8947,39.8427],[-94.8666,39.8355],[-94.8428,39.8217],[-94.8267,39.8042],[-94.8213,39.7942],[-94.818,39.7837],[-94.8168,39.7715],[-94.8182,39.7593],[-94.8224,39.7474],[-94.8291,39.7363],[-94.8235,39.7318],[-94.8609,39.704],[-94.8664,39.7085],[-94.8837,39.7031],[-94.9022,39.7005],[-94.9226,39.7009],[-94.9426,39.7048],[-94.9608,39.712],[-94.9766,39.7221],[-94.9919,39.7385],[-95.0007,39.7574],[-95.0026,39.7703],[-95.0015,39.7832],[-94.9974,39.7958],[-94.9904,39.8076],[-95.002,39.8168],[-94.9647,39.8446],[-94.9535,39.8357]]]}},{"type":"Feature","properties":{"name":"SAN LUIS OBISPO CLASS D","class":"D","lower":"0","lower_code":"SFC","upper":"2700"},"geometry":{"type":"Polygon","coordinates":[[[-120.6414,35.1654],[-120.6588,35.1667],[-120.6756,35.1708],[-120.691,35.1775],[-120.7045,35.1866],[-120.7155,35.1977],[-120.7237,35.2105],[-120.7285,35.2242],[-120.73,35.2367],[-120.7284,35.251],[-120.7233,35.2648],[-120.715,35.2774],[-120.7054,35.2872],[-120.692,35.2964],[-120.6766,35.3033],[-120.6599,35.3076],[-120.6447,35.309],[-120.6294,35.3082],[-120.6124,35.3046],[-120.5967,35.2984],[-120.5828,35.2897],[-120.5712,35.2789],[-120.5626,35.2664],[-120.5571,35.2528],[-120.555,35.2385],[-120.5561,35.226],[-120.5605,35.2121],[-120.5683,35.1993],[-120.579,35.1879],[-120.5922,35.1785],[-120.6074,35.1715],[-120.624,35.1671],[-120.6414,35.1654]]]}},{"type":"Feature","properties":{"name":"AUSTIN CLASS D","class":"D","lower":"0","lower_code":"SFC","upper":"3100"},"geometry":{"type":"Polygon","coordinates":[[[-97.8174,29.9526],[-97.8039,29.9429],[-97.7931,29.9308],[-97.7854,29.9171],[-97.7813,29.9022],[-97.7808,29.8869],[-97.7841,29.8718],[-97.791,29.8578],[-97.8012,29.8452],[-97.8141,29.8349],[-97.8293,29.8272],[-97.846,29.8225],[-97.8635,29.8209],[-97.8809,29.8226],[-97.8976,29.8275],[-97.9127,29.8354],[-97.9255,29.8459],[-97.9357,29.8589],[-97.9425,29.8736],[-97.9466,29.8735],[-97.948,29.9069],[-97.9438,29.907],[-97.9353,29.9273],[-97.9462,29.9375],[-97.9201,29.9619],[-97.9086,29.9526],[-97.885,29.962],[-97.8851,29.9656],[-97.8468,29.9668],[-97.8466,29.9632],[-97.8315,29.9591],[-97.8174,29.9526]]]}},{"type":"Feature","properties":{"name":"WHEELING CLASS D","class":"D","lower":"0","lower_code":"SFC","upper":"3700"},"geometry":{"type":"Polygon","coordinates":[[[-80.6465,40.108],[-80.6538,40.0966],[-80.724,40.1229],[-80.7169,40.1341],[-80.7266,40.1457],[-80.733,40.1586],[-80.7359,40.1722],[-80.7352,40.1859],[-80.7307,40.1998],[-80.7226,40.2126],[-80.7113,40.2238],[-80.6971,40.2329],[-80.6808,40.2397],[-80.663,40.2437],[-80.6445,40.2447],[-80.6262,40.2429],[-80.6106,40.2389],[-80.5963,40.2327],[-80.5838,40.2246],[-80.5733,40.2149],[-80.5653,40.2039],[-80.5601,40.1919],[-80.5579,40.1795],[-80.5587,40.1669],[-80.562,40.1557],[-80.5677,40.1451],[-80.5755,40.1355],[-80.5855,40.1269],[-80.5987,40.1189],[-80.6136,40.113],[-80.6297,40.1093],[-80.6465,40.108]]]}},{"type":"Feature","properties":{"name":"WHITE PLAINS CLASS D","class":"D","lower":"0","lower_code":"SFC","upper":"3000"},"geometry":{"type":"Polygon","coordinates":[[[-73.7206,41.1352],[-73.692,41.1343],[-73.6674,41.1282],[-73.6457,41.1168],[-73.6292,41.1011],[-73.6194,41.0822],[-73.6174,41.062],[-73.6232,41.0423],[-73.6365,41.0247],[-73.6113,40.9915],[-73.6685,40.9666],[-73.6935,40.9994],[-73.7206,40.9993],[-73.7465,41.0053],[-73.7689,41.0168],[-73.7858,41.0329],[-73.7956,41.052],[-73.7976,41.0622],[-73.7976,41.0724],[-73.7914,41.0923],[-73.7777,41.11],[-73.8028,41.1428],[-73.7455,41.1678],[-73.7206,41.1352]]]}},{"type":"Feature","properties":{"name":"WHITEMAN CLASS D","class":"D","lower":"0","lower_code":"SFC","upper":"3000"},"geometry":{"type":"Polygon","coordinates":[[[-118.361,34.2841],[-118.3878,34.2806],[-118.3816,34.2737],[-118.378,34.2656],[-118.3773,34.257],[-118.3796,34.2486],[-118.3847,34.2411],[-118.3921,34.235],[-118.4013,34.231],[-118.4115,34.2293],[-118.4268,34.2314],[-118.4397,34.2386],[-118.4458,34.2459],[-118.4491,34.2544],[-118.4493,34.2633],[-118.4464,34.2718],[-118.4687,34.2794],[-118.46,34.2911],[-118.4478,34.3005],[-118.433,34.3067],[-118.4166,34.3093],[-118.4001,34.3082],[-118.3846,34.3033],[-118.3712,34.2951],[-118.361,34.2841]]]}},{"type":"Feature","properties":{"name":"CONROE CLASS D","class":"D","lower":"0","lower_code":"SFC","upper":"2700"},"geometry":{"type":"Polygon","coordinates":[[[-95.3697,30.4233],[-95.3808,30.3922],[-95.3309,30.3867],[-95.3245,30.3695],[-95.3226,30.3525],[-95.325,30.3355],[-95.3314,30.3193],[-95.3417,30.3046],[-95.3553,30.2922],[-95.3716,30.2826],[-95.3899,30.2762],[-95.4094,30.2734],[-95.4291,30.2741],[-95.4482,30.2785],[-95.4658,30.2863],[-95.481,30.2972],[-95.4915,30.3083],[-95.4995,30.3208],[-95.5049,30.3344],[-95.5074,30.3484],[-95.5069,30.3628],[-95.5035,30.3768],[-95.4973,30.3901],[-95.4885,30.4021],[-95.4773,30.4127],[-95.4642,30.4214],[-95.4494,30.4279],[-95.4337,30.4319],[-95.4172,30.4336],[-95.4008,30.4326],[-95.3847,30.4291],[-95.3697,30.4233]]]}},{"type":"Feature","properties":{"name":"CORPUS CHRISTI, CABANISS NOLF CLASS D","class":"D","lower":"0","lower_code":"SFC","upper":"1200"},"geometry":{"type":"Polygon","coordinates":[[[-97.437,27.6292],[-97.457,27.631],[-97.4778,27.6378],[-97.4778,27.6894],[-97.4645,27.6934],[-97.4504,27.7001],[-97.4377,27.7088],[-97.4269,27.7193],[-97.4182,27.7312],[-97.4119,27.7443],[-97.4083,27.7582],[-97.4073,27.7706],[-97.3947,27.7649],[-97.3835,27.7573],[-97.3739,27.7481],[-97.3662,27.7376],[-97.3606,27.726],[-97.3572,27.7138],[-97.3563,27.7013],[-97.3578,27.6888],[-97.3658,27.6685],[-97.3741,27.6571],[-97.3853,27.6467],[-97.3968,27.6395],[-97.4095,27.634],[-97.423,27.6306],[-97.437,27.6292]]]}},{"type":"Feature","properties":{"name":"CORPUS CHRISTI NAS/TRUAX FIELD CLASS D","class":"D","lower":"0","lower_code":"SFC","upper":"2500"},"geometry":{"type":"Polygon","coordinates":[[[-97.2894,27.6208],[-97.3054,27.6221],[-97.3209,27.6262],[-97.3351,27.6329],[-97.3476,27.642],[-97.3578,27.6532],[-97.3653,27.6659],[-97.3698,27.6797],[-97.3711,27.6922],[-97.3696,27.7065],[-97.3649,27.7203],[-97.3573,27.7329],[-97.3484,27.7427],[-97.336,27.752],[-97.3219,27.7589],[-97.3084,27.7627],[-97.2924,27.7645],[-97.2763,27.7635],[-97.2626,27.7602],[-97.2481,27.7539],[-97.2352,27.7452],[-97.2246,27.7344],[-97.2166,27.7219],[-97.2115,27.7083],[-97.2096,27.694],[-97.2106,27.6815],[-97.2147,27.6676],[-97.2219,27.6547],[-97.2317,27.6433],[-97.2439,27.6339],[-97.258,27.6269],[-97.2733,27.6224],[-97.2894,27.6208]]]}},{"type":"Feature","properties":{"name":"KANSAS CITY CHARLES B. WHEELER DOWNTOWN AIRPORT CLASS D","class":"D","lower":"0","lower_code":"SFC","upper":"3300"},"geometry":{"type":"Polygon","coordinates":[[[-94.559,39.058],[-94.5755,39.0542],[-94.5928,39.0529],[-94.61,39.0542],[-94.6266,39.058],[-94.6319,39.0523],[-94.6348,39.0539],[-94.6418,39.0469],[-94.6756,39.0675],[-94.6635,39.0796],[-94.6729,39.091],[-94.6792,39.1035],[-94.6824,39.1168],[-94.6823,39.1303],[-94.6757,39.1502],[-94.6621,39.1677],[-94.6505,39.1767],[-94.637,39.184],[-94.6163,39.1906],[-94.5941,39.193],[-94.5926,39.1982],[-94.5508,39.1907],[-94.5523,39.1855],[-94.5346,39.1764],[-94.5203,39.1644],[-94.5102,39.1506],[-94.5043,39.1354],[-94.503,39.1195],[-94.5063,39.1038],[-94.5141,39.0891],[-94.5259,39.0762],[-94.5411,39.0656],[-94.559,39.058]]]}},{"type":"Feature","properties":{"name":"KENAI CLASS D","class":"D","lower":"0","lower_code":"SFC","upper":"2600"},"geometry":{"type":"Polygon","coordinates":[[[-151.3795,60.6288],[-151.3484,60.616],[-151.3165,60.6297],[-151.2775,60.6378],[-151.2873,60.6572],[-151.2861,60.6573],[-151.2585,60.6595],[-151.2305,60.6595],[-151.2029,60.6573],[-151.1763,60.653],[-151.1515,60.6466],[-151.1292,60.6385],[-151.1097,60.6287],[-151.0936,60.6174],[-151.0813,60.6051],[-151.0732,60.592],[-151.0694,60.5784],[-151.07,60.5647],[-151.0732,60.5548],[-151.0788,60.545],[-151.0967,60.5269],[-151.1226,60.5113],[-151.1551,60.499],[-151.1923,60.4908],[-151.2325,60.4871],[-151.2734,60.4881],[-151.3127,60.4937],[-151.3483,60.5036],[-151.3783,60.5173],[-151.4011,60.5341],[-151.4094,60.5433],[-151.4154,60.553],[-151.4191,60.5629],[-151.4204,60.573],[-151.4193,60.5831],[-151.4158,60.5931],[-151.4099,60.6028],[-151.4019,60.612],[-151.3795,60.6288]]]}},{"type":"Feature","properties":{"name":"KENAI CLASS D","class":"D","lower":"1100","lower_code":"MSL","upper":"2600"},"geometry":{"type":"Polygon","coordinates":[[[-151.2775,60.6378],[-151.3165,60.6297],[-151.3484,60.616],[-151.3795,60.6288],[-151.3602,60.6385],[-151.338,60.6466],[-151.3136,60.6529],[-151.2873,60.6572],[-151.2775,60.6378]]]}},{"type":"Feature","properties":{"name":"SIOUX FALLS CLASS D","class":"D","lower":"0","lower_code":"SFC","upper":"3900"},"geometry":{"type":"Polygon","coordinates":[[[-96.7417,43.6547],[-96.722,43.6533],[-96.7031,43.6492],[-96.6856,43.6424],[-96.6703,43.6332],[-96.6578,43.6222],[-96.6485,43.6095],[-96.6427,43.5958],[-96.6408,43.5814],[-96.6427,43.5671],[-96.6485,43.5533],[-96.6578,43.5407],[-96.6704,43.5295],[-96.6856,43.5204],[-96.7031,43.5136],[-96.722,43.5095],[-96.7417,43.508],[-96.7613,43.5095],[-96.7803,43.5136],[-96.7977,43.5204],[-96.813,43.5296],[-96.8256,43.5407],[-96.8349,43.5534],[-96.8406,43.5672],[-96.8426,43.5815],[-96.8406,43.5958],[-96.8348,43.6095],[-96.8255,43.6222],[-96.813,43.6333],[-96.7977,43.6424],[-96.7803,43.6492],[-96.7614,43.6533],[-96.7417,43.6547]]]}},{"type":"Feature","properties":{"name":"SPARTA CLASS D","class":"D","lower":"0","lower_code":"SFC","upper":"3300"},"geometry":{"type":"Polygon","coordinates":[[[-90.6753,44.0074],[-90.7093,44.0072],[-90.7194,43.9994],[-90.7214,43.9456],[-90.6833,43.9439],[-90.6494,43.9394],[-90.6554,43.9285],[-90.664,43.9185],[-90.6749,43.9097],[-90.6877,43.9024],[-90.7065,43.8957],[-90.7269,43.8922],[-90.7479,43.8921],[-90.7682,43.8954],[-90.7871,43.902],[-90.8034,43.9114],[-90.8164,43.9233],[-90.8253,43.937],[-90.829,43.9477],[-90.8302,43.9587],[-90.8289,43.9696],[-90.8251,43.9803],[-90.8189,43.9903],[-90.8105,43.9995],[-90.8002,44.0076],[-90.7881,44.0143],[-90.7603,44.023],[-90.73,44.0248],[-90.7006,44.0194],[-90.6753,44.0074]]]}},{"type":"Feature","properties":{"name":"SPOKANE CLASS D","class":"D","lower":"0","lower_code":"SFC","upper":"4500"},"geometry":{"type":"Polygon","coordinates":[[[-117.4137,47.6019],[-117.4107,47.6221],[-117.4122,47.6328],[-117.4156,47.6433],[-117.4284,47.663],[-117.4487,47.6802],[-117.4166,47.7027],[-117.4039,47.7205],[-117.3841,47.7349],[-117.3564,47.7455],[-117.3251,47.7495],[-117.2935,47.7466],[-117.265,47.7371],[-117.2377,47.751],[-117.2021,47.7191],[-117.2294,47.7052],[-117.2258,47.6966],[-117.2239,47.6861],[-117.2244,47.6755],[-117.2274,47.6651],[-117.2391,47.6473],[-117.2485,47.6388],[-117.2598,47.6314],[-117.275,47.6245],[-117.2944,47.6191],[-117.4137,47.6019]]]}},{"type":"Feature","properties":{"name":"EASTON CLASS D","class":"D","lower":"0","lower_code":"SFC","upper":"2600"},"geometry":{"type":"Polygon","coordinates":[[[-76.0689,38.8709],[-76.0523,38.8696],[-76.0363,38.8658],[-76.0215,38.8597],[-76.0086,38.8514],[-75.998,38.8413],[-75.9901,38.8297],[-75.9853,38.8173],[-75.9836,38.8042],[-75.9852,38.7912],[-75.9901,38.7786],[-75.998,38.7671],[-76.0086,38.757],[-76.0216,38.7487],[-76.0363,38.7425],[-76.0522,38.7387],[-76.0689,38.7374],[-76.0855,38.7387],[-76.1016,38.7425],[-76.1163,38.7487],[-76.1292,38.757],[-76.1398,38.7672],[-76.1477,38.7787],[-76.1525,38.7912],[-76.1542,38.8042],[-76.1525,38.8173],[-76.1476,38.8298],[-76.1398,38.8413],[-76.1292,38.8514],[-76.1162,38.8597],[-76.1015,38.8658],[-76.0855,38.8696],[-76.0689,38.8709]]]}},{"type":"Feature","properties":{"name":"EASTOVER CLASS D","class":"D","lower":"0","lower_code":"SFC","upper":"2800"},"geometry":{"type":"Polygon","coordinates":[[[-80.8011,33.9959],[-80.7839,33.9945],[-80.7674,33.9904],[-80.752,33.9838],[-80.7385,33.9748],[-80.7273,33.9638],[-80.7188,33.9513],[-80.7133,33.9376],[-80.711,33.9216],[-80.7125,33.9072],[-80.7172,33.8934],[-80.7251,33.8805],[-80.7372,33.8679],[-80.7505,33.8587],[-80.7656,33.8517],[-80.782,33.8473],[-80.8013,33.8456],[-80.8206,33.8474],[-80.837,33.8519],[-80.8522,33.8588],[-80.8654,33.8681],[-80.8763,33.8793],[-80.8844,33.892],[-80.8894,33.9058],[-80.8913,33.9201],[-80.8894,33.9362],[-80.8842,33.9499],[-80.876,33.9626],[-80.8651,33.9738],[-80.8517,33.983],[-80.8366,33.9899],[-80.8201,33.9942],[-80.8011,33.9959]]]}},{"type":"Feature","properties":{"name":"EAU CLAIRE CLASS D","class":"D","lower":"0","lower_code":"SFC","upper":"3500"},"geometry":{"type":"Polygon","coordinates":[[[-91.4383,44.8021],[-91.4549,44.7972],[-91.4725,44.7946],[-91.4972,44.7947],[-91.5212,44.7991],[-91.5255,44.7948],[-91.54,44.802],[-91.5418,44.8007],[-91.5522,44.8081],[-91.5639,44.8139],[-91.5624,44.8154],[-91.575,44.8243],[-91.5698,44.828],[-91.5798,44.8431],[-91.5846,44.8595],[-91.5832,44.8793],[-91.5743,44.8979],[-91.5613,44.912],[-91.5439,44.9236],[-91.5234,44.9319],[-91.5005,44.9365],[-91.4769,44.9373],[-91.4536,44.9341],[-91.432,44.9271],[-91.4133,44.9167],[-91.3986,44.9036],[-91.3886,44.8883],[-91.3838,44.8718],[-91.3847,44.8549],[-91.391,44.8386],[-91.4025,44.8239],[-91.4186,44.8115],[-91.4383,44.8021]]]}},{"type":"Feature","properties":{"name":"EDWARDS AFB CLASS D","class":"D","lower":"0","lower_code":"SFC","upper":"4800"},"geometry":{"type":"Polygon","coordinates":[[[-117.8836,35.0219],[-117.8559,35.0196],[-117.8293,35.013],[-117.8048,35.0022],[-117.7832,34.9876],[-117.7656,34.9699],[-117.7525,34.9498],[-117.7445,34.9279],[-117.7418,34.905],[-117.7445,34.8823],[-117.7526,34.8603],[-117.7657,34.8401],[-117.7834,34.8223],[-117.8048,34.8078],[-117.8294,34.797],[-117.8559,34.7904],[-117.8837,34.7881],[-117.9114,34.7904],[-117.9379,34.7971],[-117.9625,34.8079],[-117.9839,34.8224],[-118.0016,34.8402],[-118.0147,34.8604],[-118.0227,34.8823],[-118.0255,34.9051],[-118.0227,34.928],[-118.0146,34.9499],[-118.0015,34.97],[-117.9839,34.9877],[-117.9624,35.0022],[-117.9379,35.013],[-117.9113,35.0196],[-117.8836,35.0219]]]}},{"type":"Feature","properties":{"name":"COLUMBUS CLASS D","class":"D","lower":"0","lower_code":"SFC","upper":"3200"},"geometry":{"type":"Polygon","coordinates":[[[-85.8964,39.3303],[-85.8792,39.329],[-85.8627,39.3251],[-85.8475,39.3188],[-85.8342,39.3103],[-85.8232,39.3],[-85.8151,39.2882],[-85.8101,39.2754],[-85.8084,39.262],[-85.8101,39.2486],[-85.8151,39.2358],[-85.8232,39.224],[-85.8342,39.2136],[-85.8475,39.2051],[-85.8628,39.1987],[-85.8792,39.1949],[-85.8964,39.1935],[-85.9135,39.1949],[-85.9301,39.1988],[-85.9453,39.2051],[-85.9586,39.2136],[-85.9696,39.224],[-85.9777,39.2358],[-85.9827,39.2487],[-85.9844,39.262],[-85.9827,39.2754],[-85.9776,39.2882],[-85.9695,39.3],[-85.9586,39.3103],[-85.9452,39.3188],[-85.93,39.3251],[-85.9136,39.329],[-85.8964,39.3303]]]}},{"type":"Feature","properties":{"name":"COLUMBUS CLASS D","class":"D","lower":"0","lower_code":"SFC","upper":"3000"},"geometry":{"type":"Polygon","coordinates":[[[-82.9278,39.8905],[-82.9083,39.889],[-82.8897,39.8846],[-82.8725,39.8776],[-82.8574,39.868],[-82.8451,39.8564],[-82.8359,39.8432],[-82.8302,39.8288],[-82.8283,39.8138],[-82.8302,39.7989],[-82.8359,39.7844],[-82.8451,39.7712],[-82.8575,39.7595],[-82.8726,39.7499],[-82.8898,39.7429],[-82.9084,39.7385],[-82.9278,39.737],[-82.9472,39.7385],[-82.9659,39.7429],[-82.9831,39.75],[-82.9982,39.7596],[-83.0106,39.7712],[-83.0197,39.7845],[-83.0254,39.7989],[-83.0273,39.8139],[-83.0254,39.8289],[-83.0197,39.8432],[-83.0105,39.8565],[-82.9981,39.8681],[-82.9831,39.8776],[-82.9659,39.8847],[-82.9472,39.889],[-82.9278,39.8905]]]}},{"type":"Feature","properties":{"name":"CONCORD CLASS D","class":"D","lower":"0","lower_code":"SFC","upper":"2500"},"geometry":{"type":"Polygon","coordinates":[[[-122.0569,37.9212],[-122.0755,37.9229],[-122.0934,37.9277],[-122.0801,37.9503],[-122.0928,37.9568],[-122.1028,37.9659],[-122.1092,37.9768],[-122.1117,37.9886],[-122.1109,37.9971],[-122.108,38.0054],[-122.0963,38.0198],[-122.1191,38.0372],[-122.106,38.046],[-122.0908,38.0526],[-122.0743,38.0567],[-122.0571,38.0581],[-122.0402,38.0568],[-122.024,38.0529],[-122.0091,38.0466],[-121.9959,38.0382],[-121.9852,38.0279],[-121.9771,38.016],[-121.9722,38.0032],[-121.9705,37.9898],[-121.9721,37.9765],[-121.977,37.9636],[-121.9849,37.9518],[-121.9957,37.9414],[-122.0088,37.9328],[-122.0237,37.9265],[-122.0399,37.9226],[-122.0569,37.9212]]]}},{"type":"Feature","properties":{"name":"CONCORD CLASS D","class":"D","lower":"0","lower_code":"SFC","upper":"3200"},"geometry":{"type":"Polygon","coordinates":[[[-80.7091,35.4545],[-80.6932,35.4533],[-80.6779,35.4494],[-80.6638,35.4433],[-80.6515,35.435],[-80.6413,35.4249],[-80.6338,35.4134],[-80.6292,35.4009],[-80.6276,35.3878],[-80.6292,35.3748],[-80.6338,35.3622],[-80.6413,35.3507],[-80.6515,35.3406],[-80.6638,35.3323],[-80.678,35.3261],[-80.6933,35.3223],[-80.7092,35.321],[-80.725,35.3223],[-80.7404,35.3261],[-80.7545,35.3323],[-80.7668,35.3406],[-80.777,35.3507],[-80.7845,35.3623],[-80.7891,35.3748],[-80.7907,35.3878],[-80.7891,35.4009],[-80.7845,35.4134],[-80.7769,35.4249],[-80.7668,35.435],[-80.7544,35.4433],[-80.7403,35.4495],[-80.725,35.4533],[-80.7091,35.4545]]]}},{"type":"Feature","properties":{"name":"DULUTH CLASS D","class":"D","lower":"0","lower_code":"SFC","upper":"3900"},"geometry":{"type":"Polygon","coordinates":[[[-92.1932,46.9237],[-92.1735,46.9226],[-92.1543,46.9192],[-92.1361,46.9137],[-92.1196,46.9062],[-92.105,46.8969],[-92.093,46.8861],[-92.0837,46.874],[-92.0775,46.8611],[-92.0745,46.8476],[-92.0749,46.834],[-92.0785,46.8206],[-92.0853,46.8078],[-92.0951,46.796],[-92.1076,46.7854],[-92.1225,46.7765],[-92.1395,46.7693],[-92.1646,46.7628],[-92.1911,46.7605],[-92.2178,46.7622],[-92.2432,46.768],[-92.2661,46.7776],[-92.2853,46.7904],[-92.2999,46.8059],[-92.3089,46.8231],[-92.3122,46.8414],[-92.3094,46.8596],[-92.3008,46.8771],[-92.2867,46.8926],[-92.2678,46.9057],[-92.2452,46.9155],[-92.2198,46.9216],[-92.1932,46.9237]]]}},{"type":"Feature","properties":{"name":"EAGLE CLASS D","class":"D","lower":"0","lower_code":"SFC","upper":"9100"},"geometry":{"type":"Polygon","coordinates":[[[-106.7928,39.6947],[-106.7827,39.6766],[-106.777,39.6574],[-106.7759,39.6377],[-106.7793,39.6183],[-106.8235,39.6262],[-106.8299,39.6117],[-106.8401,39.5986],[-106.8536,39.5874],[-106.8699,39.5786],[-106.8881,39.5726],[-106.9076,39.5696],[-106.9275,39.5699],[-106.9468,39.5733],[-106.9615,39.5402],[-106.9935,39.5524],[-107.0204,39.5705],[-107.0314,39.5813],[-107.0406,39.5932],[-107.0477,39.6058],[-107.0528,39.619],[-107.056,39.6373],[-107.0552,39.6559],[-107.0102,39.6517],[-107.0036,39.6709],[-106.9906,39.6881],[-106.9721,39.7019],[-106.9494,39.7114],[-106.9229,39.7159],[-106.8959,39.7145],[-106.8705,39.7072],[-106.8488,39.6946],[-106.8167,39.7194],[-106.8036,39.7077],[-106.7928,39.6947]]]}},{"type":"Feature","properties":{"name":"EAST HAMPTON CLASS D","class":"D","lower":"0","lower_code":"SFC","upper":"2000"},"geometry":{"type":"Polygon","coordinates":[[[-72.2517,41.0295],[-72.2337,41.0281],[-72.2163,41.0241],[-72.2004,41.0177],[-72.1863,41.0089],[-72.1748,40.9983],[-72.1663,40.9863],[-72.1611,40.9731],[-72.1593,40.9594],[-72.161,40.9458],[-72.1663,40.9326],[-72.1748,40.9205],[-72.1864,40.9099],[-72.2003,40.9012],[-72.2164,40.8947],[-72.2337,40.8907],[-72.2517,40.8894],[-72.2698,40.8907],[-72.2871,40.8947],[-72.303,40.9012],[-72.317,40.9099],[-72.3285,40.9206],[-72.337,40.9327],[-72.3423,40.9459],[-72.3441,40.9595],[-72.3423,40.9732],[-72.337,40.9863],[-72.3285,40.9984],[-72.317,41.009],[-72.303,41.0177],[-72.287,41.0241],[-72.2697,41.0281],[-72.2517,41.0295]]]}},{"type":"Feature","properties":{"name":"HOUSTON, ELLINGTON AFB CLASS D","class":"D","lower":"0","lower_code":"SFC","upper":"2000"},"geometry":{"type":"Polygon","coordinates":[[[-95.1378,29.5294],[-95.1874,29.5286],[-95.1876,29.5384],[-95.2107,29.5496],[-95.194,29.5598],[-95.178,29.5735],[-95.1953,29.5866],[-95.1974,29.6726],[-95.1905,29.6754],[-95.1906,29.6842],[-95.1407,29.6845],[-95.1406,29.6792],[-95.1194,29.6724],[-95.0996,29.6596],[-95.0869,29.6455],[-95.0785,29.6291],[-95.0752,29.615],[-95.0752,29.6006],[-95.0783,29.5865],[-95.0845,29.5732],[-95.0936,29.5612],[-95.1068,29.5498],[-95.1206,29.5421],[-95.1379,29.5363],[-95.1378,29.5294]]]}},{"type":"Feature","properties":{"name":"HOUSTON DAVID WAYNE HOOKS MEMORIAL AIRPORT CLASS D","class":"D","lower":"0","lower_code":"SFC","upper":"2000"},"geometry":{"type":"Polygon","coordinates":[[[-95.5528,30.1321],[-95.5383,30.131],[-95.5224,30.127],[-95.5095,30.1212],[-95.4965,30.1122],[-95.4871,30.1027],[-95.4789,30.0901],[-95.4738,30.0764],[-95.4721,30.0621],[-95.4734,30.0495],[-95.478,30.0357],[-95.4846,30.0245],[-95.4948,30.0131],[-95.5058,30.0049],[-95.5202,29.9978],[-95.5359,29.9933],[-95.5524,29.9918],[-95.5689,29.9932],[-95.5847,29.9975],[-95.5991,30.0045],[-95.6102,30.0127],[-95.6205,30.0239],[-95.6273,30.0351],[-95.632,30.0489],[-95.6334,30.0614],[-95.6319,30.0758],[-95.627,30.0895],[-95.6189,30.1021],[-95.6096,30.1118],[-95.5967,30.1208],[-95.5838,30.1267],[-95.568,30.1309],[-95.5528,30.1321]]]}},{"type":"Feature","properties":{"name":"BAKERSFIELD CLASS D","class":"D","lower":"0","lower_code":"SFC","upper":"3000"},"geometry":{"type":"Polygon","coordinates":[[[-119.0643,35.5091],[-119.0332,35.5063],[-119.019,35.502],[-119.0059,35.4959],[-118.994,35.488],[-118.9839,35.4786],[-118.9759,35.468],[-118.9701,35.4564],[-118.9668,35.4444],[-118.9659,35.4319],[-118.9676,35.4196],[-118.9717,35.4076],[-118.9515,35.3917],[-119.0025,35.3485],[-119.0227,35.3644],[-119.0422,35.3598],[-119.0624,35.3588],[-119.0824,35.3615],[-119.1012,35.3677],[-119.1159,35.3758],[-119.1284,35.386],[-119.1383,35.398],[-119.1452,35.4113],[-119.1487,35.4241],[-119.1494,35.4371],[-119.1473,35.45],[-119.1425,35.4625],[-119.1592,35.4766],[-119.1408,35.4911],[-119.1589,35.5177],[-119.0911,35.5485],[-119.0643,35.5091]]]}},{"type":"Feature","properties":{"name":"BARKING SANDS CLASS D","class":"D","lower":"0","lower_code":"SFC","upper":"2500"},"geometry":{"type":"Polygon","coordinates":[[[-159.7865,21.9364],[-159.8045,21.938],[-159.8216,21.9428],[-159.8374,21.9507],[-159.8513,21.9613],[-159.8627,21.9743],[-159.8712,21.989],[-159.8764,22.005],[-159.8781,22.0216],[-159.8764,22.0384],[-159.8712,22.0544],[-159.8627,22.0691],[-159.8514,22.082],[-159.8375,22.0926],[-159.8217,22.1005],[-159.8046,22.1053],[-159.7868,22.107],[-159.7697,22.1055],[-159.74,21.9483],[-159.7625,21.9394],[-159.7865,21.9364]]]}},{"type":"Feature","properties":{"name":"BATTLE CREEK CLASS D","class":"D","lower":"0","lower_code":"SFC","upper":"3500"},"geometry":{"type":"Polygon","coordinates":[[[-85.2501,42.3815],[-85.2304,42.3801],[-85.2114,42.3758],[-85.194,42.3689],[-85.1787,42.3596],[-85.1661,42.3482],[-85.1567,42.3353],[-85.151,42.3212],[-85.149,42.3065],[-85.1509,42.2919],[-85.1567,42.2778],[-85.166,42.2649],[-85.1787,42.2534],[-85.1939,42.2441],[-85.2114,42.2372],[-85.2303,42.2329],[-85.2501,42.2314],[-85.27,42.2329],[-85.2889,42.2372],[-85.3063,42.2441],[-85.3216,42.2535],[-85.3342,42.2649],[-85.3435,42.2779],[-85.3492,42.2919],[-85.3512,42.3065],[-85.3492,42.3212],[-85.3435,42.3352],[-85.3341,42.3482],[-85.3216,42.3595],[-85.3063,42.3688],[-85.2889,42.3758],[-85.2699,42.38],[-85.2501,42.3815]]]}},{"type":"Feature","properties":{"name":"LEMOORE NAS CLASS D","class":"D","lower":"0","lower_code":"SFC","upper":"2700"},"geometry":{"type":"Polygon","coordinates":[[[-119.9522,36.4233],[-119.9304,36.4215],[-119.9096,36.4164],[-119.8903,36.4081],[-119.8734,36.3969],[-119.8595,36.3832],[-119.8493,36.3677],[-119.8429,36.3508],[-119.8408,36.3331],[-119.8429,36.3156],[-119.8493,36.2986],[-119.8596,36.2831],[-119.8734,36.2694],[-119.8903,36.2582],[-119.9096,36.2498],[-119.9304,36.2447],[-119.9522,36.243],[-119.9739,36.2447],[-119.9948,36.2499],[-120.0141,36.2582],[-120.0309,36.2694],[-120.0448,36.2831],[-120.0551,36.2987],[-120.0614,36.3157],[-120.0636,36.3332],[-120.0614,36.3509],[-120.055,36.3677],[-120.0447,36.3833],[-120.0309,36.3969],[-120.014,36.4081],[-119.9948,36.4164],[-119.9739,36.4215],[-119.9522,36.4233]]]}},{"type":"Feature","properties":{"name":"LEBANON CLASS D","class":"D","lower":"0","lower_code":"SFC","upper":"3100"},"geometry":{"type":"Polygon","coordinates":[[[-72.3042,43.7064],[-72.2827,43.7049],[-72.262,43.7003],[-72.243,43.6929],[-72.2263,43.683],[-72.2126,43.6709],[-72.2024,43.6571],[-72.1962,43.6421],[-72.194,43.6264],[-72.1961,43.6108],[-72.2024,43.5958],[-72.2125,43.582],[-72.2263,43.5698],[-72.243,43.5599],[-72.262,43.5525],[-72.2828,43.5479],[-72.3042,43.5464],[-72.3256,43.5479],[-72.3464,43.5525],[-72.3654,43.5599],[-72.3821,43.5698],[-72.3958,43.5821],[-72.406,43.5959],[-72.4122,43.6109],[-72.4143,43.6265],[-72.4122,43.642],[-72.4059,43.657],[-72.3958,43.6708],[-72.3821,43.683],[-72.3654,43.6929],[-72.3464,43.7003],[-72.3258,43.7048],[-72.3042,43.7064]]]}},{"type":"Feature","properties":{"name":"LEESBURG CLASS D","class":"D","lower":"0","lower_code":"SFC","upper":"1600"},"geometry":{"type":"Polygon","coordinates":[[[-81.8086,28.8916],[-81.7935,28.8903],[-81.7789,28.8864],[-81.7654,28.8801],[-81.7536,28.8715],[-81.7439,28.8611],[-81.7368,28.8493],[-81.7323,28.8365],[-81.7308,28.8231],[-81.7323,28.8097],[-81.7367,28.7968],[-81.7439,28.785],[-81.7536,28.7746],[-81.7654,28.7661],[-81.7789,28.7598],[-81.7935,28.7559],[-81.8086,28.7545],[-81.8238,28.7559],[-81.8384,28.7598],[-81.8518,28.7661],[-81.8637,28.7746],[-81.8733,28.7851],[-81.8805,28.7969],[-81.8849,28.8097],[-81.8864,28.8231],[-81.8849,28.8365],[-81.8805,28.8493],[-81.8733,28.8611],[-81.8636,28.8715],[-81.8518,28.88],[-81.8384,28.8864],[-81.8238,28.8903],[-81.8086,28.8916]]]}},{"type":"Feature","properties":{"name":"LEWISTON CLASS D","class":"D","lower":"0","lower_code":"SFC","upper":"3900"},"geometry":{"type":"Polygon","coordinates":[[[-116.9253,46.4024],[-116.9032,46.409],[-116.8952,46.3917],[-116.8926,46.3737],[-116.8957,46.3556],[-116.9042,46.3385],[-116.8715,46.3279],[-116.889,46.308],[-116.9123,46.2909],[-116.9403,46.2776],[-116.9717,46.2688],[-116.9882,46.3088],[-117.0162,46.3062],[-117.0442,46.3092],[-117.0698,46.3175],[-117.0909,46.3306],[-117.1369,46.3038],[-117.1507,46.3169],[-117.1615,46.3313],[-117.1691,46.3467],[-117.1733,46.3625],[-117.1743,46.375],[-117.1732,46.3875],[-117.17,46.3999],[-117.1648,46.412],[-117.1082,46.3978],[-117.097,46.4129],[-117.0809,46.4256],[-117.0608,46.4352],[-117.0378,46.441],[-117.021,46.4427],[-117.004,46.4423],[-116.9873,46.44],[-116.9715,46.4357],[-116.957,46.4296],[-116.9443,46.4219],[-116.9336,46.4127],[-116.9253,46.4024]]]}},{"type":"Feature","properties":{"name":"LIHUE CLASS D","class":"D","lower":"0","lower_code":"SFC","upper":"2600"},"geometry":{"type":"Polygon","coordinates":[[[-159.3389,22.048],[-159.3239,22.0467],[-159.3094,22.0426],[-159.2961,22.0359],[-159.2844,22.027],[-159.2748,22.0161],[-159.2677,22.0037],[-159.2633,21.9902],[-159.2618,21.9762],[-159.2633,21.9621],[-159.2677,21.9486],[-159.2748,21.9362],[-159.2844,21.9253],[-159.296,21.9163],[-159.3094,21.9097],[-159.3239,21.9056],[-159.3389,21.9042],[-159.354,21.9056],[-159.3684,21.9097],[-159.3818,21.9164],[-159.3934,21.9253],[-159.4031,21.9362],[-159.4102,21.9487],[-159.4145,21.9621],[-159.416,21.9761],[-159.4145,21.9902],[-159.4101,22.0037],[-159.403,22.0161],[-159.3934,22.027],[-159.3817,22.0359],[-159.3684,22.0426],[-159.3539,22.0466],[-159.3389,22.048]]]}},{"type":"Feature","properties":{"name":"JACKSONVILLE NAS CLASS D","class":"D","lower":"0","lower_code":"SFC","upper":"2600"},"geometry":{"type":"Polygon","coordinates":[[[-81.8001,30.2481],[-81.7891,30.2515],[-81.776,30.2515],[-81.7698,30.2686],[-81.7598,30.2842],[-81.7464,30.2978],[-81.7302,30.3088],[-81.715,30.3156],[-81.6987,30.32],[-81.6819,30.3221],[-81.6649,30.3217],[-81.6456,30.3182],[-81.6275,30.3116],[-81.6113,30.3021],[-81.5974,30.29],[-81.5864,30.2759],[-81.5787,30.2602],[-81.5747,30.2435],[-81.5744,30.2264],[-81.5781,30.2091],[-81.5857,30.1927],[-81.5969,30.1779],[-81.6112,30.1654],[-81.6281,30.1556],[-81.647,30.1488],[-81.6669,30.1455],[-81.6873,30.1457],[-81.7116,30.1507],[-81.7338,30.1607],[-81.7525,30.1751],[-81.7666,30.1931],[-81.8001,30.193],[-81.8001,30.2481]]]}},{"type":"Feature","properties":{"name":"JACKSONVILLE WHITEHOUSE NOLF CLASS D","class":"D","lower":"0","lower_code":"SFC","upper":"2600"},"geometry":{"type":"Polygon","coordinates":[[[-81.7999,30.3074],[-81.8136,30.3071],[-81.8262,30.3022],[-81.8355,30.2935],[-81.8402,30.2823],[-81.9077,30.2869],[-81.9202,30.2944],[-81.9308,30.3037],[-81.9393,30.3145],[-81.9454,30.3264],[-81.949,30.3392],[-81.9498,30.3522],[-81.9478,30.3652],[-81.9432,30.3776],[-81.9347,30.3908],[-81.9233,30.4022],[-81.9094,30.4112],[-81.8936,30.4175],[-81.8767,30.4208],[-81.8593,30.421],[-81.8423,30.4181],[-81.8262,30.412],[-81.8121,30.4033],[-81.8004,30.3922],[-81.7916,30.3792],[-81.7861,30.3649],[-81.7842,30.3499],[-81.7859,30.3348],[-81.7912,30.3205],[-81.7999,30.3074]]]}},{"type":"Feature","properties":{"name":"JANESVILLE CLASS D","class":"D","lower":"0","lower_code":"SFC","upper":"3300"},"geometry":{"type":"Polygon","coordinates":[[[-89.0677,42.6894],[-89.0369,42.6919],[-89.0068,42.6872],[-88.9802,42.6758],[-88.969,42.6679],[-88.9597,42.6588],[-88.9525,42.6487],[-88.9475,42.6379],[-88.9449,42.6266],[-88.9447,42.6152],[-88.9471,42.6039],[-88.9518,42.593],[-88.9588,42.5829],[-88.9679,42.5736],[-88.9834,42.5628],[-89.0019,42.5548],[-89.0222,42.55],[-89.0434,42.5486],[-89.0656,42.5508],[-89.0864,42.5567],[-89.0896,42.5539],[-89.1237,42.5758],[-89.1205,42.5785],[-89.1324,42.5951],[-89.1382,42.6134],[-89.1379,42.6293],[-89.1328,42.6448],[-89.1222,42.6601],[-89.1071,42.6731],[-89.1095,42.6763],[-89.07,42.6925],[-89.0677,42.6894]]]}},{"type":"Feature","properties":{"name":"JEFFERSON CITY CLASS D","class":"D","lower":"0","lower_code":"SFC","upper":"3000"},"geometry":{"type":"Polygon","coordinates":[[[-92.1561,38.6595],[-92.1391,38.6582],[-92.1228,38.6543],[-92.1077,38.648],[-92.0945,38.6395],[-92.0836,38.6291],[-92.0756,38.6173],[-92.0706,38.6045],[-92.069,38.5911],[-92.0706,38.5778],[-92.0756,38.5649],[-92.0836,38.5531],[-92.0945,38.5427],[-92.1077,38.5342],[-92.1228,38.5279],[-92.1391,38.524],[-92.1561,38.5227],[-92.1731,38.524],[-92.1895,38.5279],[-92.2045,38.5342],[-92.2178,38.5428],[-92.2286,38.5532],[-92.2366,38.565],[-92.2416,38.5779],[-92.2433,38.5912],[-92.2416,38.6046],[-92.2366,38.6174],[-92.2285,38.6292],[-92.2177,38.6395],[-92.2045,38.648],[-92.1895,38.6543],[-92.1731,38.6582],[-92.1561,38.6595]]]}},{"type":"Feature","properties":{"name":"JOHNSTOWN CLASS D","class":"D","lower":"0","lower_code":"SFC","upper":"4800"},"geometry":{"type":"Polygon","coordinates":[[[-78.8344,40.3967],[-78.8141,40.3952],[-78.7944,40.3906],[-78.7764,40.3833],[-78.7605,40.3733],[-78.7475,40.3612],[-78.7378,40.3473],[-78.7319,40.3324],[-78.7299,40.3167],[-78.7319,40.3011],[-78.7378,40.286],[-78.7475,40.2722],[-78.7605,40.26],[-78.7763,40.2501],[-78.7945,40.2427],[-78.814,40.2381],[-78.8345,40.2366],[-78.8549,40.2382],[-78.8745,40.2427],[-78.8925,40.2501],[-78.9084,40.2601],[-78.9214,40.2723],[-78.9311,40.2861],[-78.937,40.3012],[-78.939,40.3167],[-78.937,40.3324],[-78.931,40.3474],[-78.9214,40.3612],[-78.9084,40.3733],[-78.8925,40.3833],[-78.8745,40.3906],[-78.8549,40.3952],[-78.8344,40.3967]]]}},{"type":"Feature","properties":{"name":"JOPLIN CLASS D","class":"D","lower":"0","lower_code":"SFC","upper":"3500"},"geometry":{"type":"Polygon","coordinates":[[[-94.4988,37.2249],[-94.4813,37.2235],[-94.4644,37.2194],[-94.449,37.2128],[-94.4354,37.2039],[-94.4243,37.1931],[-94.416,37.1807],[-94.4109,37.1672],[-94.4092,37.1532],[-94.4109,37.1392],[-94.416,37.1257],[-94.4243,37.1133],[-94.4354,37.1024],[-94.4491,37.0935],[-94.4645,37.0869],[-94.4813,37.0828],[-94.4988,37.0814],[-94.5164,37.0828],[-94.5331,37.0869],[-94.5487,37.0935],[-94.5622,37.1025],[-94.5734,37.1134],[-94.5816,37.1258],[-94.5868,37.1393],[-94.5885,37.1532],[-94.5867,37.1673],[-94.5816,37.1807],[-94.5733,37.1931],[-94.5622,37.204],[-94.5486,37.2129],[-94.5331,37.2195],[-94.5163,37.2235],[-94.4988,37.2249]]]}},{"type":"Feature","properties":{"name":"JUNEAU CLASS D","class":"D","lower":"0","lower_code":"SFC","upper":"2500"},"geometry":{"type":"Polygon","coordinates":[[[-134.4396,58.3427],[-134.4578,58.3378],[-134.426,58.3173],[-134.4892,58.2842],[-134.5376,58.3097],[-134.5596,58.3058],[-134.5827,58.3049],[-134.6086,58.3074],[-134.6322,58.3136],[-134.7441,58.3146],[-134.7418,58.3977],[-134.6296,58.3967],[-134.607,58.4023],[-134.5824,58.4046],[-134.5474,58.4018],[-134.5273,58.3967],[-134.5099,58.3892],[-134.4958,58.3792],[-134.4868,58.3677],[-134.4396,58.3427]]]}},{"type":"Feature","properties":{"name":"KAILUA-KONA CLASS D","class":"D","lower":"0","lower_code":"SFC","upper":"2500"},"geometry":{"type":"Polygon","coordinates":[[[-156.0456,19.8107],[-156.0308,19.8093],[-156.0166,19.8052],[-156.0035,19.7986],[-155.992,19.7897],[-155.9825,19.7788],[-155.9755,19.7664],[-155.9711,19.753],[-155.9697,19.7388],[-155.9711,19.7248],[-155.9754,19.7113],[-155.9824,19.6989],[-155.9919,19.6879],[-156.0034,19.679],[-156.0165,19.6723],[-156.0309,19.6682],[-156.0457,19.6668],[-156.0605,19.6682],[-156.0747,19.6723],[-156.0879,19.679],[-156.0994,19.6879],[-156.1089,19.6989],[-156.1159,19.7114],[-156.1202,19.7249],[-156.1216,19.7389],[-156.1201,19.7529],[-156.1158,19.7663],[-156.1088,19.7788],[-156.0994,19.7896],[-156.0879,19.7986],[-156.0748,19.8052],[-156.0605,19.8093],[-156.0456,19.8107]]]}},{"type":"Feature","properties":{"name":"KALISPELL CLASS D","class":"D","lower":"0","lower_code":"SFC","upper":"5500"},"geometry":{"type":"Polygon","coordinates":[[[-114.2072,48.4002],[-114.1564,48.379],[-114.1759,48.3582],[-114.1617,48.3448],[-114.1525,48.3295],[-114.1487,48.3133],[-114.1506,48.2969],[-114.1566,48.2834],[-114.1665,48.271],[-114.1798,48.26],[-114.1961,48.2511],[-114.2185,48.2434],[-114.2428,48.2394],[-114.2678,48.2393],[-114.2922,48.2431],[-114.3147,48.2506],[-114.3339,48.2613],[-114.3489,48.2747],[-114.3589,48.29],[-114.3624,48.3011],[-114.3633,48.3124],[-114.3615,48.3237],[-114.3571,48.3347],[-114.3501,48.345],[-114.3408,48.3545],[-114.3293,48.3629],[-114.316,48.3699],[-114.2954,48.3771],[-114.2729,48.3812],[-114.2497,48.382],[-114.2267,48.3794],[-114.2072,48.4002]]]}},{"type":"Feature","properties":{"name":"KANEOHE MCAS CLASS D","class":"D","lower":"0","lower_code":"SFC","upper":"2500"},"geometry":{"type":"Polygon","coordinates":[[[-157.7681,21.5225],[-157.7531,21.5211],[-157.7387,21.517],[-157.7254,21.5104],[-157.7138,21.5015],[-157.7042,21.4906],[-157.6971,21.4782],[-157.6927,21.4647],[-157.6912,21.4506],[-157.6927,21.4366],[-157.697,21.4231],[-157.7041,21.4107],[-157.7137,21.3997],[-157.7254,21.3908],[-157.7387,21.3841],[-157.7531,21.38],[-157.7681,21.3786],[-157.783,21.38],[-157.7974,21.3841],[-157.8108,21.3908],[-157.8224,21.3997],[-157.832,21.4107],[-157.8391,21.4232],[-157.8434,21.4366],[-157.8449,21.4507],[-157.8434,21.4647],[-157.839,21.4781],[-157.8319,21.4905],[-157.8224,21.5014],[-157.8108,21.5103],[-157.7975,21.517],[-157.7831,21.5211],[-157.7681,21.5225]]]}},{"type":"Feature","properties":{"name":"SHAW AFB CLASS C","class":"C","lower":"1500","lower_code":"MSL","upper":"4200"},"geometry":{"type":"Polygon","coordinates":[[[-80.4706,33.8061],[-80.5114,33.8092],[-80.5486,33.8185],[-80.5829,33.8336],[-80.6131,33.854],[-80.6381,33.8788],[-80.6568,33.9072],[-80.6687,33.938],[-80.6731,33.9702],[-80.6701,34.0025],[-80.6596,34.0337],[-80.642,34.0626],[-80.6181,34.0881],[-80.5886,34.1093],[-80.5548,34.1254],[-80.5179,34.1357],[-80.4793,34.1399],[-80.4404,34.1378],[-80.4028,34.1295],[-80.3678,34.1153],[-80.3351,34.0945],[-80.3096,34.0701],[-80.2902,34.042],[-80.2777,34.0113],[-80.2741,33.9954],[-80.2724,33.9774],[-80.2752,33.9451],[-80.2855,33.9138],[-80.3027,33.8848],[-80.3279,33.8578],[-80.3573,33.8367],[-80.393,33.8199],[-80.4299,33.81],[-80.4706,33.8061]]]}},{"type":"Feature","properties":{"name":"FORT KNOX CLASS D","class":"D","lower":"0","lower_code":"SFC","upper":"3300"},"geometry":{"type":"Polygon","coordinates":[[[-85.9715,37.9723],[-85.9555,37.971],[-85.9401,37.9674],[-85.9259,37.9613],[-85.9135,37.9532],[-85.9033,37.9434],[-85.8957,37.9322],[-85.891,37.92],[-85.8894,37.9072],[-85.891,37.8946],[-85.8957,37.8823],[-85.9033,37.8711],[-85.9135,37.8612],[-85.9259,37.8531],[-85.9401,37.8471],[-85.9555,37.8434],[-85.9716,37.8421],[-85.9876,37.8434],[-86.003,37.8471],[-86.0172,37.8532],[-86.0296,37.8612],[-86.0399,37.8711],[-86.0474,37.8824],[-86.0521,37.8946],[-86.0537,37.9072],[-86.0521,37.92],[-86.0474,37.9322],[-86.0398,37.9434],[-86.0296,37.9532],[-86.0171,37.9613],[-86.003,37.9673],[-85.9876,37.971],[-85.9715,37.9723]]]}},{"type":"Feature","properties":{"name":"FORT LAUDERDALE EXECUTIVE AIRPORT CLASS D","class":"D","lower":"0","lower_code":"SFC","upper":"2500"},"geometry":{"type":"Polygon","coordinates":[[[-80.183,26.2632],[-80.1433,26.2181],[-80.1019,26.2222],[-80.0977,26.2087],[-80.0966,26.1946],[-80.0989,26.1807],[-80.1044,26.1675],[-80.2241,26.1675],[-80.2331,26.1612],[-80.2364,26.1664],[-80.2416,26.1779],[-80.2444,26.19],[-80.2446,26.2023],[-80.2423,26.2145],[-80.2376,26.2261],[-80.2306,26.2367],[-80.2215,26.246],[-80.2107,26.2536],[-80.1974,26.2597],[-80.183,26.2632]]]}},{"type":"Feature","properties":{"name":"FORT LEONARD WOOD CLASS D","class":"D","lower":"0","lower_code":"SFC","upper":"3700"},"geometry":{"type":"Polygon","coordinates":[[[-92.1407,37.8084],[-92.1243,37.8071],[-92.1086,37.8033],[-92.0941,37.7972],[-92.0813,37.7889],[-92.0709,37.7788],[-92.0631,37.7673],[-92.0583,37.7548],[-92.0567,37.7417],[-92.0583,37.7287],[-92.0631,37.7162],[-92.0708,37.7046],[-92.0813,37.6944],[-92.094,37.6862],[-92.1085,37.68],[-92.1242,37.6762],[-92.1408,37.6749],[-92.1571,37.6762],[-92.173,37.68],[-92.1875,37.6862],[-92.2002,37.6945],[-92.2107,37.7047],[-92.2184,37.7162],[-92.2232,37.7287],[-92.2248,37.7417],[-92.2231,37.7547],[-92.2184,37.7672],[-92.2106,37.7787],[-92.2002,37.7888],[-92.1875,37.7971],[-92.173,37.8033],[-92.1572,37.8071],[-92.1407,37.8084]]]}},{"type":"Feature","properties":{"name":"FORT LEWIS/TACOMA CLASS D","class":"D","lower":"0","lower_code":"SFC","upper":"2800"},"geometry":{"type":"Polygon","coordinates":[[[-122.5037,47.0384],[-122.5148,47.0301],[-122.5278,47.0233],[-122.5578,47.0144],[-122.5905,47.0129],[-122.622,47.0188],[-122.6363,47.0244],[-122.649,47.0316],[-122.6597,47.0401],[-122.6682,47.0497],[-122.6742,47.0602],[-122.6776,47.0711],[-122.6782,47.0823],[-122.6761,47.0934],[-122.6714,47.1038],[-122.6644,47.1135],[-122.6551,47.1224],[-122.6439,47.13],[-122.6168,47.1411],[-122.5859,47.1458],[-122.5242,47.0719],[-122.5253,47.0392],[-122.5037,47.0384]]]}},{"type":"Feature","properties":{"name":"FORT MYERS CLASS D","class":"D","lower":"0","lower_code":"SFC","upper":"1200"},"geometry":{"type":"Polygon","coordinates":[[[-81.7945,26.6119],[-81.8076,26.6051],[-81.8193,26.5965],[-81.8293,26.5863],[-81.8374,26.5746],[-81.8432,26.5621],[-81.8466,26.5488],[-81.8476,26.5352],[-81.8462,26.5216],[-81.8603,26.5199],[-81.8745,26.5206],[-81.8884,26.5237],[-81.9013,26.5292],[-81.9128,26.5367],[-81.9225,26.5461],[-81.93,26.557],[-81.935,26.569],[-81.9375,26.5814],[-81.9372,26.594],[-81.9344,26.6064],[-81.929,26.618],[-81.9213,26.6286],[-81.9115,26.6376],[-81.9,26.6448],[-81.8872,26.65],[-81.8736,26.6529],[-81.8596,26.6534],[-81.8457,26.6516],[-81.8325,26.6475],[-81.8203,26.6412],[-81.8097,26.633],[-81.801,26.6231],[-81.7945,26.6119]]]}},{"type":"Feature","properties":{"name":"FORT PIERCE CLASS D","class":"D","lower":"0","lower_code":"SFC","upper":"2500"},"geometry":{"type":"Polygon","coordinates":[[[-80.3726,27.5744],[-80.3558,27.5729],[-80.3396,27.5685],[-80.3247,27.5614],[-80.3117,27.5518],[-80.301,27.5402],[-80.293,27.5269],[-80.2881,27.5126],[-80.2864,27.4975],[-80.2881,27.4825],[-80.293,27.4681],[-80.3009,27.4548],[-80.3117,27.4431],[-80.3248,27.4335],[-80.3397,27.4264],[-80.3558,27.4221],[-80.3727,27.4206],[-80.3895,27.4221],[-80.4057,27.4265],[-80.4205,27.4336],[-80.4336,27.4432],[-80.4444,27.4548],[-80.4523,27.4681],[-80.4572,27.4825],[-80.4589,27.4975],[-80.4572,27.5125],[-80.4523,27.5269],[-80.4443,27.5402],[-80.4336,27.5518],[-80.4205,27.5614],[-80.4056,27.5685],[-80.3895,27.5729],[-80.3726,27.5744]]]}},{"type":"Feature","properties":{"name":"FORT POLK CLASS D","class":"D","lower":"0","lower_code":"SFC","upper":"2800"},"geometry":{"type":"Polygon","coordinates":[[[-93.1917,31.1302],[-93.1724,31.1286],[-93.1538,31.1237],[-93.1367,31.1159],[-93.1217,31.1052],[-93.1094,31.0924],[-93.1003,31.0777],[-93.0946,31.0617],[-93.0927,31.045],[-93.0946,31.0284],[-93.1003,31.0124],[-93.1094,30.9977],[-93.1217,30.9848],[-93.1367,30.9742],[-93.1538,30.9663],[-93.1724,30.9614],[-93.1917,30.9598],[-93.2111,30.9615],[-93.2296,30.9663],[-93.2467,30.9742],[-93.2617,30.9848],[-93.274,30.9978],[-93.2831,31.0125],[-93.2887,31.0284],[-93.2906,31.045],[-93.2887,31.0617],[-93.2831,31.0776],[-93.2739,31.0923],[-93.2617,31.1052],[-93.2467,31.1158],[-93.2295,31.1237],[-93.211,31.1286],[-93.1917,31.1302]]]}},{"type":"Feature","properties":{"name":"FORT RILEY CLASS D","class":"D","lower":"0","lower_code":"SFC","upper":"3600"},"geometry":{"type":"Polygon","coordinates":[[[-96.6964,39.0903],[-96.6882,39.079],[-96.683,39.0667],[-96.6811,39.0538],[-96.6824,39.0408],[-96.6871,39.0284],[-96.6948,39.0169],[-96.7053,39.0068],[-96.7181,38.9986],[-96.7381,38.9909],[-96.76,38.9877],[-96.7804,38.9888],[-96.7999,38.9937],[-96.8031,38.9908],[-96.8091,38.9947],[-96.8175,38.9858],[-96.8555,39.0073],[-96.8396,39.0244],[-96.841,39.0267],[-96.8287,39.0311],[-96.8245,39.0354],[-96.8222,39.0404],[-96.8229,39.0484],[-96.8283,39.0552],[-96.8372,39.0593],[-96.8474,39.0597],[-96.8443,39.0718],[-96.8382,39.0832],[-96.8237,39.0886],[-96.8058,39.092],[-96.7898,39.0925],[-96.7717,39.0902],[-96.7447,39.1069],[-96.7382,39.1144],[-96.7148,39.1049],[-96.6964,39.0903]]]}},{"type":"Feature","properties":{"name":"FORT SMITH CLASS D","class":"D","lower":"0","lower_code":"SFC","upper":"3000"},"geometry":{"type":"Polygon","coordinates":[[[-94.2795,35.2944],[-94.29,35.2936],[-94.3178,35.2683],[-94.3129,35.2659],[-94.3218,35.2618],[-94.3496,35.2542],[-94.3789,35.2534],[-94.3973,35.2566],[-94.4147,35.2624],[-94.4305,35.2708],[-94.4441,35.2814],[-94.4562,35.2756],[-94.4826,35.3132],[-94.4674,35.3204],[-94.4692,35.3405],[-94.4651,35.3603],[-94.4552,35.3788],[-94.4403,35.3947],[-94.4223,35.4067],[-94.4016,35.415],[-94.3791,35.4193],[-94.356,35.4193],[-94.3315,35.4144],[-94.3092,35.4048],[-94.2904,35.391],[-94.2764,35.3738],[-94.268,35.3544],[-94.2657,35.3338],[-94.2696,35.3134],[-94.2795,35.2944]]]}},{"type":"Feature","properties":{"name":"LAWRENCE CLASS D","class":"D","lower":"0","lower_code":"SFC","upper":"2600"},"geometry":{"type":"Polygon","coordinates":[[[-71.1233,42.8006],[-71.1013,42.799],[-71.0801,42.7942],[-71.0606,42.7866],[-71.0434,42.7762],[-71.0294,42.7636],[-71.0189,42.7492],[-71.0125,42.7336],[-71.0103,42.7172],[-71.0125,42.701],[-71.0189,42.6854],[-71.0293,42.671],[-71.0435,42.6583],[-71.0605,42.6479],[-71.08,42.6402],[-71.1012,42.6355],[-71.1234,42.6339],[-71.1454,42.6355],[-71.1667,42.6403],[-71.1862,42.648],[-71.2033,42.6583],[-71.2174,42.6711],[-71.2278,42.6855],[-71.2342,42.7011],[-71.2364,42.7173],[-71.2342,42.7335],[-71.2278,42.7491],[-71.2174,42.7635],[-71.2033,42.7761],[-71.1862,42.7865],[-71.1667,42.7942],[-71.1455,42.799],[-71.1233,42.8006]]]}},{"type":"Feature","properties":{"name":"LAWRENCEVILLE CLASS D","class":"D","lower":"0","lower_code":"SFC","upper":"3600"},"geometry":{"type":"Polygon","coordinates":[[[-83.8903,33.9302],[-83.9076,33.9163],[-83.9287,33.9066],[-83.952,33.9018],[-83.9761,33.9021],[-83.9928,33.9056],[-84.0084,33.9116],[-84.0224,33.9199],[-84.0344,33.9302],[-84.0526,33.9228],[-84.0702,33.9528],[-84.052,33.9602],[-84.0545,33.9796],[-84.0511,33.999],[-84.0419,34.0169],[-84.0276,34.0324],[-84.0107,34.0435],[-83.9912,34.051],[-83.9701,34.0546],[-83.9487,34.054],[-83.9256,34.0485],[-83.9049,34.0382],[-83.8882,34.0237],[-83.8765,34.0062],[-83.8708,33.9868],[-83.8712,33.9667],[-83.8779,33.9474],[-83.8903,33.9302]]]}},{"type":"Feature","properties":{"name":"TINKER AFB CLASS C","class":"C","lower":"0","lower_code":"SFC","upper":"5300"},"geometry":{"type":"Polygon","coordinates":[[[-97.388,35.3349],[-97.4098,35.3366],[-97.4287,35.3414],[-97.4479,35.3501],[-97.4644,35.362],[-97.4646,35.3996],[-97.4562,35.4217],[-97.4557,35.4423],[-97.4442,35.4502],[-97.4379,35.4601],[-97.4338,35.4934],[-97.4131,35.4995],[-97.3935,35.5017],[-97.3737,35.5008],[-97.3546,35.4968],[-97.3367,35.4899],[-97.3208,35.4803],[-97.3075,35.4683],[-97.2972,35.4544],[-97.2904,35.4392],[-97.2873,35.4215],[-97.2885,35.4053],[-97.2934,35.3896],[-97.302,35.375],[-97.3154,35.3608],[-97.3303,35.3502],[-97.3475,35.3422],[-97.3683,35.3366],[-97.388,35.3349]]]}},{"type":"Feature","properties":{"name":"TINKER AFB CLASS C","class":"C","lower":"3000","lower_code":"MSL","upper":"5300"},"geometry":{"type":"Polygon","coordinates":[[[-97.4646,35.3996],[-97.4644,35.362],[-97.4794,35.3794],[-97.488,35.3977],[-97.4911,35.4171],[-97.4887,35.4366],[-97.4808,35.455],[-97.4692,35.4701],[-97.4522,35.4839],[-97.4338,35.4934],[-97.4379,35.4601],[-97.4442,35.4502],[-97.4557,35.4423],[-97.4562,35.4217],[-97.4646,35.3996]]]}},{"type":"Feature","properties":{"name":"TINKER AFB CLASS C","class":"C","lower":"2500","lower_code":"MSL","upper":"5300"},"geometry":{"type":"Polygon","coordinates":[[[-97.3877,35.2514],[-97.4118,35.2524],[-97.4166,35.2661],[-97.4259,35.2782],[-97.4408,35.2885],[-97.4568,35.294],[-97.4595,35.3014],[-97.4597,35.3348],[-97.4642,35.3499],[-97.4646,35.3996],[-97.4562,35.4217],[-97.4557,35.4423],[-97.4442,35.4502],[-97.4379,35.4601],[-97.4346,35.479],[-97.4348,35.4901],[-97.4292,35.5088],[-97.4294,35.5354],[-97.4237,35.5551],[-97.4047,35.5848],[-97.3937,35.5852],[-97.3542,35.5828],[-97.3161,35.5742],[-97.2807,35.5598],[-97.2478,35.5388],[-97.2221,35.5142],[-97.2027,35.4861],[-97.1903,35.4554],[-97.1868,35.4394],[-97.1853,35.4215],[-97.1884,35.3893],[-97.199,35.3582],[-97.2168,35.3293],[-97.2425,35.3025],[-97.2724,35.2815],[-97.3088,35.2649],[-97.3464,35.2551],[-97.3877,35.2514]]]}},{"type":"Feature","properties":{"name":"TINKER AFB CLASS C","class":"C","lower":"3000","lower_code":"MSL","upper":"5300"},"geometry":{"type":"Polygon","coordinates":[[[-97.4557,35.4423],[-97.4562,35.4217],[-97.4646,35.3996],[-97.4642,35.3499],[-97.4597,35.3348],[-97.4595,35.3014],[-97.4568,35.294],[-97.439,35.2875],[-97.4245,35.2768],[-97.4166,35.2661],[-97.4118,35.2524],[-97.4417,35.257],[-97.4684,35.2646],[-97.4955,35.276],[-97.5186,35.2894],[-97.5203,35.2975],[-97.5204,35.3301],[-97.5244,35.3411],[-97.5262,35.3552],[-97.5251,35.4061],[-97.5167,35.4299],[-97.5164,35.4397],[-97.5265,35.4334],[-97.5392,35.4333],[-97.5495,35.4394],[-97.5534,35.4492],[-97.5515,35.4561],[-97.5448,35.4628],[-97.5454,35.5257],[-97.5411,35.5298],[-97.512,35.5516],[-97.4784,35.5685],[-97.4435,35.5792],[-97.4047,35.5848],[-97.4237,35.5551],[-97.4294,35.5354],[-97.4292,35.5088],[-97.4348,35.4901],[-97.4346,35.479],[-97.4379,35.4601],[-97.4442,35.4502],[-97.4557,35.4423]]]}},{"type":"Feature","properties":{"name":"BLOOMINGTON CLASS D","class":"D","lower":"0","lower_code":"SFC","upper":"3300"},"geometry":{"type":"Polygon","coordinates":[[[-86.6155,39.0727],[-86.6338,39.074],[-86.6515,39.078],[-86.6677,39.0848],[-86.6803,39.0926],[-86.6923,39.1035],[-86.7012,39.116],[-86.7068,39.1297],[-86.7087,39.1422],[-86.7075,39.1565],[-86.7026,39.1703],[-86.6943,39.1831],[-86.6844,39.193],[-86.6707,39.2026],[-86.6547,39.2098],[-86.6373,39.2144],[-86.6213,39.2161],[-86.6052,39.2156],[-86.5872,39.2124],[-86.5704,39.2065],[-86.5555,39.1981],[-86.543,39.1875],[-86.5335,39.1752],[-86.5273,39.1617],[-86.5246,39.1475],[-86.5257,39.1332],[-86.5304,39.1194],[-86.5385,39.1065],[-86.5498,39.0952],[-86.5637,39.0858],[-86.5797,39.0787],[-86.5972,39.0743],[-86.6155,39.0727]]]}},{"type":"Feature","properties":{"name":"GREENVILLE CLASS D","class":"D","lower":"0","lower_code":"SFC","upper":"3000"},"geometry":{"type":"Polygon","coordinates":[[[-96.0653,33.143],[-96.0479,33.1415],[-96.0311,33.1372],[-96.0157,33.1303],[-96.0022,33.121],[-95.9911,33.1096],[-95.9829,33.0966],[-95.9778,33.0826],[-95.9761,33.0679],[-95.9778,33.0532],[-95.9829,33.0391],[-95.9911,33.0261],[-96.0023,33.0147],[-96.0157,33.0054],[-96.0312,32.9984],[-96.0479,32.9941],[-96.0654,32.9927],[-96.0828,32.9941],[-96.0995,32.9984],[-96.115,33.0054],[-96.1285,33.0147],[-96.1396,33.0262],[-96.1478,33.0391],[-96.1529,33.0532],[-96.1546,33.0678],[-96.1529,33.0826],[-96.1478,33.0966],[-96.1395,33.1096],[-96.1285,33.121],[-96.1149,33.1303],[-96.0995,33.1373],[-96.0827,33.1415],[-96.0653,33.143]]]}},{"type":"Feature","properties":{"name":"GRAND PRAIRIE CLASS D","class":"D","lower":"0","lower_code":"SFC","upper":"2000"},"geometry":{"type":"Polygon","coordinates":[[[-97.0446,32.6354],[-97.0572,32.6361],[-97.0911,32.75],[-97.0028,32.75],[-96.9864,32.7362],[-96.9758,32.7188],[-96.9723,32.7048],[-96.9726,32.6905],[-96.9767,32.6767],[-96.9855,32.6625],[-96.9966,32.6518],[-97.0103,32.6435],[-97.0259,32.638],[-97.0446,32.6354]]]}},{"type":"Feature","properties":{"name":"GRAYLING CLASS D","class":"D","lower":"0","lower_code":"SFC","upper":"3700"},"geometry":{"type":"Polygon","coordinates":[[[-84.7289,44.7503],[-84.7098,44.7489],[-84.6914,44.745],[-84.6743,44.7385],[-84.6595,44.7298],[-84.6473,44.7192],[-84.6382,44.7071],[-84.6327,44.694],[-84.6308,44.6803],[-84.6327,44.6667],[-84.6383,44.6535],[-84.6473,44.6414],[-84.6596,44.6308],[-84.6744,44.6221],[-84.6914,44.6156],[-84.7097,44.6116],[-84.7289,44.6103],[-84.7481,44.6116],[-84.7665,44.6156],[-84.7834,44.6221],[-84.7983,44.6308],[-84.8105,44.6415],[-84.8195,44.6535],[-84.8251,44.6667],[-84.827,44.6803],[-84.8251,44.694],[-84.8195,44.7072],[-84.8104,44.7192],[-84.7982,44.7298],[-84.7834,44.7385],[-84.7664,44.745],[-84.748,44.7489],[-84.7289,44.7503]]]}},{"type":"Feature","properties":{"name":"GREAT FALLS CLASS D","class":"D","lower":"0","lower_code":"SFC","upper":"6200"},"geometry":{"type":"Polygon","coordinates":[[[-111.3703,47.5739],[-111.3394,47.5715],[-111.3101,47.5643],[-111.284,47.5529],[-111.2625,47.5376],[-111.2467,47.5195],[-111.2375,47.4993],[-111.2353,47.4783],[-111.2402,47.4574],[-111.2521,47.4379],[-111.2702,47.4207],[-111.2937,47.4068],[-111.3212,47.397],[-111.3512,47.3916],[-111.3823,47.391],[-111.4128,47.3953],[-111.441,47.4042],[-111.4586,47.413],[-111.4739,47.4236],[-111.4866,47.4357],[-111.4961,47.449],[-111.5024,47.4632],[-111.5053,47.4779],[-111.5046,47.4927],[-111.5004,47.5072],[-111.4927,47.5211],[-111.4819,47.534],[-111.4681,47.5455],[-111.4519,47.5554],[-111.4334,47.5633],[-111.4133,47.5692],[-111.392,47.5727],[-111.3703,47.5739]]]}},{"type":"Feature","properties":{"name":"GREENVILLE CLASS D","class":"D","lower":"0","lower_code":"SFC","upper":"2600"},"geometry":{"type":"Polygon","coordinates":[[[-90.9657,33.376],[-91.0055,33.376],[-91.0055,33.4113],[-91.021,33.4157],[-91.0352,33.4223],[-91.0478,33.4311],[-91.0581,33.4416],[-91.066,33.4535],[-91.0711,33.4665],[-91.0732,33.48],[-91.0723,33.4937],[-91.0647,33.5146],[-91.0501,33.5327],[-91.0298,33.5463],[-91.0056,33.5544],[-91.0056,33.5897],[-90.9657,33.5897],[-90.9657,33.5544],[-90.9502,33.5501],[-90.936,33.5435],[-90.9235,33.5347],[-90.9131,33.5242],[-90.9052,33.5123],[-90.9001,33.4993],[-90.898,33.4858],[-90.8989,33.4721],[-90.9065,33.4512],[-90.9212,33.4331],[-90.9415,33.4194],[-90.9657,33.4113],[-90.9657,33.376]]]}},{"type":"Feature","properties":{"name":"GREENWOOD CLASS D","class":"D","lower":"0","lower_code":"SFC","upper":"2700"},"geometry":{"type":"Polygon","coordinates":[[[-90.0867,33.5668],[-90.0696,33.5654],[-90.0531,33.5612],[-90.038,33.5544],[-90.0246,33.5453],[-90.0138,33.5341],[-90.0057,33.5215],[-90.0007,33.5077],[-89.999,33.4933],[-90.0007,33.479],[-90.0057,33.4652],[-90.0137,33.4525],[-90.0247,33.4413],[-90.0379,33.4322],[-90.0531,33.4254],[-90.0696,33.4212],[-90.0867,33.4198],[-90.1038,33.4212],[-90.1203,33.4254],[-90.1354,33.4322],[-90.1487,33.4414],[-90.1596,33.4526],[-90.1677,33.4653],[-90.1727,33.479],[-90.1744,33.4933],[-90.1727,33.5077],[-90.1677,33.5215],[-90.1596,33.5341],[-90.1487,33.5453],[-90.1354,33.5544],[-90.1202,33.5612],[-90.1038,33.5654],[-90.0867,33.5668]]]}},{"type":"Feature","properties":{"name":"GROTON CLASS D","class":"D","lower":"0","lower_code":"SFC","upper":"2500"},"geometry":{"type":"Polygon","coordinates":[[[-72.0096,41.251],[-72.0109,41.2577],[-72.0156,41.2634],[-72.023,41.2673],[-72.0317,41.2686],[-72.0417,41.2668],[-72.0496,41.2617],[-72.0535,41.2546],[-72.0527,41.2468],[-72.0798,41.2509],[-72.0963,41.2561],[-72.1114,41.2633],[-72.1248,41.2723],[-72.136,41.2827],[-72.145,41.2943],[-72.1513,41.307],[-72.1548,41.3202],[-72.1555,41.3336],[-72.1533,41.347],[-72.1483,41.3598],[-72.1406,41.372],[-72.1304,41.383],[-72.112,41.3963],[-72.0901,41.4062],[-72.0657,41.4119],[-72.0403,41.4133],[-72.0151,41.4103],[-71.9915,41.403],[-71.9708,41.3918],[-71.9539,41.3774],[-71.942,41.3604],[-71.9355,41.3418],[-71.9348,41.3226],[-71.94,41.3038],[-71.9508,41.2864],[-71.9666,41.2712],[-71.9865,41.2592],[-72.0096,41.251]]]}},{"type":"Feature","properties":{"name":"WILL ROGERS WORLD AIRPORT, OKLAHOMA CITY CLASS C","class":"C","lower":"0","lower_code":"SFC","upper":"5300"},"geometry":{"type":"Polygon","coordinates":[[[-97.535,35.4326],[-97.5245,35.4341],[-97.5164,35.4397],[-97.5167,35.4299],[-97.5251,35.4061],[-97.5262,35.3552],[-97.5235,35.3387],[-97.5377,35.3275],[-97.5562,35.318],[-97.5768,35.3119],[-97.5985,35.3096],[-97.6203,35.3111],[-97.6412,35.3164],[-97.6602,35.3252],[-97.6765,35.3372],[-97.6894,35.3517],[-97.6974,35.3665],[-97.7019,35.3822],[-97.7027,35.3965],[-97.7,35.4125],[-97.6944,35.4261],[-97.6849,35.4403],[-97.6738,35.4514],[-97.6605,35.4607],[-97.6454,35.4681],[-97.6248,35.4742],[-97.6053,35.4764],[-97.5856,35.4756],[-97.5644,35.471],[-97.5448,35.4628],[-97.5523,35.4544],[-97.5534,35.4492],[-97.5524,35.4441],[-97.5466,35.4368],[-97.535,35.4326]]]}},{"type":"Feature","properties":{"name":"CASPER CLASS D","class":"D","lower":"0","lower_code":"SFC","upper":"7800"},"geometry":{"type":"Polygon","coordinates":[[[-106.3621,42.9391],[-106.354,42.9192],[-106.353,42.8984],[-106.3591,42.8782],[-106.372,42.8597],[-106.3823,42.8502],[-106.3946,42.8419],[-106.4233,42.8297],[-106.4556,42.8244],[-106.4886,42.8263],[-106.4993,42.7921],[-106.5221,42.7974],[-106.5436,42.8051],[-106.5633,42.8151],[-106.5806,42.827],[-106.5954,42.8409],[-106.6072,42.8562],[-106.6158,42.8726],[-106.6208,42.8897],[-106.6224,42.9059],[-106.6209,42.922],[-106.6163,42.9379],[-106.6088,42.9532],[-106.5652,42.939],[-106.5526,42.9549],[-106.5355,42.9682],[-106.5149,42.9783],[-106.4916,42.9849],[-106.4723,42.9873],[-106.4528,42.9872],[-106.4336,42.9845],[-106.4153,42.9794],[-106.3986,42.9721],[-106.3839,42.9627],[-106.3716,42.9517],[-106.3621,42.9391]]]}},{"type":"Feature","properties":{"name":"CHANDLER CLASS D","class":"D","lower":"0","lower_code":"SFC","upper":"3900"},"geometry":{"type":"Polygon","coordinates":[[[-111.6555,33.3913],[-111.6361,33.3897],[-111.6175,33.385],[-111.6003,33.3773],[-111.5851,33.3669],[-111.5728,33.3542],[-111.5636,33.3398],[-111.558,33.3242],[-111.556,33.3079],[-111.5579,33.2916],[-111.5636,33.2759],[-111.5728,33.2615],[-111.5852,33.2488],[-111.6002,33.2384],[-111.6175,33.2307],[-111.6362,33.2259],[-111.6555,33.2243],[-111.6749,33.2259],[-111.6936,33.2307],[-111.7108,33.2385],[-111.7258,33.2488],[-111.7382,33.2615],[-111.7474,33.2759],[-111.753,33.2917],[-111.7549,33.3079],[-111.753,33.3243],[-111.7473,33.3399],[-111.7381,33.3543],[-111.7257,33.3669],[-111.7107,33.3773],[-111.6935,33.385],[-111.6749,33.3897],[-111.6555,33.3913]]]}},{"type":"Feature","properties":{"name":"CHANDLER MUNICIPAL AIRPORT CLASS D","class":"D","lower":"0","lower_code":"SFC","upper":"3000"},"geometry":{"type":"Polygon","coordinates":[[[-111.7544,33.316],[-111.7545,33.2999],[-111.7508,33.2841],[-111.7436,33.2692],[-111.7332,33.2558],[-111.7375,33.2439],[-111.7444,33.2328],[-111.7535,33.2231],[-111.7647,33.2149],[-111.7796,33.2078],[-111.7959,33.2036],[-111.8129,33.2023],[-111.8299,33.2042],[-111.846,33.2091],[-111.8605,33.2168],[-111.8727,33.2269],[-111.882,33.2389],[-111.8873,33.2499],[-111.8901,33.2615],[-111.8905,33.2733],[-111.8884,33.2849],[-111.8838,33.2961],[-111.877,33.3065],[-111.8682,33.3156],[-111.8575,33.3233],[-111.8454,33.3294],[-111.8323,33.3335],[-111.8184,33.3356],[-111.8044,33.3357],[-111.7905,33.3336],[-111.7773,33.3296],[-111.7651,33.3236],[-111.7544,33.316]]]}},{"type":"Feature","properties":{"name":"CHERRY POINT MCAS CLASS D","class":"D","lower":"0","lower_code":"SFC","upper":"2500"},"geometry":{"type":"Polygon","coordinates":[[[-76.8811,34.9862],[-76.8615,34.9847],[-76.8427,34.98],[-76.8253,34.9724],[-76.81,34.9622],[-76.7974,34.9498],[-76.7879,34.9356],[-76.782,34.9201],[-76.7798,34.904],[-76.7814,34.8879],[-76.7868,34.8723],[-76.7957,34.8579],[-76.8079,34.8451],[-76.8227,34.8346],[-76.8398,34.8266],[-76.8584,34.8214],[-76.8801,34.8193],[-76.9018,34.8211],[-76.9206,34.8259],[-76.9378,34.8336],[-76.953,34.844],[-76.9654,34.8565],[-76.9747,34.8708],[-76.9804,34.8863],[-76.9824,34.9024],[-76.9806,34.9185],[-76.9751,34.9341],[-76.966,34.9484],[-76.9536,34.9611],[-76.9386,34.9715],[-76.9214,34.9794],[-76.9027,34.9843],[-76.8811,34.9862]]]}},{"type":"Feature","properties":{"name":"CHEYENNE CLASS D","class":"D","lower":"0","lower_code":"SFC","upper":"8700"},"geometry":{"type":"Polygon","coordinates":[[[-104.8081,41.0623],[-104.8318,41.0637],[-104.8547,41.0684],[-104.8759,41.0764],[-104.8948,41.0874],[-104.9105,41.1008],[-104.9225,41.1163],[-104.9304,41.1333],[-104.9337,41.1493],[-104.9331,41.1672],[-104.9279,41.1848],[-104.9183,41.2012],[-104.9063,41.2146],[-104.8896,41.2274],[-104.8699,41.2375],[-104.848,41.2446],[-104.8271,41.2482],[-104.8033,41.2489],[-104.7775,41.2456],[-104.7553,41.2392],[-104.7332,41.2285],[-104.7162,41.216],[-104.7015,41.1997],[-104.6923,41.1831],[-104.6874,41.1637],[-104.6876,41.1457],[-104.6932,41.1264],[-104.7028,41.1099],[-104.7179,41.0938],[-104.7353,41.0816],[-104.7575,41.0713],[-104.7822,41.0647],[-104.8081,41.0623]]]}},{"type":"Feature","properties":{"name":"CHICAGO, AURORA MUNI AIRPORT CLASS D","class":"D","lower":"0","lower_code":"SFC","upper":"3200"},"geometry":{"type":"Polygon","coordinates":[[[-88.4756,41.842],[-88.4573,41.8406],[-88.4397,41.8366],[-88.4235,41.8302],[-88.4094,41.8215],[-88.3978,41.8109],[-88.3891,41.7988],[-88.3838,41.7857],[-88.382,41.772],[-88.3838,41.7583],[-88.3891,41.7451],[-88.3978,41.7331],[-88.4094,41.7224],[-88.4236,41.7137],[-88.4398,41.7072],[-88.4574,41.7032],[-88.4756,41.7019],[-88.4939,41.7033],[-88.5114,41.7073],[-88.5276,41.7138],[-88.5417,41.7225],[-88.5534,41.7331],[-88.562,41.7452],[-88.5673,41.7584],[-88.5691,41.772],[-88.5673,41.7857],[-88.562,41.7988],[-88.5533,41.8109],[-88.5417,41.8215],[-88.5275,41.8302],[-88.5113,41.8367],[-88.4938,41.8406],[-88.4756,41.842]]]}},{"type":"Feature","properties":{"name":"CHICAGO, DUPAGE AIRPORT CLASS D","class":"D","lower":"0","lower_code":"SFC","upper":"3300"},"geometry":{"type":"Polygon","coordinates":[[[-88.2483,41.98],[-88.2292,41.9786],[-88.2108,41.9745],[-88.1937,41.9677],[-88.1789,41.9585],[-88.1667,41.9474],[-88.1576,41.9348],[-88.152,41.921],[-88.1501,41.9067],[-88.152,41.8924],[-88.1576,41.8786],[-88.1667,41.8659],[-88.1789,41.8548],[-88.1938,41.8457],[-88.2108,41.8389],[-88.2293,41.8347],[-88.2484,41.8333],[-88.2675,41.8347],[-88.2859,41.8389],[-88.303,41.8457],[-88.3178,41.8548],[-88.33,41.866],[-88.3391,41.8786],[-88.3447,41.8925],[-88.3465,41.9067],[-88.3446,41.9211],[-88.339,41.9348],[-88.33,41.9475],[-88.3178,41.9586],[-88.3029,41.9677],[-88.2859,41.9745],[-88.2675,41.9786],[-88.2483,41.98]]]}},{"type":"Feature","properties":{"name":"GRAND ISLAND CLASS D","class":"D","lower":"0","lower_code":"SFC","upper":"4300"},"geometry":{"type":"Polygon","coordinates":[[[-98.3097,41.0409],[-98.2908,41.0395],[-98.2727,41.0353],[-98.256,41.0285],[-98.2413,41.0194],[-98.2293,41.0083],[-98.2203,40.9957],[-98.2148,40.982],[-98.2129,40.9675],[-98.2148,40.9532],[-98.2203,40.9395],[-98.2292,40.9268],[-98.2413,40.9156],[-98.2559,40.9065],[-98.2726,40.8997],[-98.2907,40.8955],[-98.3098,40.8941],[-98.3286,40.8955],[-98.3469,40.8997],[-98.3636,40.9065],[-98.3782,40.9156],[-98.3903,40.9269],[-98.3992,40.9395],[-98.4047,40.9533],[-98.4065,40.9676],[-98.4047,40.9819],[-98.3992,40.9956],[-98.3902,41.0083],[-98.3782,41.0194],[-98.3636,41.0285],[-98.3468,41.0353],[-98.3287,41.0395],[-98.3097,41.0409]]]}},{"type":"Feature","properties":{"name":"GRAND JUNCTION CLASS D","class":"D","lower":"0","lower_code":"SFC","upper":"7400"},"geometry":{"type":"Polygon","coordinates":[[[-108.5267,39.2009],[-108.507,39.1994],[-108.4882,39.195],[-108.4708,39.1877],[-108.4555,39.1779],[-108.443,39.1661],[-108.4337,39.1525],[-108.428,39.1379],[-108.426,39.1225],[-108.4279,39.1073],[-108.4337,39.0925],[-108.443,39.079],[-108.4555,39.067],[-108.4708,39.0573],[-108.4882,39.0501],[-108.507,39.0456],[-108.5267,39.0441],[-108.5463,39.0456],[-108.5652,39.0501],[-108.5827,39.0574],[-108.5979,39.0671],[-108.6104,39.079],[-108.6197,39.0926],[-108.6254,39.1073],[-108.6273,39.1226],[-108.6254,39.1379],[-108.6196,39.1526],[-108.6103,39.1661],[-108.5978,39.178],[-108.5826,39.1877],[-108.5652,39.1949],[-108.5463,39.1994],[-108.5267,39.2009]]]}},{"type":"Feature","properties":{"name":"NEW ORLEANS CLASS B","class":"B","lower":"0","lower_code":"SFC","upper":"7000"},"geometry":{"type":"Polygon","coordinates":[[[-90.3746,30.0532],[-90.258,29.9838],[-90.1264,30.0115],[-90.1249,29.9972],[-90.1254,29.9828],[-90.1279,29.9685],[-90.1324,29.9546],[-90.1398,29.9398],[-90.1507,29.9244],[-90.1803,29.9393],[-90.1978,29.9278],[-90.2055,29.9256],[-90.2112,29.9273],[-90.2166,29.9377],[-90.233,29.9305],[-90.2528,29.9267],[-90.2711,29.9273],[-90.2888,29.9317],[-90.2923,29.9332],[-90.2739,29.9407],[-90.282,29.9721],[-90.303,29.9594],[-90.319,29.9406],[-90.338,29.9368],[-90.3698,29.9447],[-90.3847,29.9516],[-90.3854,29.9533],[-90.3923,29.9776],[-90.3933,30.0009],[-90.4074,30.0011],[-90.4183,30.0059],[-90.4258,30.0142],[-90.4288,30.0245],[-90.4279,30.0316],[-90.4247,30.0381],[-90.4147,30.0468],[-90.4071,30.0496],[-90.397,30.0502],[-90.3872,30.0477],[-90.3805,30.0437],[-90.3746,30.0532]]]}},{"type":"Feature","properties":{"name":"NEW ORLEANS CLASS B","class":"B","lower":"0","lower_code":"SFC","upper":"7000"},"geometry":{"type":"Polygon","coordinates":[[[-90.2965,30.054],[-90.28,30.0485],[-90.276,30.0497],[-90.2658,30.0477],[-90.2616,30.0486],[-90.2498,30.0443],[-90.2451,30.0418],[-90.2459,30.0404],[-90.2424,30.0413],[-90.2341,30.0397],[-90.2099,30.0302],[-90.1864,30.0247],[-90.1813,30.0227],[-90.1807,30.0207],[-90.1805,30.0226],[-90.1787,30.0229],[-90.1604,30.0216],[-90.2625,30.0001],[-90.3441,30.054],[-90.3275,30.054],[-90.326,30.0524],[-90.3242,30.0547],[-90.3142,30.0567],[-90.2965,30.054]]]}},{"type":"Feature","properties":{"name":"NEW ORLEANS CLASS B","class":"B","lower":"600","lower_code":"MSL","upper":"7000"},"geometry":{"type":"Polygon","coordinates":[[[-90.1464,30.057],[-90.1374,30.0429],[-90.1308,30.0278],[-90.1604,30.0216],[-90.1787,30.0229],[-90.1805,30.0226],[-90.1807,30.0207],[-90.1813,30.0227],[-90.1864,30.0247],[-90.2099,30.0302],[-90.2341,30.0397],[-90.2424,30.0413],[-90.2459,30.0404],[-90.2451,30.0418],[-90.2498,30.0443],[-90.2616,30.0486],[-90.2658,30.0477],[-90.276,30.0497],[-90.28,30.0485],[-90.2965,30.054],[-90.3142,30.0567],[-90.3242,30.0547],[-90.326,30.0524],[-90.3275,30.054],[-90.3441,30.054],[-90.3636,30.0669],[-90.34,30.0868],[-90.3134,30.1004],[-90.2839,30.1083],[-90.2531,30.1102],[-90.2227,30.1059],[-90.1923,30.0948],[-90.1675,30.0789],[-90.1464,30.057]]]}},{"type":"Feature","properties":{"name":"CLEVELAND CLASS B","class":"B","lower":"5000","lower_code":"MSL","upper":"8000"},"geometry":{"type":"Polygon","coordinates":[[[-82.2103,41.1811],[-82.3786,41.0733],[-82.4212,41.1157],[-82.4564,41.1597],[-82.2823,41.2714],[-82.2687,41.2485],[-82.2516,41.2249],[-82.2321,41.2024],[-82.2103,41.1811]]]}},{"type":"Feature","properties":{"name":"CLEVELAND CLASS B","class":"B","lower":"6000","lower_code":"MSL","upper":"8000"},"geometry":{"type":"Polygon","coordinates":[[[-82.0852,41.1036],[-82.2508,40.9856],[-82.285,41.0048],[-82.3175,41.0257],[-82.3482,41.0482],[-82.3785,41.0734],[-82.2103,41.1811],[-82.1831,41.1588],[-82.1534,41.1385],[-82.1213,41.1204],[-82.0852,41.1036]]]}},{"type":"Feature","properties":{"name":"ATLANTA CLASS B","class":"B","lower":"6000","lower_code":"MSL","upper":"12500"},"geometry":{"type":"Polygon","coordinates":[[[-84.2765,33.4201],[-84.0321,33.2593],[-84.0669,33.2346],[-84.1046,33.2118],[-84.1433,33.192],[-84.1847,33.1743],[-84.2265,33.1597],[-84.2707,33.1476],[-84.3158,33.1383],[-84.3604,33.1321],[-84.4067,33.1288],[-84.4519,33.1284],[-84.4982,33.131],[-84.543,33.1365],[-84.5883,33.145],[-84.6316,33.1561],[-84.6738,33.17],[-84.7156,33.1869],[-84.7156,33.3072],[-84.5638,33.42],[-84.2765,33.4201]]]}},{"type":"Feature","properties":{"name":"ATLANTA CLASS B","class":"B","lower":"5000","lower_code":"MSL","upper":"12500"},"geometry":{"type":"Polygon","coordinates":[[[-83.9831,33.3014],[-84.0321,33.2593],[-84.2765,33.4201],[-83.9011,33.4191],[-83.9011,33.4035],[-83.9202,33.3743],[-83.9414,33.3465],[-83.9831,33.3014]]]}},{"type":"Feature","properties":{"name":"ATLANTA CLASS B","class":"B","lower":"5000","lower_code":"MSL","upper":"12500"},"geometry":{"type":"Polygon","coordinates":[[[-84.7156,33.1869],[-84.7608,33.2093],[-84.8044,33.2355],[-84.8451,33.2648],[-84.8825,33.2971],[-84.9254,33.3427],[-84.9612,33.3912],[-84.9614,33.4188],[-84.5638,33.42],[-84.7156,33.3072],[-84.7156,33.1869]]]}},{"type":"Feature","properties":{"name":"ATLANTA CLASS B","class":"B","lower":"7000","lower_code":"MSL","upper":"12500"},"geometry":{"type":"Polygon","coordinates":[[[-84.5709,33.85],[-84.7985,34.0277],[-84.7633,34.0485],[-84.7273,34.0667],[-84.6888,34.0831],[-84.65,34.0969],[-84.609,34.1086],[-84.5683,34.1176],[-84.5269,34.1242],[-84.485,34.1283],[-84.4429,34.13],[-84.4001,34.1292],[-84.3569,34.1258],[-84.3154,34.12],[-84.2744,34.1118],[-84.2342,34.1012],[-84.195,34.0883],[-84.1563,34.0728],[-84.277,33.8501],[-84.5709,33.85]]]}},{"type":"Feature","properties":{"name":"ORLANDO CLASS B","class":"B","lower":"2000","lower_code":"MSL","upper":"10000"},"geometry":{"type":"Polygon","coordinates":[[[-81.1667,28.6933],[-81.1667,28.5972],[-81.2584,28.5957],[-81.2738,28.5983],[-81.2789,28.5969],[-81.2937,28.6064],[-81.3085,28.6122],[-81.3243,28.6152],[-81.3406,28.6152],[-81.3584,28.6119],[-81.3766,28.604],[-81.3906,28.5937],[-81.4025,28.5793],[-81.4099,28.5627],[-81.4123,28.5449],[-81.4096,28.5272],[-81.4008,28.5092],[-81.4172,28.5075],[-81.4178,28.4729],[-81.4278,28.4587],[-81.4279,28.4406],[-81.4227,28.4308],[-81.4229,28.413],[-81.4258,28.4063],[-81.4258,28.3683],[-81.4201,28.3556],[-81.4199,28.3393],[-81.4164,28.3321],[-81.4163,28.3201],[-81.4017,28.3163],[-81.4017,28.2138],[-81.4313,28.2195],[-81.4583,28.2268],[-81.4583,28.6933],[-81.1667,28.6933]]]}},{"type":"Feature","properties":{"name":"MEDFORD CLASS D","class":"D","lower":"0","lower_code":"SFC","upper":"3800"},"geometry":{"type":"Polygon","coordinates":[[[-122.8747,42.4426],[-122.8578,42.4414],[-122.8414,42.438],[-122.8262,42.4324],[-122.8109,42.4236],[-122.7997,42.4141],[-122.7902,42.4016],[-122.7848,42.3896],[-122.7825,42.3753],[-122.7838,42.3628],[-122.789,42.3489],[-122.7967,42.3377],[-122.8088,42.3265],[-122.8217,42.3183],[-122.8386,42.3113],[-122.8571,42.3071],[-122.874,42.3059],[-122.8933,42.3073],[-122.9095,42.3109],[-122.9266,42.3177],[-122.9397,42.3258],[-122.9519,42.3369],[-122.9598,42.348],[-122.9653,42.3618],[-122.9669,42.3743],[-122.9648,42.3886],[-122.9597,42.4006],[-122.9504,42.4133],[-122.9394,42.4229],[-122.9243,42.4319],[-122.9092,42.4376],[-122.8929,42.4412],[-122.8747,42.4426]]]}},{"type":"Feature","properties":{"name":"ORLANDO CLASS B","class":"B","lower":"1600","lower_code":"MSL","upper":"10000"},"geometry":{"type":"Polygon","coordinates":[[[-81.1667,28.3622],[-81.1667,28.2435],[-81.1926,28.2332],[-81.2212,28.224],[-81.2506,28.217],[-81.2805,28.212],[-81.3107,28.2092],[-81.3411,28.2086],[-81.3715,28.2101],[-81.4017,28.2138],[-81.4017,28.3163],[-81.3698,28.3108],[-81.3394,28.3088],[-81.309,28.3099],[-81.277,28.3145],[-81.2458,28.3225],[-81.2177,28.333],[-81.1913,28.3463],[-81.1667,28.3622]]]}},{"type":"Feature","properties":{"name":"PORTSMOUTH CLASS D","class":"D","lower":"0","lower_code":"SFC","upper":"2600"},"geometry":{"type":"Polygon","coordinates":[[[-70.8035,43.1549],[-70.8073,43.1466],[-70.8068,43.1378],[-70.8022,43.1297],[-70.7941,43.1232],[-70.7811,43.1188],[-70.7668,43.1186],[-70.7536,43.1228],[-70.744,43.1305],[-70.7273,43.1125],[-70.7191,43.0954],[-70.7164,43.0773],[-70.7195,43.0593],[-70.7282,43.0422],[-70.742,43.0271],[-70.7601,43.0147],[-70.7817,43.0058],[-70.8055,43.0007],[-70.8301,42.9998],[-70.8546,43.003],[-70.8773,43.0103],[-70.897,43.0213],[-70.9085,43.0307],[-70.9177,43.0412],[-70.9245,43.0528],[-70.9287,43.0649],[-70.9302,43.0775],[-70.9289,43.09],[-70.925,43.1021],[-70.9184,43.1137],[-70.9094,43.1244],[-70.8981,43.1339],[-70.885,43.1419],[-70.8703,43.1483],[-70.8544,43.1529],[-70.8377,43.1556],[-70.8206,43.1563],[-70.8035,43.1549]]]}},{"type":"Feature","properties":{"name":"PROVO CLASS D","class":"D","lower":"0","lower_code":"SFC","upper":"7000"},"geometry":{"type":"Polygon","coordinates":[[[-111.6342,40.1975],[-111.6453,40.1797],[-111.6589,40.1816],[-111.6726,40.1807],[-111.6896,40.1753],[-111.7043,40.1642],[-111.7098,40.1565],[-111.7128,40.1479],[-111.7361,40.1482],[-111.7587,40.1528],[-111.7752,40.1595],[-111.7879,40.1674],[-111.7987,40.1768],[-111.8072,40.1875],[-111.8131,40.1992],[-111.8163,40.2115],[-111.8166,40.2241],[-111.8141,40.2365],[-111.8068,40.2516],[-111.7967,40.2636],[-111.7819,40.2751],[-111.7662,40.2829],[-111.7465,40.2886],[-111.728,40.2908],[-111.7093,40.29],[-111.689,40.2858],[-111.6724,40.2793],[-111.6561,40.269],[-111.6445,40.2578],[-111.6353,40.2433],[-111.6308,40.2294],[-111.6302,40.2133],[-111.6342,40.1975]]]}},{"type":"Feature","properties":{"name":"TACOMA CLASS D","class":"D","lower":"1000","lower_code":"MSL","upper":"2800"},"geometry":{"type":"Polygon","coordinates":[[[-122.3612,47.0944],[-122.3785,47.0778],[-122.4009,47.0643],[-122.4006,47.0761],[-122.3733,47.0953],[-122.3612,47.0944]]]}},{"type":"Feature","properties":{"name":"TACOMA CLASS D","class":"D","lower":"0","lower_code":"SFC","upper":"2800"},"geometry":{"type":"Polygon","coordinates":[[[-122.5017,47.2263],[-122.5206,47.2228],[-122.5385,47.2174],[-122.5552,47.2102],[-122.5697,47.2016],[-122.5957,47.2024],[-122.6203,47.2078],[-122.6345,47.2135],[-122.6471,47.2207],[-122.6577,47.2292],[-122.6661,47.2388],[-122.672,47.2492],[-122.6753,47.2602],[-122.6759,47.2713],[-122.6737,47.2824],[-122.6665,47.2966],[-122.6549,47.3093],[-122.6394,47.3199],[-122.6209,47.3279],[-122.6002,47.3329],[-122.5783,47.3346],[-122.5565,47.3329],[-122.5357,47.328],[-122.5172,47.3201],[-122.5016,47.3095],[-122.4899,47.2969],[-122.4827,47.2828],[-122.4802,47.268],[-122.4827,47.2531],[-122.49,47.239],[-122.5017,47.2263]]]}},{"type":"Feature","properties":{"name":"TERRE HAUTE CLASS D","class":"D","lower":"0","lower_code":"SFC","upper":"3100"},"geometry":{"type":"Polygon","coordinates":[[[-87.374,39.5313],[-87.3671,39.5331],[-87.356,39.5387],[-87.3367,39.5437],[-87.3166,39.5462],[-87.2962,39.5461],[-87.2762,39.5433],[-87.257,39.538],[-87.2392,39.5304],[-87.2233,39.5205],[-87.2097,39.5088],[-87.1988,39.4955],[-87.1909,39.481],[-87.1862,39.4655],[-87.1849,39.4498],[-87.1869,39.4341],[-87.1923,39.4189],[-87.2008,39.4045],[-87.2171,39.3872],[-87.2381,39.373],[-87.2626,39.3629],[-87.2894,39.3574],[-87.3171,39.3566],[-87.3442,39.3607],[-87.3696,39.3694],[-87.3917,39.3823],[-87.4096,39.3987],[-87.4222,39.4178],[-87.429,39.4387],[-87.4296,39.4601],[-87.424,39.4812],[-87.4124,39.5007],[-87.3955,39.5177],[-87.374,39.5313]]]}},{"type":"Feature","properties":{"name":"TEXARKANA CLASS D","class":"D","lower":"0","lower_code":"SFC","upper":"2900"},"geometry":{"type":"Polygon","coordinates":[[[-93.9911,33.5237],[-93.9748,33.5224],[-93.9591,33.5184],[-93.9447,33.512],[-93.9319,33.5032],[-93.9216,33.4926],[-93.9138,33.4805],[-93.9091,33.4674],[-93.9074,33.4536],[-93.909,33.44],[-93.9138,33.4268],[-93.9215,33.4147],[-93.932,33.404],[-93.9446,33.3953],[-93.9591,33.3888],[-93.9748,33.3848],[-93.9911,33.3835],[-94.0074,33.3848],[-94.0232,33.3888],[-94.0377,33.3953],[-94.0503,33.4041],[-94.0607,33.4147],[-94.0684,33.4268],[-94.0732,33.44],[-94.0748,33.4536],[-94.0732,33.4674],[-94.0684,33.4805],[-94.0607,33.4926],[-94.0503,33.5032],[-94.0376,33.5119],[-94.0231,33.5184],[-94.0074,33.5224],[-93.9911,33.5237]]]}},{"type":"Feature","properties":{"name":"DAYTON, JAMES M. COX-DAYTON INTERNATIONAL AIRPORT CLASS C","class":"C","lower":"2400","lower_code":"MSL","upper":"5000"},"geometry":{"type":"Polygon","coordinates":[[[-84.2194,40.069],[-84.1772,40.0658],[-84.1365,40.0563],[-84.0991,40.0409],[-84.0663,40.0202],[-84.0393,39.995],[-84.0193,39.9662],[-84.0122,39.9508],[-84.007,39.935],[-84.0039,39.9188],[-84.0029,39.9023],[-84.0039,39.886],[-84.007,39.8698],[-84.0122,39.854],[-84.0194,39.8384],[-84.0394,39.8097],[-84.0664,39.7843],[-84.0991,39.7636],[-84.1366,39.7481],[-84.1772,39.7386],[-84.2195,39.7354],[-84.2618,39.7387],[-84.3025,39.7482],[-84.3399,39.7637],[-84.3726,39.7844],[-84.3996,39.8098],[-84.4195,39.8386],[-84.4267,39.8541],[-84.4319,39.87],[-84.435,39.8861],[-84.436,39.9025],[-84.435,39.9188],[-84.4319,39.9349],[-84.4267,39.9508],[-84.4196,39.9662],[-84.3996,39.995],[-84.3727,40.0202],[-84.3399,40.0409],[-84.3024,40.0563],[-84.2618,40.0658],[-84.2194,40.069]]]}},{"type":"Feature","properties":{"name":"MOUNT CLEMENS CLASS D","class":"D","lower":"0","lower_code":"SFC","upper":"3100"},"geometry":{"type":"Polygon","coordinates":[[[-82.8337,42.5133],[-82.8626,42.5155],[-82.8901,42.5223],[-82.8839,42.5462],[-82.9031,42.5569],[-82.9181,42.5707],[-82.9281,42.5869],[-82.9323,42.6026],[-82.9323,42.6133],[-82.9303,42.6239],[-82.9261,42.6341],[-82.9199,42.6438],[-82.9088,42.6554],[-82.8966,42.664],[-82.8826,42.671],[-82.8672,42.6761],[-82.8677,42.7003],[-82.8559,42.7021],[-82.8292,42.7032],[-82.8052,42.7006],[-82.78,42.694],[-82.7573,42.6837],[-82.7379,42.6702],[-82.7227,42.654],[-82.7124,42.6358],[-82.7074,42.6164],[-82.7077,42.5985],[-82.7132,42.5793],[-82.7239,42.5612],[-82.7395,42.5453],[-82.7591,42.532],[-82.7821,42.522],[-82.8073,42.5157],[-82.8337,42.5133]]]}},{"type":"Feature","properties":{"name":"MUNCIE CLASS D","class":"D","lower":"0","lower_code":"SFC","upper":"3400"},"geometry":{"type":"Polygon","coordinates":[[[-85.3958,40.3156],[-85.3772,40.3142],[-85.3592,40.31],[-85.3427,40.3033],[-85.3281,40.2941],[-85.3162,40.283],[-85.3074,40.2703],[-85.3019,40.2566],[-85.3001,40.2422],[-85.3019,40.2279],[-85.3074,40.2141],[-85.3162,40.2015],[-85.3282,40.1903],[-85.3426,40.1812],[-85.3592,40.1744],[-85.3772,40.1702],[-85.3959,40.1688],[-85.4145,40.1702],[-85.4325,40.1744],[-85.4491,40.1812],[-85.4636,40.1904],[-85.4755,40.2015],[-85.4843,40.2142],[-85.4898,40.228],[-85.4916,40.2423],[-85.4897,40.2567],[-85.4843,40.2704],[-85.4754,40.2831],[-85.4635,40.2942],[-85.449,40.3033],[-85.4325,40.31],[-85.4145,40.3142],[-85.3958,40.3156]]]}},{"type":"Feature","properties":{"name":"MUSKEGON CLASS D","class":"D","lower":"0","lower_code":"SFC","upper":"3100"},"geometry":{"type":"Polygon","coordinates":[[[-86.2354,43.2394],[-86.2163,43.238],[-86.198,43.2339],[-86.1811,43.2273],[-86.1662,43.2184],[-86.1541,43.2076],[-86.145,43.1952],[-86.1394,43.1818],[-86.1375,43.1678],[-86.1394,43.1538],[-86.1449,43.1403],[-86.154,43.1279],[-86.1662,43.117],[-86.181,43.1081],[-86.1979,43.1015],[-86.2163,43.0974],[-86.2354,43.096],[-86.2545,43.0974],[-86.2728,43.1014],[-86.2898,43.1081],[-86.3046,43.117],[-86.3168,43.1279],[-86.3259,43.1402],[-86.3315,43.1537],[-86.3334,43.1677],[-86.3315,43.1817],[-86.3259,43.1951],[-86.3169,43.2075],[-86.3047,43.2183],[-86.2898,43.2273],[-86.2729,43.2339],[-86.2546,43.238],[-86.2354,43.2394]]]}},{"type":"Feature","properties":{"name":"PORTLAND-HILLSBORO CLASS D","class":"D","lower":"0","lower_code":"SFC","upper":"2700"},"geometry":{"type":"Polygon","coordinates":[[[-122.9489,45.4706],[-122.9667,45.4716],[-122.984,45.4748],[-123.0001,45.4801],[-123.0127,45.4862],[-123.0256,45.4949],[-123.036,45.5051],[-123.0436,45.5164],[-123.0478,45.5268],[-123.0498,45.5392],[-123.0485,45.5517],[-123.0441,45.5639],[-123.0379,45.5737],[-123.0281,45.5842],[-123.0177,45.5921],[-123.0035,45.5997],[-122.99,45.6048],[-122.968,45.6095],[-122.9476,45.6106],[-122.9274,45.6087],[-122.9058,45.6033],[-122.8885,45.5956],[-122.8723,45.5842],[-122.8601,45.5705],[-122.8528,45.5553],[-122.8506,45.541],[-122.8531,45.525],[-122.8597,45.5114],[-122.8716,45.4977],[-122.8857,45.4873],[-122.9047,45.4783],[-122.9262,45.4727],[-122.9489,45.4706]]]}},{"type":"Feature","properties":{"name":"MORGANTOWN CLASS D","class":"D","lower":"0","lower_code":"SFC","upper":"3700"},"geometry":{"type":"Polygon","coordinates":[[[-79.9176,39.7103],[-79.9007,39.709],[-79.8845,39.7052],[-79.8696,39.6991],[-79.8565,39.6908],[-79.8458,39.6807],[-79.8378,39.6692],[-79.8329,39.6567],[-79.8313,39.6436],[-79.8329,39.6306],[-79.8378,39.6181],[-79.8458,39.6065],[-79.8566,39.5964],[-79.8696,39.5881],[-79.8846,39.5819],[-79.9007,39.5781],[-79.9176,39.5769],[-79.9345,39.5782],[-79.9506,39.582],[-79.9656,39.5881],[-79.9786,39.5964],[-79.9893,39.6065],[-79.9973,39.6181],[-80.0022,39.6307],[-80.0039,39.6437],[-80.0022,39.6567],[-79.9973,39.6692],[-79.9893,39.6807],[-79.9785,39.6908],[-79.9655,39.6991],[-79.9506,39.7052],[-79.9344,39.709],[-79.9176,39.7103]]]}},{"type":"Feature","properties":{"name":"TWENTYNINE PALMS CLASS D","class":"D","lower":"0","lower_code":"SFC","upper":"4600"},"geometry":{"type":"Polygon","coordinates":[[[-116.1621,34.3679],[-116.1452,34.3665],[-116.129,34.3625],[-116.1141,34.3558],[-116.1009,34.3469],[-116.0902,34.336],[-116.0822,34.3236],[-116.0773,34.3102],[-116.0756,34.2961],[-116.0772,34.2822],[-116.0822,34.2686],[-116.0902,34.2563],[-116.1009,34.2453],[-116.1141,34.2364],[-116.129,34.2298],[-116.1452,34.2257],[-116.1621,34.2243],[-116.1789,34.2257],[-116.1952,34.2298],[-116.2102,34.2365],[-116.2233,34.2454],[-116.234,34.2562],[-116.242,34.2687],[-116.2469,34.2821],[-116.2486,34.2961],[-116.2469,34.3102],[-116.242,34.3236],[-116.234,34.336],[-116.2233,34.3469],[-116.2101,34.3558],[-116.1952,34.3624],[-116.179,34.3665],[-116.1621,34.3679]]]}},{"type":"Feature","properties":{"name":"TWIN FALLS CLASS D","class":"D","lower":"0","lower_code":"SFC","upper":"6700"},"geometry":{"type":"Polygon","coordinates":[[[-114.4877,42.5535],[-114.4689,42.5521],[-114.4507,42.5481],[-114.434,42.5414],[-114.4193,42.5325],[-114.4073,42.5217],[-114.3983,42.5093],[-114.3928,42.4959],[-114.3909,42.4819],[-114.3927,42.4679],[-114.3983,42.4544],[-114.4072,42.4421],[-114.4192,42.4312],[-114.4339,42.4222],[-114.4506,42.4156],[-114.4689,42.4115],[-114.4877,42.4101],[-114.5066,42.4115],[-114.5247,42.4156],[-114.5415,42.4222],[-114.5562,42.4311],[-114.5683,42.442],[-114.5772,42.4544],[-114.5827,42.4678],[-114.5846,42.4818],[-114.5827,42.4958],[-114.5772,42.5093],[-114.5683,42.5216],[-114.5563,42.5325],[-114.5415,42.5414],[-114.5248,42.548],[-114.5067,42.5521],[-114.4877,42.5535]]]}},{"type":"Feature","properties":{"name":"NORTH KINGSTOWN CLASS D","class":"D","lower":"0","lower_code":"SFC","upper":"2500"},"geometry":{"type":"Polygon","coordinates":[[[-71.3096,41.6408],[-71.2999,41.6245],[-71.2945,41.6052],[-71.2946,41.5873],[-71.3003,41.568],[-71.3103,41.5518],[-71.326,41.536],[-71.346,41.5232],[-71.3693,41.5141],[-71.3946,41.5091],[-71.4208,41.5084],[-71.4465,41.512],[-71.4685,41.519],[-71.49,41.5303],[-71.5062,41.5434],[-71.5195,41.5604],[-71.5271,41.5774],[-71.5296,41.5898],[-71.5298,41.6005],[-71.5251,41.6217],[-71.5138,41.6415],[-71.4963,41.6585],[-71.4783,41.6497],[-71.4583,41.6437],[-71.4373,41.6406],[-71.4182,41.6405],[-71.397,41.6432],[-71.3769,41.649],[-71.3587,41.6576],[-71.3431,41.6686],[-71.3252,41.6567],[-71.3096,41.6408]]]}},{"type":"Feature","properties":{"name":"NORWOOD CLASS D","class":"D","lower":"0","lower_code":"SFC","upper":"2600"},"geometry":{"type":"Polygon","coordinates":[[[-71.1731,42.2659],[-71.1534,42.2644],[-71.1345,42.2602],[-71.117,42.2532],[-71.1017,42.2439],[-71.0892,42.2325],[-71.0798,42.2196],[-71.0741,42.2055],[-71.0722,42.1908],[-71.0741,42.1762],[-71.0799,42.1621],[-71.0892,42.1492],[-71.1018,42.1378],[-71.117,42.1285],[-71.1345,42.1215],[-71.1535,42.1172],[-71.1731,42.1158],[-71.1927,42.1172],[-71.2117,42.1215],[-71.2292,42.1285],[-71.2444,42.1378],[-71.257,42.1492],[-71.2663,42.1622],[-71.272,42.1763],[-71.2739,42.1909],[-71.272,42.2056],[-71.2662,42.2196],[-71.2569,42.2326],[-71.2444,42.2439],[-71.2291,42.2532],[-71.2117,42.2602],[-71.1927,42.2644],[-71.1731,42.2659]]]}},{"type":"Feature","properties":{"name":"MOSES LAKE CLASS D","class":"D","lower":"0","lower_code":"SFC","upper":"3700"},"geometry":{"type":"Polygon","coordinates":[[[-119.1929,47.1887],[-119.2486,47.1664],[-119.2487,47.1345],[-119.2694,47.1271],[-119.2917,47.1223],[-119.3149,47.1203],[-119.3384,47.1213],[-119.3618,47.1252],[-119.3838,47.1321],[-119.4035,47.1416],[-119.4202,47.1534],[-119.4335,47.1672],[-119.4428,47.1823],[-119.4478,47.1984],[-119.4484,47.2148],[-119.4438,47.2327],[-119.4339,47.2496],[-119.4192,47.2647],[-119.4002,47.2775],[-119.3778,47.2873],[-119.3529,47.2938],[-119.3266,47.2967],[-119.2999,47.2959],[-119.274,47.2914],[-119.2501,47.2833],[-119.2291,47.2721],[-119.2119,47.2582],[-119.1993,47.2422],[-119.1918,47.2248],[-119.1896,47.2067],[-119.1929,47.1887]]]}},{"type":"Feature","properties":{"name":"MOSINEE CLASS D","class":"D","lower":"0","lower_code":"SFC","upper":"3800"},"geometry":{"type":"Polygon","coordinates":[[[-89.6668,44.8526],[-89.6462,44.8512],[-89.6265,44.8469],[-89.6083,44.84],[-89.5923,44.8306],[-89.5792,44.8193],[-89.5695,44.8063],[-89.5635,44.7923],[-89.5615,44.7776],[-89.5635,44.763],[-89.5695,44.7489],[-89.5792,44.736],[-89.5924,44.7246],[-89.6083,44.7153],[-89.6265,44.7083],[-89.6462,44.7041],[-89.6668,44.7026],[-89.6873,44.7041],[-89.7071,44.7083],[-89.7253,44.7153],[-89.7412,44.7246],[-89.7544,44.736],[-89.7641,44.749],[-89.7701,44.7631],[-89.7721,44.7777],[-89.77,44.7924],[-89.764,44.8064],[-89.7543,44.8193],[-89.7412,44.8307],[-89.7253,44.84],[-89.7071,44.8469],[-89.6873,44.8512],[-89.6668,44.8526]]]}},{"type":"Feature","properties":{"name":"ROME CLASS D","class":"D","lower":"0","lower_code":"SFC","upper":"3000"},"geometry":{"type":"Polygon","coordinates":[[[-75.4451,43.3251],[-75.4368,43.3143],[-75.4165,43.3169],[-75.3959,43.3168],[-75.3783,43.3145],[-75.3616,43.3103],[-75.3452,43.3038],[-75.3304,43.2956],[-75.3177,43.2856],[-75.3074,43.2743],[-75.2998,43.2622],[-75.295,43.2494],[-75.2931,43.2362],[-75.294,43.2229],[-75.2982,43.2089],[-75.3057,43.1957],[-75.3161,43.1836],[-75.3293,43.1729],[-75.3264,43.1689],[-75.3786,43.1486],[-75.3816,43.1526],[-75.4046,43.1505],[-75.4278,43.1519],[-75.4518,43.1572],[-75.4736,43.1662],[-75.4922,43.1784],[-75.5067,43.1933],[-75.5138,43.2047],[-75.5185,43.2166],[-75.5208,43.2289],[-75.5206,43.2413],[-75.5168,43.2563],[-75.5094,43.2705],[-75.4986,43.2835],[-75.4847,43.2948],[-75.493,43.3057],[-75.4451,43.3251]]]}},{"type":"Feature","properties":{"name":"SACRAMENTO EXECUTIVE AIRPORT CLASS D","class":"D","lower":"0","lower_code":"SFC","upper":"2500"},"geometry":{"type":"Polygon","coordinates":[[[-121.4827,38.4463],[-121.5045,38.4463],[-121.5193,38.4277],[-121.5841,38.4595],[-121.5678,38.48],[-121.5749,38.4933],[-121.5783,38.5074],[-121.5777,38.5219],[-121.5732,38.5358],[-121.5661,38.5473],[-121.5563,38.5575],[-121.5443,38.566],[-121.5304,38.5726],[-121.5132,38.5774],[-121.495,38.5792],[-121.4767,38.5779],[-121.4593,38.5735],[-121.4434,38.5663],[-121.4299,38.5566],[-121.4193,38.5449],[-121.4122,38.5315],[-121.4089,38.5174],[-121.4096,38.5029],[-121.4141,38.489],[-121.4224,38.4761],[-121.434,38.465],[-121.4484,38.456],[-121.4649,38.4497],[-121.4827,38.4463]]]}},{"type":"Feature","properties":{"name":"WICHITA FALLS CLASS D","class":"D","lower":"0","lower_code":"SFC","upper":"3500"},"geometry":{"type":"Polygon","coordinates":[[[-98.5149,34.0801],[-98.508,34.0659],[-98.4886,34.0669],[-98.4693,34.0647],[-98.4509,34.0593],[-98.4342,34.0511],[-98.4227,34.0429],[-98.4128,34.0334],[-98.4049,34.0226],[-98.3983,34.0093],[-98.3947,33.9953],[-98.394,33.9809],[-98.3964,33.9666],[-98.4026,33.9513],[-98.4111,33.9387],[-98.4221,33.9276],[-98.4352,33.9183],[-98.4521,33.9102],[-98.4705,33.9051],[-98.4919,33.9031],[-98.5133,33.905],[-98.5338,33.9108],[-98.5522,33.9201],[-98.5663,33.9312],[-98.5787,33.946],[-98.5862,33.9609],[-98.5901,33.9767],[-98.5901,33.9929],[-98.5863,34.0088],[-98.5799,34.0222],[-98.5652,34.0399],[-98.5455,34.0539],[-98.5521,34.0676],[-98.5149,34.0801]]]}},{"type":"Feature","properties":{"name":"WILLIAMSPORT CLASS D","class":"D","lower":"0","lower_code":"SFC","upper":"3000"},"geometry":{"type":"Polygon","coordinates":[[[-76.9218,41.3117],[-76.9037,41.3104],[-76.8863,41.3064],[-76.8703,41.2999],[-76.8562,41.2912],[-76.8446,41.2806],[-76.8361,41.2685],[-76.8308,41.2554],[-76.829,41.2417],[-76.8308,41.228],[-76.8361,41.2149],[-76.8447,41.2028],[-76.8562,41.1921],[-76.8703,41.1834],[-76.8863,41.177],[-76.9037,41.173],[-76.9218,41.1716],[-76.94,41.173],[-76.9573,41.177],[-76.9734,41.1835],[-76.9874,41.1922],[-76.999,41.2028],[-77.0075,41.2149],[-77.0128,41.2281],[-77.0146,41.2417],[-77.0128,41.2554],[-77.0075,41.2686],[-76.9989,41.2806],[-76.9874,41.2912],[-76.9733,41.2999],[-76.9573,41.3064],[-76.9399,41.3104],[-76.9218,41.3117]]]}},{"type":"Feature","properties":{"name":"PALMDALE CLASS D","class":"D","lower":"0","lower_code":"SFC","upper":"5000"},"geometry":{"type":"Polygon","coordinates":[[[-118.0846,34.7012],[-118.0676,34.6998],[-118.0513,34.6957],[-118.0363,34.6891],[-118.0231,34.6802],[-118.0123,34.6693],[-118.0043,34.6569],[-117.9994,34.6435],[-117.9977,34.6294],[-117.9994,34.6154],[-118.0043,34.6019],[-118.0123,34.5895],[-118.0232,34.5786],[-118.0363,34.5697],[-118.0514,34.5631],[-118.0677,34.559],[-118.0846,34.5576],[-118.1016,34.559],[-118.1178,34.5631],[-118.1329,34.5697],[-118.146,34.5787],[-118.1568,34.5896],[-118.1648,34.602],[-118.1697,34.6154],[-118.1714,34.6294],[-118.1697,34.6435],[-118.1648,34.6569],[-118.1568,34.6693],[-118.146,34.6801],[-118.1328,34.6891],[-118.1178,34.6957],[-118.1015,34.6998],[-118.0846,34.7012]]]}},{"type":"Feature","properties":{"name":"ALBEMARLE CLASS D","class":"D","lower":"0","lower_code":"SFC","upper":"3100"},"geometry":{"type":"Polygon","coordinates":[[[-80.0794,35.5357],[-80.0305,35.5055],[-80.0575,35.4763],[-80.0437,35.4578],[-80.0352,35.4372],[-80.0325,35.4156],[-80.0358,35.394],[-80.0426,35.3777],[-80.0528,35.3625],[-80.0661,35.3492],[-80.0821,35.3379],[-80.1045,35.3276],[-80.1291,35.3215],[-80.1549,35.3199],[-80.1803,35.3229],[-80.2043,35.3304],[-80.226,35.342],[-80.2439,35.357],[-80.2575,35.3749],[-80.2647,35.3908],[-80.2685,35.4073],[-80.2687,35.4242],[-80.2653,35.4408],[-80.2585,35.4568],[-80.2484,35.4714],[-80.2352,35.4845],[-80.2196,35.4955],[-80.1935,35.507],[-80.1648,35.5128],[-80.1351,35.5127],[-80.1064,35.5064],[-80.0794,35.5357]]]}},{"type":"Feature","properties":{"name":"ALPENA CLASS D","class":"D","lower":"0","lower_code":"SFC","upper":"3200"},"geometry":{"type":"Polygon","coordinates":[[[-83.5603,45.1497],[-83.5406,45.1484],[-83.5216,45.1443],[-83.5041,45.1377],[-83.4888,45.1288],[-83.4763,45.118],[-83.4669,45.1056],[-83.4611,45.0922],[-83.4592,45.0782],[-83.4611,45.0642],[-83.4669,45.0507],[-83.4762,45.0384],[-83.4888,45.0275],[-83.504,45.0185],[-83.5216,45.0119],[-83.5405,45.0078],[-83.5602,45.0064],[-83.5799,45.0078],[-83.5989,45.0119],[-83.6165,45.0185],[-83.6318,45.0274],[-83.6444,45.0383],[-83.6537,45.0506],[-83.6595,45.0641],[-83.6614,45.0781],[-83.6595,45.0921],[-83.6538,45.1055],[-83.6444,45.1179],[-83.6319,45.1287],[-83.6165,45.1377],[-83.599,45.1443],[-83.58,45.1484],[-83.5603,45.1497]]]}},{"type":"Feature","properties":{"name":"MERIDIAN CLASS D","class":"D","lower":"0","lower_code":"SFC","upper":"2800"},"geometry":{"type":"Polygon","coordinates":[[[-88.7519,32.4078],[-88.7346,32.4063],[-88.718,32.4021],[-88.7027,32.3951],[-88.6893,32.3858],[-88.6783,32.3744],[-88.6701,32.3614],[-88.6651,32.3473],[-88.6633,32.3326],[-88.665,32.318],[-88.6701,32.3039],[-88.6783,32.2909],[-88.6893,32.2795],[-88.7027,32.2701],[-88.718,32.2632],[-88.7346,32.2589],[-88.7519,32.2575],[-88.7692,32.2589],[-88.7858,32.2632],[-88.801,32.2701],[-88.8145,32.2795],[-88.8255,32.2909],[-88.8337,32.3039],[-88.8387,32.318],[-88.8404,32.3326],[-88.8387,32.3473],[-88.8336,32.3614],[-88.8255,32.3744],[-88.8145,32.3857],[-88.8011,32.3951],[-88.7857,32.4021],[-88.7691,32.4063],[-88.7519,32.4078]]]}},{"type":"Feature","properties":{"name":"SAN NICOLAS ISLAND NOLF CLASS D","class":"D","lower":"0","lower_code":"SFC","upper":"3000"},"geometry":{"type":"Polygon","coordinates":[[[-119.457,33.1679],[-119.474,33.1692],[-119.4904,33.1733],[-119.5054,33.18],[-119.5186,33.1891],[-119.5294,33.2002],[-119.5373,33.2129],[-119.5421,33.2267],[-119.5435,33.2392],[-119.5419,33.2535],[-119.537,33.2673],[-119.5289,33.2799],[-119.5194,33.2897],[-119.5064,33.2989],[-119.4914,33.3058],[-119.4751,33.3101],[-119.4602,33.3115],[-119.4431,33.3104],[-119.4287,33.3072],[-119.4133,33.3009],[-119.3997,33.2922],[-119.3885,33.2814],[-119.38,33.2689],[-119.3746,33.2553],[-119.3726,33.241],[-119.3737,33.2285],[-119.378,33.2146],[-119.3856,33.2017],[-119.396,33.1904],[-119.4089,33.181],[-119.4238,33.174],[-119.44,33.1695],[-119.457,33.1679]]]}},{"type":"Feature","properties":{"name":"MERIDIAN CLASS D","class":"D","lower":"0","lower_code":"SFC","upper":"3000"},"geometry":{"type":"Polygon","coordinates":[[[-88.8345,32.8691],[-88.8183,32.8677],[-88.8028,32.8637],[-88.7884,32.8573],[-88.7758,32.8485],[-88.7655,32.8379],[-88.7578,32.8258],[-88.7531,32.8127],[-88.7515,32.799],[-88.7531,32.7853],[-88.7578,32.7721],[-88.7655,32.76],[-88.7758,32.7493],[-88.7884,32.7406],[-88.8028,32.7341],[-88.8183,32.7301],[-88.8346,32.7288],[-88.8507,32.7301],[-88.8663,32.7341],[-88.8807,32.7407],[-88.8933,32.7494],[-88.9036,32.76],[-88.9113,32.7721],[-88.916,32.7853],[-88.9176,32.7989],[-88.916,32.8127],[-88.9112,32.8258],[-88.9036,32.8379],[-88.8933,32.8485],[-88.8806,32.8573],[-88.8663,32.8637],[-88.8507,32.8677],[-88.8345,32.8691]]]}},{"type":"Feature","properties":{"name":"ST LOUIS CLASS D","class":"D","lower":"0","lower_code":"SFC","upper":"3000"},"geometry":{"type":"Polygon","coordinates":[[[-90.5673,38.6933],[-90.5607,38.6943],[-90.5519,38.6617],[-90.5585,38.6606],[-90.5612,38.6445],[-90.5683,38.6294],[-90.5796,38.6156],[-90.5947,38.6041],[-90.6128,38.5955],[-90.6326,38.5903],[-90.6528,38.5887],[-90.6729,38.5905],[-90.6919,38.5957],[-90.7091,38.6039],[-90.725,38.6161],[-90.7368,38.6309],[-90.7433,38.6298],[-90.7522,38.6624],[-90.7457,38.6635],[-90.7439,38.6765],[-90.7393,38.6889],[-90.7319,38.7004],[-90.7221,38.7108],[-90.7113,38.7189],[-90.6992,38.7255],[-90.6715,38.7339],[-90.6559,38.7355],[-90.6403,38.7349],[-90.6249,38.7324],[-90.6103,38.7278],[-90.597,38.7215],[-90.5851,38.7134],[-90.5751,38.7039],[-90.5673,38.6933]]]}},{"type":"Feature","properties":{"name":"RAPID CITY CLASS D","class":"D","lower":"0","lower_code":"SFC","upper":"5700"},"geometry":{"type":"Polygon","coordinates":[[[-103.1508,44.0744],[-103.007,44.109],[-102.9832,44.0954],[-102.9737,44.0868],[-102.966,44.0773],[-102.9605,44.0672],[-102.957,44.0565],[-102.9558,44.0456],[-102.9569,44.0346],[-102.9623,44.0196],[-102.9719,44.0057],[-102.9854,43.9936],[-103.0022,43.9837],[-103.0216,43.9767],[-103.0424,43.9728],[-103.064,43.9721],[-103.0852,43.9747],[-103.1052,43.9805],[-103.1231,43.9893],[-103.1381,44.0006],[-103.1493,44.0138],[-103.1565,44.0286],[-103.1592,44.044],[-103.1573,44.0595],[-103.1508,44.0744]]]}},{"type":"Feature","properties":{"name":"RAMONA CLASS D","class":"D","lower":"0","lower_code":"SFC","upper":"3800"},"geometry":{"type":"Polygon","coordinates":[[[-116.9153,33.106],[-116.8998,33.1047],[-116.885,33.1009],[-116.8713,33.0947],[-116.8592,33.0865],[-116.8494,33.0764],[-116.8421,33.0648],[-116.8375,33.0523],[-116.836,33.0392],[-116.8375,33.0262],[-116.842,33.0137],[-116.8493,33.0021],[-116.8592,32.9919],[-116.8712,32.9836],[-116.8849,32.9775],[-116.8999,32.9736],[-116.9153,32.9724],[-116.9307,32.9737],[-116.9456,32.9774],[-116.9594,32.9837],[-116.9714,32.992],[-116.9813,33.0022],[-116.9886,33.0137],[-116.9931,33.0262],[-116.9946,33.0392],[-116.9931,33.0523],[-116.9885,33.0648],[-116.9812,33.0763],[-116.9714,33.0864],[-116.9594,33.0947],[-116.9457,33.1009],[-116.9308,33.1047],[-116.9153,33.106]]]}},{"type":"Feature","properties":{"name":"RAPID CITY ELLSWORTH AFB CLASS D","class":"D","lower":"0","lower_code":"SFC","upper":"5800"},"geometry":{"type":"Polygon","coordinates":[[[-102.9765,44.1091],[-102.9848,44.0966],[-103.007,44.109],[-103.1508,44.0744],[-103.1583,44.0549],[-103.1777,44.0624],[-103.1952,44.0721],[-103.2103,44.0837],[-103.2227,44.0969],[-103.2319,44.1114],[-103.2378,44.1267],[-103.2401,44.1425],[-103.239,44.1582],[-103.2321,44.1784],[-103.2196,44.197],[-103.2018,44.2134],[-103.1798,44.2266],[-103.1542,44.2363],[-103.1266,44.2419],[-103.0979,44.2432],[-103.0692,44.2402],[-103.0424,44.2329],[-103.0181,44.2217],[-102.9977,44.2072],[-102.9819,44.1897],[-102.9717,44.1705],[-102.9672,44.1499],[-102.9689,44.1291],[-102.9765,44.1091]]]}},{"type":"Feature","properties":{"name":"TOPEKA CLASS D","class":"D","lower":"0","lower_code":"SFC","upper":"3400"},"geometry":{"type":"Polygon","coordinates":[[[-95.5882,39.0077],[-95.6102,39.0213],[-95.6361,39.0298],[-95.6638,39.0327],[-95.6917,39.0297],[-95.7023,39.045],[-95.7075,39.0618],[-95.7079,39.0722],[-95.7062,39.0824],[-95.6969,39.1017],[-95.7019,39.1055],[-95.6722,39.1295],[-95.6672,39.1257],[-95.6409,39.134],[-95.6407,39.1378],[-95.5979,39.1366],[-95.5981,39.1328],[-95.5768,39.1253],[-95.5589,39.1136],[-95.5465,39.0997],[-95.5389,39.0837],[-95.5369,39.0719],[-95.5375,39.06],[-95.5409,39.0484],[-95.5469,39.0374],[-95.5337,39.0275],[-95.5634,39.0035],[-95.5758,39.0128],[-95.5882,39.0077]]]}},{"type":"Feature","properties":{"name":"TOPEKA CLASS D","class":"D","lower":"0","lower_code":"SFC","upper":"3600"},"geometry":{"type":"Polygon","coordinates":[[[-95.6636,39.0327],[-95.6432,39.0311],[-95.6236,39.0265],[-95.6055,39.0189],[-95.5896,39.0088],[-95.5766,38.9964],[-95.5669,38.9823],[-95.5609,38.967],[-95.5589,38.951],[-95.5609,38.935],[-95.5669,38.9197],[-95.5766,38.9056],[-95.5896,38.8931],[-95.6055,38.883],[-95.6236,38.8754],[-95.6433,38.8708],[-95.6637,38.8692],[-95.684,38.8708],[-95.7037,38.8754],[-95.7218,38.883],[-95.7377,38.8932],[-95.7507,38.9056],[-95.7603,38.9197],[-95.7663,38.9351],[-95.7683,38.951],[-95.7663,38.967],[-95.7603,38.9823],[-95.7506,38.9964],[-95.7376,39.0088],[-95.7218,39.0189],[-95.7037,39.0265],[-95.684,39.0311],[-95.6636,39.0327]]]}},{"type":"Feature","properties":{"name":"OAK GROVE CLASS D","class":"D","lower":"0","lower_code":"SFC","upper":"1500"},"geometry":{"type":"Polygon","coordinates":[[[-77.2497,35.1004],[-77.2339,35.0991],[-77.2187,35.0953],[-77.2047,35.0892],[-77.1923,35.0808],[-77.1822,35.0707],[-77.1747,35.0592],[-77.1701,35.0467],[-77.1685,35.0336],[-77.1701,35.0206],[-77.1747,35.0081],[-77.1823,34.9965],[-77.1923,34.9864],[-77.2046,34.9781],[-77.2187,34.9719],[-77.234,34.9681],[-77.2498,34.9668],[-77.2656,34.9681],[-77.2808,34.9719],[-77.2948,34.9781],[-77.3072,34.9864],[-77.3173,34.9966],[-77.3247,35.0081],[-77.3293,35.0206],[-77.3309,35.0336],[-77.3293,35.0467],[-77.3247,35.0592],[-77.3172,35.0707],[-77.3071,35.0808],[-77.2949,35.0891],[-77.2808,35.0953],[-77.2656,35.0991],[-77.2497,35.1004]]]}},{"type":"Feature","properties":{"name":"WILMINGTON CLASS D","class":"D","lower":"0","lower_code":"SFC","upper":"3600"},"geometry":{"type":"Polygon","coordinates":[[[-83.701,39.4533],[-83.7108,39.4541],[-83.72,39.4515],[-83.7268,39.446],[-83.7297,39.4388],[-83.7272,39.4296],[-83.7186,39.4229],[-83.7068,39.4209],[-83.6954,39.4242],[-83.6988,39.4079],[-83.7067,39.3926],[-83.718,39.3797],[-83.7324,39.3689],[-83.7494,39.3606],[-83.7684,39.3551],[-83.7883,39.3529],[-83.8083,39.3539],[-83.8278,39.3582],[-83.8456,39.3654],[-83.8613,39.3754],[-83.8737,39.3876],[-83.8827,39.4016],[-83.8878,39.4166],[-83.8888,39.4305],[-83.8866,39.4442],[-83.8812,39.4574],[-83.8727,39.4695],[-83.8615,39.4802],[-83.848,39.4892],[-83.8326,39.4961],[-83.8158,39.5007],[-83.7982,39.5028],[-83.7803,39.5024],[-83.7629,39.4995],[-83.7465,39.4941],[-83.7317,39.4866],[-83.7188,39.477],[-83.7085,39.4658],[-83.701,39.4533]]]}},{"type":"Feature","properties":{"name":"WORCESTER CLASS D","class":"D","lower":"1900","lower_code":"MSL","upper":"3500"},"geometry":{"type":"Polygon","coordinates":[[[-71.9868,42.2875],[-71.9794,42.3031],[-71.9675,42.307],[-71.9585,42.3065],[-71.9504,42.3034],[-71.9447,42.2981],[-71.9423,42.2917],[-71.9433,42.2854],[-71.9473,42.2799],[-71.9538,42.2759],[-71.9619,42.274],[-71.9703,42.2744],[-71.978,42.2771],[-71.9837,42.2817],[-71.9868,42.2875]]]}},{"type":"Feature","properties":{"name":"KENOSHA CLASS D","class":"D","lower":"0","lower_code":"SFC","upper":"3200"},"geometry":{"type":"Polygon","coordinates":[[[-87.9278,42.6657],[-87.9093,42.6644],[-87.8916,42.6604],[-87.8752,42.6539],[-87.8608,42.6452],[-87.849,42.6346],[-87.8402,42.6225],[-87.8349,42.6094],[-87.833,42.5957],[-87.8349,42.5821],[-87.8403,42.5689],[-87.849,42.5568],[-87.8608,42.5462],[-87.8752,42.5375],[-87.8916,42.531],[-87.9093,42.527],[-87.9278,42.5257],[-87.9464,42.527],[-87.9641,42.531],[-87.9804,42.5375],[-87.9948,42.5462],[-88.0066,42.5569],[-88.0154,42.5689],[-88.0208,42.5821],[-88.0226,42.5958],[-88.0207,42.6095],[-88.0153,42.6226],[-88.0066,42.6347],[-87.9948,42.6452],[-87.9804,42.6539],[-87.9641,42.6604],[-87.9463,42.6644],[-87.9278,42.6657]]]}},{"type":"Feature","properties":{"name":"KING SALMON CLASS D","class":"D","lower":"0","lower_code":"SFC","upper":"2600"},"geometry":{"type":"Polygon","coordinates":[[[-156.4962,58.6384],[-156.5186,58.6489],[-156.5298,58.6376],[-156.5445,58.6275],[-156.5623,58.6188],[-156.5827,58.6119],[-156.5603,58.6014],[-156.5779,58.5965],[-156.6054,58.5913],[-156.6341,58.5887],[-156.6633,58.5887],[-156.6921,58.5913],[-156.7197,58.5965],[-156.7451,58.6041],[-156.7675,58.6138],[-156.7865,58.6254],[-156.8013,58.6385],[-156.8116,58.6528],[-156.817,58.6677],[-156.8174,58.683],[-156.8107,58.702],[-156.7962,58.7197],[-156.7746,58.7354],[-156.747,58.7483],[-156.7144,58.7577],[-156.6789,58.7632],[-156.6419,58.7645],[-156.6051,58.7616],[-156.5705,58.7547],[-156.5396,58.7439],[-156.5141,58.7299],[-156.4949,58.7134],[-156.4833,58.6951],[-156.4804,58.6855],[-156.4795,58.6758],[-156.4807,58.6662],[-156.4839,58.6566],[-156.4962,58.6384]]]}},{"type":"Feature","properties":{"name":"KINGSVILLE CLASS D","class":"D","lower":"0","lower_code":"SFC","upper":"2500"},"geometry":{"type":"Polygon","coordinates":[[[-97.7953,27.4336],[-97.7982,27.4194],[-97.846,27.4277],[-97.8434,27.4398],[-97.8587,27.4484],[-97.8715,27.4599],[-97.8811,27.4737],[-97.887,27.489],[-97.8889,27.5033],[-97.8876,27.5177],[-97.883,27.5315],[-97.8766,27.5427],[-97.8667,27.5541],[-97.8561,27.5624],[-97.8421,27.5698],[-97.8288,27.574],[-97.8129,27.5763],[-97.7967,27.5757],[-97.781,27.5722],[-97.7664,27.566],[-97.7535,27.5573],[-97.7428,27.5465],[-97.7348,27.534],[-97.7296,27.5204],[-97.7277,27.5061],[-97.729,27.4917],[-97.7334,27.4778],[-97.742,27.4636],[-97.7525,27.4526],[-97.7652,27.4437],[-97.7797,27.4373],[-97.7953,27.4336]]]}},{"type":"Feature","properties":{"name":"MAXWELL AFB CLASS D","class":"D","lower":"0","lower_code":"SFC","upper":"2200"},"geometry":{"type":"Polygon","coordinates":[[[-86.2701,32.3504],[-86.2807,32.3328],[-86.4434,32.3474],[-86.4595,32.365],[-86.4605,32.3865],[-86.4551,32.4075],[-86.4458,32.4237],[-86.4326,32.4378],[-86.4162,32.4491],[-86.3993,32.4566],[-86.379,32.4615],[-86.3599,32.4626],[-86.3389,32.4602],[-86.319,32.4541],[-86.3028,32.4456],[-86.2875,32.4332],[-86.2756,32.4184],[-86.2677,32.4017],[-86.2644,32.3858],[-86.265,32.3678],[-86.2701,32.3504]]]}},{"type":"Feature","properties":{"name":"MAYPORT CLASS D","class":"D","lower":"0","lower_code":"SFC","upper":"2500"},"geometry":{"type":"Polygon","coordinates":[[[-81.4087,30.3226],[-81.4353,30.3218],[-81.5037,30.4059],[-81.4997,30.4173],[-81.4936,30.428],[-81.4854,30.4376],[-81.4755,30.4459],[-81.4641,30.4526],[-81.4516,30.4575],[-81.4383,30.4605],[-81.4246,30.4615],[-81.4088,30.4602],[-81.3937,30.4562],[-81.3797,30.4498],[-81.3673,30.441],[-81.3573,30.4304],[-81.3498,30.4183],[-81.3452,30.4052],[-81.3436,30.3915],[-81.3451,30.3778],[-81.3497,30.3646],[-81.3572,30.3525],[-81.3673,30.3418],[-81.3795,30.3331],[-81.3935,30.3266],[-81.4087,30.3226]]]}},{"type":"Feature","properties":{"name":"MCKINNEY CLASS D","class":"D","lower":"0","lower_code":"SFC","upper":"2900"},"geometry":{"type":"Polygon","coordinates":[[[-96.5892,33.108],[-96.6062,33.1093],[-96.6206,33.1127],[-96.634,33.1183],[-96.646,33.1258],[-96.6575,33.1364],[-96.6653,33.1471],[-96.6707,33.1589],[-96.6735,33.1712],[-96.6736,33.1838],[-96.671,33.1962],[-96.6659,33.208],[-96.6595,33.2173],[-96.6486,33.2283],[-96.6369,33.2362],[-96.6218,33.243],[-96.6075,33.2466],[-96.6072,33.2553],[-96.5674,33.2541],[-96.5678,33.2454],[-96.5428,33.2355],[-96.5329,33.2286],[-96.5231,33.2191],[-96.5129,33.2034],[-96.5078,33.186],[-96.5076,33.1716],[-96.5109,33.1575],[-96.5176,33.1443],[-96.5273,33.1325],[-96.5397,33.1226],[-96.5542,33.115],[-96.5702,33.1101],[-96.5892,33.108]]]}},{"type":"Feature","properties":{"name":"ALICE CLASS D","class":"D","lower":"0","lower_code":"SFC","upper":"2800"},"geometry":{"type":"Polygon","coordinates":[[[-98.0131,27.9718],[-97.999,27.9642],[-97.9868,27.9545],[-97.9768,27.9429],[-97.9694,27.9299],[-97.9645,27.9142],[-97.9633,27.8978],[-97.966,27.8816],[-97.9724,27.8663],[-97.9634,27.8598],[-97.9871,27.8339],[-97.9959,27.8402],[-98.0157,27.8294],[-98.0379,27.8235],[-98.0562,27.8227],[-98.0743,27.8252],[-98.0914,27.8309],[-98.1068,27.8397],[-98.1188,27.8501],[-98.1284,27.8622],[-98.1353,27.8757],[-98.1392,27.8901],[-98.1399,27.9064],[-98.1368,27.9224],[-98.13,27.9375],[-98.1199,27.9511],[-98.1256,27.9572],[-98.0968,27.9787],[-98.0902,27.9718],[-98.0715,27.9777],[-98.0517,27.9797],[-98.0319,27.9777],[-98.0131,27.9718]]]}},{"type":"Feature","properties":{"name":"ALTON/ST LOUIS CLASS D","class":"D","lower":"0","lower_code":"SFC","upper":"3000"},"geometry":{"type":"Polygon","coordinates":[[[-90.046,38.9633],[-90.0277,38.9619],[-90.0101,38.9577],[-89.9939,38.951],[-89.9796,38.9419],[-89.968,38.9308],[-89.9593,38.9181],[-89.9539,38.9044],[-89.9521,38.8899],[-89.9539,38.8756],[-89.9592,38.8619],[-89.9679,38.8492],[-89.9796,38.838],[-89.9938,38.8289],[-90.01,38.8221],[-90.0276,38.8179],[-90.046,38.8165],[-90.0643,38.8179],[-90.0821,38.8221],[-90.0982,38.8289],[-90.1124,38.838],[-90.1242,38.8493],[-90.1328,38.862],[-90.1381,38.8757],[-90.1399,38.89],[-90.1381,38.9043],[-90.1328,38.918],[-90.1241,38.9307],[-90.1124,38.9418],[-90.0982,38.9509],[-90.082,38.9577],[-90.0644,38.9619],[-90.046,38.9633]]]}},{"type":"Feature","properties":{"name":"MOUNTAIN VIEW CLASS D","class":"D","lower":"0","lower_code":"SFC","upper":"2500"},"geometry":{"type":"Polygon","coordinates":[[[-121.9648,37.4413],[-121.9816,37.4349],[-121.9967,37.4263],[-122.0097,37.4157],[-122.0201,37.4034],[-122.0276,37.3898],[-122.032,37.3754],[-122.0331,37.3606],[-122.0309,37.3459],[-122.0488,37.3444],[-122.0668,37.3458],[-122.0839,37.35],[-122.0998,37.3568],[-122.1136,37.3661],[-122.1248,37.3774],[-122.133,37.3902],[-122.1378,37.404],[-122.1391,37.4172],[-122.1373,37.4303],[-122.1325,37.443],[-122.125,37.4548],[-122.1148,37.4652],[-122.1024,37.474],[-122.0881,37.4808],[-122.0726,37.4854],[-122.0563,37.4877],[-122.0397,37.4875],[-122.0234,37.4849],[-122.008,37.48],[-121.9941,37.4729],[-121.9819,37.4639],[-121.9721,37.4532],[-121.9648,37.4413]]]}},{"type":"Feature","properties":{"name":"SAN JOSE CLASS C","class":"C","lower":"2500","lower_code":"MSL","upper":"4000"},"geometry":{"type":"Polygon","coordinates":[[[-122.1054,37.4522],[-122.1042,37.4537],[-122.0163,37.4084],[-122.0243,37.3966],[-122.0298,37.3839],[-122.0327,37.3707],[-122.0329,37.3572],[-122.0304,37.3439],[-122.0252,37.331],[-122.0175,37.3191],[-122.0075,37.3082],[-121.9963,37.2995],[-121.9836,37.292],[-121.9548,37.2822],[-121.9237,37.2797],[-121.8929,37.2846],[-121.8715,37.2375],[-121.9089,37.2304],[-121.9472,37.2303],[-121.9845,37.2372],[-122.0191,37.2507],[-122.1054,37.4522]]]}},{"type":"Feature","properties":{"name":"SAN JOSE CLASS C","class":"C","lower":"1500","lower_code":"MSL","upper":"4000"},"geometry":{"type":"Polygon","coordinates":[[[-121.9124,37.4791],[-121.9091,37.4707],[-121.8926,37.4511],[-121.8899,37.4405],[-121.9071,37.4446],[-121.925,37.4464],[-121.9428,37.4457],[-121.9604,37.4425],[-121.9769,37.437],[-121.992,37.4293],[-122.0053,37.4197],[-122.0163,37.4084],[-122.1042,37.4537],[-122.083,37.4756],[-122.0575,37.4944],[-122.0285,37.5096],[-121.9968,37.5208],[-121.9763,37.4734],[-121.9447,37.4791],[-121.9124,37.4791]]]}},{"type":"Feature","properties":{"name":"GULFPORT CLASS D","class":"D","lower":"0","lower_code":"SFC","upper":"2500"},"geometry":{"type":"Polygon","coordinates":[[[-88.995,30.4449],[-89.0,30.4356],[-89.0,30.3853],[-88.9929,30.373],[-89.0006,30.3624],[-89.0102,30.3529],[-89.0215,30.345],[-89.0342,30.3388],[-89.0514,30.3339],[-89.0693,30.3321],[-89.0873,30.3336],[-89.1045,30.3383],[-89.1203,30.346],[-89.1338,30.3563],[-89.1446,30.3688],[-89.1522,30.383],[-89.1559,30.3965],[-89.1567,30.4103],[-89.1547,30.424],[-89.1497,30.4371],[-89.1421,30.4492],[-89.132,30.46],[-89.1198,30.4689],[-89.106,30.4757],[-89.0909,30.4803],[-89.0751,30.4823],[-89.0592,30.4819],[-89.0436,30.4789],[-89.0289,30.4735],[-89.0156,30.4658],[-89.0042,30.4562],[-88.995,30.4449]]]}},{"type":"Feature","properties":{"name":"HARTFORD CLASS D","class":"D","lower":"0","lower_code":"SFC","upper":"2500"},"geometry":{"type":"Polygon","coordinates":[[[-72.5688,41.784],[-72.5441,41.7982],[-72.5384,41.7924],[-72.5273,41.7771],[-72.5197,41.7605],[-72.5162,41.7433],[-72.5167,41.7257],[-72.5195,41.7135],[-72.5244,41.7017],[-72.5397,41.6797],[-72.5617,41.6613],[-72.589,41.6475],[-72.5995,41.6439],[-72.6111,41.6655],[-72.6334,41.6609],[-72.6564,41.6601],[-72.6791,41.6633],[-72.7003,41.6701],[-72.7165,41.6787],[-72.7301,41.6895],[-72.7408,41.702],[-72.7479,41.7157],[-72.7513,41.7286],[-72.7516,41.7418],[-72.749,41.7548],[-72.7433,41.7673],[-72.735,41.7789],[-72.724,41.7892],[-72.7109,41.798],[-72.696,41.805],[-72.6797,41.81],[-72.6624,41.8127],[-72.6447,41.8133],[-72.6273,41.8116],[-72.6105,41.8076],[-72.5948,41.8016],[-72.5808,41.7936],[-72.5688,41.784]]]}},{"type":"Feature","properties":{"name":"HAYWARD CLASS D","class":"D","lower":"0","lower_code":"SFC","upper":"1500"},"geometry":{"type":"Polygon","coordinates":[[[-122.1917,37.6412],[-122.1765,37.6458],[-122.1627,37.6519],[-122.1486,37.6609],[-122.138,37.6702],[-122.1292,37.6806],[-122.1226,37.692],[-122.1181,37.7041],[-122.116,37.7171],[-122.0921,37.7124],[-122.0715,37.7016],[-122.0566,37.686],[-122.0519,37.677],[-122.049,37.6674],[-122.0483,37.6566],[-122.0502,37.6458],[-122.0545,37.6355],[-122.0611,37.626],[-122.0698,37.6176],[-122.0803,37.6107],[-122.0922,37.6054],[-122.1052,37.602],[-122.1188,37.6006],[-122.1324,37.6012],[-122.1457,37.6037],[-122.1581,37.6082],[-122.1693,37.6145],[-122.1789,37.6222],[-122.1864,37.6313],[-122.1917,37.6412]]]}},{"type":"Feature","properties":{"name":"HELENA CLASS D","class":"D","lower":"0","lower_code":"SFC","upper":"6400"},"geometry":{"type":"Polygon","coordinates":[[[-111.9136,46.6621],[-111.8989,46.6514],[-111.8877,46.6389],[-111.8567,46.6385],[-111.8585,46.5718],[-111.8895,46.5722],[-111.9006,46.5606],[-111.9147,46.5507],[-111.9312,46.5428],[-111.9496,46.5372],[-111.9719,46.5338],[-111.9947,46.5338],[-112.0169,46.5372],[-112.0378,46.5438],[-112.0576,46.5543],[-112.0733,46.5677],[-112.0841,46.5833],[-112.0892,46.6002],[-112.1314,46.6119],[-112.0953,46.6738],[-112.0531,46.6621],[-112.0356,46.6706],[-112.0159,46.6765],[-111.9949,46.6796],[-111.9734,46.6797],[-111.9415,46.6741],[-111.9136,46.6621]]]}},{"type":"Feature","properties":{"name":"TUCSON DAVIS-MONTHAN-AFB CLASS C","class":"C","lower":"0","lower_code":"SFC","upper":"6600"},"geometry":{"type":"Polygon","coordinates":[[[-110.828,32.0973],[-110.8487,32.0882],[-110.9756,32.1943],[-110.9629,32.215],[-110.9456,32.2308],[-110.9279,32.2407],[-110.9082,32.2471],[-110.8873,32.2498],[-110.8662,32.2487],[-110.8458,32.2437],[-110.8272,32.2351],[-110.8112,32.2233],[-110.7986,32.2089],[-110.7898,32.1926],[-110.7854,32.175],[-110.7855,32.157],[-110.7901,32.1395],[-110.7991,32.1232],[-110.8119,32.1089],[-110.828,32.0973]]]}},{"type":"Feature","properties":{"name":"TUCSON DAVIS-MONTHAN-AFB CLASS C","class":"C","lower":"4200","lower_code":"MSL","upper":"6600"},"geometry":{"type":"Polygon","coordinates":[[[-110.938,31.9491],[-110.9612,31.95],[-110.9841,31.9532],[-111.0064,31.9586],[-111.0278,31.9663],[-111.048,31.9761],[-111.0667,31.9878],[-111.0836,32.0014],[-111.0973,32.0151],[-111.1102,32.0315],[-111.1208,32.0491],[-111.1289,32.0677],[-111.1343,32.0869],[-111.137,32.1065],[-111.137,32.1263],[-111.1342,32.146],[-111.1293,32.1635],[-111.1223,32.1804],[-111.1131,32.1966],[-111.0903,32.2247],[-111.071,32.2414],[-111.0491,32.2556],[-111.0342,32.2731],[-111.0168,32.2887],[-110.9988,32.3013],[-110.9811,32.3111],[-110.9602,32.32],[-110.9403,32.3262],[-110.9177,32.3308],[-110.8966,32.333],[-110.8733,32.3332],[-110.8523,32.3313],[-110.8315,32.3276],[-110.8095,32.3212],[-110.7775,32.3072],[-110.7491,32.2885],[-110.7251,32.2657],[-110.7065,32.2396],[-110.6938,32.211],[-110.6874,32.1809],[-110.6876,32.1504],[-110.6949,32.1187],[-110.7083,32.0903],[-110.7289,32.0631],[-110.7504,32.0433],[-110.7754,32.0268],[-110.7944,32.0052],[-110.8173,31.9866],[-110.8434,31.9713],[-110.874,31.9592],[-110.9065,31.9517],[-110.938,31.9491]]]}},{"type":"Feature","properties":{"name":"TUCSON INTERNATIONAL AIRPORT CLASS C","class":"C","lower":"0","lower_code":"SFC","upper":"6600"},"geometry":{"type":"Polygon","coordinates":[[[-110.939,32.0326],[-110.9558,32.0335],[-110.9742,32.0375],[-110.9896,32.0435],[-111.0035,32.0517],[-111.0156,32.0618],[-111.0255,32.0735],[-111.0328,32.0864],[-111.0374,32.1003],[-111.0392,32.1164],[-111.0377,32.1307],[-111.0333,32.1446],[-111.0262,32.1577],[-111.0166,32.1695],[-111.0047,32.1797],[-110.9909,32.1881],[-110.9756,32.1943],[-110.8487,32.0882],[-110.8546,32.0767],[-110.8626,32.066],[-110.8724,32.0566],[-110.8837,32.0484],[-110.9099,32.0369],[-110.939,32.0326]]]}},{"type":"Feature","properties":{"name":"TUCSON INTERNATIONAL AIRPORT CLASS C","class":"C","lower":"4200","lower_code":"MSL","upper":"6600"},"geometry":{"type":"Polygon","coordinates":[[[-110.938,31.9491],[-110.9612,31.95],[-110.9841,31.9532],[-111.0064,31.9586],[-111.0278,31.9663],[-111.048,31.9761],[-111.0667,31.9878],[-111.0836,32.0014],[-111.0973,32.0151],[-111.1102,32.0315],[-111.1208,32.0491],[-111.1289,32.0677],[-111.1343,32.0869],[-111.137,32.1065],[-111.137,32.1263],[-111.1342,32.146],[-111.1293,32.1635],[-111.1223,32.1804],[-111.1131,32.1966],[-111.0903,32.2247],[-111.071,32.2414],[-111.0491,32.2556],[-111.0342,32.2731],[-111.0168,32.2887],[-110.9988,32.3013],[-110.9811,32.3111],[-110.9602,32.32],[-110.9403,32.3262],[-110.9177,32.3308],[-110.8966,32.333],[-110.8733,32.3332],[-110.8523,32.3313],[-110.8315,32.3276],[-110.8095,32.3212],[-110.7775,32.3072],[-110.7491,32.2885],[-110.7251,32.2657],[-110.7065,32.2396],[-110.6938,32.211],[-110.6874,32.1809],[-110.6876,32.1504],[-110.6949,32.1187],[-110.7083,32.0903],[-110.7289,32.0631],[-110.7504,32.0433],[-110.7754,32.0268],[-110.7944,32.0052],[-110.8173,31.9866],[-110.8434,31.9713],[-110.874,31.9592],[-110.9065,31.9517],[-110.938,31.9491]]]}},{"type":"Feature","properties":{"name":"BOCA RATON CLASS D","class":"D","lower":"0","lower_code":"SFC","upper":"2500"},"geometry":{"type":"Polygon","coordinates":[[[-80.1077,26.447],[-80.0929,26.4457],[-80.0786,26.4418],[-80.0655,26.4355],[-80.0539,26.427],[-80.0444,26.4166],[-80.0374,26.4048],[-80.0331,26.3919],[-80.0316,26.3785],[-80.0331,26.3652],[-80.0374,26.3523],[-80.0445,26.3404],[-80.0539,26.33],[-80.0654,26.3215],[-80.0786,26.3152],[-80.0929,26.3113],[-80.1077,26.31],[-80.1226,26.3113],[-80.1368,26.3152],[-80.15,26.3215],[-80.1615,26.3301],[-80.171,26.3405],[-80.178,26.3523],[-80.1823,26.3652],[-80.1838,26.3785],[-80.1823,26.3919],[-80.178,26.4048],[-80.171,26.4166],[-80.1615,26.4269],[-80.1499,26.4355],[-80.1368,26.4418],[-80.1225,26.4457],[-80.1077,26.447]]]}},{"type":"Feature","properties":{"name":"ALTUS AFB CLASS D","class":"D","lower":"0","lower_code":"SFC","upper":"3900"},"geometry":{"type":"Polygon","coordinates":[[[-99.2654,34.5665],[-99.2892,34.5683],[-99.3143,34.5745],[-99.3144,34.759],[-99.3118,34.7599],[-99.3111,34.7939],[-99.2301,34.7927],[-99.2308,34.7618],[-99.2012,34.7504],[-99.1764,34.7329],[-99.167,34.723],[-99.1582,34.7106],[-99.1517,34.6972],[-99.1475,34.6833],[-99.1459,34.6617],[-99.1499,34.6404],[-99.1594,34.6204],[-99.1739,34.6024],[-99.1926,34.5874],[-99.2149,34.5762],[-99.2395,34.5691],[-99.2654,34.5665]]]}},{"type":"Feature","properties":{"name":"CORPUS CHRISTI, WALDRON NALF CLASS D","class":"D","lower":"0","lower_code":"SFC","upper":"2000"},"geometry":{"type":"Polygon","coordinates":[[[-97.2916,27.6208],[-97.2677,27.6237],[-97.2474,27.6319],[-97.2493,27.6195],[-97.2551,27.6061],[-97.2644,27.5944],[-97.2765,27.585],[-97.2908,27.5786],[-97.3065,27.5754],[-97.3226,27.5757],[-97.338,27.5795],[-97.3504,27.5855],[-97.3596,27.5924],[-97.3673,27.6007],[-97.3732,27.6101],[-97.377,27.6203],[-97.3787,27.6309],[-97.3781,27.6416],[-97.3754,27.6521],[-97.3662,27.668],[-97.3546,27.6491],[-97.3371,27.6341],[-97.3155,27.6244],[-97.2916,27.6208]]]}},{"type":"Feature","properties":{"name":"DANBURY CLASS D","class":"D","lower":"0","lower_code":"SFC","upper":"3000"},"geometry":{"type":"Polygon","coordinates":[[[-73.4204,41.2828],[-73.4504,41.2743],[-73.4821,41.2713],[-73.5139,41.2742],[-73.544,41.2828],[-73.5608,41.2673],[-73.6019,41.2926],[-73.5851,41.3081],[-73.5984,41.323],[-73.6081,41.3394],[-73.6136,41.3569],[-73.615,41.3748],[-73.6133,41.3874],[-73.6096,41.3998],[-73.6038,41.4117],[-73.5961,41.4229],[-73.5774,41.4412],[-73.5538,41.4557],[-73.5264,41.4658],[-73.4966,41.4709],[-73.466,41.4707],[-73.4364,41.4653],[-73.4091,41.4549],[-73.3856,41.4401],[-73.3674,41.4217],[-73.3552,41.4007],[-73.3497,41.3781],[-73.3512,41.3551],[-73.3596,41.333],[-73.3745,41.3129],[-73.3952,41.2958],[-73.4204,41.2828]]]}},{"type":"Feature","properties":{"name":"EL MONTE CLASS D","class":"D","lower":"0","lower_code":"SFC","upper":"2400"},"geometry":{"type":"Polygon","coordinates":[[[-117.9375,34.0872],[-117.9634,34.0311],[-117.9808,34.0367],[-118.0024,34.025],[-118.0273,34.0196],[-118.0525,34.021],[-118.0759,34.0288],[-118.0875,34.0358],[-118.0974,34.0444],[-118.1053,34.0543],[-118.1109,34.0652],[-118.1142,34.0767],[-118.1149,34.0886],[-118.1131,34.1004],[-118.1089,34.1117],[-118.1006,34.1243],[-118.0894,34.135],[-118.0756,34.1436],[-118.0599,34.1495],[-118.0431,34.1525],[-118.0259,34.1525],[-118.0091,34.1494],[-117.9935,34.1434],[-117.9787,34.134],[-117.9669,34.1219],[-117.9588,34.1079],[-117.9549,34.0928],[-117.9375,34.0872]]]}},{"type":"Feature","properties":{"name":"EL PASO CLASS D2","class":"D","lower":"0","lower_code":"SFC","upper":"5200"},"geometry":{"type":"Polygon","coordinates":[[[-106.2644,31.9269],[-106.3035,31.8899],[-106.293,31.8691],[-106.2901,31.8466],[-106.3036,31.8632],[-106.3215,31.8765],[-106.3426,31.8857],[-106.3656,31.8903],[-106.3893,31.8901],[-106.4122,31.885],[-106.4331,31.8754],[-106.4506,31.8618],[-106.4506,31.8972],[-106.4332,31.9115],[-106.4118,31.9213],[-106.3944,31.9253],[-106.3763,31.9262],[-106.3584,31.924],[-106.3414,31.9189],[-106.3022,31.956],[-106.2644,31.9269]]]}},{"type":"Feature","properties":{"name":"HUTCHINSON CLASS D","class":"D","lower":"0","lower_code":"SFC","upper":"4000"},"geometry":{"type":"Polygon","coordinates":[[[-97.8606,38.1373],[-97.8429,38.1359],[-97.8259,38.1319],[-97.8102,38.1252],[-97.7964,38.1163],[-97.7851,38.1054],[-97.7767,38.0931],[-97.7716,38.0796],[-97.7698,38.0656],[-97.7715,38.0516],[-97.7767,38.0381],[-97.7851,38.0257],[-97.7964,38.0148],[-97.8102,38.0059],[-97.8259,37.9993],[-97.8428,37.9952],[-97.8606,37.9938],[-97.8782,37.9952],[-97.8953,37.9993],[-97.911,38.0059],[-97.9247,38.0149],[-97.9361,38.0258],[-97.9444,38.0382],[-97.9496,38.0517],[-97.9513,38.0656],[-97.9495,38.0797],[-97.9444,38.0931],[-97.936,38.1055],[-97.9247,38.1163],[-97.9109,38.1252],[-97.8953,38.1318],[-97.8783,38.1359],[-97.8606,38.1373]]]}},{"type":"Feature","properties":{"name":"IDAHO FALLS CLASS D","class":"D","lower":"0","lower_code":"SFC","upper":"7200"},"geometry":{"type":"Polygon","coordinates":[[[-111.9502,43.4939],[-111.9591,43.4751],[-111.9944,43.4938],[-112.0213,43.4669],[-111.986,43.4482],[-112.0029,43.4385],[-112.0268,43.4296],[-112.0528,43.4246],[-112.0796,43.4239],[-112.1061,43.4274],[-112.1336,43.4059],[-112.214,43.4604],[-112.1865,43.4819],[-112.1934,43.5019],[-112.1939,43.5226],[-112.1879,43.5427],[-112.1757,43.5614],[-112.1597,43.5763],[-112.1398,43.5884],[-112.117,43.5972],[-112.092,43.6024],[-112.0618,43.6034],[-112.032,43.5991],[-112.0045,43.5897],[-111.9811,43.5757],[-111.9631,43.558],[-111.9516,43.5376],[-111.9472,43.5158],[-111.9502,43.4939]]]}},{"type":"Feature","properties":{"name":"SPOKANE, FAIRCHILD AFB CLASS C","class":"C","lower":"0","lower_code":"SFC","upper":"6400"},"geometry":{"type":"Polygon","coordinates":[[[-117.6544,47.5317],[-117.6729,47.5323],[-117.6936,47.5353],[-117.727,47.546],[-117.7435,47.555],[-117.7558,47.5644],[-117.766,47.5749],[-117.7737,47.5863],[-117.7792,47.6001],[-117.7812,47.6126],[-117.7803,47.6251],[-117.7767,47.6374],[-117.7704,47.6492],[-117.7615,47.6603],[-117.7503,47.6702],[-117.7369,47.679],[-117.7218,47.6863],[-117.7052,47.6919],[-117.6719,47.6978],[-117.6375,47.6971],[-117.6023,47.6893],[-117.5897,47.5458],[-117.6206,47.5357],[-117.6544,47.5317]]]}},{"type":"Feature","properties":{"name":"SPOKANE, FAIRCHILD AFB CLASS C","class":"C","lower":"3700","lower_code":"MSL","upper":"6400"},"geometry":{"type":"Polygon","coordinates":[[[-117.6102,47.7784],[-117.6023,47.6893],[-117.6323,47.6964],[-117.664,47.6982],[-117.6953,47.6944],[-117.7241,47.6853],[-117.7485,47.6716],[-117.7669,47.6541],[-117.778,47.634],[-117.7806,47.6234],[-117.7811,47.6108],[-117.7792,47.6001],[-117.7754,47.5897],[-117.7619,47.5703],[-117.7415,47.5538],[-117.7133,47.5406],[-117.6834,47.5335],[-117.6491,47.5319],[-117.6181,47.5362],[-117.5897,47.5458],[-117.5818,47.4566],[-117.6204,47.4504],[-117.6599,47.4484],[-117.6968,47.4505],[-117.7353,47.4569],[-117.7719,47.4673],[-117.8054,47.4816],[-117.8352,47.4994],[-117.8589,47.5187],[-117.878,47.5402],[-117.8922,47.5634],[-117.901,47.5878],[-117.9044,47.6128],[-117.9021,47.6378],[-117.8943,47.6624],[-117.8812,47.6858],[-117.8644,47.7062],[-117.8418,47.7261],[-117.815,47.7435],[-117.7846,47.758],[-117.7537,47.7685],[-117.7184,47.7765],[-117.6817,47.7808],[-117.6445,47.7813],[-117.6102,47.7784]]]}},{"type":"Feature","properties":{"name":"SPOKANE INTERNATIONAL AIRPORT CLASS C","class":"C","lower":"0","lower_code":"SFC","upper":"6400"},"geometry":{"type":"Polygon","coordinates":[[[-117.5308,47.5367],[-117.5624,47.539],[-117.5897,47.5458],[-117.6023,47.6893],[-117.5763,47.6982],[-117.5479,47.7027],[-117.5188,47.7027],[-117.493,47.6986],[-117.469,47.6908],[-117.4462,47.6786],[-117.4284,47.663],[-117.4164,47.6451],[-117.4112,47.6275],[-117.412,47.6078],[-117.4197,47.5888],[-117.4337,47.5716],[-117.4513,47.5582],[-117.4751,47.5468],[-117.5021,47.5395],[-117.5308,47.5367]]]}},{"type":"Feature","properties":{"name":"SPOKANE INTERNATIONAL AIRPORT CLASS C","class":"C","lower":"3700","lower_code":"MSL","upper":"6400"},"geometry":{"type":"Polygon","coordinates":[[[-117.3205,47.7034],[-117.3095,47.689],[-117.3007,47.674],[-117.4174,47.6471],[-117.43,47.6648],[-117.4484,47.68],[-117.4715,47.6918],[-117.4957,47.6992],[-117.5216,47.7029],[-117.5507,47.7025],[-117.5764,47.6982],[-117.6023,47.6893],[-117.6102,47.7784],[-117.5713,47.7846],[-117.5288,47.7865],[-117.4865,47.7835],[-117.4456,47.7755],[-117.4096,47.7639],[-117.3748,47.7473],[-117.3448,47.7269],[-117.3205,47.7034]]]}},{"type":"Feature","properties":{"name":"SPOKANE INTERNATIONAL AIRPORT CLASS C","class":"C","lower":"3700","lower_code":"MSL","upper":"6400"},"geometry":{"type":"Polygon","coordinates":[[[-117.4687,47.5494],[-117.4037,47.4787],[-117.4439,47.465],[-117.4897,47.4561],[-117.5371,47.4534],[-117.5818,47.4566],[-117.5897,47.5458],[-117.5599,47.5386],[-117.5285,47.5368],[-117.4974,47.5405],[-117.4687,47.5494]]]}},{"type":"Feature","properties":{"name":"ALEXANDRIA CLASS D","class":"D","lower":"0","lower_code":"SFC","upper":"2600"},"geometry":{"type":"Polygon","coordinates":[[[-92.5465,31.249],[-92.5653,31.2503],[-92.5814,31.2542],[-92.5982,31.2615],[-92.6114,31.2704],[-92.6237,31.2827],[-92.6319,31.2952],[-92.6379,31.3105],[-92.64,31.3248],[-92.6387,31.3409],[-92.6344,31.3548],[-92.626,31.3693],[-92.6159,31.3807],[-92.6017,31.3914],[-92.5872,31.3987],[-92.5715,31.4035],[-92.5528,31.4059],[-92.5361,31.4053],[-92.5177,31.4014],[-92.5025,31.3953],[-92.4873,31.3858],[-92.476,31.3752],[-92.4661,31.3614],[-92.4598,31.3462],[-92.4572,31.3302],[-92.4582,31.3158],[-92.4629,31.3002],[-92.4702,31.2872],[-92.4814,31.2742],[-92.4939,31.2646],[-92.51,31.2563],[-92.5278,31.251],[-92.5465,31.249]]]}},{"type":"Feature","properties":{"name":"ELIZABETH CITY CLASS D","class":"D","lower":"0","lower_code":"SFC","upper":"2500"},"geometry":{"type":"Polygon","coordinates":[[[-76.1746,36.329],[-76.1591,36.3279],[-76.1441,36.3244],[-76.1301,36.3188],[-76.1161,36.31],[-76.1059,36.3005],[-76.0971,36.288],[-76.0922,36.276],[-76.0901,36.2617],[-76.0913,36.2491],[-76.0961,36.2353],[-76.1031,36.2241],[-76.1141,36.2128],[-76.126,36.2046],[-76.1415,36.1976],[-76.1563,36.1938],[-76.1739,36.1922],[-76.1916,36.1936],[-76.2065,36.1972],[-76.2221,36.204],[-76.2341,36.2121],[-76.2453,36.2232],[-76.2526,36.2344],[-76.2576,36.2482],[-76.2591,36.2607],[-76.2572,36.275],[-76.2525,36.287],[-76.2439,36.2997],[-76.2339,36.3093],[-76.22,36.3183],[-76.2062,36.324],[-76.1913,36.3277],[-76.1746,36.329]]]}},{"type":"Feature","properties":{"name":"LOMPOC CLASS D","class":"D","lower":"0","lower_code":"SFC","upper":"2900"},"geometry":{"type":"Polygon","coordinates":[[[-120.5843,34.8208],[-120.5646,34.8192],[-120.5456,34.8145],[-120.5282,34.8068],[-120.5128,34.7964],[-120.5002,34.7837],[-120.4909,34.7693],[-120.4852,34.7537],[-120.4832,34.7374],[-120.4851,34.7211],[-120.4909,34.7054],[-120.5002,34.691],[-120.5129,34.6783],[-120.5281,34.6679],[-120.5457,34.6602],[-120.5647,34.6555],[-120.5844,34.6539],[-120.6041,34.6555],[-120.623,34.6602],[-120.6406,34.668],[-120.6558,34.6784],[-120.6684,34.691],[-120.6777,34.7055],[-120.6835,34.7212],[-120.6854,34.7374],[-120.6835,34.7538],[-120.6777,34.7694],[-120.6683,34.7838],[-120.6558,34.7964],[-120.6405,34.8068],[-120.623,34.8145],[-120.604,34.8192],[-120.5843,34.8208]]]}},{"type":"Feature","properties":{"name":"BOGUE CLASS D","class":"D","lower":"0","lower_code":"SFC","upper":"2500"},"geometry":{"type":"Polygon","coordinates":[[[-77.029,34.7653],[-77.0117,34.7639],[-76.9949,34.7598],[-76.9795,34.7531],[-76.9658,34.7442],[-76.9545,34.7332],[-76.9459,34.7207],[-76.9404,34.707],[-76.9381,34.6909],[-76.9396,34.6766],[-76.9444,34.6627],[-76.9523,34.6499],[-76.9645,34.6372],[-76.9779,34.628],[-76.9932,34.6211],[-77.0097,34.6167],[-77.0292,34.615],[-77.0466,34.6164],[-77.0653,34.6212],[-77.0805,34.6282],[-77.0939,34.6375],[-77.1048,34.6486],[-77.113,34.6614],[-77.1181,34.6751],[-77.12,34.6894],[-77.1181,34.7056],[-77.1129,34.7193],[-77.1046,34.732],[-77.0935,34.7431],[-77.0801,34.7523],[-77.0648,34.7592],[-77.0482,34.7636],[-77.029,34.7653]]]}},{"type":"Feature","properties":{"name":"MEMPHIS CLASS B","class":"B","lower":"0","lower_code":"SFC","upper":"10000"},"geometry":{"type":"Polygon","coordinates":[[[-89.8817,35.0151],[-89.8837,34.9988],[-89.8895,34.9831],[-89.8989,34.9687],[-89.9116,34.956],[-89.9269,34.9457],[-89.9445,34.9379],[-89.9635,34.9332],[-89.9833,34.9316],[-90.0032,34.9333],[-90.0222,34.938],[-90.0396,34.9458],[-90.055,34.9561],[-90.0676,34.9688],[-90.0769,34.9832],[-90.0827,34.9989],[-90.0847,35.0151],[-90.1455,35.0153],[-90.1424,35.0415],[-90.1331,35.0665],[-90.1181,35.0895],[-90.0979,35.1097],[-90.0733,35.1263],[-90.0452,35.1385],[-90.0147,35.1461],[-89.983,35.1487],[-89.9626,35.1476],[-89.9423,35.1444],[-89.9229,35.1391],[-89.9044,35.1319],[-89.8872,35.1228],[-89.8714,35.1119],[-89.8574,35.0996],[-89.8454,35.0858],[-89.8349,35.0694],[-89.8271,35.0519],[-89.8224,35.0337],[-89.8209,35.0151],[-89.8817,35.0151]]]}},{"type":"Feature","properties":{"name":"MEMPHIS CLASS B","class":"B","lower":"1800","lower_code":"MSL","upper":"10000"},"geometry":{"type":"Polygon","coordinates":[[[-89.983,34.748],[-90.0349,34.7514],[-90.0858,34.7617],[-90.134,34.7786],[-90.1781,34.8016],[-90.1295,34.855],[-90.1509,34.87],[-90.1702,34.8869],[-90.187,34.9056],[-90.201,34.9257],[-90.2121,34.9471],[-90.2202,34.9693],[-90.2251,34.9922],[-90.2267,35.0152],[-90.2256,35.034],[-90.2224,35.0526],[-90.2171,35.0709],[-90.2098,35.0886],[-90.2005,35.1057],[-90.1893,35.122],[-90.1616,35.1516],[-90.2212,35.197],[-90.1974,35.216],[-90.1713,35.2329],[-90.143,35.2477],[-90.1134,35.2599],[-90.082,35.2696],[-90.0499,35.2765],[-90.0171,35.2807],[-89.9836,35.2822],[-89.9297,35.2786],[-89.8774,35.2677],[-89.828,35.2498],[-89.7828,35.2254],[-89.833,35.1729],[-89.8124,35.158],[-89.7939,35.1412],[-89.7778,35.1228],[-89.7643,35.1031],[-89.7537,35.0822],[-89.746,35.0605],[-89.7413,35.0382],[-89.7397,35.0156],[-89.8006,35.0151],[-89.8037,34.9876],[-89.8128,34.9611],[-89.7561,34.9431],[-89.766,34.9247],[-89.7781,34.9073],[-89.7922,34.891],[-89.8083,34.8758],[-89.7502,34.8293],[-89.7739,34.8111],[-89.7997,34.7949],[-89.8273,34.7809],[-89.8567,34.7692],[-89.8871,34.76],[-89.9187,34.7533],[-89.9507,34.7493],[-89.983,34.748]]]}},{"type":"Feature","properties":{"name":"MEMPHIS CLASS B","class":"B","lower":"3000","lower_code":"MSL","upper":"10000"},"geometry":{"type":"Polygon","coordinates":[[[-89.7839,35.4884],[-89.8506,35.3307],[-89.7958,35.3114],[-89.745,35.2856],[-89.6996,35.2542],[-89.6791,35.2366],[-89.66,35.2175],[-89.6429,35.1975],[-89.6277,35.1766],[-89.6143,35.1549],[-89.6028,35.1321],[-89.5935,35.1089],[-89.5862,35.085],[-89.5811,35.061],[-89.5782,35.0364],[-89.5774,35.013],[-89.5787,34.9893],[-89.5819,34.9661],[-89.5872,34.9428],[-89.6035,34.8978],[-89.6276,34.8547],[-89.6585,34.8152],[-89.6961,34.7794],[-89.7392,34.7486],[-89.7872,34.7229],[-89.7189,34.6206],[-89.8063,34.536],[-89.8597,34.5248],[-89.8996,34.5191],[-89.9399,34.5156],[-89.981,34.5143],[-90.0215,34.5153],[-90.0619,34.5185],[-90.1019,34.5239],[-90.1414,34.5316],[-90.1803,34.5414],[-90.1148,34.6993],[-90.1694,34.7186],[-90.2197,34.744],[-90.265,34.7752],[-90.3044,34.8115],[-90.3218,34.8316],[-90.3372,34.8524],[-90.3507,34.874],[-90.3623,34.8965],[-90.3718,34.9195],[-90.3793,34.9431],[-90.3847,34.9671],[-90.3879,34.9913],[-90.389,35.0153],[-90.388,35.0393],[-90.3849,35.0632],[-90.3797,35.0869],[-90.3725,35.1101],[-90.3632,35.1329],[-90.3519,35.1551],[-90.3388,35.1766],[-90.3069,35.2169],[-90.2683,35.253],[-90.2238,35.2842],[-90.1744,35.3097],[-90.2609,35.4422],[-90.2125,35.4792],[-90.1742,35.4908],[-90.1348,35.5002],[-90.0954,35.5074],[-90.0548,35.5124],[-89.9864,35.5159],[-89.9178,35.513],[-89.8502,35.5039],[-89.7839,35.4884]]]}},{"type":"Feature","properties":{"name":"MEMPHIS CLASS B","class":"B","lower":"5000","lower_code":"MSL","upper":"10000"},"geometry":{"type":"Polygon","coordinates":[[[-90.5011,35.2794],[-90.2609,35.4422],[-90.1744,35.3097],[-90.2205,35.2862],[-90.2625,35.2577],[-90.2994,35.2248],[-90.3306,35.1882],[-90.3556,35.1484],[-90.3738,35.1063],[-90.385,35.0626],[-90.389,35.018],[-90.388,34.9919],[-90.3845,34.9661],[-90.3786,34.9405],[-90.3703,34.9154],[-90.3596,34.8909],[-90.3467,34.8671],[-90.3315,34.8443],[-90.3143,34.8225],[-90.295,34.8018],[-90.2739,34.7825],[-90.251,34.7645],[-90.2262,34.7479],[-90.2002,34.7332],[-90.1729,34.7201],[-90.1445,34.7088],[-90.1148,34.6993],[-90.1803,34.5414],[-90.2435,34.5626],[-90.3036,34.5897],[-90.3596,34.6221],[-90.4105,34.6592],[-90.4565,34.7011],[-90.4962,34.7466],[-90.5298,34.7959],[-90.5563,34.8475],[-90.5757,34.9017],[-90.5876,34.9569],[-90.5919,35.0129],[-90.5886,35.0689],[-90.5777,35.1242],[-90.5593,35.1782],[-90.5337,35.2302],[-90.5011,35.2794]]]}},{"type":"Feature","properties":{"name":"MEMPHIS CLASS B","class":"B","lower":"4000","lower_code":"MSL","upper":"10000"},"geometry":{"type":"Polygon","coordinates":[[[-89.3909,34.901],[-89.7189,34.6206],[-89.7872,34.7229],[-89.7392,34.7486],[-89.6961,34.7794],[-89.6585,34.8152],[-89.6276,34.8547],[-89.6035,34.8978],[-89.5872,34.9428],[-89.5819,34.9661],[-89.5787,34.9893],[-89.5774,35.013],[-89.5782,35.0364],[-89.5811,35.061],[-89.5862,35.085],[-89.5935,35.1089],[-89.6028,35.1321],[-89.6143,35.1549],[-89.6277,35.1766],[-89.6429,35.1975],[-89.66,35.2175],[-89.6791,35.2366],[-89.6996,35.2542],[-89.745,35.2856],[-89.7958,35.3114],[-89.8506,35.3307],[-89.7839,35.4884],[-89.7319,35.4715],[-89.6818,35.4506],[-89.6347,35.4262],[-89.5901,35.3981],[-89.5493,35.3672],[-89.5118,35.3329],[-89.4786,35.2963],[-89.4494,35.257],[-89.425,35.2161],[-89.405,35.1731],[-89.3901,35.1292],[-89.38,35.0839],[-89.375,35.038],[-89.3752,34.992],[-89.3805,34.9461],[-89.3909,34.901]]]}},{"type":"Feature","properties":{"name":"BEAUFORT CLASS D","class":"D","lower":"0","lower_code":"SFC","upper":"2500"},"geometry":{"type":"Polygon","coordinates":[[[-80.628,32.428],[-80.6371,32.4287],[-80.6457,32.4258],[-80.6503,32.4219],[-80.6532,32.417],[-80.654,32.4115],[-80.6527,32.406],[-80.6714,32.3963],[-80.6921,32.3899],[-80.7119,32.3873],[-80.7318,32.3877],[-80.7513,32.3911],[-80.7698,32.3974],[-80.7866,32.4065],[-80.8013,32.4181],[-80.8132,32.4316],[-80.8221,32.4468],[-80.8276,32.4631],[-80.8296,32.4799],[-80.8279,32.4968],[-80.8227,32.5131],[-80.8123,32.5308],[-80.7978,32.5462],[-80.7798,32.5588],[-80.7591,32.5678],[-80.7366,32.5729],[-80.7134,32.574],[-80.6903,32.5708],[-80.6686,32.5637],[-80.6492,32.5529],[-80.6329,32.5388],[-80.6204,32.5222],[-80.6123,32.5036],[-80.609,32.4841],[-80.6106,32.4644],[-80.617,32.4454],[-80.628,32.428]]]}},{"type":"Feature","properties":{"name":"HYANNIS CLASS D","class":"D","lower":"0","lower_code":"SFC","upper":"2600"},"geometry":{"type":"Polygon","coordinates":[[[-70.2804,41.7394],[-70.2621,41.738],[-70.2446,41.7341],[-70.2285,41.7276],[-70.2143,41.7189],[-70.2027,41.7083],[-70.1941,41.6962],[-70.1888,41.6831],[-70.187,41.6694],[-70.1887,41.6557],[-70.1941,41.6425],[-70.2027,41.6305],[-70.2144,41.6198],[-70.2285,41.6111],[-70.2447,41.6046],[-70.2622,41.6006],[-70.2804,41.5993],[-70.2986,41.6006],[-70.3161,41.6046],[-70.3323,41.6111],[-70.3464,41.6198],[-70.3581,41.6305],[-70.3667,41.6426],[-70.372,41.6558],[-70.3738,41.6694],[-70.3719,41.6831],[-70.3666,41.6962],[-70.358,41.7083],[-70.3464,41.7189],[-70.3322,41.7276],[-70.3161,41.734],[-70.2986,41.738],[-70.2804,41.7394]]]}},{"type":"Feature","properties":{"name":"OLIVE BRANCH CLASS D","class":"D","lower":"0","lower_code":"SFC","upper":"2900"},"geometry":{"type":"Polygon","coordinates":[[[-89.8573,35.0151],[-89.8209,35.0151],[-89.8237,35.0401],[-89.8107,35.0443],[-89.796,35.0468],[-89.781,35.047],[-89.7663,35.0451],[-89.7521,35.0409],[-89.7391,35.0348],[-89.7277,35.0269],[-89.7182,35.0174],[-89.7109,35.0066],[-89.7061,34.995],[-89.7038,34.9828],[-89.7043,34.9705],[-89.7075,34.9584],[-89.7144,34.9451],[-89.7247,34.9333],[-89.7378,34.9235],[-89.753,34.9162],[-89.7698,34.9118],[-89.7873,34.9103],[-89.8048,34.9119],[-89.8215,34.9165],[-89.8367,34.924],[-89.8497,34.9339],[-89.8598,34.9458],[-89.8665,34.9592],[-89.8698,34.9735],[-89.8693,34.988],[-89.8651,35.002],[-89.8573,35.0151]]]}},{"type":"Feature","properties":{"name":"LONG BEACH CLASS D","class":"D","lower":"0","lower_code":"SFC","upper":"2600"},"geometry":{"type":"Polygon","coordinates":[[[-118.1506,33.746],[-118.1677,33.7472],[-118.1842,33.7513],[-118.1994,33.758],[-118.2126,33.7672],[-118.2235,33.7783],[-118.2315,33.791],[-118.2363,33.8048],[-118.2377,33.8173],[-118.2361,33.8316],[-118.2311,33.8453],[-118.223,33.858],[-118.2135,33.8677],[-118.2003,33.877],[-118.1852,33.8839],[-118.1709,33.8878],[-118.1538,33.8896],[-118.1367,33.8885],[-118.1221,33.8852],[-118.1066,33.879],[-118.0929,33.8702],[-118.0816,33.8594],[-118.0731,33.847],[-118.0677,33.8333],[-118.0657,33.8191],[-118.0667,33.8066],[-118.0711,33.7927],[-118.0787,33.7798],[-118.0892,33.7684],[-118.1022,33.7591],[-118.1172,33.752],[-118.1335,33.7476],[-118.1506,33.746]]]}},{"type":"Feature","properties":{"name":"BRANSON CLASS D","class":"D","lower":"0","lower_code":"SFC","upper":"3800"},"geometry":{"type":"Polygon","coordinates":[[[-93.2006,36.6004],[-93.184,36.5991],[-93.1681,36.5952],[-93.1535,36.5889],[-93.1406,36.5803],[-93.1301,36.57],[-93.1222,36.5582],[-93.1174,36.5454],[-93.1158,36.532],[-93.1174,36.5186],[-93.1222,36.5058],[-93.1301,36.494],[-93.1406,36.4836],[-93.1534,36.4751],[-93.1681,36.4687],[-93.1841,36.4648],[-93.2006,36.4635],[-93.2171,36.4648],[-93.233,36.4687],[-93.2477,36.4751],[-93.2605,36.4836],[-93.2711,36.494],[-93.2789,36.5058],[-93.2837,36.5186],[-93.2853,36.532],[-93.2837,36.5453],[-93.2789,36.5582],[-93.2711,36.57],[-93.2605,36.5803],[-93.2477,36.5888],[-93.233,36.5952],[-93.2171,36.5991],[-93.2006,36.6004]]]}},{"type":"Feature","properties":{"name":"BRIDGEPORT CLASS D","class":"D","lower":"0","lower_code":"SFC","upper":"2500"},"geometry":{"type":"Polygon","coordinates":[[[-73.0283,41.1503],[-73.0333,41.1367],[-73.0415,41.1241],[-73.0527,41.1128],[-73.0665,41.1033],[-73.0824,41.096],[-73.0998,41.091],[-73.1181,41.0885],[-73.1368,41.0887],[-73.1675,41.0951],[-73.1814,41.101],[-73.1939,41.1085],[-73.2047,41.1175],[-73.2134,41.1276],[-73.2198,41.1386],[-73.2239,41.1503],[-73.2673,41.1444],[-73.2693,41.1572],[-73.2693,41.1701],[-73.2651,41.1903],[-73.2559,41.2095],[-73.2422,41.2271],[-73.2243,41.2424],[-73.2031,41.2548],[-73.1789,41.2641],[-73.153,41.2698],[-73.1261,41.2717],[-73.1261,41.2384],[-73.1009,41.2359],[-73.0775,41.2288],[-73.0571,41.2173],[-73.0413,41.2024],[-73.0334,41.1903],[-73.0285,41.1772],[-73.0268,41.1638],[-73.0283,41.1503]]]}},{"type":"Feature","properties":{"name":"BROOKSVILLE CLASS D","class":"D","lower":"0","lower_code":"SFC","upper":"1500"},"geometry":{"type":"Polygon","coordinates":[[[-82.4544,28.3884],[-82.4727,28.3898],[-82.4922,28.3948],[-82.5084,28.4024],[-82.5227,28.4125],[-82.5357,28.4264],[-82.5444,28.4407],[-82.5498,28.4561],[-82.5519,28.4722],[-82.55,28.4901],[-82.5448,28.5057],[-82.5363,28.52],[-82.5249,28.5327],[-82.5093,28.5443],[-82.4932,28.552],[-82.4757,28.5569],[-82.4575,28.5588],[-82.4392,28.5576],[-82.4214,28.5534],[-82.405,28.5463],[-82.3888,28.5353],[-82.3768,28.523],[-82.3677,28.509],[-82.3617,28.4937],[-82.359,28.4758],[-82.3603,28.4597],[-82.365,28.444],[-82.373,28.4294],[-82.3853,28.4151],[-82.3991,28.4044],[-82.4168,28.3955],[-82.4362,28.3901],[-82.4544,28.3884]]]}},{"type":"Feature","properties":{"name":"BULLHEAD CITY CLASS D","class":"D","lower":"0","lower_code":"SFC","upper":"3200"},"geometry":{"type":"Polygon","coordinates":[[[-114.5594,35.2276],[-114.5428,35.2263],[-114.5268,35.2223],[-114.5121,35.2158],[-114.4991,35.2071],[-114.4885,35.1965],[-114.4806,35.1844],[-114.4757,35.1712],[-114.4741,35.1575],[-114.4757,35.1439],[-114.4806,35.1307],[-114.4885,35.1186],[-114.4991,35.1079],[-114.512,35.0992],[-114.5268,35.0927],[-114.5428,35.0887],[-114.5595,35.0874],[-114.5762,35.0887],[-114.5921,35.0927],[-114.6069,35.0992],[-114.6198,35.108],[-114.6305,35.1186],[-114.6383,35.1307],[-114.6432,35.1439],[-114.6448,35.1575],[-114.6432,35.1712],[-114.6383,35.1844],[-114.6304,35.1965],[-114.6198,35.2071],[-114.6068,35.2158],[-114.5921,35.2223],[-114.5761,35.2263],[-114.5594,35.2276]]]}},{"type":"Feature","properties":{"name":"LIVERMORE CLASS D","class":"D","lower":"0","lower_code":"SFC","upper":"2900"},"geometry":{"type":"Polygon","coordinates":[[[-121.8204,37.7601],[-121.804,37.7589],[-121.7882,37.7551],[-121.7737,37.7489],[-121.761,37.7406],[-121.7505,37.7305],[-121.7428,37.719],[-121.738,37.7065],[-121.7364,37.6934],[-121.738,37.6804],[-121.7428,37.6679],[-121.7505,37.6563],[-121.761,37.6462],[-121.7737,37.6379],[-121.7883,37.6317],[-121.8041,37.6279],[-121.8204,37.6266],[-121.8367,37.6279],[-121.8525,37.6317],[-121.867,37.6379],[-121.8798,37.6462],[-121.8902,37.6564],[-121.898,37.6679],[-121.9027,37.6804],[-121.9044,37.6934],[-121.9027,37.7065],[-121.898,37.719],[-121.8902,37.7305],[-121.8798,37.7406],[-121.867,37.7489],[-121.8525,37.7551],[-121.8367,37.7589],[-121.8204,37.7601]]]}},{"type":"Feature","properties":{"name":"ORLANDO CLASS B","class":"B","lower":"3000","lower_code":"MSL","upper":"10000"},"geometry":{"type":"Polygon","coordinates":[[[-81.0858,28.6933],[-81.0861,28.6844],[-81.0806,28.6672],[-81.0611,28.6544],[-81.0611,28.6053],[-81.0694,28.5992],[-81.0694,28.5783],[-81.0597,28.5533],[-81.0625,28.4514],[-81.0778,28.45],[-81.0778,28.0958],[-81.1221,28.078],[-81.1679,28.0635],[-81.215,28.0526],[-81.2649,28.0451],[-81.3134,28.0416],[-81.362,28.0418],[-81.4105,28.0457],[-81.4584,28.0533],[-81.4583,28.2268],[-81.4213,28.2174],[-81.3855,28.2115],[-81.3471,28.2087],[-81.3106,28.2092],[-81.2724,28.2131],[-81.2367,28.22],[-81.2001,28.2305],[-81.1667,28.2435],[-81.1667,28.6933],[-81.4583,28.6933],[-81.4583,28.8833],[-81.0679,28.8833],[-81.0245,28.8634],[-80.9917,28.8453],[-80.9591,28.7837],[-80.9071,28.6933],[-81.0858,28.6933]]]}},{"type":"Feature","properties":{"name":"ORLANDO CLASS B","class":"B","lower":"6000","lower_code":"MSL","upper":"10000"},"geometry":{"type":"Polygon","coordinates":[[[-81.0773,28.163],[-81.0778,28.45],[-81.0625,28.4514],[-81.0597,28.5533],[-81.0694,28.5783],[-81.0694,28.5992],[-81.0611,28.6053],[-81.0611,28.6544],[-81.0806,28.6672],[-81.0861,28.6844],[-81.0858,28.6933],[-80.9072,28.6933],[-80.8938,28.6709],[-80.8911,28.549],[-80.875,28.3706],[-80.8796,28.368],[-81.0263,28.2177],[-81.0773,28.163]]]}},{"type":"Feature","properties":{"name":"CHICO CLASS D","class":"D","lower":"0","lower_code":"SFC","upper":"2700"},"geometry":{"type":"Polygon","coordinates":[[[-121.8513,39.7272],[-121.8568,39.7324],[-121.8646,39.7356],[-121.8766,39.7355],[-121.8867,39.7306],[-121.9111,39.7404],[-121.9229,39.7485],[-121.9327,39.7581],[-121.9401,39.7689],[-121.9449,39.7805],[-121.947,39.7927],[-121.9462,39.8049],[-121.9426,39.8168],[-121.9364,39.828],[-121.9276,39.8382],[-121.9166,39.847],[-121.9037,39.8542],[-121.8895,39.8594],[-121.8712,39.8631],[-121.8523,39.8636],[-121.8337,39.8611],[-121.8162,39.8555],[-121.8007,39.8473],[-121.7877,39.8366],[-121.7779,39.8241],[-121.7719,39.8103],[-121.7698,39.7958],[-121.7717,39.7813],[-121.7775,39.7674],[-121.7871,39.7548],[-121.7999,39.744],[-121.8154,39.7356],[-121.8328,39.7299],[-121.8513,39.7272]]]}},{"type":"Feature","properties":{"name":"HAWTHORNE CLASS D","class":"D","lower":"0","lower_code":"SFC","upper":"2500"},"geometry":{"type":"Polygon","coordinates":[[[-118.3128,33.8482],[-118.3355,33.8534],[-118.3815,33.8712],[-118.3883,33.8752],[-118.3974,33.8836],[-118.4089,33.9015],[-118.3683,33.9306],[-118.2575,33.9301],[-118.2585,33.9099],[-118.267,33.8909],[-118.283,33.8744],[-118.3045,33.8629],[-118.3128,33.8482]]]}},{"type":"Feature","properties":{"name":"TORRANCE CLASS D","class":"D","lower":"0","lower_code":"SFC","upper":"2400"},"geometry":{"type":"Polygon","coordinates":[[[-118.2487,33.7904],[-118.2935,33.7351],[-118.4377,33.8163],[-118.3897,33.8758],[-118.3815,33.8712],[-118.3355,33.8534],[-118.3191,33.8505],[-118.3044,33.8439],[-118.2949,33.8368],[-118.2875,33.8282],[-118.2824,33.8184],[-118.2799,33.808],[-118.2487,33.7904]]]}},{"type":"Feature","properties":{"name":"COLUMBUS CLASS D","class":"D","lower":"0","lower_code":"SFC","upper":"3400"},"geometry":{"type":"Polygon","coordinates":[[[-83.0732,40.1462],[-83.0563,40.145],[-83.04,40.1412],[-83.0249,40.135],[-83.0118,40.1267],[-83.001,40.1166],[-82.993,40.1051],[-82.988,40.0926],[-82.9864,40.0795],[-82.988,40.0665],[-82.993,40.054],[-83.001,40.0425],[-83.0118,40.0323],[-83.025,40.0241],[-83.04,40.0179],[-83.0563,40.0141],[-83.0732,40.0128],[-83.0901,40.0141],[-83.1065,40.0179],[-83.1215,40.0241],[-83.1346,40.0324],[-83.1455,40.0425],[-83.1535,40.054],[-83.1584,40.0666],[-83.1601,40.0796],[-83.1584,40.0926],[-83.1534,40.1051],[-83.1454,40.1166],[-83.1346,40.1267],[-83.1214,40.135],[-83.1064,40.1412],[-83.0902,40.145],[-83.0732,40.1462]]]}},{"type":"Feature","properties":{"name":"GREENVILLE CLASS D","class":"D","lower":"0","lower_code":"SFC","upper":"3500"},"geometry":{"type":"Polygon","coordinates":[[[-82.3165,34.9178],[-82.3194,34.9058],[-82.3201,34.8937],[-82.3187,34.8816],[-82.3151,34.8697],[-82.3071,34.8547],[-82.2957,34.8413],[-82.2814,34.83],[-82.2648,34.8213],[-82.2728,34.808],[-82.2852,34.7951],[-82.3007,34.7848],[-82.3186,34.7774],[-82.3381,34.7735],[-82.3579,34.7731],[-82.3775,34.7763],[-82.3957,34.783],[-82.4118,34.7928],[-82.4225,34.8024],[-82.4309,34.8134],[-82.4369,34.8254],[-82.4403,34.8381],[-82.441,34.8511],[-82.439,34.864],[-82.4344,34.8764],[-82.4272,34.8879],[-82.4177,34.8983],[-82.4061,34.9071],[-82.3929,34.9142],[-82.3784,34.9193],[-82.3631,34.9223],[-82.3474,34.923],[-82.3317,34.9215],[-82.3165,34.9178]]]}},{"type":"Feature","properties":{"name":"GREENVILLE DONALDSON FIELD AIRPORT CLASS D","class":"D","lower":"0","lower_code":"SFC","upper":"3500"},"geometry":{"type":"Polygon","coordinates":[[[-82.2977,34.7864],[-82.2924,34.7725],[-82.2906,34.758],[-82.2925,34.7435],[-82.2981,34.7296],[-82.3069,34.717],[-82.3188,34.7062],[-82.3331,34.6976],[-82.3492,34.6917],[-82.3665,34.6886],[-82.3843,34.6886],[-82.4015,34.6915],[-82.4177,34.6974],[-82.4321,34.706],[-82.444,34.7167],[-82.4529,34.7294],[-82.4585,34.7432],[-82.4604,34.7622],[-82.456,34.7809],[-82.4457,34.798],[-82.4301,34.8121],[-82.4192,34.7991],[-82.4053,34.7882],[-82.389,34.78],[-82.3709,34.7748],[-82.3519,34.7728],[-82.3328,34.7742],[-82.3145,34.7788],[-82.2977,34.7864]]]}},{"type":"Feature","properties":{"name":"MELBOURNE CLASS D","class":"D","lower":"0","lower_code":"SFC","upper":"1900"},"geometry":{"type":"Polygon","coordinates":[[[-80.6432,28.031],[-80.6594,28.0319],[-80.6731,28.0351],[-80.686,28.0404],[-80.6976,28.0476],[-80.7077,28.0564],[-80.7159,28.0667],[-80.7219,28.0781],[-80.7256,28.0903],[-80.7268,28.1028],[-80.7256,28.1153],[-80.7219,28.1275],[-80.7159,28.1389],[-80.7077,28.1492],[-80.6976,28.158],[-80.6859,28.1652],[-80.6711,28.1711],[-80.5875,28.1527],[-80.5735,28.1351],[-80.5659,28.1146],[-80.5649,28.1003],[-80.5675,28.0843],[-80.5733,28.0708],[-80.5832,28.0573],[-80.5946,28.0471],[-80.61,28.0384],[-80.6252,28.0333],[-80.6432,28.031]]]}},{"type":"Feature","properties":{"name":"PUNTA GORDA CLASS D","class":"D","lower":"0","lower_code":"SFC","upper":"2500"},"geometry":{"type":"Polygon","coordinates":[[[-81.9889,26.8438],[-82.0049,26.8448],[-82.0223,26.8492],[-82.0366,26.8558],[-82.0491,26.8648],[-82.0596,26.8757],[-82.0675,26.8883],[-82.0726,26.9019],[-82.0748,26.9162],[-82.0735,26.9324],[-82.0691,26.9462],[-82.0619,26.9591],[-82.052,26.9705],[-82.0399,26.98],[-82.026,26.9873],[-82.0109,26.992],[-81.9949,26.9941],[-81.9789,26.9934],[-81.9633,26.99],[-81.9486,26.9839],[-81.9341,26.9743],[-81.9234,26.9636],[-81.9151,26.9512],[-81.9096,26.9377],[-81.9071,26.9216],[-81.908,26.9072],[-81.9121,26.8933],[-81.919,26.8803],[-81.9299,26.8674],[-81.942,26.8579],[-81.9558,26.8506],[-81.971,26.8459],[-81.9889,26.8438]]]}},{"type":"Feature","properties":{"name":"ATLANTA CLASS B","class":"B","lower":"6000","lower_code":"MSL","upper":"12500"},"geometry":{"type":"Polygon","coordinates":[[[-84.277,33.8501],[-84.1563,34.0728],[-84.1164,34.0537],[-84.0786,34.0322],[-84.043,34.0084],[-84.0087,33.9817],[-83.9779,33.9536],[-83.9491,33.9228],[-83.9238,33.8911],[-83.9011,33.8572],[-83.9011,33.8492],[-84.277,33.8501]]]}},{"type":"Feature","properties":{"name":"ATLANTA CLASS B","class":"B","lower":"6000","lower_code":"MSL","upper":"12500"},"geometry":{"type":"Polygon","coordinates":[[[-84.5709,33.85],[-84.9614,33.8488],[-84.9614,33.8691],[-84.9283,33.9142],[-84.8902,33.9554],[-84.8463,33.9939],[-84.7985,34.0277],[-84.5709,33.85]]]}},{"type":"Feature","properties":{"name":"SALINA CLASS D","class":"D","lower":"0","lower_code":"SFC","upper":"3800"},"geometry":{"type":"Polygon","coordinates":[[[-97.6522,38.8809],[-97.6298,38.8792],[-97.6082,38.8741],[-97.5883,38.8658],[-97.5708,38.8545],[-97.5565,38.8409],[-97.5459,38.8254],[-97.5393,38.8085],[-97.5371,38.7908],[-97.5393,38.7733],[-97.5459,38.7564],[-97.5565,38.7408],[-97.5709,38.7271],[-97.5883,38.7159],[-97.6082,38.7076],[-97.6299,38.7025],[-97.6523,38.7007],[-97.6748,38.7025],[-97.6963,38.7076],[-97.7161,38.7159],[-97.7336,38.7272],[-97.748,38.7409],[-97.7586,38.7564],[-97.7651,38.7734],[-97.7673,38.7909],[-97.7651,38.8086],[-97.7585,38.8254],[-97.7479,38.841],[-97.7336,38.8546],[-97.7162,38.8658],[-97.6963,38.8741],[-97.6747,38.8792],[-97.6522,38.8809]]]}},{"type":"Feature","properties":{"name":"SALINAS CLASS D","class":"D","lower":"0","lower_code":"SFC","upper":"2500"},"geometry":{"type":"Polygon","coordinates":[[[-121.6064,36.7345],[-121.589,36.7332],[-121.5723,36.7291],[-121.5569,36.7225],[-121.5434,36.7135],[-121.5323,36.7027],[-121.5241,36.6903],[-121.519,36.6768],[-121.5173,36.6628],[-121.519,36.6488],[-121.5241,36.6353],[-121.5323,36.6229],[-121.5434,36.612],[-121.5569,36.6031],[-121.5723,36.5965],[-121.5891,36.5924],[-121.6064,36.591],[-121.6238,36.5924],[-121.6405,36.5965],[-121.6559,36.6032],[-121.6694,36.6121],[-121.6805,36.623],[-121.6887,36.6354],[-121.6938,36.6489],[-121.6955,36.6629],[-121.6937,36.6769],[-121.6886,36.6903],[-121.6804,36.7027],[-121.6693,36.7136],[-121.6559,36.7225],[-121.6405,36.7291],[-121.6238,36.7332],[-121.6064,36.7345]]]}},{"type":"Feature","properties":{"name":"SALISBURY CLASS D","class":"D","lower":"0","lower_code":"SFC","upper":"2500"},"geometry":{"type":"Polygon","coordinates":[[[-75.5094,38.412],[-75.4917,38.4106],[-75.4746,38.4066],[-75.4588,38.3999],[-75.445,38.391],[-75.4337,38.3802],[-75.4253,38.3678],[-75.4201,38.3543],[-75.4184,38.3403],[-75.4201,38.3263],[-75.4253,38.3128],[-75.4337,38.3004],[-75.4451,38.2895],[-75.4589,38.2806],[-75.4746,38.274],[-75.4918,38.2699],[-75.5095,38.2685],[-75.5272,38.2699],[-75.5443,38.274],[-75.5601,38.2807],[-75.5739,38.2896],[-75.5852,38.3005],[-75.5936,38.3129],[-75.5988,38.3264],[-75.6005,38.3404],[-75.5988,38.3544],[-75.5936,38.3678],[-75.5851,38.3802],[-75.5738,38.3911],[-75.56,38.4],[-75.5443,38.4066],[-75.5272,38.4106],[-75.5094,38.412]]]}},{"type":"Feature","properties":{"name":"SAN ANTONIO KELLY AFB CLASS D","class":"D","lower":"0","lower_code":"SFC","upper":"3200"},"geometry":{"type":"Polygon","coordinates":[[[-98.5819,29.3051],[-98.6002,29.3064],[-98.6159,29.3104],[-98.6305,29.317],[-98.6434,29.3258],[-98.6552,29.3381],[-98.6631,29.3507],[-98.6681,29.3643],[-98.67,29.3786],[-98.6676,29.3981],[-98.6604,29.4149],[-98.6489,29.4297],[-98.6337,29.4417],[-98.6406,29.4575],[-98.5872,29.4754],[-98.5783,29.4553],[-98.5642,29.4534],[-98.5488,29.4488],[-98.5364,29.4427],[-98.5238,29.4337],[-98.5101,29.4182],[-98.5014,29.4002],[-98.5446,29.3136],[-98.5617,29.3077],[-98.5819,29.3051]]]}},{"type":"Feature","properties":{"name":"PUEBLO CLASS D","class":"D","lower":"0","lower_code":"SFC","upper":"7200"},"geometry":{"type":"Polygon","coordinates":[[[-104.498,38.375],[-104.477,38.3734],[-104.4566,38.3685],[-104.438,38.3607],[-104.4217,38.3501],[-104.4082,38.3372],[-104.3983,38.3226],[-104.3921,38.3066],[-104.3901,38.29],[-104.3921,38.2734],[-104.3983,38.2574],[-104.4083,38.2427],[-104.4217,38.2298],[-104.4381,38.2192],[-104.4568,38.2113],[-104.477,38.2065],[-104.4981,38.2049],[-104.5192,38.2065],[-104.5394,38.2113],[-104.5581,38.2192],[-104.5744,38.2298],[-104.5878,38.2428],[-104.5978,38.2574],[-104.6039,38.2735],[-104.606,38.29],[-104.6039,38.3067],[-104.5977,38.3226],[-104.5878,38.3373],[-104.5743,38.3502],[-104.558,38.3607],[-104.5393,38.3686],[-104.5191,38.3734],[-104.498,38.375]]]}},{"type":"Feature","properties":{"name":"SAN JOSE CLASS C","class":"C","lower":"3000","lower_code":"MSL","upper":"6000"},"geometry":{"type":"Polygon","coordinates":[[[-121.7017,37.1904],[-121.7325,37.1678],[-121.7668,37.1487],[-121.8367,37.2132],[-121.817,37.222],[-121.7986,37.2324],[-121.7817,37.2443],[-121.7667,37.2576],[-121.7017,37.1904]]]}},{"type":"Feature","properties":{"name":"SAN JOSE REID-HILLVIEW AIRPORT CLASS D","class":"D","lower":"0","lower_code":"SFC","upper":"2000"},"geometry":{"type":"Polygon","coordinates":[[[-121.864,37.2974],[-121.8486,37.3093],[-121.8365,37.3236],[-121.8519,37.3397],[-121.8398,37.3486],[-121.8379,37.3532],[-121.8452,37.3666],[-121.8534,37.3752],[-121.8413,37.3799],[-121.8281,37.3825],[-121.8147,37.3828],[-121.8014,37.3807],[-121.789,37.3765],[-121.778,37.3702],[-121.769,37.3622],[-121.7623,37.3528],[-121.7572,37.3361],[-121.7596,37.319],[-121.769,37.3035],[-121.7845,37.2915],[-121.8041,37.2844],[-121.8256,37.283],[-121.8464,37.2875],[-121.864,37.2974]]]}},{"type":"Feature","properties":{"name":"FORT CAMPBELL CLASS D","class":"D","lower":"0","lower_code":"SFC","upper":"3100"},"geometry":{"type":"Polygon","coordinates":[[[-87.4115,36.572],[-87.4185,36.572],[-87.4217,36.5548],[-87.4319,36.5395],[-87.4439,36.5301],[-87.4587,36.5237],[-87.4768,36.5206],[-87.4952,36.5219],[-87.5123,36.5275],[-87.5266,36.537],[-87.5363,36.5485],[-87.5416,36.5617],[-87.5423,36.5756],[-87.5383,36.589],[-87.5605,36.5997],[-87.5792,36.6141],[-87.5934,36.6315],[-87.6024,36.6511],[-87.6056,36.6707],[-87.6035,36.6904],[-87.5962,36.7093],[-87.5841,36.7265],[-87.5671,36.7416],[-87.5463,36.7534],[-87.5228,36.7611],[-87.4977,36.7644],[-87.4725,36.7633],[-87.4481,36.7576],[-87.4259,36.7477],[-87.4069,36.7341],[-87.3945,36.7208],[-87.3853,36.7057],[-87.3786,36.6844],[-87.3785,36.6624],[-87.3675,36.6542],[-87.3593,36.6441],[-87.3544,36.6328],[-87.3529,36.6208],[-87.3542,36.6116],[-87.3577,36.6027],[-87.3704,36.5871],[-87.3891,36.5764],[-87.4115,36.572]]]}},{"type":"Feature","properties":{"name":"HAILEY CLASS D","class":"D","lower":"0","lower_code":"SFC","upper":"7800"},"geometry":{"type":"Polygon","coordinates":[[[-114.2057,43.4184],[-114.2782,43.3938],[-114.2963,43.4221],[-114.317,43.4236],[-114.3368,43.4278],[-114.3553,43.4347],[-114.3717,43.4438],[-114.3905,43.4603],[-114.4028,43.4799],[-114.4068,43.4933],[-114.4077,43.507],[-114.4054,43.5206],[-114.4,43.5337],[-114.3917,43.546],[-114.3806,43.5571],[-114.3672,43.5667],[-114.3519,43.5744],[-114.3289,43.5818],[-114.304,43.5852],[-114.2788,43.5845],[-114.2545,43.5798],[-114.2323,43.5713],[-114.2133,43.5594],[-114.1984,43.5447],[-114.1883,43.5278],[-114.1847,43.5165],[-114.1834,43.5048],[-114.1843,43.4932],[-114.1875,43.4817],[-114.1929,43.4708],[-114.2005,43.4604],[-114.2211,43.4427],[-114.2057,43.4184]]]}},{"type":"Feature","properties":{"name":"ROSWELL CLASS D","class":"D","lower":"0","lower_code":"SFC","upper":"6200"},"geometry":{"type":"Polygon","coordinates":[[[-104.5295,33.2181],[-104.5508,33.2198],[-104.5692,33.2246],[-104.5861,33.2323],[-104.601,33.2427],[-104.6132,33.2552],[-104.6223,33.2695],[-104.628,33.285],[-104.63,33.3011],[-104.6282,33.3172],[-104.6228,33.3327],[-104.6139,33.3471],[-104.6019,33.3598],[-104.5871,33.3702],[-104.5702,33.3781],[-104.5519,33.3831],[-104.5327,33.385],[-104.5135,33.3838],[-104.4948,33.3795],[-104.4776,33.3722],[-104.4623,33.3623],[-104.4496,33.3501],[-104.44,33.3361],[-104.4338,33.3207],[-104.4311,33.3029],[-104.4327,33.2867],[-104.438,33.2711],[-104.4467,33.2567],[-104.4586,33.2439],[-104.4732,33.2334],[-104.49,33.2253],[-104.5082,33.2202],[-104.5295,33.2181]]]}},{"type":"Feature","properties":{"name":"TAMPA CLASS B","class":"B","lower":"0","lower_code":"SFC","upper":"10000"},"geometry":{"type":"Polygon","coordinates":[[[-82.5415,27.9041],[-82.5597,27.9051],[-82.5773,27.9093],[-82.5937,27.9164],[-82.6082,27.9262],[-82.6204,27.9383],[-82.6297,27.9522],[-82.6357,27.9675],[-82.6384,27.9835],[-82.6375,27.9997],[-82.6331,28.0155],[-82.6253,28.0301],[-82.6145,28.0432],[-82.6011,28.0542],[-82.5855,28.0626],[-82.5684,28.0682],[-82.5503,28.0708],[-82.5321,28.0703],[-82.5143,28.0666],[-82.4976,28.0599],[-82.4827,28.0505],[-82.4702,28.0387],[-82.4604,28.025],[-82.4538,28.0099],[-82.4505,27.9922],[-82.4513,27.976],[-82.455,27.9619],[-82.5156,27.9081],[-82.5415,27.9041]]]}},{"type":"Feature","properties":{"name":"TAMPA CLASS B","class":"B","lower":"1200","lower_code":"MSL","upper":"10000"},"geometry":{"type":"Polygon","coordinates":[[[-82.3696,27.7662],[-82.3754,27.7489],[-82.3855,27.7076],[-82.3899,27.7013],[-82.3949,27.6976],[-82.418,27.6856],[-82.4256,27.6784],[-82.4346,27.6616],[-82.4399,27.6551],[-82.4625,27.6369],[-82.4811,27.6168],[-82.4987,27.6059],[-82.505,27.6002],[-82.5117,27.5894],[-82.5154,27.5741],[-82.5128,27.5584],[-82.5367,27.5618],[-82.563,27.5623],[-82.589,27.5595],[-82.6125,27.5541],[-82.635,27.5461],[-82.6578,27.5345],[-82.6771,27.5214],[-82.6956,27.5049],[-82.7205,27.5116],[-82.7394,27.5296],[-82.7491,27.5428],[-82.7497,27.5558],[-82.749,27.576],[-82.7375,27.6252],[-82.739,27.6388],[-82.746,27.6457],[-82.742,27.6579],[-82.7409,27.677],[-82.6791,27.7042],[-82.6531,27.7011],[-82.6426,27.7041],[-82.6421,27.7058],[-82.6397,27.7055],[-82.6401,27.7081],[-82.6337,27.7136],[-82.6273,27.7334],[-82.6281,27.7362],[-82.6255,27.7499],[-82.6292,27.7496],[-82.6334,27.7539],[-82.626,27.7614],[-82.6231,27.7796],[-82.6043,27.7918],[-82.5915,27.8108],[-82.5979,27.8273],[-82.6226,27.8355],[-82.6458,27.8467],[-82.6669,27.8606],[-82.6844,27.8758],[-82.6983,27.8913],[-82.71,27.9081],[-82.7195,27.9261],[-82.7265,27.9449],[-82.7311,27.9662],[-82.7327,27.9877],[-82.7311,28.0093],[-82.7264,28.0305],[-82.7186,28.051],[-82.7079,28.0705],[-82.6945,28.0885],[-82.6799,28.1036],[-82.665,28.1159],[-82.6487,28.1267],[-82.6146,28.1426],[-82.5755,28.1523],[-82.5369,28.1545],[-82.4987,28.1496],[-82.4606,28.1372],[-82.428,28.1189],[-82.4127,28.107],[-82.399,28.0937],[-82.387,28.0791],[-82.3768,28.0635],[-82.3685,28.0471],[-82.3623,28.0299],[-82.3568,28.0015],[-82.3607,27.9839],[-82.3615,27.9677],[-82.3551,27.9571],[-82.3509,27.93],[-82.3449,27.9069],[-82.3499,27.8879],[-82.3505,27.8771],[-82.3458,27.8458],[-82.3502,27.8294],[-82.3495,27.8098],[-82.3543,27.7922],[-82.3696,27.7662]]]}},{"type":"Feature","properties":{"name":"TAMPA CLASS B","class":"B","lower":"3000","lower_code":"MSL","upper":"10000"},"geometry":{"type":"Polygon","coordinates":[[[-82.5983,28.3326],[-82.5807,28.3289],[-82.5641,28.3308],[-82.5399,28.3306],[-82.5242,28.3244],[-82.5159,28.3241],[-82.5031,28.3207],[-82.4902,28.3261],[-82.4601,28.3241],[-82.4561,28.3215],[-82.4522,28.3232],[-82.4325,28.3216],[-82.43,28.3235],[-82.3368,28.3243],[-82.3219,28.3266],[-82.3214,28.3028],[-82.324,28.2888],[-82.3227,28.2816],[-82.3236,28.2775],[-82.3284,28.2681],[-82.3539,28.2364],[-82.3494,28.2356],[-82.3391,28.2398],[-82.3114,28.2399],[-82.3029,28.2336],[-82.2871,28.2279],[-82.2773,28.2224],[-82.2573,28.2195],[-82.2409,28.2194],[-82.2249,28.2299],[-82.1993,28.2291],[-82.1833,28.2339],[-82.18,28.2173],[-82.1609,28.1857],[-82.1397,28.0761],[-82.1226,28.0281],[-82.1194,27.9891],[-82.1189,27.9385],[-82.1847,27.9381],[-82.1874,27.9249],[-82.1867,27.8841],[-82.1983,27.8638],[-82.2014,27.8476],[-82.2934,27.719],[-82.353,27.6388],[-82.4085,27.6084],[-82.4255,27.5878],[-82.426,27.5701],[-82.4735,27.5463],[-82.4918,27.553],[-82.5127,27.5584],[-82.5154,27.5741],[-82.5117,27.5894],[-82.505,27.6002],[-82.4987,27.6059],[-82.4811,27.6168],[-82.4625,27.6369],[-82.4399,27.6551],[-82.4346,27.6616],[-82.4256,27.6784],[-82.418,27.6856],[-82.3949,27.6976],[-82.3899,27.7013],[-82.3855,27.7076],[-82.3754,27.7489],[-82.3696,27.7662],[-82.3543,27.7922],[-82.3506,27.8036],[-82.3502,27.8294],[-82.3459,27.843],[-82.3505,27.8771],[-82.3499,27.8879],[-82.3449,27.9069],[-82.3509,27.93],[-82.3551,27.9571],[-82.3615,27.9677],[-82.3607,27.9839],[-82.3568,28.0015],[-82.3609,28.0246],[-82.3692,28.0488],[-82.3806,28.0699],[-82.3952,28.0894],[-82.4127,28.107],[-82.4296,28.12],[-82.4481,28.1311],[-82.468,28.1402],[-82.4889,28.1472],[-82.5107,28.1519],[-82.5329,28.1543],[-82.5532,28.1544],[-82.5755,28.1523],[-82.5953,28.1484],[-82.6165,28.1419],[-82.6366,28.1333],[-82.6554,28.1225],[-82.6727,28.1099],[-82.6881,28.0956],[-82.7015,28.0797],[-82.7127,28.0625],[-82.7208,28.046],[-82.7269,28.0288],[-82.7308,28.0111],[-82.7326,27.9931],[-82.7322,27.9751],[-82.7296,27.9572],[-82.7248,27.9397],[-82.7171,27.9211],[-82.7006,27.8942],[-82.6774,27.8692],[-82.6607,27.8561],[-82.6406,27.8438],[-82.6208,27.8347],[-82.5979,27.8273],[-82.5915,27.8108],[-82.6043,27.7918],[-82.6231,27.7796],[-82.626,27.7614],[-82.6334,27.7539],[-82.6292,27.7496],[-82.6255,27.7499],[-82.6281,27.7362],[-82.6273,27.7334],[-82.6337,27.7136],[-82.6401,27.7081],[-82.6397,27.7055],[-82.6421,27.7058],[-82.6426,27.7041],[-82.6531,27.7011],[-82.6791,27.7042],[-82.7409,27.677],[-82.7379,27.6851],[-82.7386,27.7013],[-82.7422,27.7217],[-82.7459,27.7306],[-82.7622,27.746],[-82.7714,27.7679],[-82.7851,27.7757],[-82.7853,27.7836],[-82.7871,27.7863],[-82.7973,27.7967],[-82.809,27.8058],[-82.8157,27.8089],[-82.8244,27.8169],[-82.8454,27.8531],[-82.8522,27.8752],[-82.8518,27.8889],[-82.8462,27.9185],[-82.837,27.946],[-82.8321,27.9521],[-82.8284,27.9606],[-82.8308,27.9721],[-82.8278,27.9887],[-82.8284,28.0118],[-82.8197,28.0077],[-82.8106,28.0138],[-82.7966,28.034],[-82.7842,28.0738],[-82.7844,28.0821],[-82.7829,28.0868],[-82.7848,28.1238],[-82.7826,28.1275],[-82.7826,28.1323],[-82.7936,28.1591],[-82.7989,28.1631],[-82.8016,28.1715],[-82.7986,28.1864],[-82.7967,28.1893],[-82.7883,28.1927],[-82.7836,28.2065],[-82.7782,28.2091],[-82.7721,28.2084],[-82.7662,28.2133],[-82.7649,28.2163],[-82.7672,28.2314],[-82.7659,28.2423],[-82.7579,28.256],[-82.7447,28.2637],[-82.7426,28.2676],[-82.7427,28.2798],[-82.7395,28.2816],[-82.7395,28.2837],[-82.7328,28.2935],[-82.7349,28.3068],[-82.7317,28.3152],[-82.7314,28.3239],[-82.727,28.3301],[-82.6801,28.3314],[-82.6584,28.3314],[-82.6523,28.3301],[-82.6331,28.3315],[-82.6202,28.3392],[-82.6141,28.3398],[-82.6033,28.3369],[-82.5983,28.3326]]]}},{"type":"Feature","properties":{"name":"TAMPA CLASS B","class":"B","lower":"6000","lower_code":"MSL","upper":"10000"},"geometry":{"type":"Polygon","coordinates":[[[-82.3705,27.5112],[-82.4092,27.5013],[-82.4241,27.5157],[-82.4409,27.5285],[-82.4735,27.5463],[-82.426,27.5701],[-82.4255,27.5878],[-82.4085,27.6084],[-82.353,27.6388],[-82.2934,27.719],[-82.2014,27.8476],[-82.1983,27.8638],[-82.1867,27.8841],[-82.1874,27.9249],[-82.1847,27.9381],[-82.1189,27.9385],[-82.1303,27.9127],[-82.1296,27.884],[-82.1337,27.8727],[-82.1446,27.8663],[-82.1467,27.8618],[-82.1467,27.6424],[-82.1542,27.6304],[-82.1547,27.626],[-82.1816,27.6045],[-82.2101,27.5845],[-82.2399,27.5662],[-82.271,27.5497],[-82.3032,27.535],[-82.3364,27.5221],[-82.3705,27.5112]]]}},{"type":"Feature","properties":{"name":"TAMPA CLASS B","class":"B","lower":"6000","lower_code":"MSL","upper":"10000"},"geometry":{"type":"Polygon","coordinates":[[[-82.1867,28.3733],[-82.1882,28.2556],[-82.1833,28.2339],[-82.1993,28.2291],[-82.2249,28.2299],[-82.2409,28.2194],[-82.2731,28.2209],[-82.3029,28.2336],[-82.3114,28.2399],[-82.3391,28.2398],[-82.3494,28.2356],[-82.3539,28.2364],[-82.3284,28.2681],[-82.3236,28.2775],[-82.3227,28.2816],[-82.324,28.2888],[-82.3214,28.3028],[-82.3219,28.3266],[-82.3368,28.3243],[-82.43,28.3235],[-82.4325,28.3216],[-82.4522,28.3232],[-82.4561,28.3215],[-82.4601,28.3241],[-82.4902,28.3261],[-82.5031,28.3207],[-82.5159,28.3241],[-82.5242,28.3244],[-82.5401,28.3306],[-82.5856,28.3294],[-82.5982,28.3327],[-82.6038,28.337],[-82.6138,28.3399],[-82.6204,28.3386],[-82.6331,28.3315],[-82.6523,28.3301],[-82.6584,28.3314],[-82.727,28.3301],[-82.7314,28.3239],[-82.7317,28.3152],[-82.7349,28.3068],[-82.7328,28.2935],[-82.7395,28.2837],[-82.7395,28.2816],[-82.7427,28.2798],[-82.7426,28.2676],[-82.7447,28.2637],[-82.7579,28.256],[-82.7659,28.2423],[-82.7672,28.2314],[-82.7649,28.2163],[-82.7662,28.2133],[-82.7721,28.2084],[-82.7782,28.2091],[-82.7836,28.2065],[-82.7883,28.1927],[-82.7967,28.1893],[-82.7986,28.1864],[-82.8016,28.1715],[-82.7989,28.1631],[-82.7936,28.1591],[-82.7826,28.1323],[-82.7826,28.1275],[-82.7848,28.1238],[-82.7829,28.0868],[-82.7844,28.0821],[-82.7842,28.0738],[-82.7966,28.034],[-82.8106,28.0138],[-82.8197,28.0077],[-82.8284,28.0118],[-82.8278,27.9887],[-82.8308,27.9721],[-82.8284,27.9606],[-82.8321,27.9521],[-82.837,27.946],[-82.8462,27.9185],[-82.8518,27.8889],[-82.8522,27.8752],[-82.8454,27.8531],[-82.8244,27.8169],[-82.8157,27.8089],[-82.809,27.8058],[-82.7973,27.7967],[-82.7871,27.7863],[-82.7853,27.7836],[-82.7851,27.7757],[-82.7714,27.7679],[-82.7622,27.746],[-82.7459,27.7306],[-82.7422,27.7217],[-82.7394,27.709],[-82.7379,27.6851],[-82.7421,27.672],[-82.742,27.6579],[-82.7462,27.6455],[-82.7389,27.6384],[-82.7375,27.6252],[-82.749,27.576],[-82.7491,27.5428],[-82.7394,27.5296],[-82.7205,27.5116],[-82.762,27.5254],[-82.8022,27.542],[-82.8407,27.5614],[-82.8759,27.5824],[-82.9107,27.6068],[-82.9419,27.6323],[-82.9708,27.6598],[-82.9998,27.692],[-83.0,28.2846],[-82.9681,28.3197],[-82.9327,28.3521],[-82.8926,28.3827],[-82.8511,28.4089],[-82.8071,28.4316],[-82.7609,28.4507],[-82.713,28.4661],[-82.6637,28.4776],[-82.6134,28.4851],[-82.5625,28.4886],[-82.5115,28.488],[-82.4608,28.4833],[-82.4107,28.4746],[-82.3599,28.4614],[-82.3106,28.444],[-82.2634,28.4227],[-82.2121,28.3933],[-82.1926,28.3801],[-82.1867,28.3733]]]}},{"type":"Feature","properties":{"name":"ROCHESTER CLASS D","class":"D","lower":"0","lower_code":"SFC","upper":"3800"},"geometry":{"type":"Polygon","coordinates":[[[-92.5,43.9816],[-92.4802,43.9802],[-92.4612,43.976],[-92.4437,43.9693],[-92.4283,43.9601],[-92.4157,43.949],[-92.4063,43.9364],[-92.4005,43.9226],[-92.3986,43.9083],[-92.4005,43.894],[-92.4063,43.8802],[-92.4157,43.8676],[-92.4283,43.8564],[-92.4438,43.8473],[-92.4613,43.8405],[-92.4802,43.8363],[-92.5001,43.8349],[-92.5198,43.8363],[-92.5389,43.8405],[-92.5564,43.8473],[-92.5718,43.8564],[-92.5844,43.8676],[-92.5938,43.8803],[-92.5995,43.8941],[-92.6015,43.9084],[-92.5995,43.9227],[-92.5937,43.9364],[-92.5843,43.9491],[-92.5717,43.9602],[-92.5564,43.9693],[-92.5388,43.976],[-92.5198,43.9802],[-92.5,43.9816]]]}},{"type":"Feature","properties":{"name":"FORT LAUDERDALE CLASS C","class":"C","lower":"3000","lower_code":"MSL","upper":"4000"},"geometry":{"type":"Polygon","coordinates":[[[-80.4959,25.9633],[-80.5964,25.9633],[-80.6022,25.9849],[-80.6094,26.0249],[-80.6123,26.0607],[-80.6117,26.0967],[-80.6078,26.1312],[-80.6009,26.1653],[-80.5908,26.1987],[-80.5776,26.2314],[-80.4607,26.2314],[-80.4342,26.1099],[-80.4325,26.0105],[-80.4661,25.9891],[-80.4959,25.9633]]]}},{"type":"Feature","properties":{"name":"FORT LAUDERDALE CLASS C","class":"C","lower":"3000","lower_code":"MSL","upper":"4000"},"geometry":{"type":"Polygon","coordinates":[[[-79.692,26.0108],[-79.7858,26.0108],[-79.7813,26.0391],[-79.7795,26.0674],[-79.7804,26.0958],[-79.784,26.1241],[-79.7902,26.1519],[-79.799,26.1792],[-79.8104,26.2057],[-79.8243,26.2314],[-79.7218,26.2314],[-79.7109,26.2052],[-79.7021,26.1783],[-79.6952,26.151],[-79.6904,26.123],[-79.6876,26.0951],[-79.687,26.0667],[-79.6885,26.0387],[-79.692,26.0108]]]}},{"type":"Feature","properties":{"name":"HOUSTON CLASS D","class":"D","lower":"0","lower_code":"SFC","upper":"2600"},"geometry":{"type":"Polygon","coordinates":[[[-95.6565,29.6924],[-95.6421,29.6913],[-95.6263,29.6873],[-95.6135,29.6815],[-95.6005,29.6725],[-95.5911,29.663],[-95.583,29.6504],[-95.5779,29.6367],[-95.5762,29.6224],[-95.5775,29.6098],[-95.5821,29.596],[-95.5887,29.5848],[-95.5988,29.5734],[-95.6098,29.5652],[-95.6241,29.5581],[-95.6398,29.5536],[-95.6562,29.5521],[-95.6726,29.5535],[-95.6883,29.5578],[-95.7027,29.5648],[-95.7137,29.573],[-95.724,29.5842],[-95.7307,29.5954],[-95.7354,29.6092],[-95.7368,29.6217],[-95.7353,29.6361],[-95.7304,29.6498],[-95.7224,29.6624],[-95.7131,29.6721],[-95.7002,29.6811],[-95.6875,29.687],[-95.6717,29.6912],[-95.6565,29.6924]]]}},{"type":"Feature","properties":{"name":"ITHACA CLASS D","class":"D","lower":"0","lower_code":"SFC","upper":"3600"},"geometry":{"type":"Polygon","coordinates":[[[-76.4587,42.558],[-76.4412,42.5568],[-76.4243,42.553],[-76.4087,42.5468],[-76.395,42.5386],[-76.3838,42.5285],[-76.3755,42.517],[-76.3704,42.5045],[-76.3686,42.4914],[-76.3703,42.4784],[-76.3755,42.4659],[-76.3838,42.4544],[-76.395,42.4442],[-76.4087,42.4359],[-76.4242,42.4298],[-76.4411,42.426],[-76.4588,42.4247],[-76.4763,42.426],[-76.4931,42.4297],[-76.5088,42.436],[-76.5225,42.4442],[-76.5337,42.4544],[-76.542,42.466],[-76.5471,42.4784],[-76.5488,42.4914],[-76.5471,42.5044],[-76.542,42.5169],[-76.5337,42.5284],[-76.5225,42.5385],[-76.5088,42.5468],[-76.4933,42.553],[-76.4764,42.5568],[-76.4587,42.558]]]}},{"type":"Feature","properties":{"name":"HAGERSTOWN CLASS D","class":"D","lower":"0","lower_code":"SFC","upper":"3200"},"geometry":{"type":"Polygon","coordinates":[[[-77.7253,39.6401],[-77.7415,39.6411],[-77.7594,39.645],[-77.7758,39.6517],[-77.7884,39.6597],[-77.8003,39.6707],[-77.808,39.6818],[-77.813,39.6938],[-77.815,39.7062],[-77.8137,39.7205],[-77.8094,39.7327],[-77.8022,39.744],[-77.7926,39.7541],[-77.7788,39.7637],[-77.7648,39.7702],[-77.7495,39.7745],[-77.7335,39.7767],[-77.7172,39.7765],[-77.699,39.7735],[-77.6841,39.7685],[-77.6688,39.7604],[-77.6574,39.7513],[-77.6474,39.7392],[-77.6408,39.7258],[-77.638,39.7116],[-77.6388,39.6991],[-77.6433,39.6851],[-77.6502,39.6738],[-77.6613,39.6622],[-77.6734,39.6538],[-77.6893,39.6464],[-77.7069,39.6418],[-77.7253,39.6401]]]}},{"type":"Feature","properties":{"name":"DAYTON, JAMES M. COX-DAYTON INTERNATIONAL AIRPORT CLASS C","class":"C","lower":"0","lower_code":"SFC","upper":"5000"},"geometry":{"type":"Polygon","coordinates":[[[-84.2194,39.9856],[-84.1983,39.984],[-84.178,39.9793],[-84.1593,39.9716],[-84.1428,39.9612],[-84.1294,39.9486],[-84.1194,39.9342],[-84.1132,39.9186],[-84.1112,39.9022],[-84.1132,39.886],[-84.1194,39.8703],[-84.1294,39.8559],[-84.1429,39.8432],[-84.1593,39.8329],[-84.1781,39.8252],[-84.1983,39.8204],[-84.2195,39.8188],[-84.2406,39.8204],[-84.2609,39.8252],[-84.2797,39.8329],[-84.296,39.8433],[-84.3095,39.856],[-84.3195,39.8704],[-84.3257,39.8861],[-84.3277,39.9023],[-84.3256,39.9186],[-84.3195,39.9342],[-84.3094,39.9486],[-84.296,39.9612],[-84.2796,39.9716],[-84.2609,39.9793],[-84.2406,39.984],[-84.2194,39.9856]]]}},{"type":"Feature","properties":{"name":"MONTEREY PENINSULA AIRPORT CLASS C","class":"C","lower":"1500","lower_code":"MSL","upper":"4200"},"geometry":{"type":"Polygon","coordinates":[[[-121.808,36.7515],[-121.8078,36.7263],[-121.811,36.6979],[-121.8215,36.6686],[-121.8403,36.6704],[-121.8591,36.6694],[-121.8773,36.6656],[-121.8944,36.6593],[-121.9098,36.6505],[-121.923,36.6397],[-121.9335,36.6271],[-121.9411,36.6131],[-121.9458,36.595],[-121.9454,36.5763],[-121.9411,36.5609],[-121.9332,36.5463],[-121.9346,36.5446],[-121.9344,36.5394],[-121.9294,36.5358],[-121.9272,36.5264],[-121.9284,36.5252],[-121.9379,36.525],[-121.9396,36.5219],[-121.9523,36.5251],[-121.9562,36.5241],[-121.955,36.5172],[-121.9448,36.5106],[-121.9411,36.5049],[-121.9416,36.4998],[-121.9387,36.4984],[-121.9466,36.4916],[-121.9427,36.4882],[-121.9366,36.4696],[-121.9304,36.4649],[-121.9279,36.4602],[-121.9269,36.4558],[-121.9304,36.4535],[-121.9302,36.4484],[-121.9252,36.4423],[-121.9211,36.4325],[-121.9364,36.4381],[-121.9675,36.4539],[-121.9948,36.4738],[-122.0172,36.4973],[-122.0341,36.5234],[-122.045,36.5518],[-122.0496,36.581],[-122.0477,36.6107],[-122.0393,36.6394],[-122.0247,36.6666],[-122.0045,36.6912],[-121.9792,36.7125],[-121.9496,36.7299],[-121.9165,36.7429],[-121.8812,36.751],[-121.8447,36.7538],[-121.808,36.7515]]]}},{"type":"Feature","properties":{"name":"ONTARIO INTL AIRPORT CLASS C","class":"C","lower":"0","lower_code":"SFC","upper":"5000"},"geometry":{"type":"Polygon","coordinates":[[[-117.5965,33.9726],[-117.5977,33.9833],[-117.6029,33.9931],[-117.6116,34.001],[-117.6228,34.0062],[-117.6355,34.0082],[-117.6482,34.0067],[-117.6598,34.002],[-117.6689,33.9944],[-117.6814,34.006],[-117.6912,34.0192],[-117.6978,34.0338],[-117.7011,34.049],[-117.7004,34.0685],[-117.6942,34.0872],[-117.6857,34.0866],[-117.6773,34.088],[-117.6697,34.0913],[-117.6636,34.0963],[-117.6594,34.1025],[-117.6574,34.1094],[-117.6579,34.1165],[-117.6607,34.1232],[-117.6383,34.1336],[-117.6133,34.1389],[-117.5933,34.1392],[-117.5734,34.1362],[-117.5547,34.13],[-117.5379,34.1208],[-117.5236,34.109],[-117.5125,34.095],[-117.5049,34.0795],[-117.5012,34.063],[-117.5016,34.0463],[-117.5059,34.0299],[-117.5141,34.0146],[-117.5258,34.001],[-117.5405,33.9896],[-117.5576,33.9808],[-117.5765,33.9751],[-117.5965,33.9726]]]}},{"type":"Feature","properties":{"name":"DAYTON CLASS D","class":"D","lower":"0","lower_code":"SFC","upper":"3400"},"geometry":{"type":"Polygon","coordinates":[[[-84.1431,39.8431],[-84.1254,39.8609],[-84.1145,39.8817],[-84.0914,39.8943],[-84.0646,39.9014],[-84.0466,39.9027],[-84.0287,39.9015],[-84.0113,39.8979],[-83.995,39.8918],[-83.9831,39.9006],[-83.9471,39.8718],[-83.9589,39.863],[-83.9499,39.8456],[-83.9466,39.8271],[-83.9492,39.8086],[-83.9575,39.791],[-83.97,39.7766],[-83.9864,39.7646],[-84.006,39.7558],[-84.0276,39.7506],[-84.0463,39.7492],[-84.0652,39.7507],[-84.0833,39.7548],[-84.1001,39.7615],[-84.1058,39.7575],[-84.1406,39.7872],[-84.1348,39.7912],[-84.1413,39.8036],[-84.1449,39.8166],[-84.1455,39.8299],[-84.1431,39.8431]]]}},{"type":"Feature","properties":{"name":"MONTEREY PENINSULA AIRPORT CLASS C","class":"C","lower":"2500","lower_code":"MSL","upper":"4200"},"geometry":{"type":"Polygon","coordinates":[[[-121.71,36.459],[-121.7763,36.523],[-121.759,36.538],[-121.7467,36.5559],[-121.7402,36.5758],[-121.74,36.5963],[-121.743,36.6092],[-121.7485,36.6214],[-121.7563,36.6328],[-121.7662,36.6431],[-121.7781,36.6521],[-121.7914,36.6594],[-121.806,36.665],[-121.8215,36.6686],[-121.811,36.6979],[-121.8078,36.7263],[-121.808,36.7515],[-121.7793,36.7458],[-121.752,36.737],[-121.7266,36.7251],[-121.7035,36.7105],[-121.6832,36.6933],[-121.6661,36.674],[-121.6526,36.653],[-121.643,36.6306],[-121.6374,36.6074],[-121.6359,36.5837],[-121.6386,36.5602],[-121.6454,36.537],[-121.6562,36.5149],[-121.6708,36.4942],[-121.6888,36.4755],[-121.71,36.459]]]}},{"type":"Feature","properties":{"name":"MONTEREY PENINSULA AIRPORT CLASS C","class":"C","lower":"0","lower_code":"SFC","upper":"4200"},"geometry":{"type":"Polygon","coordinates":[[[-121.8428,36.6704],[-121.8226,36.6688],[-121.8031,36.664],[-121.7852,36.6563],[-121.7696,36.646],[-121.7567,36.6333],[-121.7472,36.6189],[-121.7413,36.6033],[-121.7393,36.587],[-121.7413,36.5707],[-121.7472,36.555],[-121.7568,36.5406],[-121.7697,36.5279],[-121.7853,36.5176],[-121.8032,36.5098],[-121.8227,36.5051],[-121.8428,36.5035],[-121.8631,36.5051],[-121.8824,36.5099],[-121.9002,36.5176],[-121.916,36.528],[-121.9289,36.5407],[-121.9384,36.5551],[-121.9443,36.5708],[-121.9463,36.587],[-121.9442,36.6034],[-121.9383,36.619],[-121.9288,36.6334],[-121.9159,36.646],[-121.9002,36.6564],[-121.8824,36.6641],[-121.863,36.6688],[-121.8428,36.6704]]]}},{"type":"Feature","properties":{"name":"ONTARIO INTL AIRPORT CLASS C","class":"C","lower":"2700","lower_code":"MSL","upper":"5000"},"geometry":{"type":"Polygon","coordinates":[[[-117.6689,33.9945],[-117.6596,34.002],[-117.6481,34.0067],[-117.6354,34.0082],[-117.6228,34.0062],[-117.6116,34.001],[-117.6029,33.9931],[-117.5977,33.9833],[-117.5965,33.9726],[-117.5794,33.9745],[-117.5628,33.9789],[-117.5475,33.9855],[-117.5338,33.9942],[-117.5213,34.0056],[-117.5115,34.0187],[-117.5048,34.0331],[-117.5013,34.0482],[-117.5013,34.0636],[-117.5047,34.0788],[-117.5114,34.0932],[-117.5211,34.1063],[-117.3358,34.1067],[-117.3358,34.0111],[-117.408,34.0111],[-117.4197,33.985],[-117.4364,33.9609],[-117.4575,33.9396],[-117.4828,33.9213],[-117.5113,33.9068],[-117.5423,33.8964],[-117.5749,33.8905],[-117.6083,33.8892],[-117.6324,33.8911],[-117.656,33.8954],[-117.6789,33.9021],[-117.7004,33.9109],[-117.7207,33.922],[-117.7391,33.9348],[-117.7557,33.9496],[-117.7699,33.9657],[-117.7817,33.9834],[-117.7909,34.0019],[-117.7974,34.0213],[-117.801,34.0411],[-117.8017,34.0613],[-117.7995,34.0812],[-117.7944,34.101],[-117.7866,34.1199],[-117.7461,34.1072],[-117.717,34.107],[-117.7142,34.1002],[-117.7091,34.0943],[-117.7023,34.0899],[-117.6942,34.0872],[-117.6988,34.0751],[-117.7012,34.0627],[-117.7012,34.0501],[-117.699,34.0376],[-117.6945,34.0255],[-117.6879,34.0141],[-117.6793,34.0037],[-117.6689,33.9945]]]}},{"type":"Feature","properties":{"name":"CHINO CLASS D","class":"D","lower":"0","lower_code":"SFC","upper":"2700"},"geometry":{"type":"Polygon","coordinates":[[[-117.5567,33.9812],[-117.5567,33.9679],[-117.5599,33.9549],[-117.5662,33.9427],[-117.5752,33.9317],[-117.5866,33.9225],[-117.6,33.9153],[-117.6149,33.9105],[-117.6306,33.9082],[-117.6465,33.9085],[-117.6621,33.9115],[-117.6766,33.917],[-117.6895,33.9247],[-117.7004,33.9345],[-117.7087,33.9458],[-117.7142,33.9583],[-117.7165,33.9714],[-117.7156,33.9854],[-117.7112,33.9989],[-117.7035,34.0114],[-117.6929,34.0222],[-117.6826,34.0073],[-117.6689,33.9944],[-117.6614,34.0009],[-117.6521,34.0055],[-117.6416,34.0079],[-117.6308,34.0078],[-117.6167,34.0038],[-117.6054,33.9958],[-117.5983,33.9849],[-117.5965,33.9726],[-117.576,33.9752],[-117.5567,33.9812]]]}},{"type":"Feature","properties":{"name":"STUART CLASS D","class":"D","lower":"0","lower_code":"SFC","upper":"2500"},"geometry":{"type":"Polygon","coordinates":[[[-80.2211,27.2485],[-80.2065,27.2472],[-80.1925,27.2434],[-80.1796,27.2373],[-80.1682,27.2289],[-80.159,27.2188],[-80.1521,27.2073],[-80.1478,27.1948],[-80.1464,27.1817],[-80.1478,27.1687],[-80.152,27.1561],[-80.1589,27.1446],[-80.1683,27.1344],[-80.1796,27.1261],[-80.1925,27.1199],[-80.2066,27.1161],[-80.2211,27.1148],[-80.2357,27.1161],[-80.2498,27.1199],[-80.2626,27.1261],[-80.274,27.1344],[-80.2833,27.1446],[-80.2902,27.1561],[-80.2944,27.1687],[-80.2959,27.1817],[-80.2944,27.1948],[-80.2902,27.2073],[-80.2833,27.2188],[-80.274,27.2289],[-80.2626,27.2373],[-80.2497,27.2434],[-80.2357,27.2472],[-80.2211,27.2485]]]}},{"type":"Feature","properties":{"name":"ANDERSEN AFB CLASS D","class":"D","lower":"0","lower_code":"SFC","upper":"2600"},"geometry":{"type":"Polygon","coordinates":[[[144.9301,13.6559],[144.9444,13.6545],[144.9582,13.6504],[144.9709,13.6438],[144.9821,13.6348],[144.9913,13.6239],[144.998,13.6114],[145.0022,13.5979],[145.0036,13.5839],[145.0022,13.5698],[144.998,13.5564],[144.9913,13.5439],[144.9821,13.533],[144.971,13.5241],[144.9582,13.5174],[144.9444,13.5133],[144.93,13.5119],[144.9157,13.5133],[144.9019,13.5174],[144.8891,13.5241],[144.878,13.533],[144.8688,13.544],[144.862,13.5564],[144.8579,13.5699],[144.8565,13.5839],[144.8579,13.598],[144.8621,13.6115],[144.8689,13.6239],[144.878,13.6348],[144.8892,13.6437],[144.9019,13.6504],[144.9157,13.6545],[144.9301,13.6559]]]}},{"type":"Feature","properties":{"name":"PASCAGOULA CLASS D","class":"D","lower":"0","lower_code":"SFC","upper":"2500"},"geometry":{"type":"Polygon","coordinates":[[[-88.5292,30.5313],[-88.5138,30.53],[-88.4989,30.526],[-88.4852,30.5197],[-88.4733,30.5112],[-88.4634,30.5009],[-88.4561,30.489],[-88.4516,30.4762],[-88.4501,30.4628],[-88.4516,30.4495],[-88.4561,30.4366],[-88.4634,30.4248],[-88.4733,30.4143],[-88.4852,30.4058],[-88.4989,30.3995],[-88.5137,30.3956],[-88.5292,30.3943],[-88.5446,30.3956],[-88.5595,30.3995],[-88.5732,30.4059],[-88.5851,30.4144],[-88.595,30.4248],[-88.6022,30.4366],[-88.6067,30.4495],[-88.6082,30.4628],[-88.6067,30.4762],[-88.6022,30.489],[-88.5949,30.5008],[-88.5851,30.5112],[-88.5731,30.5197],[-88.5594,30.5261],[-88.5446,30.53],[-88.5292,30.5313]]]}},{"type":"Feature","properties":{"name":"SAIPAN ISLAND CLASS D","class":"D","lower":"0","lower_code":"SFC","upper":"2700"},"geometry":{"type":"Polygon","coordinates":[[[145.73,15.1922],[145.7444,15.1908],[145.7583,15.1868],[145.7712,15.1801],[145.7824,15.1712],[145.7916,15.1603],[145.7984,15.1478],[145.8026,15.1343],[145.8041,15.1202],[145.8026,15.1062],[145.7984,15.0927],[145.7916,15.0803],[145.7824,15.0694],[145.7711,15.0604],[145.7583,15.0538],[145.7445,15.0497],[145.73,15.0483],[145.7155,15.0497],[145.7016,15.0538],[145.6888,15.0604],[145.6776,15.0694],[145.6684,15.0803],[145.6615,15.0928],[145.6573,15.1063],[145.6559,15.1203],[145.6573,15.1344],[145.6616,15.1478],[145.6684,15.1603],[145.6776,15.1711],[145.6889,15.1801],[145.7017,15.1868],[145.7155,15.1908],[145.73,15.1922]]]}},{"type":"Feature","properties":{"name":"SHREVEPORT DOWNTOWN AIRPORT CLASS D","class":"D","lower":"0","lower_code":"SFC","upper":"1600"},"geometry":{"type":"Polygon","coordinates":[[[-93.6744,32.5848],[-93.6896,32.5822],[-93.7042,32.5776],[-93.7178,32.5712],[-93.7299,32.5629],[-93.7232,32.5588],[-93.7181,32.5532],[-93.7151,32.5467],[-93.7143,32.5397],[-93.7158,32.5327],[-93.7196,32.5265],[-93.7253,32.5213],[-93.7324,32.5177],[-93.7459,32.5158],[-93.759,32.5193],[-93.7608,32.5091],[-93.7759,32.5184],[-93.7928,32.5251],[-93.8109,32.529],[-93.8296,32.53],[-93.8306,32.5421],[-93.8292,32.5541],[-93.8254,32.5659],[-93.8194,32.5769],[-93.8113,32.587],[-93.8015,32.5958],[-93.79,32.603],[-93.7773,32.6086],[-93.7636,32.6124],[-93.7494,32.6142],[-93.7351,32.6139],[-93.721,32.6117],[-93.7076,32.6076],[-93.695,32.6016],[-93.6838,32.5939],[-93.6744,32.5848]]]}},{"type":"Feature","properties":{"name":"STILLWATER MUNICIPAL AIRPORT CLASS D","class":"D","lower":"0","lower_code":"SFC","upper":"3500"},"geometry":{"type":"Polygon","coordinates":[[[-97.0858,36.227],[-97.0697,36.2257],[-97.0543,36.2219],[-97.0401,36.2158],[-97.0276,36.2075],[-97.0174,36.1974],[-97.0098,36.1859],[-97.0051,36.1734],[-97.0035,36.1603],[-97.0051,36.1473],[-97.0098,36.1347],[-97.0174,36.1232],[-97.0276,36.1131],[-97.0402,36.1047],[-97.0544,36.0986],[-97.0698,36.0948],[-97.0859,36.0935],[-97.102,36.0948],[-97.1174,36.0986],[-97.1316,36.1048],[-97.1441,36.1131],[-97.1543,36.1233],[-97.1619,36.1348],[-97.1666,36.1473],[-97.1682,36.1603],[-97.1666,36.1734],[-97.1619,36.1859],[-97.1543,36.1974],[-97.1441,36.2075],[-97.1316,36.2158],[-97.1173,36.222],[-97.1019,36.2258],[-97.0858,36.227]]]}},{"type":"Feature","properties":{"name":"GUAM INTERNATIONAL AIRPORT CLASS D","class":"D","lower":"0","lower_code":"SFC","upper":"2600"},"geometry":{"type":"Polygon","coordinates":[[[144.7971,13.5559],[144.8115,13.5546],[144.8252,13.5505],[144.838,13.5438],[144.8491,13.5349],[144.8583,13.524],[144.8651,13.5115],[144.8693,13.498],[144.8707,13.4839],[144.8693,13.4699],[144.8651,13.4564],[144.8583,13.444],[144.8491,13.4331],[144.838,13.4241],[144.8253,13.4174],[144.8114,13.4133],[144.7971,13.412],[144.7827,13.4134],[144.7689,13.4175],[144.7562,13.4242],[144.7451,13.4331],[144.736,13.444],[144.7291,13.4565],[144.725,13.47],[144.7236,13.484],[144.725,13.4981],[144.7292,13.5115],[144.736,13.524],[144.7451,13.5349],[144.7562,13.5438],[144.769,13.5505],[144.7828,13.5546],[144.7971,13.5559]]]}},{"type":"Feature","properties":{"name":"HONOLULU CLASS D","class":"D","lower":"0","lower_code":"SFC","upper":"3300"},"geometry":{"type":"Polygon","coordinates":[[[-158.0378,21.4262],[-158.0519,21.4278],[-158.0652,21.4326],[-158.0742,21.438],[-158.0753,21.4478],[-158.0958,21.4547],[-158.0806,21.4872],[-158.0664,21.505],[-158.075,21.5175],[-158.0379,21.5249],[-158.0234,21.5228],[-158.0103,21.5165],[-157.9761,21.4824],[-157.9789,21.4824],[-157.9802,21.4698],[-157.9846,21.4577],[-157.9967,21.4419],[-158.0055,21.4353],[-158.0156,21.4303],[-158.0265,21.4273],[-158.0378,21.4262]]]}},{"type":"Feature","properties":{"name":"JUPITER CLASS D","class":"D","lower":"0","lower_code":"SFC","upper":"2500"},"geometry":{"type":"Polygon","coordinates":[[[-80.2803,26.8465],[-80.3638,26.84],[-80.3787,26.848],[-80.3915,26.8586],[-80.4005,26.8697],[-80.4071,26.8821],[-80.4111,26.8954],[-80.4123,26.909],[-80.4107,26.9227],[-80.4064,26.9359],[-80.3995,26.9481],[-80.3902,26.959],[-80.3771,26.9694],[-80.3617,26.9772],[-80.3449,26.9819],[-80.3275,26.9834],[-80.31,26.9815],[-80.2933,26.9765],[-80.2782,26.9684],[-80.2653,26.9577],[-80.2552,26.9448],[-80.2482,26.9303],[-80.2448,26.9149],[-80.2451,26.8991],[-80.2491,26.8837],[-80.2565,26.8695],[-80.2671,26.8569],[-80.2803,26.8465]]]}},{"type":"Feature","properties":{"name":"NEW BRAUNFELS CLASS D","class":"D","lower":"0","lower_code":"SFC","upper":"2700"},"geometry":{"type":"Polygon","coordinates":[[[-98.0422,29.773],[-98.0269,29.7717],[-98.0122,29.7678],[-97.9987,29.7615],[-97.9867,29.7529],[-97.977,29.7426],[-97.9697,29.7308],[-97.9653,29.7179],[-97.9638,29.7045],[-97.9653,29.6912],[-97.9697,29.6783],[-97.977,29.6665],[-97.9868,29.6561],[-97.9986,29.6476],[-98.0122,29.6412],[-98.027,29.6373],[-98.0423,29.636],[-98.0575,29.6373],[-98.0723,29.6412],[-98.0859,29.6476],[-98.0977,29.6561],[-98.1075,29.6665],[-98.1147,29.6783],[-98.1192,29.6912],[-98.1207,29.7045],[-98.1192,29.7179],[-98.1147,29.7308],[-98.1075,29.7426],[-98.0977,29.7529],[-98.0858,29.7615],[-98.0722,29.7678],[-98.0575,29.7717],[-98.0422,29.773]]]}},{"type":"Feature","properties":{"name":"GRAND RAPIDS, GERALD R FORD INTERNATIONAL AIRPORT CLASS C","class":"C","lower":"2000","lower_code":"MSL","upper":"4800"},"geometry":{"type":"Polygon","coordinates":[[[-85.5228,43.0475],[-85.4785,43.0443],[-85.436,43.0349],[-85.3968,43.0195],[-85.3624,42.9988],[-85.3343,42.9735],[-85.3228,42.9595],[-85.3133,42.9448],[-85.3059,42.9294],[-85.3005,42.9135],[-85.2972,42.8974],[-85.2961,42.8811],[-85.2972,42.8648],[-85.3005,42.8486],[-85.3058,42.8328],[-85.3134,42.8172],[-85.3229,42.8025],[-85.3344,42.7883],[-85.3626,42.763],[-85.3969,42.7423],[-85.4361,42.7268],[-85.4786,42.7173],[-85.5229,42.7141],[-85.5671,42.7173],[-85.6097,42.7269],[-85.6489,42.7424],[-85.6831,42.7631],[-85.7113,42.7884],[-85.7322,42.8172],[-85.7398,42.8327],[-85.7452,42.8486],[-85.7484,42.8647],[-85.7495,42.881],[-85.7484,42.8974],[-85.7452,42.9135],[-85.7398,42.9294],[-85.7323,42.9447],[-85.7228,42.9595],[-85.7114,42.9735],[-85.6832,42.9987],[-85.6489,43.0195],[-85.6097,43.0349],[-85.5671,43.0443],[-85.5228,43.0475]]]}},{"type":"Feature","properties":{"name":"GRAND RAPIDS, GERALD R FORD INTERNATIONAL AIRPORT CLASS C","class":"C","lower":"0","lower_code":"SFC","upper":"4800"},"geometry":{"type":"Polygon","coordinates":[[[-85.5228,42.9642],[-85.5007,42.9626],[-85.4795,42.9579],[-85.4599,42.9502],[-85.4427,42.9398],[-85.4286,42.9272],[-85.4181,42.9128],[-85.4117,42.8972],[-85.4095,42.8809],[-85.4116,42.8647],[-85.4181,42.849],[-85.4285,42.8346],[-85.4426,42.8219],[-85.4598,42.8116],[-85.4794,42.8038],[-85.5006,42.7991],[-85.5227,42.7975],[-85.5449,42.7991],[-85.5661,42.8038],[-85.5857,42.8115],[-85.6029,42.8219],[-85.617,42.8345],[-85.6275,42.8489],[-85.634,42.8646],[-85.6361,42.8808],[-85.634,42.8971],[-85.6275,42.9128],[-85.6171,42.9271],[-85.603,42.9398],[-85.5858,42.9502],[-85.5662,42.9579],[-85.5449,42.9626],[-85.5228,42.9642]]]}},{"type":"Feature","properties":{"name":"BARKSDALE AFB CLASS C","class":"C","lower":"0","lower_code":"SFC","upper":"4300"},"geometry":{"type":"Polygon","coordinates":[[[-93.7279,32.4394],[-93.7286,32.4589],[-93.7346,32.4776],[-93.7456,32.4947],[-93.7608,32.5091],[-93.759,32.5193],[-93.7477,32.516],[-93.7358,32.5167],[-93.7252,32.5214],[-93.7176,32.5292],[-93.7146,32.537],[-93.7147,32.5452],[-93.7199,32.5556],[-93.7299,32.5629],[-93.7255,32.5663],[-93.7077,32.5762],[-93.688,32.5826],[-93.667,32.5854],[-93.6458,32.5842],[-93.6254,32.5793],[-93.6068,32.5707],[-93.5907,32.559],[-93.5779,32.5446],[-93.5704,32.5313],[-93.5657,32.5171],[-93.5641,32.5024],[-93.5655,32.4877],[-93.57,32.4734],[-93.5774,32.46],[-93.5874,32.448],[-93.5998,32.4376],[-93.6142,32.4292],[-93.63,32.4231],[-93.6469,32.4195],[-93.6642,32.4184],[-93.6815,32.42],[-93.6983,32.4241],[-93.7139,32.4306],[-93.7279,32.4394]]]}},{"type":"Feature","properties":{"name":"BARKSDALE AFB CLASS C","class":"C","lower":"1600","lower_code":"MSL","upper":"4300"},"geometry":{"type":"Polygon","coordinates":[[[-93.679,32.3355],[-93.8099,32.613],[-93.7919,32.6281],[-93.7717,32.6411],[-93.7496,32.6518],[-93.7261,32.6601],[-93.7015,32.6657],[-93.6763,32.6685],[-93.651,32.6686],[-93.6257,32.666],[-93.59,32.6572],[-93.5566,32.6428],[-93.5272,32.6234],[-93.5026,32.5995],[-93.4838,32.5723],[-93.4714,32.5424],[-93.4658,32.5111],[-93.4674,32.4794],[-93.4759,32.4486],[-93.4912,32.4197],[-93.5126,32.3937],[-93.5394,32.3717],[-93.5706,32.3543],[-93.6051,32.3422],[-93.6417,32.3359],[-93.679,32.3355]]]}},{"type":"Feature","properties":{"name":"SHREVEPORT REGIONAL AIRPORT CLASS C","class":"C","lower":"0","lower_code":"SFC","upper":"4300"},"geometry":{"type":"Polygon","coordinates":[[[-93.826,32.53],[-93.8068,32.5284],[-93.7884,32.5237],[-93.7714,32.516],[-93.7564,32.5056],[-93.7442,32.4929],[-93.7351,32.4785],[-93.7295,32.4629],[-93.7276,32.4465],[-93.7295,32.4303],[-93.7351,32.4146],[-93.7442,32.4002],[-93.7564,32.3875],[-93.7713,32.3771],[-93.7884,32.3694],[-93.8068,32.3646],[-93.8261,32.363],[-93.8452,32.3646],[-93.8638,32.3694],[-93.8807,32.3771],[-93.8957,32.3875],[-93.908,32.4002],[-93.917,32.4146],[-93.9226,32.4303],[-93.9245,32.4466],[-93.9226,32.463],[-93.917,32.4786],[-93.9079,32.493],[-93.8956,32.5056],[-93.8807,32.516],[-93.8637,32.5237],[-93.8453,32.5284],[-93.826,32.53]]]}},{"type":"Feature","properties":{"name":"SHREVEPORT REGIONAL AIRPORT CLASS C","class":"C","lower":"1600","lower_code":"MSL","upper":"4300"},"geometry":{"type":"Polygon","coordinates":[[[-93.8099,32.613],[-93.679,32.3355],[-93.697,32.3204],[-93.717,32.3075],[-93.7388,32.2968],[-93.7622,32.2885],[-93.7867,32.2829],[-93.8116,32.28],[-93.8367,32.2798],[-93.8619,32.2823],[-93.8978,32.291],[-93.9312,32.3054],[-93.9607,32.3247],[-93.9854,32.3485],[-94.0045,32.376],[-94.017,32.4058],[-94.0227,32.4371],[-94.0213,32.4688],[-94.0128,32.4996],[-93.9976,32.5286],[-93.9763,32.5546],[-93.9496,32.5766],[-93.9184,32.5941],[-93.884,32.6061],[-93.8473,32.6125],[-93.8099,32.613]]]}},{"type":"Feature","properties":{"name":"CHICAGO CLASS C","class":"C","lower":"1900","lower_code":"MSL","upper":"3600"},"geometry":{"type":"Polygon","coordinates":[[[-87.5581,41.7632],[-87.5496,41.7589],[-87.5439,41.7602],[-87.5416,41.7577],[-87.5452,41.7556],[-87.5451,41.7532],[-87.535,41.7497],[-87.5419,41.7316],[-87.553,41.7117],[-87.5676,41.693],[-87.5851,41.676],[-87.6055,41.6607],[-87.6428,41.6409],[-87.6849,41.6271],[-87.7297,41.6201],[-87.7756,41.6201],[-87.8171,41.6264],[-87.8563,41.6385],[-87.8918,41.656],[-87.9222,41.6781],[-87.9465,41.7042],[-87.9637,41.7333],[-87.9733,41.7642],[-87.9751,41.7802],[-87.9748,41.796],[-87.9706,41.8198],[-87.9426,41.815],[-87.9137,41.8128],[-87.8847,41.8133],[-87.8561,41.8165],[-87.8607,41.8055],[-87.8633,41.7942],[-87.8637,41.7827],[-87.862,41.7712],[-87.8583,41.7601],[-87.8525,41.7494],[-87.8353,41.7303],[-87.8119,41.7155],[-87.784,41.706],[-87.7536,41.7026],[-87.7231,41.7055],[-87.7047,41.7107],[-87.6876,41.7182],[-87.6727,41.7278],[-87.6602,41.7392],[-87.6507,41.7521],[-87.6443,41.766],[-87.6413,41.7806],[-87.6417,41.7953],[-87.6456,41.8097],[-87.6529,41.8234],[-87.6633,41.836],[-87.6764,41.8469],[-87.692,41.856],[-87.7094,41.8629],[-87.7282,41.8673],[-87.7477,41.8693],[-87.6164,41.8693],[-87.6137,41.8681],[-87.6136,41.8555],[-87.6105,41.8508],[-87.6071,41.8374],[-87.5963,41.8209],[-87.5858,41.8078],[-87.5813,41.8044],[-87.5803,41.7995],[-87.5764,41.7974],[-87.5799,41.794],[-87.5763,41.7852],[-87.5742,41.7828],[-87.5704,41.7819],[-87.5732,41.7808],[-87.5632,41.77],[-87.5606,41.7694],[-87.561,41.7666],[-87.5581,41.7632]]]}},{"type":"Feature","properties":{"name":"SAULT STE MARIE CLASS D","class":"D","lower":"0","lower_code":"SFC","upper":"3000"},"geometry":{"type":"Polygon","coordinates":[[[-84.391,46.5008],[-84.3889,46.4839],[-84.3917,46.467],[-84.3995,46.4509],[-84.4118,46.4361],[-84.4282,46.4235],[-84.448,46.4133],[-84.4704,46.4062],[-84.4944,46.4024],[-84.519,46.402],[-84.5431,46.405],[-84.566,46.4114],[-84.5864,46.4209],[-84.6037,46.4331],[-84.617,46.4474],[-84.6259,46.4633],[-84.6298,46.4801],[-84.6286,46.4981],[-84.6217,46.5154],[-84.5569,46.4608],[-84.4757,46.4529],[-84.4453,46.4891],[-84.4212,46.5006],[-84.3956,46.4986],[-84.391,46.5008]]]}},{"type":"Feature","properties":{"name":"FORT CAMPBELL CLASS D","class":"D","lower":"0","lower_code":"SFC","upper":"3100"},"geometry":{"type":"Polygon","coordinates":[[[-87.4115,36.572],[-87.4185,36.572],[-87.4217,36.5548],[-87.4319,36.5395],[-87.4439,36.5301],[-87.4587,36.5237],[-87.4768,36.5206],[-87.4952,36.5219],[-87.5123,36.5275],[-87.5266,36.537],[-87.5363,36.5485],[-87.5416,36.5617],[-87.5423,36.5756],[-87.5383,36.589],[-87.5605,36.5997],[-87.5792,36.6141],[-87.5934,36.6315],[-87.6024,36.6511],[-87.6056,36.6707],[-87.6035,36.6904],[-87.5962,36.7093],[-87.5841,36.7265],[-87.5671,36.7416],[-87.5463,36.7534],[-87.5228,36.7611],[-87.4977,36.7644],[-87.4725,36.7633],[-87.4481,36.7576],[-87.4259,36.7477],[-87.4069,36.7341],[-87.3945,36.7208],[-87.3853,36.7057],[-87.3786,36.6844],[-87.3785,36.6624],[-87.3675,36.6542],[-87.3593,36.6441],[-87.3544,36.6328],[-87.3529,36.6208],[-87.3542,36.6116],[-87.3577,36.6027],[-87.3704,36.5871],[-87.3891,36.5764],[-87.4115,36.572]]]}},{"type":"Feature","properties":{"name":"CHICAGO CLASS C","class":"C","lower":"0","lower_code":"SFC","upper":"3600"},"geometry":{"type":"Polygon","coordinates":[[[-87.7524,41.8693],[-87.7307,41.8677],[-87.7098,41.863],[-87.6906,41.8553],[-87.6736,41.8449],[-87.6598,41.8323],[-87.6495,41.8179],[-87.6432,41.8023],[-87.641,41.786],[-87.6432,41.7697],[-87.6495,41.7541],[-87.6598,41.7397],[-87.6737,41.727],[-87.6905,41.7167],[-87.7098,41.7089],[-87.7307,41.7042],[-87.7525,41.7026],[-87.7742,41.7042],[-87.7951,41.709],[-87.8144,41.7167],[-87.8312,41.7271],[-87.8451,41.7397],[-87.8553,41.7541],[-87.8617,41.7698],[-87.8638,41.7861],[-87.8616,41.8024],[-87.8553,41.818],[-87.845,41.8324],[-87.8312,41.845],[-87.8143,41.8553],[-87.795,41.863],[-87.7742,41.8677],[-87.7524,41.8693]]]}},{"type":"Feature","properties":{"name":"CHICAGO CLASS C","class":"C","lower":"2300","lower_code":"MSL","upper":"3600"},"geometry":{"type":"Polygon","coordinates":[[[-87.6164,41.8693],[-87.5593,41.8693],[-87.5538,41.8617],[-87.5395,41.8352],[-87.5314,41.807],[-87.5299,41.7782],[-87.535,41.7497],[-87.5451,41.7532],[-87.5452,41.7556],[-87.5416,41.7577],[-87.5439,41.7602],[-87.5496,41.7589],[-87.5551,41.7612],[-87.5551,41.7628],[-87.5587,41.7634],[-87.561,41.7666],[-87.5606,41.7694],[-87.5632,41.77],[-87.5732,41.7808],[-87.5704,41.7819],[-87.5753,41.7836],[-87.5798,41.7923],[-87.5795,41.7947],[-87.5764,41.7974],[-87.5803,41.7995],[-87.5813,41.8044],[-87.5858,41.8078],[-87.5963,41.8209],[-87.6071,41.8374],[-87.6105,41.8508],[-87.6136,41.8555],[-87.6137,41.8681],[-87.6164,41.8693]]]}},{"type":"Feature","properties":{"name":"GRISSOM ARB CLASS D","class":"D","lower":"0","lower_code":"SFC","upper":"3300"},"geometry":{"type":"Polygon","coordinates":[[[-86.1521,40.7448],[-86.1273,40.743],[-86.1035,40.7375],[-86.0816,40.7285],[-86.0623,40.7165],[-86.0465,40.7018],[-86.0348,40.6851],[-86.0276,40.667],[-86.0251,40.6481],[-86.0276,40.6293],[-86.0348,40.6111],[-86.0465,40.5944],[-86.0624,40.5797],[-86.0816,40.5677],[-86.1036,40.5587],[-86.1275,40.5532],[-86.1522,40.5514],[-86.177,40.5532],[-86.2007,40.5587],[-86.2227,40.5677],[-86.2419,40.5797],[-86.2577,40.5944],[-86.2694,40.6111],[-86.2767,40.6293],[-86.2791,40.6482],[-86.2766,40.6671],[-86.2694,40.6852],[-86.2577,40.7019],[-86.2419,40.7165],[-86.2227,40.7285],[-86.2007,40.7375],[-86.1769,40.743],[-86.1521,40.7448]]]}},{"type":"Feature","properties":{"name":"FALMOUTH CLASS D","class":"D","lower":"0","lower_code":"SFC","upper":"2600"},"geometry":{"type":"Polygon","coordinates":[[[-70.5182,41.5859],[-70.5193,41.5909],[-70.5225,41.5955],[-70.5335,41.6015],[-70.5418,41.6022],[-70.5499,41.6006],[-70.5566,41.5969],[-70.5611,41.5916],[-70.5836,41.6017],[-70.5963,41.6108],[-70.6067,41.6214],[-70.6143,41.6332],[-70.619,41.6459],[-70.6206,41.659],[-70.6191,41.6721],[-70.6145,41.6848],[-70.6069,41.6966],[-70.5966,41.7073],[-70.584,41.7164],[-70.5694,41.7236],[-70.5534,41.7288],[-70.533,41.7321],[-70.5122,41.7321],[-70.4918,41.7287],[-70.4729,41.7222],[-70.4562,41.7129],[-70.4426,41.7011],[-70.4325,41.6875],[-70.4266,41.6725],[-70.425,41.657],[-70.4279,41.6415],[-70.435,41.6268],[-70.4461,41.6136],[-70.4607,41.6025],[-70.4781,41.5939],[-70.4975,41.5883],[-70.5182,41.5859]]]}},{"type":"Feature","properties":{"name":"LITTLE ROCK, ADAMS FIELD CLASS C","class":"C","lower":"0","lower_code":"SFC","upper":"4300"},"geometry":{"type":"Polygon","coordinates":[[[-92.2237,34.646],[-92.2432,34.6474],[-92.2641,34.6525],[-92.2813,34.6602],[-92.2964,34.6706],[-92.3088,34.6831],[-92.3181,34.6974],[-92.3239,34.7128],[-92.3259,34.729],[-92.3241,34.7451],[-92.3186,34.7606],[-92.3095,34.775],[-92.2973,34.7876],[-92.2823,34.7981],[-92.2651,34.806],[-92.2465,34.811],[-92.227,34.8129],[-92.2074,34.8117],[-92.1885,34.8074],[-92.1709,34.8001],[-92.1554,34.7902],[-92.1425,34.778],[-92.1327,34.7639],[-92.1264,34.7486],[-92.1237,34.7308],[-92.1253,34.7146],[-92.1306,34.699],[-92.1395,34.6846],[-92.1516,34.6718],[-92.1665,34.6613],[-92.1835,34.6533],[-92.2021,34.6481],[-92.2237,34.646]]]}},{"type":"Feature","properties":{"name":"LITTLE ROCK, ADAMS FIELD CLASS C","class":"C","lower":"1500","lower_code":"MSL","upper":"4300"},"geometry":{"type":"Polygon","coordinates":[[[-92.0493,34.6466],[-92.072,34.6202],[-92.1004,34.5979],[-92.1334,34.5805],[-92.172,34.5683],[-92.2106,34.5629],[-92.2519,34.564],[-92.29,34.5715],[-92.3257,34.5848],[-92.2753,34.6571],[-92.2554,34.6499],[-92.2363,34.6465],[-92.2168,34.6462],[-92.1976,34.6491],[-92.1794,34.6549],[-92.1628,34.6635],[-92.1486,34.6746],[-92.1373,34.6877],[-92.1285,34.7041],[-92.1244,34.7199],[-92.124,34.736],[-92.1274,34.7519],[-92.1344,34.7669],[-92.1449,34.7806],[-92.1583,34.7923],[-92.1742,34.8017],[-92.1235,34.874],[-92.0916,34.8551],[-92.0647,34.8315],[-92.0438,34.8041],[-92.0298,34.7738],[-92.0231,34.7419],[-92.024,34.7095],[-92.0325,34.6779],[-92.0395,34.6627],[-92.0493,34.6466]]]}},{"type":"Feature","properties":{"name":"LITTLE ROCK, ADAMS FIELD CLASS C","class":"C","lower":"1800","lower_code":"MSL","upper":"4300"},"geometry":{"type":"Polygon","coordinates":[[[-92.2753,34.6571],[-92.3257,34.5848],[-92.3508,34.599],[-92.3731,34.6161],[-92.3921,34.6358],[-92.4072,34.6576],[-92.4182,34.6811],[-92.4245,34.7038],[-92.4269,34.7271],[-92.4254,34.7504],[-92.4199,34.7734],[-92.4106,34.7954],[-92.3976,34.8162],[-92.3799,34.8367],[-92.3023,34.7831],[-92.3144,34.7682],[-92.3223,34.7514],[-92.3258,34.7337],[-92.3245,34.7158],[-92.3187,34.6985],[-92.3085,34.6826],[-92.2944,34.669],[-92.2753,34.6571]]]}},{"type":"Feature","properties":{"name":"LITTLE ROCK, ADAMS FIELD CLASS C","class":"C","lower":"2100","lower_code":"MSL","upper":"4300"},"geometry":{"type":"Polygon","coordinates":[[[-92.1235,34.874],[-92.1742,34.8017],[-92.1899,34.8078],[-92.2067,34.8116],[-92.224,34.8129],[-92.2413,34.8118],[-92.2581,34.8083],[-92.274,34.8024],[-92.2883,34.7944],[-92.3023,34.7831],[-92.3799,34.8367],[-92.3537,34.8581],[-92.3251,34.8744],[-92.2936,34.8865],[-92.26,34.8939],[-92.2231,34.8964],[-92.1885,34.8937],[-92.155,34.8862],[-92.1235,34.874]]]}},{"type":"Feature","properties":{"name":"LAKE CITY CLASS D","class":"D","lower":"0","lower_code":"SFC","upper":"2500"},"geometry":{"type":"Polygon","coordinates":[[[-82.5769,30.2521],[-82.5612,30.2508],[-82.5461,30.2468],[-82.5321,30.2403],[-82.5198,30.2316],[-82.5098,30.221],[-82.5023,30.2088],[-82.4977,30.1957],[-82.4962,30.182],[-82.4977,30.1683],[-82.5023,30.1551],[-82.5098,30.143],[-82.5199,30.1323],[-82.5321,30.1236],[-82.5461,30.1171],[-82.5613,30.1131],[-82.577,30.1118],[-82.5928,30.1131],[-82.6079,30.1171],[-82.6218,30.1236],[-82.6341,30.1324],[-82.6441,30.143],[-82.6516,30.1552],[-82.6562,30.1683],[-82.6577,30.182],[-82.6561,30.1957],[-82.6516,30.2088],[-82.6441,30.2209],[-82.6341,30.2316],[-82.6218,30.2403],[-82.6078,30.2468],[-82.5927,30.2508],[-82.5769,30.2521]]]}},{"type":"Feature","properties":{"name":"BROOKSHIRE CLASS D","class":"D","lower":"0","lower_code":"SFC","upper":"2500"},"geometry":{"type":"Polygon","coordinates":[[[-95.9684,29.7789],[-95.9303,29.7931],[-95.9311,29.8653],[-95.9226,29.8683],[-95.9072,29.8714],[-95.8915,29.8716],[-95.8761,29.8691],[-95.8615,29.8639],[-95.8486,29.8562],[-95.8376,29.8463],[-95.8292,29.8347],[-95.8237,29.8218],[-95.8214,29.8095],[-95.8218,29.797],[-95.8249,29.7848],[-95.8305,29.7733],[-95.8384,29.7629],[-95.8484,29.754],[-95.8602,29.7468],[-95.8732,29.7417],[-95.8872,29.7389],[-95.9014,29.7383],[-95.9156,29.74],[-95.9291,29.744],[-95.9416,29.7501],[-95.9525,29.7582],[-95.9616,29.7679],[-95.9684,29.7789]]]}},{"type":"Feature","properties":{"name":"SIOUX CITY CLASS D","class":"D","lower":"0","lower_code":"SFC","upper":"3600"},"geometry":{"type":"Polygon","coordinates":[[[-96.4676,42.4379],[-96.4555,42.4432],[-96.4515,42.4483],[-96.45,42.454],[-96.4449,42.4573],[-96.4262,42.466],[-96.4053,42.4713],[-96.4052,42.4749],[-96.3602,42.4744],[-96.3603,42.4707],[-96.3402,42.4651],[-96.3223,42.4563],[-96.3107,42.4477],[-96.3011,42.4378],[-96.2935,42.4258],[-96.2889,42.4128],[-96.2877,42.3995],[-96.2899,42.3862],[-96.2964,42.3716],[-96.3071,42.3582],[-96.3214,42.347],[-96.3386,42.3382],[-96.358,42.3323],[-96.3787,42.3297],[-96.3996,42.3305],[-96.4197,42.3346],[-96.4382,42.3417],[-96.4543,42.3517],[-96.467,42.364],[-96.4759,42.378],[-96.4805,42.3932],[-96.4807,42.4086],[-96.4763,42.4238],[-96.4676,42.4379]]]}},{"type":"Feature","properties":{"name":"EL PASO INTERNATIONAL AIRPORT CLASS C","class":"C","lower":"0","lower_code":"SFC","upper":"8000"},"geometry":{"type":"Polygon","coordinates":[[[-106.3768,31.7238],[-106.3792,31.7301],[-106.3844,31.7341],[-106.4153,31.7508],[-106.435,31.7551],[-106.4506,31.7642],[-106.4506,31.8618],[-106.4351,31.8741],[-106.4168,31.8834],[-106.3966,31.889],[-106.3755,31.8908],[-106.3564,31.8891],[-106.3382,31.8842],[-106.3213,31.8764],[-106.3067,31.866],[-106.2947,31.8533],[-106.2858,31.8388],[-106.2803,31.8231],[-106.2786,31.8069],[-106.2806,31.7906],[-106.2862,31.775],[-106.2953,31.7606],[-106.3076,31.748],[-106.3224,31.7377],[-106.3393,31.73],[-106.3577,31.7254],[-106.3768,31.7238]]]}},{"type":"Feature","properties":{"name":"EL PASO INTERNATIONAL AIRPORT CLASS C","class":"C","lower":"5200","lower_code":"MSL","upper":"8000"},"geometry":{"type":"Polygon","coordinates":[[[-106.3768,31.7238],[-106.3579,31.7253],[-106.3396,31.7299],[-106.3228,31.7375],[-106.3079,31.7477],[-106.2957,31.7601],[-106.2865,31.7744],[-106.2807,31.7899],[-106.2786,31.806],[-106.2795,31.8188],[-106.2827,31.8312],[-106.288,31.8432],[-106.2954,31.8542],[-106.3047,31.8642],[-106.3157,31.8729],[-106.3282,31.88],[-106.3416,31.8854],[-106.3708,31.8907],[-106.4005,31.8883],[-106.4279,31.8783],[-106.44,31.8707],[-106.4506,31.8618],[-106.4506,31.9619],[-106.4121,31.9716],[-106.3721,31.9743],[-106.3342,31.9704],[-106.2979,31.9604],[-106.2646,31.9445],[-106.2355,31.9233],[-106.2118,31.8977],[-106.1944,31.8687],[-106.1839,31.8374],[-106.1808,31.8048],[-106.1831,31.7819],[-106.1891,31.7594],[-106.1986,31.7379],[-106.2116,31.7175],[-106.2276,31.699],[-106.2465,31.6825],[-106.2678,31.6685],[-106.2913,31.657],[-106.3221,31.6469],[-106.3345,31.6635],[-106.3491,31.696],[-106.3723,31.7125],[-106.3768,31.7238]]]}},{"type":"Feature","properties":{"name":"ST PETERSBURG CLASS D","class":"D","lower":"0","lower_code":"SFC","upper":"1600"},"geometry":{"type":"Polygon","coordinates":[[[-82.6843,27.8385],[-82.7005,27.8396],[-82.716,27.8436],[-82.7303,27.8503],[-82.7414,27.8582],[-82.7518,27.8692],[-82.7587,27.8802],[-82.7637,27.8939],[-82.7655,27.9064],[-82.7643,27.9207],[-82.76,27.9346],[-82.7525,27.9473],[-82.7436,27.9572],[-82.7313,27.9665],[-82.719,27.9727],[-82.7036,27.9772],[-82.6895,27.9788],[-82.6753,27.9782],[-82.6596,27.9747],[-82.6468,27.9694],[-82.6337,27.9609],[-82.6243,27.9432],[-82.6105,27.928],[-82.6075,27.9102],[-82.6085,27.8977],[-82.6126,27.8838],[-82.6188,27.8725],[-82.6286,27.861],[-82.6391,27.8525],[-82.653,27.8451],[-82.6683,27.8404],[-82.6843,27.8385]]]}},{"type":"Feature","properties":{"name":"MOUNTAIN HOME CLASS D","class":"D","lower":"0","lower_code":"SFC","upper":"5500"},"geometry":{"type":"Polygon","coordinates":[[[-115.8724,43.1269],[-115.8503,43.1254],[-115.829,43.1206],[-115.8093,43.1129],[-115.7921,43.1026],[-115.778,43.09],[-115.7675,43.0756],[-115.761,43.06],[-115.7588,43.0436],[-115.761,43.0274],[-115.7674,43.0118],[-115.7779,42.9974],[-115.7921,42.9846],[-115.8093,42.9743],[-115.8289,42.9666],[-115.8504,42.9618],[-115.8725,42.9602],[-115.8946,42.9618],[-115.916,42.9666],[-115.9356,42.9743],[-115.9528,42.9847],[-115.967,42.9974],[-115.9775,43.0118],[-115.9839,43.0274],[-115.9861,43.0437],[-115.9839,43.0599],[-115.9774,43.0755],[-115.967,43.0899],[-115.9529,43.1025],[-115.9357,43.1129],[-115.916,43.1206],[-115.8947,43.1253],[-115.8724,43.1269]]]}},{"type":"Feature","properties":{"name":"STOCKTON CLASS D","class":"D","lower":"0","lower_code":"SFC","upper":"2500"},"geometry":{"type":"Polygon","coordinates":[[[-121.2383,37.9693],[-121.2199,37.9678],[-121.202,37.9635],[-121.1857,37.9566],[-121.1713,37.9473],[-121.1595,37.9359],[-121.1508,37.9229],[-121.1454,37.9089],[-121.1436,37.8942],[-121.1454,37.8796],[-121.1508,37.8654],[-121.1596,37.8525],[-121.1714,37.8411],[-121.1857,37.8317],[-121.2021,37.8248],[-121.2199,37.8205],[-121.2384,37.8191],[-121.2568,37.8205],[-121.2746,37.8248],[-121.291,37.8317],[-121.3054,37.8411],[-121.3172,37.8525],[-121.3259,37.8655],[-121.3313,37.8796],[-121.3331,37.8942],[-121.3312,37.9089],[-121.3258,37.923],[-121.3171,37.936],[-121.3053,37.9473],[-121.2909,37.9566],[-121.2746,37.9635],[-121.2568,37.9678],[-121.2383,37.9693]]]}},{"type":"Feature","properties":{"name":"ORLANDO CLASS D","class":"D","lower":"0","lower_code":"SFC","upper":"1600"},"geometry":{"type":"Polygon","coordinates":[[[-81.2618,28.5141],[-81.2681,28.5048],[-81.2851,28.5103],[-81.3009,28.5127],[-81.3169,28.5127],[-81.3328,28.5103],[-81.3568,28.5015],[-81.3772,28.4872],[-81.3883,28.4951],[-81.3963,28.5032],[-81.4079,28.5221],[-81.4114,28.5343],[-81.4124,28.545],[-81.4088,28.5663],[-81.4025,28.5795],[-81.3932,28.5913],[-81.3814,28.6011],[-81.3675,28.6087],[-81.3522,28.6136],[-81.3361,28.6156],[-81.3199,28.6147],[-81.3042,28.6109],[-81.2897,28.6044],[-81.277,28.5954],[-81.2667,28.5843],[-81.2591,28.5716],[-81.2547,28.5578],[-81.2535,28.5435],[-81.2556,28.5292],[-81.2618,28.5141]]]}},{"type":"Feature","properties":{"name":"LITTLE ROCK AFB CLASS D","class":"D","lower":"0","lower_code":"SFC","upper":"2800"},"geometry":{"type":"Polygon","coordinates":[[[-92.145,35.011],[-92.1229,35.0092],[-92.1016,35.0039],[-92.0819,34.9952],[-92.0647,34.9836],[-92.0506,34.9695],[-92.0401,34.9533],[-92.0337,34.9358],[-92.0315,34.9175],[-92.0337,34.8993],[-92.0402,34.8817],[-92.0506,34.8656],[-92.0648,34.8514],[-92.082,34.8398],[-92.1016,34.8311],[-92.123,34.8258],[-92.145,34.824],[-92.1672,34.8258],[-92.1885,34.8312],[-92.208,34.8398],[-92.2253,34.8514],[-92.2394,34.8657],[-92.2499,34.8818],[-92.2563,34.8994],[-92.2585,34.9176],[-92.2563,34.9359],[-92.2498,34.9534],[-92.2393,34.9695],[-92.2252,34.9837],[-92.208,34.9953],[-92.1884,35.0039],[-92.1671,35.0092],[-92.145,35.011]]]}},{"type":"Feature","properties":{"name":"LYNCHBURG CLASS D","class":"D","lower":"0","lower_code":"SFC","upper":"3400"},"geometry":{"type":"Polygon","coordinates":[[[-79.1326,37.3767],[-79.1306,37.3729],[-79.1256,37.37],[-79.1202,37.3636],[-79.1118,37.3486],[-79.1076,37.3325],[-79.1079,37.3161],[-79.1127,37.3002],[-79.1217,37.2854],[-79.1344,37.2725],[-79.1505,37.2622],[-79.1689,37.2549],[-79.1889,37.2509],[-79.2094,37.2506],[-79.2296,37.2538],[-79.2484,37.2605],[-79.265,37.2702],[-79.2784,37.2826],[-79.2883,37.297],[-79.2931,37.3095],[-79.2952,37.3223],[-79.2944,37.3354],[-79.2909,37.348],[-79.2846,37.3601],[-79.2759,37.371],[-79.2649,37.3807],[-79.252,37.3886],[-79.2375,37.3947],[-79.2221,37.3986],[-79.2058,37.4004],[-79.1896,37.3999],[-79.1736,37.3972],[-79.1585,37.3923],[-79.1447,37.3854],[-79.1326,37.3767]]]}},{"type":"Feature","properties":{"name":"PALM COAST CLASS D","class":"D","lower":"0","lower_code":"SFC","upper":"1500"},"geometry":{"type":"Polygon","coordinates":[[[-81.2076,29.5353],[-81.192,29.534],[-81.1769,29.53],[-81.1631,29.5235],[-81.1509,29.5148],[-81.141,29.5042],[-81.1336,29.4921],[-81.129,29.4789],[-81.1275,29.4652],[-81.129,29.4515],[-81.1336,29.4383],[-81.141,29.4262],[-81.151,29.4155],[-81.1632,29.4068],[-81.177,29.4003],[-81.1921,29.3963],[-81.2077,29.395],[-81.2234,29.3963],[-81.2384,29.4003],[-81.2523,29.4068],[-81.2644,29.4156],[-81.2744,29.4262],[-81.2818,29.4384],[-81.2863,29.4515],[-81.2878,29.4652],[-81.2863,29.4789],[-81.2817,29.492],[-81.2743,29.5042],[-81.2644,29.5148],[-81.2522,29.5235],[-81.2383,29.53],[-81.2233,29.534],[-81.2076,29.5353]]]}},{"type":"Feature","properties":{"name":"CHARLOTTESVILLE CLASS D","class":"D","lower":"0","lower_code":"SFC","upper":"3100"},"geometry":{"type":"Polygon","coordinates":[[[-78.4523,38.2097],[-78.435,38.2084],[-78.4184,38.2044],[-78.4031,38.1979],[-78.3896,38.1892],[-78.3786,38.1786],[-78.3704,38.1665],[-78.3653,38.1534],[-78.3636,38.1397],[-78.3653,38.126],[-78.3704,38.1128],[-78.3786,38.1007],[-78.3896,38.0901],[-78.403,38.0814],[-78.4184,38.0749],[-78.435,38.0709],[-78.4524,38.0696],[-78.4696,38.0709],[-78.4863,38.0749],[-78.5017,38.0814],[-78.5151,38.0901],[-78.5262,38.1008],[-78.5343,38.1129],[-78.5394,38.1261],[-78.5411,38.1397],[-78.5393,38.1534],[-78.5343,38.1666],[-78.5261,38.1786],[-78.515,38.1892],[-78.5016,38.1979],[-78.4863,38.2044],[-78.4697,38.2084],[-78.4523,38.2097]]]}},{"type":"Feature","properties":{"name":"PADUCAH CLASS D","class":"D","lower":"0","lower_code":"SFC","upper":"2900"},"geometry":{"type":"Polygon","coordinates":[[[-88.7736,37.1443],[-88.7533,37.1427],[-88.7338,37.1379],[-88.7158,37.1302],[-88.7,37.1198],[-88.687,37.1072],[-88.6774,37.0928],[-88.6715,37.0772],[-88.6695,37.0609],[-88.6715,37.0446],[-88.6774,37.0289],[-88.687,37.0145],[-88.7,37.0018],[-88.7159,36.9914],[-88.7338,36.9837],[-88.7533,36.979],[-88.7737,36.9774],[-88.7939,36.979],[-88.8135,36.9838],[-88.8315,36.9915],[-88.8472,37.0019],[-88.8602,37.0146],[-88.8698,37.029],[-88.8757,37.0447],[-88.8777,37.0609],[-88.8757,37.0773],[-88.8698,37.0929],[-88.8601,37.1073],[-88.8472,37.1199],[-88.8314,37.1302],[-88.8134,37.1379],[-88.7939,37.1427],[-88.7736,37.1443]]]}},{"type":"Feature","properties":{"name":"JACKSON CLASS D","class":"D","lower":"0","lower_code":"SFC","upper":"2900"},"geometry":{"type":"Polygon","coordinates":[[[-88.9156,35.6701],[-88.8988,35.6688],[-88.8827,35.6648],[-88.8679,35.6583],[-88.8548,35.6496],[-88.8442,35.639],[-88.8363,35.6269],[-88.8314,35.6137],[-88.8297,35.6],[-88.8314,35.5864],[-88.8363,35.5732],[-88.8442,35.5611],[-88.8549,35.5504],[-88.8679,35.5417],[-88.8827,35.5352],[-88.8988,35.5312],[-88.9156,35.5299],[-88.9323,35.5312],[-88.9484,35.5352],[-88.9633,35.5418],[-88.9763,35.5505],[-88.987,35.5611],[-88.9949,35.5732],[-88.9997,35.5864],[-89.0014,35.6],[-88.9997,35.6137],[-88.9949,35.6269],[-88.9869,35.639],[-88.9763,35.6496],[-88.9633,35.6583],[-88.9484,35.6648],[-88.9323,35.6688],[-88.9156,35.6701]]]}},{"type":"Feature","properties":{"name":"SAVANNAH/HUNTER AAF CLASS D","class":"D","lower":"0","lower_code":"SFC","upper":"2500"},"geometry":{"type":"Polygon","coordinates":[[[-81.226,32.0417],[-81.066,32.0417],[-81.0608,32.0295],[-81.0581,32.0168],[-81.0581,32.0039],[-81.0606,31.9911],[-81.067,31.9765],[-81.0768,31.9634],[-81.0896,31.9523],[-81.1048,31.9436],[-81.1217,31.9378],[-81.1397,31.9351],[-81.158,31.9356],[-81.1757,31.9393],[-81.1922,31.946],[-81.2067,31.9555],[-81.2186,31.9674],[-81.2274,31.981],[-81.2326,31.996],[-81.2342,32.0115],[-81.2319,32.027],[-81.226,32.0417]]]}},{"type":"Feature","properties":{"name":"TROY CLASS D","class":"D","lower":"0","lower_code":"SFC","upper":"2900"},"geometry":{"type":"Polygon","coordinates":[[[-86.0139,31.9435],[-85.9948,31.9419],[-85.9765,31.9372],[-85.9596,31.9295],[-85.9447,31.9191],[-85.9325,31.9064],[-85.9235,31.892],[-85.9179,31.8764],[-85.916,31.86],[-85.9179,31.8438],[-85.9235,31.828],[-85.9325,31.8136],[-85.9447,31.8009],[-85.9595,31.7906],[-85.9765,31.7828],[-85.9949,31.7781],[-86.0139,31.7765],[-86.033,31.7781],[-86.0514,31.7829],[-86.0682,31.7906],[-86.0831,31.801],[-86.0953,31.8137],[-86.1043,31.8281],[-86.1099,31.8438],[-86.1117,31.86],[-86.1098,31.8764],[-86.1043,31.892],[-86.0953,31.9064],[-86.0831,31.919],[-86.0682,31.9295],[-86.0513,31.9372],[-86.033,31.9419],[-86.0139,31.9435]]]}},{"type":"Feature","properties":{"name":"ASPEN CLASS D","class":"D","lower":"0","lower_code":"SFC","upper":"10300"},"geometry":{"type":"Polygon","coordinates":[[[-106.8682,39.2936],[-106.8502,39.2922],[-106.833,39.2882],[-106.817,39.2816],[-106.803,39.2726],[-106.7915,39.2618],[-106.783,39.2494],[-106.7778,39.2359],[-106.776,39.2219],[-106.7778,39.2079],[-106.783,39.1944],[-106.7915,39.1821],[-106.803,39.1712],[-106.817,39.1623],[-106.833,39.1556],[-106.8502,39.1515],[-106.8683,39.1502],[-106.8862,39.1515],[-106.9035,39.1556],[-106.9194,39.1622],[-106.9334,39.1712],[-106.9449,39.1821],[-106.9534,39.1945],[-106.9587,39.208],[-106.9604,39.222],[-106.9586,39.236],[-106.9534,39.2494],[-106.9449,39.2618],[-106.9334,39.2727],[-106.9194,39.2816],[-106.9035,39.2882],[-106.8862,39.2922],[-106.8682,39.2936]]]}},{"type":"Feature","properties":{"name":"ORMOND BEACH CLASS D","class":"D","lower":"0","lower_code":"SFC","upper":"1200"},"geometry":{"type":"Polygon","coordinates":[[[-81.0715,29.2626],[-81.0937,29.2574],[-81.1137,29.2477],[-81.1341,29.2507],[-81.1522,29.2596],[-81.1665,29.2742],[-81.174,29.2923],[-81.1736,29.3115],[-81.1656,29.3294],[-81.1577,29.3383],[-81.1478,29.3456],[-81.1364,29.3508],[-81.124,29.3539],[-81.1111,29.3546],[-81.0984,29.3529],[-81.0863,29.3489],[-81.0754,29.3427],[-81.0664,29.3347],[-81.0593,29.3252],[-81.0548,29.3147],[-81.0529,29.3035],[-81.0537,29.2922],[-81.0572,29.2813],[-81.0632,29.2713],[-81.0715,29.2626]]]}},{"type":"Feature","properties":{"name":"DAYTONA BEACH CLASS C","class":"C","lower":"0","lower_code":"SFC","upper":"4000"},"geometry":{"type":"Polygon","coordinates":[[[-81.058,29.2635],[-81.0395,29.2619],[-81.0216,29.2571],[-81.0051,29.2494],[-80.9907,29.239],[-80.9789,29.2264],[-80.9701,29.2119],[-80.9647,29.1963],[-80.9628,29.1799],[-80.9647,29.1637],[-80.9701,29.1479],[-80.9789,29.1335],[-80.9908,29.1208],[-81.0052,29.1104],[-81.0216,29.1027],[-81.0396,29.098],[-81.0581,29.0964],[-81.0767,29.098],[-81.0945,29.1027],[-81.111,29.1105],[-81.1254,29.1209],[-81.1372,29.1336],[-81.146,29.148],[-81.1514,29.1637],[-81.1532,29.1799],[-81.1514,29.1963],[-81.146,29.2119],[-81.1372,29.2263],[-81.1254,29.239],[-81.1109,29.2494],[-81.0945,29.2571],[-81.0766,29.2618],[-81.058,29.2635]]]}},{"type":"Feature","properties":{"name":"DAYTONA BEACH CLASS C","class":"C","lower":"1200","lower_code":"MSL","upper":"4000"},"geometry":{"type":"Polygon","coordinates":[[[-81.058,29.347],[-81.0209,29.3438],[-80.9852,29.3343],[-80.9523,29.3189],[-80.9234,29.2982],[-80.8998,29.2729],[-80.8822,29.2441],[-80.8713,29.2128],[-80.8676,29.1801],[-80.8713,29.1475],[-80.8821,29.1161],[-80.8997,29.0872],[-80.9234,29.0618],[-80.9522,29.0411],[-80.9851,29.0256],[-81.0209,29.016],[-81.0581,29.0128],[-81.0951,29.016],[-81.1309,29.0256],[-81.1639,29.0411],[-81.1927,29.0618],[-81.2164,29.0872],[-81.2339,29.1161],[-81.2448,29.1475],[-81.2484,29.18],[-81.2448,29.2127],[-81.2339,29.244],[-81.2163,29.2729],[-81.1927,29.2981],[-81.1638,29.3189],[-81.1309,29.3343],[-81.0952,29.3438],[-81.058,29.347]]]}},{"type":"Feature","properties":{"name":"MADISON CLASS C","class":"C","lower":"0","lower_code":"SFC","upper":"4900"},"geometry":{"type":"Polygon","coordinates":[[[-89.4498,43.1537],[-89.4339,43.1572],[-89.4221,43.1657],[-89.4181,43.1726],[-89.4172,43.1801],[-89.4192,43.1874],[-89.4242,43.1939],[-89.4059,43.2065],[-89.3876,43.2147],[-89.3674,43.2203],[-89.3461,43.223],[-89.3245,43.2227],[-89.3035,43.2194],[-89.2836,43.2133],[-89.2657,43.2046],[-89.2503,43.1935],[-89.2381,43.1805],[-89.2294,43.166],[-89.2246,43.1506],[-89.2239,43.1348],[-89.2276,43.1181],[-89.2359,43.1024],[-89.2483,43.0881],[-89.2644,43.076],[-89.2834,43.0665],[-89.3047,43.0601],[-89.3274,43.0569],[-89.3505,43.0571],[-89.373,43.0607],[-89.394,43.0675],[-89.4128,43.0774],[-89.4284,43.0898],[-89.4404,43.1042],[-89.4481,43.1201],[-89.4512,43.1369],[-89.4498,43.1537]]]}},{"type":"Feature","properties":{"name":"MADISON CLASS C","class":"C","lower":"2300","lower_code":"MSL","upper":"4900"},"geometry":{"type":"Polygon","coordinates":[[[-89.3375,43.3066],[-89.2931,43.3034],[-89.2503,43.2939],[-89.2109,43.2785],[-89.1765,43.2578],[-89.1482,43.2326],[-89.1367,43.2186],[-89.1272,43.2038],[-89.1196,43.1884],[-89.1142,43.1726],[-89.111,43.1564],[-89.1099,43.1401],[-89.111,43.1238],[-89.1142,43.1077],[-89.1196,43.0918],[-89.1272,43.0763],[-89.1367,43.0615],[-89.1483,43.0474],[-89.1767,43.022],[-89.211,43.0013],[-89.2504,42.9859],[-89.2932,42.9764],[-89.3376,42.9732],[-89.382,42.9764],[-89.4248,42.9859],[-89.4641,43.0014],[-89.4985,43.0221],[-89.5268,43.0475],[-89.5478,43.0762],[-89.5554,43.0918],[-89.5608,43.1076],[-89.5641,43.1238],[-89.5651,43.1401],[-89.5641,43.1564],[-89.5608,43.1726],[-89.5554,43.1884],[-89.5479,43.2038],[-89.5383,43.2185],[-89.5269,43.2326],[-89.4986,43.2578],[-89.4641,43.2785],[-89.4247,43.2939],[-89.382,43.3034],[-89.3375,43.3066]]]}},{"type":"Feature","properties":{"name":"KALAMAZOO CLASS D","class":"D","lower":"0","lower_code":"SFC","upper":"3400"},"geometry":{"type":"Polygon","coordinates":[[[-85.5516,42.3044],[-85.5332,42.3031],[-85.5155,42.2991],[-85.4992,42.2926],[-85.4849,42.2839],[-85.4732,42.2733],[-85.4645,42.2612],[-85.4591,42.2481],[-85.4573,42.2344],[-85.4591,42.2208],[-85.4645,42.2076],[-85.4732,42.1955],[-85.485,42.1849],[-85.4992,42.1762],[-85.5155,42.1697],[-85.5332,42.1657],[-85.5516,42.1644],[-85.57,42.1657],[-85.5876,42.1697],[-85.6039,42.1762],[-85.6182,42.1849],[-85.6299,42.1956],[-85.6386,42.2076],[-85.644,42.2208],[-85.6458,42.2345],[-85.644,42.2482],[-85.6386,42.2613],[-85.6299,42.2734],[-85.6182,42.2839],[-85.6039,42.2926],[-85.5876,42.2991],[-85.5699,42.3031],[-85.5516,42.3044]]]}},{"type":"Feature","properties":{"name":"FAIRBANKS INTERNATIONAL AIRPORT CLASS D","class":"D","lower":"0","lower_code":"SFC","upper":"2900"},"geometry":{"type":"Polygon","coordinates":[[[-147.6844,64.867],[-147.7358,64.8528],[-147.6908,64.7602],[-147.711,64.7507],[-147.7341,64.7425],[-147.7596,64.7358],[-147.7872,64.7307],[-147.8343,64.7262],[-147.8827,64.7263],[-147.9297,64.7312],[-147.9729,64.7406],[-148.0099,64.7539],[-148.0388,64.7705],[-148.0498,64.7798],[-148.0581,64.7894],[-148.0639,64.7996],[-148.0668,64.8098],[-148.0662,64.8243],[-148.0601,64.8386],[-148.0487,64.8523],[-148.0323,64.8649],[-148.0113,64.8763],[-147.9861,64.8862],[-147.9576,64.8941],[-147.9265,64.9],[-147.8935,64.9037],[-147.8597,64.905],[-147.8257,64.9041],[-147.7924,64.9008],[-147.761,64.8953],[-147.732,64.8877],[-147.7062,64.8782],[-147.6844,64.867]]]}},{"type":"Feature","properties":{"name":"FAIRBANKS, LADD AAF CLASS D","class":"D","lower":"0","lower_code":"SFC","upper":"2900"},"geometry":{"type":"Polygon","coordinates":[[[-147.6877,64.7537],[-147.7358,64.8528],[-147.5161,64.9133],[-147.4778,64.9016],[-147.4467,64.8865],[-147.4246,64.8688],[-147.4172,64.8593],[-147.4124,64.8494],[-147.4102,64.8381],[-147.4114,64.8267],[-147.4161,64.8156],[-147.4242,64.8047],[-147.4354,64.7944],[-147.4497,64.7847],[-147.4863,64.7682],[-147.5316,64.7562],[-147.5826,64.7496],[-147.6358,64.7487],[-147.6877,64.7537]]]}},{"type":"Feature","properties":{"name":"IMPERIAL BEACH NOLF CLASS D","class":"D","lower":"0","lower_code":"SFC","upper":"1500"},"geometry":{"type":"Polygon","coordinates":[[[-117.0106,32.5421],[-117.1448,32.531],[-117.1994,32.5221],[-117.2063,32.535],[-117.2106,32.5486],[-117.2123,32.5627],[-117.2112,32.5768],[-117.2039,32.5986],[-117.1903,32.6179],[-117.139,32.6038],[-117.1274,32.608],[-117.1149,32.6096],[-117.1024,32.6085],[-117.0905,32.6049],[-117.0375,32.6258],[-117.0212,32.608],[-117.0108,32.587],[-117.0072,32.5645],[-117.0106,32.5421]]]}},{"type":"Feature","properties":{"name":"PHILADELPHIA CLASS D","class":"D","lower":"0","lower_code":"SFC","upper":"2600"},"geometry":{"type":"Polygon","coordinates":[[[-75.0106,40.1753],[-74.9867,40.1735],[-74.964,40.1682],[-74.943,40.1596],[-74.9245,40.148],[-74.9094,40.1338],[-74.8982,40.1177],[-74.8913,40.1002],[-74.889,40.0819],[-74.8913,40.0638],[-74.8983,40.0462],[-74.9095,40.0301],[-74.9247,40.0159],[-74.943,40.0043],[-74.9641,39.9956],[-74.987,39.9903],[-75.0106,39.9885],[-75.0344,39.9903],[-75.0571,39.9957],[-75.0782,40.0043],[-75.0966,40.0159],[-75.1117,40.0301],[-75.1229,40.0463],[-75.1299,40.0638],[-75.1322,40.082],[-75.1298,40.1003],[-75.1229,40.1178],[-75.1117,40.1339],[-75.0965,40.148],[-75.0781,40.1596],[-75.0571,40.1682],[-75.0343,40.1735],[-75.0106,40.1753]]]}},{"type":"Feature","properties":{"name":"DENVER CLASS D","class":"D","lower":"0","lower_code":"SFC","upper":"8000"},"geometry":{"type":"Polygon","coordinates":[[[-105.1172,39.9923],[-105.0961,39.9907],[-105.0758,39.986],[-105.0571,39.9783],[-105.0406,39.9679],[-105.0272,39.9552],[-105.0172,39.9408],[-105.011,39.9252],[-105.0089,39.9089],[-105.011,39.8927],[-105.0172,39.877],[-105.0272,39.8626],[-105.0407,39.8499],[-105.0571,39.8396],[-105.0758,39.8318],[-105.0962,39.8271],[-105.1173,39.8255],[-105.1383,39.8271],[-105.1587,39.8319],[-105.1774,39.8396],[-105.1938,39.85],[-105.2073,39.8626],[-105.2173,39.877],[-105.2235,39.8927],[-105.2255,39.909],[-105.2234,39.9253],[-105.2172,39.9409],[-105.2072,39.9553],[-105.1938,39.9679],[-105.1774,39.9783],[-105.1587,39.9859],[-105.1384,39.9907],[-105.1172,39.9923]]]}},{"type":"Feature","properties":{"name":"BLOOMINGTON/NORMAL CLASS D","class":"D","lower":"0","lower_code":"SFC","upper":"3400"},"geometry":{"type":"Polygon","coordinates":[[[-88.9159,40.5505],[-88.8972,40.5491],[-88.8792,40.5449],[-88.8626,40.5382],[-88.8479,40.529],[-88.836,40.5179],[-88.8271,40.5052],[-88.8217,40.4915],[-88.8198,40.4771],[-88.8217,40.4628],[-88.8272,40.449],[-88.836,40.4364],[-88.848,40.4252],[-88.8625,40.4161],[-88.8792,40.4093],[-88.8973,40.4051],[-88.916,40.4037],[-88.9346,40.4051],[-88.9527,40.4093],[-88.9693,40.4161],[-88.9839,40.4253],[-88.9959,40.4364],[-89.0047,40.4491],[-89.0102,40.4629],[-89.012,40.4772],[-89.0101,40.4916],[-89.0047,40.5053],[-88.9958,40.5179],[-88.9838,40.529],[-88.9693,40.5381],[-88.9527,40.5449],[-88.9347,40.5491],[-88.9159,40.5505]]]}},{"type":"Feature","properties":{"name":"JUNEAU CLASS D","class":"D","lower":"2000","lower_code":"MSL","upper":"2500"},"geometry":{"type":"Polygon","coordinates":[[[-134.426,58.3173],[-134.4429,58.3282],[-134.4578,58.3378],[-134.4396,58.3427],[-134.4086,58.3264],[-134.426,58.3173]]]}},{"type":"Feature","properties":{"name":"EUGENE CLASS D","class":"D","lower":"0","lower_code":"SFC","upper":"2900"},"geometry":{"type":"Polygon","coordinates":[[[-123.212,44.2013],[-123.1912,44.1998],[-123.1713,44.1954],[-123.1529,44.1884],[-123.1367,44.1788],[-123.1235,44.1672],[-123.1136,44.154],[-123.1076,44.1396],[-123.1055,44.1246],[-123.1076,44.1097],[-123.1137,44.0952],[-123.1235,44.082],[-123.1368,44.0704],[-123.1529,44.0608],[-123.1713,44.0537],[-123.1913,44.0494],[-123.212,44.0479],[-123.2327,44.0494],[-123.2527,44.0538],[-123.2712,44.0609],[-123.2872,44.0704],[-123.3005,44.0821],[-123.3103,44.0953],[-123.3164,44.1097],[-123.3184,44.1247],[-123.3163,44.1397],[-123.3103,44.154],[-123.3004,44.1672],[-123.2872,44.1788],[-123.2711,44.1884],[-123.2527,44.1954],[-123.2327,44.1998],[-123.212,44.2013]]]}},{"type":"Feature","properties":{"name":"SALEM CLASS D","class":"D","lower":"0","lower_code":"SFC","upper":"2700"},"geometry":{"type":"Polygon","coordinates":[[[-123.05,44.9678],[-123.0169,44.9753],[-122.9851,44.975],[-122.9694,44.9718],[-122.9547,44.9668],[-122.9414,44.9601],[-122.93,44.9517],[-122.9158,44.9349],[-122.9114,44.9255],[-122.9091,44.9157],[-122.9093,44.9017],[-122.9137,44.8879],[-122.9221,44.8752],[-122.9339,44.864],[-122.9168,44.8526],[-122.9414,44.8384],[-122.9702,44.8293],[-122.9767,44.8454],[-122.9974,44.8429],[-123.0183,44.8437],[-123.0384,44.8479],[-123.0568,44.8551],[-123.0688,44.8623],[-123.079,44.8709],[-123.087,44.8806],[-123.0926,44.891],[-123.1152,44.8864],[-123.1194,44.9028],[-123.1189,44.9193],[-123.1139,44.9356],[-123.1044,44.9507],[-123.0857,44.9682],[-123.0612,44.9816],[-123.05,44.9678]]]}},{"type":"Feature","properties":{"name":"SALEM CLASS D","class":"D","lower":"1500","lower_code":"MSL","upper":"2700"},"geometry":{"type":"Polygon","coordinates":[[[-122.9339,44.864],[-122.9199,44.8779],[-122.9113,44.8938],[-122.9087,44.9109],[-122.9123,44.9278],[-122.8897,44.9324],[-122.8858,44.9179],[-122.8856,44.9032],[-122.889,44.8886],[-122.896,44.8747],[-122.9051,44.8631],[-122.9168,44.8526],[-122.9339,44.864]]]}},{"type":"Feature","properties":{"name":"SALEM CLASS D","class":"D","lower":"1500","lower_code":"MSL","upper":"2700"},"geometry":{"type":"Polygon","coordinates":[[[-122.9767,44.8454],[-122.9702,44.8293],[-122.9896,44.8266],[-123.0093,44.8263],[-123.0288,44.8282],[-123.0476,44.8325],[-123.0705,44.8416],[-123.09,44.854],[-123.1052,44.8692],[-123.1152,44.8864],[-123.0926,44.891],[-123.0846,44.8773],[-123.0725,44.8651],[-123.0569,44.8552],[-123.0386,44.8479],[-123.0079,44.8429],[-122.9767,44.8454]]]}},{"type":"Feature","properties":{"name":"EL CENTRO NAF CLASS D","class":"D","lower":"0","lower_code":"SFC","upper":"2500"},"geometry":{"type":"Polygon","coordinates":[[[-115.6692,32.7574],[-115.6861,32.7584],[-115.7025,32.7622],[-115.7176,32.7687],[-115.7293,32.7764],[-115.7406,32.7871],[-115.7491,32.7995],[-115.7546,32.8131],[-115.7566,32.8255],[-115.7558,32.8398],[-115.7516,32.8537],[-115.7442,32.8666],[-115.7354,32.8767],[-115.7229,32.8865],[-115.7084,32.8939],[-115.6945,32.8983],[-115.6778,32.9008],[-115.6629,32.9006],[-115.6483,32.8982],[-115.6344,32.8937],[-115.6217,32.8873],[-115.6217,32.7711],[-115.6442,32.7612],[-115.6692,32.7574]]]}},{"type":"Feature","properties":{"name":"BARTOW CLASS D","class":"D","lower":"0","lower_code":"SFC","upper":"1600"},"geometry":{"type":"Polygon","coordinates":[[[-81.7834,28.0102],[-81.7687,28.0089],[-81.7546,28.0051],[-81.7416,27.999],[-81.7302,27.9906],[-81.7208,27.9805],[-81.7139,27.969],[-81.7096,27.9565],[-81.7081,27.9434],[-81.7096,27.9304],[-81.7139,27.9178],[-81.7208,27.9063],[-81.7302,27.8961],[-81.7416,27.8878],[-81.7546,27.8816],[-81.7688,27.8778],[-81.7834,27.8765],[-81.7982,27.8778],[-81.8123,27.8816],[-81.8253,27.8878],[-81.8367,27.8961],[-81.8461,27.9063],[-81.853,27.9178],[-81.8572,27.9304],[-81.8587,27.9434],[-81.8572,27.9565],[-81.853,27.969],[-81.846,27.9805],[-81.8367,27.9906],[-81.8252,27.999],[-81.8122,28.0051],[-81.7981,28.0089],[-81.7834,28.0102]]]}},{"type":"Feature","properties":{"name":"MINOT AFB CLASS D","class":"D","lower":"0","lower_code":"SFC","upper":"4200"},"geometry":{"type":"Polygon","coordinates":[[[-101.3581,48.5091],[-101.3252,48.5065],[-101.2942,48.4989],[-101.2668,48.4866],[-101.2443,48.4703],[-101.2283,48.4511],[-101.2195,48.4299],[-101.2185,48.408],[-101.2252,48.3863],[-101.2393,48.3665],[-101.2601,48.3492],[-101.2862,48.3358],[-101.3165,48.3268],[-101.3492,48.3228],[-101.382,48.3239],[-101.4139,48.3303],[-101.4425,48.3415],[-101.4589,48.3511],[-101.4727,48.3623],[-101.4838,48.3748],[-101.4919,48.3883],[-101.4967,48.4025],[-101.4982,48.417],[-101.4962,48.4315],[-101.4909,48.4456],[-101.4823,48.459],[-101.4708,48.4713],[-101.4564,48.4823],[-101.4399,48.4915],[-101.4213,48.4991],[-101.401,48.5046],[-101.3798,48.508],[-101.3581,48.5091]]]}},{"type":"Feature","properties":{"name":"MINOT CLASS D","class":"D","lower":"0","lower_code":"SFC","upper":"4200"},"geometry":{"type":"Polygon","coordinates":[[[-101.2767,48.1878],[-101.3085,48.1908],[-101.3374,48.2001],[-101.3607,48.2148],[-101.3696,48.2238],[-101.3763,48.2336],[-101.3807,48.2439],[-101.3827,48.2546],[-101.3822,48.2653],[-101.3792,48.2759],[-101.3739,48.2861],[-101.3663,48.2955],[-101.345,48.3116],[-101.3223,48.3212],[-101.2994,48.3263],[-101.2754,48.3277],[-101.2514,48.3254],[-101.2289,48.3196],[-101.2091,48.3104],[-101.1928,48.2985],[-101.1802,48.2827],[-101.1742,48.2671],[-101.1738,48.251],[-101.1789,48.2353],[-101.1907,48.2192],[-101.2062,48.2069],[-101.2279,48.1964],[-101.2502,48.1903],[-101.2767,48.1878]]]}},{"type":"Feature","properties":{"name":"SHERMAN CLASS D","class":"D","lower":"0","lower_code":"SFC","upper":"3300"},"geometry":{"type":"Polygon","coordinates":[[[-96.6737,33.7926],[-96.6554,33.7911],[-96.6378,33.7866],[-96.6215,33.7794],[-96.6072,33.7696],[-96.5956,33.7577],[-96.5869,33.7442],[-96.5816,33.7295],[-96.5798,33.7141],[-96.5816,33.6989],[-96.5869,33.6841],[-96.5956,33.6705],[-96.6073,33.6586],[-96.6216,33.6488],[-96.6378,33.6416],[-96.6554,33.6371],[-96.6737,33.6356],[-96.692,33.6371],[-96.7096,33.6416],[-96.7258,33.6489],[-96.7401,33.6587],[-96.7518,33.6706],[-96.7604,33.6841],[-96.7658,33.6989],[-96.7676,33.7142],[-96.7657,33.7296],[-96.7604,33.7443],[-96.7517,33.7578],[-96.74,33.7697],[-96.7258,33.7794],[-96.7096,33.7866],[-96.692,33.7911],[-96.6737,33.7926]]]}},{"type":"Feature","properties":{"name":"MERIDIAN CLASS D","class":"D","lower":"0","lower_code":"SFC","upper":"2800"},"geometry":{"type":"Polygon","coordinates":[[[-88.5417,32.4657],[-88.5446,32.4506],[-88.6029,32.4584],[-88.6001,32.4735],[-88.6226,32.4858],[-88.6406,32.5024],[-88.6531,32.5224],[-88.6592,32.5444],[-88.6583,32.5684],[-88.6498,32.5912],[-88.6345,32.6113],[-88.6133,32.6271],[-88.6264,32.6472],[-88.5712,32.6731],[-88.5536,32.6463],[-88.5188,32.6416],[-88.5197,32.6367],[-88.4973,32.6272],[-88.4783,32.6134],[-88.468,32.6022],[-88.46,32.5898],[-88.4543,32.5765],[-88.4513,32.5626],[-88.4511,32.5467],[-88.4542,32.5309],[-88.4607,32.5159],[-88.4702,32.5021],[-88.4843,32.4885],[-88.5015,32.4776],[-88.5209,32.4699],[-88.5417,32.4657]]]}},{"type":"Feature","properties":{"name":"VANCE AFB CLASS D","class":"D","lower":"0","lower_code":"SFC","upper":"3800"},"geometry":{"type":"Polygon","coordinates":[[[-97.8503,36.4055],[-97.8503,36.3192],[-97.8335,36.3099],[-97.8322,36.2897],[-97.8506,36.274],[-97.87,36.2637],[-97.8918,36.2572],[-97.9147,36.2547],[-97.9377,36.2563],[-97.9598,36.262],[-97.9799,36.2714],[-97.9969,36.2842],[-98.01,36.2996],[-98.0171,36.313],[-98.0213,36.3273],[-98.0224,36.3419],[-98.0204,36.3564],[-98.0154,36.3704],[-98.0075,36.3836],[-97.9969,36.3954],[-97.984,36.4056],[-97.969,36.4139],[-97.9526,36.42],[-97.9351,36.4237],[-97.9171,36.4249],[-97.8991,36.4237],[-97.8816,36.4199],[-97.8652,36.4138],[-97.8503,36.4055]]]}},{"type":"Feature","properties":{"name":"DESTIN CLASS D","class":"D","lower":"0","lower_code":"SFC","upper":"1600"},"geometry":{"type":"Polygon","coordinates":[[[-86.4713,30.3265],[-86.4882,30.3279],[-86.5043,30.3323],[-86.5192,30.3393],[-86.5321,30.3487],[-86.5053,30.45],[-86.3869,30.3941],[-86.3896,30.3806],[-86.3951,30.3679],[-86.4033,30.3562],[-86.4139,30.346],[-86.4264,30.3377],[-86.4405,30.3316],[-86.4556,30.3278],[-86.4713,30.3265]]]}},{"type":"Feature","properties":{"name":"GEORGETOWN CLASS D","class":"D","lower":"0","lower_code":"SFC","upper":"3300"},"geometry":{"type":"Polygon","coordinates":[[[-97.6794,30.7473],[-97.6639,30.746],[-97.6491,30.7421],[-97.6353,30.7357],[-97.6234,30.7272],[-97.6135,30.7169],[-97.6062,30.7051],[-97.6017,30.6922],[-97.6001,30.6788],[-97.6017,30.6655],[-97.6062,30.6526],[-97.6135,30.6408],[-97.6234,30.6304],[-97.6354,30.6219],[-97.6491,30.6155],[-97.664,30.6116],[-97.6794,30.6103],[-97.6949,30.6116],[-97.7097,30.6155],[-97.7235,30.6219],[-97.7355,30.6304],[-97.7453,30.6408],[-97.7526,30.6527],[-97.7571,30.6655],[-97.7586,30.6788],[-97.7571,30.6922],[-97.7526,30.7051],[-97.7453,30.7169],[-97.7354,30.7272],[-97.7234,30.7358],[-97.7097,30.7421],[-97.6948,30.746],[-97.6794,30.7473]]]}},{"type":"Feature","properties":{"name":"DUKE FIELD EGLIN AFB CLASS D","class":"D","lower":"0","lower_code":"SFC","upper":"2700"},"geometry":{"type":"Polygon","coordinates":[[[-86.4847,30.568],[-86.5632,30.5694],[-86.5772,30.5761],[-86.5898,30.5845],[-86.6006,30.5946],[-86.6095,30.606],[-86.6169,30.6202],[-86.6212,30.6354],[-86.6224,30.651],[-86.6203,30.6664],[-86.615,30.6813],[-86.6068,30.6951],[-86.5958,30.7075],[-86.5825,30.718],[-86.5724,30.7237],[-86.4718,30.7239],[-86.4505,30.7097],[-86.4344,30.6913],[-86.426,30.6743],[-86.4219,30.6562],[-86.4223,30.6377],[-86.4272,30.6198],[-86.4364,30.6031],[-86.4495,30.5885],[-86.4658,30.5766],[-86.4847,30.568]]]}},{"type":"Feature","properties":{"name":"EGLIN AFB CLASS D","class":"D","lower":"0","lower_code":"SFC","upper":"2600"},"geometry":{"type":"Polygon","coordinates":[[[-86.4392,30.536],[-86.4392,30.5119],[-86.4253,30.5119],[-86.4217,30.4998],[-86.4201,30.4801],[-86.4233,30.4606],[-86.412,30.4525],[-86.4025,30.4429],[-86.395,30.4319],[-86.3898,30.42],[-86.3866,30.4013],[-86.3891,30.3824],[-86.3949,30.3683],[-86.404,30.3554],[-86.416,30.3444],[-86.4303,30.3357],[-86.4463,30.3298],[-86.4634,30.3268],[-86.4808,30.3269],[-86.4978,30.3302],[-86.5202,30.3399],[-86.5384,30.355],[-86.5507,30.3739],[-86.556,30.3952],[-86.5733,30.4011],[-86.5892,30.4095],[-86.6301,30.5013],[-86.6291,30.5054],[-86.62,30.5262],[-86.6053,30.5445],[-86.586,30.5592],[-86.5632,30.5694],[-86.4847,30.5679],[-86.4594,30.5548],[-86.4392,30.536]]]}},{"type":"Feature","properties":{"name":"EGLIN HURLBURT FIELD CLASS D","class":"D","lower":"0","lower_code":"SFC","upper":"2500"},"geometry":{"type":"Polygon","coordinates":[[[-86.6301,30.5013],[-86.5892,30.4095],[-86.5986,30.3874],[-86.6145,30.3682],[-86.631,30.3559],[-86.6503,30.3469],[-86.6713,30.3417],[-86.693,30.3404],[-86.7146,30.3432],[-86.7351,30.3499],[-86.7534,30.3602],[-86.7687,30.3736],[-86.7788,30.3868],[-86.786,30.4013],[-86.7901,30.4167],[-86.791,30.4324],[-86.7886,30.4481],[-86.7831,30.4631],[-86.7746,30.4771],[-86.7634,30.4895],[-86.7497,30.5],[-86.7342,30.5082],[-86.7172,30.514],[-86.6993,30.517],[-86.6811,30.5172],[-86.6631,30.5146],[-86.646,30.5093],[-86.6301,30.5013]]]}},{"type":"Feature","properties":{"name":"ENID CLASS D","class":"D","lower":"0","lower_code":"SFC","upper":"3800"},"geometry":{"type":"Polygon","coordinates":[[[-97.8503,36.3192],[-97.8503,36.4327],[-97.8468,36.435],[-97.8294,36.4437],[-97.8102,36.4492],[-97.7899,36.451],[-97.7696,36.4493],[-97.7502,36.444],[-97.7328,36.4355],[-97.7181,36.4241],[-97.7068,36.4103],[-97.7007,36.3983],[-97.6973,36.3856],[-97.6966,36.3727],[-97.6987,36.3599],[-97.7034,36.3476],[-97.7108,36.336],[-97.7205,36.3257],[-97.7321,36.3169],[-97.7455,36.3098],[-97.7602,36.3047],[-97.7758,36.3017],[-97.7917,36.3009],[-97.8076,36.3023],[-97.8229,36.3059],[-97.8373,36.3116],[-97.8503,36.3192]]]}},{"type":"Feature","properties":{"name":"WALLA WALLA CLASS D","class":"D","lower":"0","lower_code":"SFC","upper":"3700"},"geometry":{"type":"Polygon","coordinates":[[[-118.2841,46.1642],[-118.2618,46.1625],[-118.2406,46.1575],[-118.2215,46.1494],[-118.2052,46.1387],[-118.1928,46.1257],[-118.1846,46.1112],[-118.1812,46.0958],[-118.1827,46.0802],[-118.1889,46.0652],[-118.1996,46.0516],[-118.2144,46.0398],[-118.2325,46.0306],[-118.2529,46.0243],[-118.2749,46.0212],[-118.2973,46.0215],[-118.3191,46.0252],[-118.3354,46.0304],[-118.3502,46.0376],[-118.3629,46.0464],[-118.3732,46.0566],[-118.3808,46.068],[-118.3855,46.0801],[-118.3871,46.0925],[-118.3855,46.1049],[-118.3809,46.117],[-118.3733,46.1283],[-118.3631,46.1385],[-118.3503,46.1474],[-118.3356,46.1546],[-118.3194,46.1599],[-118.302,46.1631],[-118.2841,46.1642]]]}},{"type":"Feature","properties":{"name":"BURBANK CLASS C","class":"C","lower":"0","lower_code":"SFC","upper":"4800"},"geometry":{"type":"Polygon","coordinates":[[[-118.3517,34.284],[-118.2582,34.2007],[-118.259,34.1904],[-118.2635,34.1739],[-118.272,34.1585],[-118.284,34.1449],[-118.2992,34.1335],[-118.3167,34.1249],[-118.336,34.1194],[-118.3562,34.1172],[-118.3766,34.1186],[-118.3949,34.1228],[-118.4119,34.1299],[-118.427,34.1395],[-118.4397,34.1513],[-118.4494,34.1649],[-118.4559,34.1797],[-118.4589,34.1954],[-118.4584,34.2111],[-118.4536,34.2282],[-118.4446,34.244],[-118.4355,34.2355],[-118.4234,34.2304],[-118.4098,34.2294],[-118.3968,34.2326],[-118.384,34.2418],[-118.3777,34.2547],[-118.379,34.2687],[-118.3878,34.2806],[-118.3699,34.2836],[-118.3517,34.284]]]}},{"type":"Feature","properties":{"name":"BURBANK CLASS C","class":"C","lower":"3500","lower_code":"MSL","upper":"4800"},"geometry":{"type":"Polygon","coordinates":[[[-118.2582,34.2007],[-118.3049,34.2423],[-118.3517,34.284],[-118.3331,34.2814],[-118.3154,34.276],[-118.2992,34.268],[-118.2852,34.2576],[-118.2737,34.2453],[-118.2652,34.2313],[-118.2599,34.2162],[-118.2582,34.2007]]]}},{"type":"Feature","properties":{"name":"BURBANK CLASS C","class":"C","lower":"3000","lower_code":"MSL","upper":"4800"},"geometry":{"type":"Polygon","coordinates":[[[-118.3517,34.284],[-118.3699,34.2836],[-118.3878,34.2806],[-118.3791,34.2688],[-118.3776,34.2549],[-118.3838,34.2421],[-118.3963,34.2328],[-118.4085,34.2296],[-118.4212,34.23],[-118.4346,34.235],[-118.4446,34.244],[-118.446,34.242],[-118.4563,34.2203],[-118.459,34.197],[-118.4539,34.1741],[-118.4412,34.1532],[-118.4246,34.1377],[-118.4039,34.1262],[-118.3804,34.1192],[-118.3556,34.1173],[-118.3395,34.1188],[-118.3238,34.1224],[-118.3091,34.1281],[-118.2957,34.1357],[-118.2839,34.145],[-118.274,34.1557],[-118.2664,34.1677],[-118.2612,34.1805],[-118.1638,34.1601],[-118.1774,34.1288],[-118.1983,34.1002],[-118.5189,34.1],[-118.5335,34.1186],[-118.5451,34.1386],[-118.5535,34.1598],[-118.5583,34.1817],[-118.5596,34.2038],[-118.5573,34.2259],[-118.5516,34.2476],[-118.5424,34.2685],[-118.5056,34.2549],[-118.4884,34.2796],[-118.4653,34.3007],[-118.4372,34.3172],[-118.4057,34.3284],[-118.3517,34.284]]]}},{"type":"Feature","properties":{"name":"PORTLAND INTERNATIONAL AIRPORT CLASS C","class":"C","lower":"0","lower_code":"SFC","upper":"4000"},"geometry":{"type":"Polygon","coordinates":[[[-122.5469,45.6133],[-122.5357,45.6094],[-122.5231,45.61],[-122.5128,45.6151],[-122.5082,45.6214],[-122.4853,45.6171],[-122.4793,45.6001],[-122.4784,45.5843],[-122.4806,45.5719],[-122.4855,45.5599],[-122.4917,45.5501],[-122.5011,45.5396],[-122.524,45.523],[-122.5548,45.5108],[-122.5768,45.5066],[-122.5995,45.5054],[-122.6221,45.5073],[-122.6454,45.5127],[-122.6664,45.5212],[-122.6672,45.5275],[-122.6753,45.5356],[-122.6889,45.5445],[-122.6958,45.5522],[-122.7105,45.5575],[-122.7245,45.5651],[-122.7214,45.5681],[-122.7,45.5575],[-122.7107,45.5652],[-122.7147,45.5788],[-122.7155,45.591],[-122.7109,45.6117],[-122.7059,45.6216],[-122.6978,45.6325],[-122.6794,45.6231],[-122.6437,45.6117],[-122.6292,45.6117],[-122.6242,45.6133],[-122.6212,45.6123],[-122.6331,45.668],[-122.6061,45.6718],[-122.5788,45.671],[-122.5526,45.666],[-122.5288,45.657],[-122.5299,45.6424],[-122.5444,45.6396],[-122.5499,45.6359],[-122.5536,45.6312],[-122.5544,45.6224],[-122.5517,45.6174],[-122.5469,45.6133]]]}},{"type":"Feature","properties":{"name":"PORTLAND INTERNATIONAL AIRPORT CLASS C","class":"C","lower":"1100","lower_code":"MSL","upper":"4000"},"geometry":{"type":"Polygon","coordinates":[[[-122.6331,45.668],[-122.6212,45.6123],[-122.6242,45.6133],[-122.6292,45.6117],[-122.6437,45.6117],[-122.6794,45.6231],[-122.6978,45.6325],[-122.684,45.6453],[-122.669,45.6549],[-122.6519,45.6625],[-122.6331,45.668]]]}},{"type":"Feature","properties":{"name":"PORTLAND INTERNATIONAL AIRPORT CLASS C","class":"C","lower":"2000","lower_code":"MSL","upper":"4000"},"geometry":{"type":"Polygon","coordinates":[[[-122.3644,45.6226],[-122.3602,45.6013],[-122.3599,45.5797],[-122.4784,45.5843],[-122.4793,45.6001],[-122.4853,45.6171],[-122.5082,45.6214],[-122.5128,45.6151],[-122.5231,45.61],[-122.5357,45.6094],[-122.5469,45.6133],[-122.5517,45.6174],[-122.5544,45.6224],[-122.5536,45.6312],[-122.5499,45.6359],[-122.5444,45.6396],[-122.5299,45.6424],[-122.5288,45.657],[-122.5572,45.6672],[-122.5886,45.6718],[-122.5803,45.7549],[-122.5422,45.7509],[-122.5056,45.7426],[-122.4714,45.7302],[-122.4406,45.7142],[-122.4138,45.6949],[-122.3918,45.6728],[-122.3752,45.6485],[-122.3644,45.6226]]]}},{"type":"Feature","properties":{"name":"PORTLAND INTERNATIONAL AIRPORT CLASS C","class":"C","lower":"1700","lower_code":"MSL","upper":"4000"},"geometry":{"type":"Polygon","coordinates":[[[-122.3906,45.5064],[-122.4122,45.4842],[-122.4404,45.4635],[-122.471,45.4475],[-122.5073,45.4344],[-122.5437,45.4263],[-122.584,45.4223],[-122.6221,45.423],[-122.6621,45.4285],[-122.6295,45.5086],[-122.6046,45.5056],[-122.5768,45.5066],[-122.5501,45.5121],[-122.528,45.5208],[-122.5074,45.534],[-122.4929,45.5486],[-122.4824,45.5667],[-122.4784,45.5843],[-122.3599,45.5797],[-122.3627,45.5619],[-122.3689,45.5427],[-122.3782,45.5241],[-122.3906,45.5064]]]}},{"type":"Feature","properties":{"name":"PORTLAND INTERNATIONAL AIRPORT CLASS C","class":"C","lower":"2300","lower_code":"MSL","upper":"4000"},"geometry":{"type":"Polygon","coordinates":[[[-122.7155,45.5857],[-122.7104,45.5647],[-122.7,45.5575],[-122.7214,45.5681],[-122.7245,45.5651],[-122.7105,45.5575],[-122.6958,45.5522],[-122.6889,45.5445],[-122.6753,45.5356],[-122.6672,45.5275],[-122.6664,45.5212],[-122.6476,45.5134],[-122.6295,45.5086],[-122.6621,45.4285],[-122.6978,45.4379],[-122.7308,45.4512],[-122.7605,45.4681],[-122.7843,45.4867],[-122.8052,45.5091],[-122.8199,45.5319],[-122.83,45.5578],[-122.834,45.5826],[-122.7155,45.5857]]]}},{"type":"Feature","properties":{"name":"PORTLAND INTERNATIONAL AIRPORT CLASS C","class":"C","lower":"1800","lower_code":"MSL","upper":"4000"},"geometry":{"type":"Polygon","coordinates":[[[-122.5803,45.7549],[-122.5886,45.6718],[-122.6136,45.6712],[-122.6379,45.6669],[-122.6585,45.6599],[-122.6787,45.6491],[-122.6951,45.6355],[-122.7068,45.62],[-122.7137,45.6032],[-122.7154,45.5857],[-122.834,45.5826],[-122.8336,45.6005],[-122.8305,45.6183],[-122.8247,45.6357],[-122.8172,45.6509],[-122.8064,45.6671],[-122.7932,45.6824],[-122.7778,45.6967],[-122.7621,45.7084],[-122.7428,45.7202],[-122.7219,45.7304],[-122.6783,45.7452],[-122.6287,45.7538],[-122.5803,45.7549]]]}},{"type":"Feature","properties":{"name":"NASHVILLE CLASS C","class":"C","lower":"1800","lower_code":"MSL","upper":"6000"},"geometry":{"type":"Polygon","coordinates":[[[-86.6174,36.0186],[-86.5481,35.8975],[-86.5954,35.8833],[-86.6449,35.8756],[-86.695,35.8745],[-86.7449,35.8801],[-86.7931,35.8922],[-86.8379,35.9104],[-86.8788,35.9344],[-86.9141,35.9633],[-86.7884,36.0493],[-86.7719,36.0358],[-86.7528,36.0246],[-86.7317,36.016],[-86.7093,36.0104],[-86.6861,36.0078],[-86.6626,36.0083],[-86.6395,36.0119],[-86.6174,36.0186]]]}},{"type":"Feature","properties":{"name":"NASHVILLE CLASS C","class":"C","lower":"2400","lower_code":"MSL","upper":"6000"},"geometry":{"type":"Polygon","coordinates":[[[-86.7217,36.2001],[-86.7417,36.1901],[-86.7584,36.1767],[-86.771,36.1606],[-86.7786,36.1425],[-86.781,36.1236],[-86.7781,36.1046],[-86.7699,36.0868],[-86.7569,36.0708],[-86.9141,35.9633],[-86.9429,35.9961],[-86.9648,36.0319],[-86.9794,36.0704],[-86.9862,36.11],[-86.9852,36.1503],[-86.9763,36.1896],[-86.9597,36.2273],[-86.9359,36.2624],[-86.9101,36.2899],[-86.88,36.314],[-86.8462,36.3346],[-86.809,36.3513],[-86.7217,36.2001]]]}},{"type":"Feature","properties":{"name":"NASHVILLE CLASS D","class":"D","lower":"0","lower_code":"SFC","upper":"2400"},"geometry":{"type":"Polygon","coordinates":[[[-86.8835,36.1146],[-86.8951,36.0795],[-86.9428,36.0898],[-86.9312,36.125],[-86.9487,36.1367],[-86.9616,36.1519],[-86.9692,36.1692],[-86.9707,36.1875],[-86.9683,36.2],[-86.9631,36.2118],[-86.9553,36.2227],[-86.9452,36.2322],[-86.9332,36.24],[-86.9196,36.246],[-86.9049,36.2498],[-86.8895,36.2514],[-86.8778,36.2865],[-86.8301,36.2762],[-86.8417,36.241],[-86.8243,36.2293],[-86.8114,36.2142],[-86.8038,36.1969],[-86.8023,36.1785],[-86.8047,36.1662],[-86.8099,36.1543],[-86.8176,36.1435],[-86.8277,36.1339],[-86.8398,36.126],[-86.8534,36.1201],[-86.8682,36.1162],[-86.8835,36.1146]]]}},{"type":"Feature","properties":{"name":"NASHVILLE CLASS C","class":"C","lower":"1800","lower_code":"MSL","upper":"6000"},"geometry":{"type":"Polygon","coordinates":[[[-86.4105,36.2494],[-86.5534,36.1828],[-86.5688,36.2005],[-86.588,36.2156],[-86.6102,36.2275],[-86.6349,36.2359],[-86.6609,36.2405],[-86.6876,36.2411],[-86.7139,36.2377],[-86.7391,36.2303],[-86.809,36.3513],[-86.7824,36.3602],[-86.7549,36.367],[-86.7267,36.3717],[-86.6984,36.3743],[-86.6698,36.3747],[-86.6411,36.373],[-86.6127,36.3692],[-86.5852,36.3632],[-86.5585,36.3553],[-86.5325,36.3453],[-86.5078,36.3334],[-86.4846,36.3196],[-86.4631,36.3042],[-86.4434,36.2872],[-86.4258,36.2688],[-86.4105,36.2494]]]}},{"type":"Feature","properties":{"name":"NASHVILLE CLASS C","class":"C","lower":"0","lower_code":"SFC","upper":"6000"},"geometry":{"type":"Polygon","coordinates":[[[-86.6781,36.0076],[-86.7092,36.0104],[-86.739,36.0186],[-86.7657,36.0317],[-86.7884,36.0493],[-86.7569,36.0708],[-86.7713,36.0891],[-86.7794,36.1098],[-86.7807,36.1315],[-86.775,36.1527],[-86.7663,36.1675],[-86.7542,36.1807],[-86.7392,36.1917],[-86.7217,36.2001],[-86.7391,36.2303],[-86.7096,36.2385],[-86.6785,36.2413],[-86.6504,36.2391],[-86.6234,36.2325],[-86.5984,36.2218],[-86.5765,36.2072],[-86.5586,36.1896],[-86.5452,36.1694],[-86.537,36.1476],[-86.5342,36.1247],[-86.5369,36.102],[-86.5451,36.08],[-86.5583,36.0598],[-86.5762,36.042],[-86.598,36.0275],[-86.6229,36.0166],[-86.65,36.0099],[-86.6781,36.0076]]]}},{"type":"Feature","properties":{"name":"LAUGHLIN AFB CLASS C","class":"C","lower":"2500","lower_code":"MSL","upper":"5100"},"geometry":{"type":"Polygon","coordinates":[[[-100.7664,29.1926],[-100.7694,29.1988],[-100.7759,29.2006],[-100.7769,29.2039],[-100.775,29.2116],[-100.7841,29.2264],[-100.7857,29.2281],[-100.7921,29.2261],[-100.796,29.2283],[-100.7971,29.2349],[-100.7947,29.2415],[-100.7976,29.2468],[-100.8064,29.2521],[-100.8164,29.2541],[-100.8133,29.2616],[-100.8145,29.2635],[-100.8345,29.2615],[-100.8408,29.2645],[-100.8455,29.2691],[-100.8536,29.2729],[-100.8558,29.2754],[-100.864,29.276],[-100.8757,29.2795],[-100.8789,29.2822],[-100.8821,29.2995],[-100.8865,29.3074],[-100.9047,29.3121],[-100.9089,29.3173],[-100.917,29.3198],[-100.9193,29.3252],[-100.9278,29.3268],[-100.9408,29.3334],[-100.9428,29.3411],[-100.9488,29.3471],[-100.9625,29.3471],[-100.9683,29.3495],[-100.967,29.3812],[-100.959,29.4121],[-100.9444,29.4411],[-100.9239,29.467],[-100.898,29.4892],[-100.868,29.5067],[-100.8346,29.5189],[-100.7993,29.5254],[-100.7613,29.5258],[-100.724,29.5197],[-100.6887,29.5071],[-100.6571,29.4887],[-100.6303,29.4653],[-100.6092,29.4375],[-100.595,29.4067],[-100.5879,29.3739],[-100.5884,29.3407],[-100.5964,29.3081],[-100.6117,29.2776],[-100.6336,29.2503],[-100.6612,29.2273],[-100.6934,29.2096],[-100.729,29.1979],[-100.7664,29.1926]]]}},{"type":"Feature","properties":{"name":"LAUGHLIN AFB CLASS C","class":"C","lower":"0","lower_code":"SFC","upper":"5100"},"geometry":{"type":"Polygon","coordinates":[[[-100.7779,29.4429],[-100.7593,29.4413],[-100.7415,29.4366],[-100.7249,29.4289],[-100.7105,29.4185],[-100.6986,29.4058],[-100.6898,29.3914],[-100.6844,29.3758],[-100.6826,29.3594],[-100.6844,29.3432],[-100.6898,29.3274],[-100.6986,29.313],[-100.7105,29.3003],[-100.7249,29.2899],[-100.7415,29.2822],[-100.7594,29.2774],[-100.778,29.2759],[-100.7965,29.2775],[-100.8145,29.2822],[-100.831,29.29],[-100.8454,29.3004],[-100.8573,29.3131],[-100.866,29.3275],[-100.8715,29.3431],[-100.8733,29.3594],[-100.8714,29.3758],[-100.866,29.3914],[-100.8572,29.4058],[-100.8454,29.4185],[-100.8309,29.4289],[-100.8144,29.4366],[-100.7965,29.4413],[-100.7779,29.4429]]]}},{"type":"Feature","properties":{"name":"LAFAYETTE CLASS C","class":"C","lower":"0","lower_code":"SFC","upper":"4000"},"geometry":{"type":"Polygon","coordinates":[[[-91.9877,30.2886],[-91.969,30.287],[-91.951,30.2822],[-91.9344,30.2745],[-91.9197,30.2641],[-91.9078,30.2515],[-91.8989,30.237],[-91.8934,30.2214],[-91.8916,30.2051],[-91.8934,30.1888],[-91.8989,30.1731],[-91.9078,30.1587],[-91.9198,30.146],[-91.9344,30.1355],[-91.951,30.1278],[-91.9691,30.1231],[-91.9878,30.1215],[-92.0066,30.1231],[-92.0246,30.1279],[-92.0413,30.1356],[-92.0558,30.146],[-92.0678,30.1587],[-92.0766,30.1731],[-92.0821,30.1888],[-92.0839,30.205],[-92.0821,30.2214],[-92.0766,30.237],[-92.0677,30.2515],[-92.0558,30.2641],[-92.0412,30.2745],[-92.0245,30.2822],[-92.0065,30.287],[-91.9877,30.2886]]]}},{"type":"Feature","properties":{"name":"LAFAYETTE CLASS C","class":"C","lower":"1300","lower_code":"MSL","upper":"4000"},"geometry":{"type":"Polygon","coordinates":[[[-91.9877,30.3721],[-91.9502,30.3689],[-91.9142,30.3594],[-91.8809,30.344],[-91.8518,30.3233],[-91.8279,30.298],[-91.8101,30.2692],[-91.7991,30.2379],[-91.7954,30.2052],[-91.7991,30.1727],[-91.8101,30.1412],[-91.8278,30.1124],[-91.8517,30.087],[-91.8808,30.0662],[-91.9141,30.0507],[-91.9502,30.0412],[-91.9878,30.038],[-92.0254,30.0412],[-92.0614,30.0507],[-92.0947,30.0662],[-92.1237,30.0869],[-92.1477,30.1123],[-92.1654,30.1412],[-92.1764,30.1726],[-92.1801,30.2052],[-92.1764,30.2379],[-92.1654,30.2691],[-92.1477,30.298],[-92.1238,30.3232],[-92.0946,30.344],[-92.0614,30.3594],[-92.0253,30.3689],[-91.9877,30.3721]]]}},{"type":"Feature","properties":{"name":"BAY ST LOUIS CLASS D","class":"D","lower":"0","lower_code":"SFC","upper":"2500"},"geometry":{"type":"Polygon","coordinates":[[[-89.3742,30.3749],[-89.3827,30.3792],[-89.3925,30.3793],[-89.4011,30.3752],[-89.4062,30.3679],[-89.406,30.3577],[-89.3991,30.3495],[-89.3879,30.3463],[-89.3766,30.3494],[-89.3829,30.3355],[-89.3925,30.3229],[-89.404,30.3131],[-89.4174,30.3055],[-89.4323,30.3004],[-89.4481,30.2978],[-89.4642,30.2981],[-89.4799,30.3011],[-89.4946,30.3067],[-89.5077,30.3148],[-89.5187,30.3249],[-89.5273,30.3367],[-89.5329,30.3498],[-89.5355,30.3635],[-89.5349,30.3771],[-89.5314,30.3903],[-89.5249,30.4027],[-89.5159,30.4137],[-89.5046,30.4231],[-89.4913,30.4304],[-89.4767,30.4353],[-89.4613,30.4377],[-89.4457,30.4375],[-89.4303,30.4347],[-89.4159,30.4293],[-89.4029,30.4217],[-89.392,30.4121],[-89.3833,30.4008],[-89.3773,30.3882],[-89.3742,30.3749]]]}},{"type":"Feature","properties":{"name":"KEY WEST CLASS D","class":"D","lower":"0","lower_code":"SFC","upper":"2500"},"geometry":{"type":"Polygon","coordinates":[[[-81.7599,24.4909],[-81.7739,24.4922],[-81.7872,24.4959],[-81.7996,24.5019],[-81.8104,24.51],[-81.8192,24.5199],[-81.8258,24.5312],[-81.8299,24.5434],[-81.8313,24.5561],[-81.8299,24.5688],[-81.8258,24.5811],[-81.8193,24.5923],[-81.8104,24.6022],[-81.7996,24.6103],[-81.7873,24.6163],[-81.7739,24.6201],[-81.76,24.6213],[-81.7447,24.6198],[-81.73,24.5511],[-81.7561,24.5208],[-81.7542,24.5111],[-81.7318,24.4962],[-81.7455,24.4923],[-81.7599,24.4909]]]}},{"type":"Feature","properties":{"name":"KEY WEST NAS CLASS D","class":"D","lower":"0","lower_code":"SFC","upper":"2500"},"geometry":{"type":"Polygon","coordinates":[[[-81.6043,24.6214],[-81.5964,24.6071],[-81.5915,24.5917],[-81.5898,24.5757],[-81.5911,24.5598],[-81.5956,24.5443],[-81.6031,24.5298],[-81.6133,24.5168],[-81.6259,24.5056],[-81.6405,24.4967],[-81.6566,24.4904],[-81.6737,24.4868],[-81.6911,24.4861],[-81.7085,24.4883],[-81.7251,24.4933],[-81.7405,24.501],[-81.7542,24.5111],[-81.7561,24.5208],[-81.73,24.5511],[-81.7447,24.6198],[-81.7694,24.6208],[-81.7595,24.6331],[-81.7474,24.6437],[-81.7301,24.6538],[-81.711,24.6604],[-81.6907,24.6632],[-81.6703,24.662],[-81.6507,24.6569],[-81.6325,24.6482],[-81.6169,24.6362],[-81.6043,24.6214]]]}},{"type":"Feature","properties":{"name":"LONGVIEW CLASS D","class":"D","lower":"0","lower_code":"SFC","upper":"2900"},"geometry":{"type":"Polygon","coordinates":[[[-94.6609,32.4485],[-94.6406,32.4326],[-94.6329,32.4229],[-94.627,32.4123],[-94.6222,32.3969],[-94.6212,32.3811],[-94.624,32.3654],[-94.6307,32.3505],[-94.6093,32.3335],[-94.6442,32.3018],[-94.6656,32.3187],[-94.6827,32.3121],[-94.701,32.3086],[-94.7199,32.3084],[-94.7383,32.3115],[-94.7635,32.3219],[-94.7836,32.3383],[-94.7954,32.3558],[-94.8014,32.3752],[-94.8013,32.3954],[-94.795,32.4148],[-94.8123,32.4243],[-94.7845,32.4607],[-94.7623,32.4485],[-94.7381,32.4583],[-94.7116,32.4617],[-94.6851,32.4583],[-94.6609,32.4485]]]}},{"type":"Feature","properties":{"name":"NEW ORLEANS NAS ALVIN CALLENDER FIELD CLASS D","class":"D","lower":"0","lower_code":"SFC","upper":"2500"},"geometry":{"type":"Polygon","coordinates":[[[-89.9479,29.9059],[-89.9215,29.869],[-89.9434,29.8571],[-89.9388,29.8443],[-89.9367,29.831],[-89.9373,29.8176],[-89.9405,29.8044],[-89.9462,29.792],[-89.9543,29.7805],[-89.9645,29.7704],[-89.9765,29.762],[-90.0007,29.752],[-90.0272,29.7487],[-90.0536,29.7523],[-90.0776,29.7625],[-90.0922,29.751],[-90.1255,29.7832],[-90.1093,29.796],[-90.1147,29.8106],[-90.1167,29.8257],[-90.1153,29.841],[-90.1106,29.8557],[-90.1046,29.8665],[-90.0969,29.8764],[-90.0768,29.8925],[-90.0524,29.9025],[-90.0256,29.9057],[-89.9988,29.9019],[-89.9747,29.8913],[-89.9479,29.9059]]]}},{"type":"Feature","properties":{"name":"OCALA CLASS D","class":"D","lower":"0","lower_code":"SFC","upper":"1500"},"geometry":{"type":"Polygon","coordinates":[[[-82.2242,29.246],[-82.2078,29.2446],[-82.1921,29.2404],[-82.1776,29.2336],[-82.1649,29.2245],[-82.1545,29.2134],[-82.1468,29.2007],[-82.142,29.1869],[-82.1404,29.1725],[-82.142,29.1582],[-82.1468,29.1444],[-82.1545,29.1316],[-82.165,29.1205],[-82.1776,29.1114],[-82.1921,29.1046],[-82.2078,29.1004],[-82.2242,29.099],[-82.2406,29.1004],[-82.2563,29.1046],[-82.2707,29.1114],[-82.2834,29.1206],[-82.2939,29.1317],[-82.3016,29.1444],[-82.3063,29.1582],[-82.3079,29.1725],[-82.3063,29.1869],[-82.3016,29.2007],[-82.2938,29.2134],[-82.2834,29.2245],[-82.2707,29.2337],[-82.2562,29.2404],[-82.2405,29.2446],[-82.2242,29.246]]]}},{"type":"Feature","properties":{"name":"BOZEMAN CLASS D","class":"D","lower":"0","lower_code":"SFC","upper":"7000"},"geometry":{"type":"Polygon","coordinates":[[[-111.1503,45.8622],[-111.1287,45.8609],[-111.1078,45.8568],[-111.0882,45.8503],[-111.0705,45.8414],[-111.0555,45.8304],[-111.0435,45.8178],[-111.0349,45.8038],[-111.03,45.789],[-111.0289,45.7738],[-111.0317,45.7588],[-111.0383,45.7443],[-111.0486,45.7308],[-111.062,45.7189],[-111.0783,45.7088],[-111.0968,45.7009],[-111.1171,45.6955],[-111.1427,45.6924],[-111.1686,45.6932],[-111.1936,45.6979],[-111.2167,45.7061],[-111.2367,45.7176],[-111.2529,45.7318],[-111.2643,45.7481],[-111.2706,45.7656],[-111.2714,45.7838],[-111.2667,45.8015],[-111.2566,45.8183],[-111.2418,45.8331],[-111.2228,45.8454],[-111.2005,45.8546],[-111.176,45.8603],[-111.1503,45.8622]]]}},{"type":"Feature","properties":{"name":"FARGO CLASS D","class":"D","lower":"0","lower_code":"SFC","upper":"3400"},"geometry":{"type":"Polygon","coordinates":[[[-96.8157,46.9939],[-96.7917,46.9921],[-96.769,46.9866],[-96.7486,46.9777],[-96.7315,46.9659],[-96.7189,46.9518],[-96.7112,46.9361],[-96.7088,46.9197],[-96.7118,46.9032],[-96.7202,46.8877],[-96.7335,46.8738],[-96.7509,46.8624],[-96.7716,46.8539],[-96.7947,46.8488],[-96.8187,46.8474],[-96.8426,46.8497],[-96.8652,46.8557],[-96.8803,46.8622],[-96.8935,46.8703],[-96.9046,46.8799],[-96.9132,46.8905],[-96.9192,46.902],[-96.9223,46.914],[-96.9224,46.9261],[-96.9197,46.9381],[-96.914,46.9497],[-96.9056,46.9604],[-96.8948,46.9701],[-96.8818,46.9783],[-96.8669,46.985],[-96.8507,46.9899],[-96.8335,46.9929],[-96.8157,46.9939]]]}},{"type":"Feature","properties":{"name":"ELMIRA CLASS D","class":"D","lower":"0","lower_code":"SFC","upper":"3500"},"geometry":{"type":"Polygon","coordinates":[[[-76.8917,42.2299],[-76.8733,42.2285],[-76.8557,42.2245],[-76.8394,42.2181],[-76.8252,42.2094],[-76.8135,42.1988],[-76.8048,42.1867],[-76.7994,42.1736],[-76.7976,42.1599],[-76.7994,42.1462],[-76.8048,42.1331],[-76.8135,42.121],[-76.8252,42.1103],[-76.8395,42.1016],[-76.8558,42.0951],[-76.8735,42.0912],[-76.8918,42.0898],[-76.9102,42.0912],[-76.9278,42.0952],[-76.944,42.1016],[-76.9583,42.1104],[-76.97,42.121],[-76.9787,42.1331],[-76.9841,42.1463],[-76.9859,42.1599],[-76.984,42.1736],[-76.9787,42.1867],[-76.97,42.1988],[-76.9583,42.2094],[-76.944,42.2181],[-76.9278,42.2246],[-76.9101,42.2285],[-76.8917,42.2299]]]}},{"type":"Feature","properties":{"name":"NASHVILLE CLASS C","class":"C","lower":"2400","lower_code":"MSL","upper":"6000"},"geometry":{"type":"Polygon","coordinates":[[[-86.5481,35.8975],[-86.6174,36.0186],[-86.5919,36.031],[-86.57,36.0474],[-86.5527,36.0671],[-86.5409,36.0893],[-86.5349,36.1131],[-86.535,36.1372],[-86.5413,36.1608],[-86.5534,36.1828],[-86.4105,36.2494],[-86.3961,36.2264],[-86.3846,36.2021],[-86.3764,36.1772],[-86.3713,36.1515],[-86.3696,36.1257],[-86.3711,36.0997],[-86.376,36.0743],[-86.3841,36.0491],[-86.3952,36.0249],[-86.4095,36.0016],[-86.4267,35.9797],[-86.4465,35.9593],[-86.4689,35.9407],[-86.4935,35.924],[-86.5201,35.9096],[-86.5481,35.8975]]]}},{"type":"Feature","properties":{"name":"ROBERT GRAY ARMY AIRFIELD CLASS D","class":"D","lower":"0","lower_code":"SFC","upper":"3500"},"geometry":{"type":"Polygon","coordinates":[[[-97.6404,31.1397],[-97.7378,31.0776],[-97.7366,31.0645],[-97.738,31.0513],[-97.7419,31.0386],[-97.7483,31.0265],[-97.7569,31.0156],[-97.7676,31.006],[-97.7799,30.9982],[-97.7936,30.9922],[-97.8119,30.9877],[-97.8307,30.9865],[-97.8495,30.9887],[-97.8673,30.9942],[-97.8834,31.0028],[-97.8971,31.014],[-97.9079,31.0274],[-97.9151,31.0425],[-97.9189,31.063],[-97.9164,31.0836],[-97.9076,31.1029],[-97.8933,31.1196],[-97.8826,31.1278],[-97.8706,31.1343],[-97.8436,31.1423],[-97.8151,31.1428],[-97.7879,31.1356],[-97.7853,31.1547],[-97.7761,31.1723],[-97.7612,31.1867],[-97.7419,31.1966],[-97.7239,31.2007],[-97.7053,31.2008],[-97.6872,31.1969],[-97.6708,31.1892],[-97.6562,31.1771],[-97.646,31.1621],[-97.642,31.1511],[-97.6404,31.1397]]]}},{"type":"Feature","properties":{"name":"AUBURN CLASS D","class":"D","lower":"0","lower_code":"SFC","upper":"2500"},"geometry":{"type":"Polygon","coordinates":[[[-85.434,32.6886],[-85.4171,32.6872],[-85.4008,32.683],[-85.3857,32.6762],[-85.3726,32.6671],[-85.3618,32.656],[-85.3538,32.6433],[-85.3489,32.6295],[-85.3472,32.6151],[-85.3488,32.6008],[-85.3538,32.587],[-85.3618,32.5743],[-85.3726,32.5631],[-85.3858,32.554],[-85.4008,32.5472],[-85.4171,32.543],[-85.434,32.5416],[-85.451,32.5431],[-85.4673,32.5472],[-85.4822,32.554],[-85.4954,32.5632],[-85.5062,32.5744],[-85.5142,32.5871],[-85.5192,32.6008],[-85.5208,32.6151],[-85.5191,32.6295],[-85.5142,32.6433],[-85.5062,32.6559],[-85.4954,32.6671],[-85.4823,32.6762],[-85.4672,32.683],[-85.4509,32.6872],[-85.434,32.6886]]]}},{"type":"Feature","properties":{"name":"CEIBA CLASS D","class":"D","lower":"0","lower_code":"SFC","upper":"2500"},"geometry":{"type":"Polygon","coordinates":[[[-65.6434,18.3288],[-65.6264,18.3272],[-65.61,18.3224],[-65.5948,18.3147],[-65.5815,18.3043],[-65.5706,18.2916],[-65.5625,18.2771],[-65.5575,18.2615],[-65.5559,18.2451],[-65.5576,18.2288],[-65.5625,18.2131],[-65.5706,18.1987],[-65.5815,18.186],[-65.5948,18.1756],[-65.6099,18.1678],[-65.6263,18.1631],[-65.6435,18.1614],[-65.6605,18.1631],[-65.677,18.1678],[-65.6921,18.1756],[-65.7054,18.186],[-65.7162,18.1987],[-65.7243,18.2132],[-65.7293,18.2289],[-65.731,18.2451],[-65.7293,18.2615],[-65.7243,18.2772],[-65.7162,18.2916],[-65.7053,18.3043],[-65.692,18.3147],[-65.6769,18.3224],[-65.6605,18.3272],[-65.6434,18.3288]]]}},{"type":"Feature","properties":{"name":"MIAMI CLASS D","class":"D","lower":"0","lower_code":"SFC","upper":"2500"},"geometry":{"type":"Polygon","coordinates":[[[-80.3583,25.624],[-80.3643,25.6121],[-80.3725,25.6013],[-80.3829,25.592],[-80.3948,25.5847],[-80.4081,25.5794],[-80.4222,25.5764],[-80.4366,25.5757],[-80.4509,25.5775],[-80.4697,25.5837],[-80.4861,25.594],[-80.4992,25.6077],[-80.5081,25.6239],[-80.5407,25.6223],[-80.5431,25.6624],[-80.5104,25.664],[-80.5045,25.679],[-80.495,25.6926],[-80.4824,25.7039],[-80.4674,25.7124],[-80.4549,25.7167],[-80.4419,25.719],[-80.4286,25.7193],[-80.4154,25.7176],[-80.3997,25.7127],[-80.3855,25.705],[-80.3734,25.6947],[-80.3638,25.6824],[-80.3573,25.6685],[-80.3542,25.6537],[-80.3545,25.6386],[-80.3583,25.624]]]}},{"type":"Feature","properties":{"name":"SYRACUSE HANCOCK INTL AIRPORT CLASS C","class":"C","lower":"2700","lower_code":"MSL","upper":"4400"},"geometry":{"type":"Polygon","coordinates":[[[-75.9057,43.0327],[-75.9242,43.0114],[-75.9471,42.9922],[-75.9736,42.9758],[-76.0033,42.9626],[-76.0353,42.9528],[-76.0688,42.9468],[-76.1033,42.9445],[-76.1379,42.9461],[-76.1221,43.0286],[-76.0876,43.029],[-76.0547,43.0369],[-76.0399,43.0435],[-76.0267,43.0517],[-76.0152,43.0613],[-76.0059,43.072],[-75.9057,43.0327]]]}},{"type":"Feature","properties":{"name":"SYRACUSE HANCOCK INTL AIRPORT CLASS C","class":"C","lower":"2300","lower_code":"MSL","upper":"4400"},"geometry":{"type":"Polygon","coordinates":[[[-76.1221,43.0286],[-76.1379,42.9461],[-76.167,42.9505],[-76.195,42.9577],[-76.2216,42.9675],[-76.2462,42.9798],[-76.2684,42.9943],[-76.2878,43.0108],[-76.3042,43.029],[-76.3171,43.0485],[-76.2118,43.0799],[-76.1971,43.061],[-76.1763,43.0455],[-76.1507,43.0344],[-76.1221,43.0286]]]}},{"type":"Feature","properties":{"name":"CINCINNATI CLASS D","class":"D","lower":"0","lower_code":"SFC","upper":"3000"},"geometry":{"type":"Polygon","coordinates":[[[-84.4082,39.0333],[-84.4305,38.9942],[-84.5126,39.0227],[-84.5024,39.0406],[-84.5364,39.0949],[-84.5075,39.1059],[-84.5049,39.1198],[-84.4989,39.133],[-84.4896,39.1449],[-84.4776,39.1552],[-84.4529,39.1674],[-84.4246,39.1728],[-84.4053,39.2065],[-84.327,39.1793],[-84.3328,39.1692],[-84.2996,39.1162],[-84.3277,39.1055],[-84.329,39.091],[-84.3341,39.077],[-84.3428,39.0641],[-84.3547,39.0529],[-84.3662,39.0455],[-84.3793,39.0396],[-84.4082,39.0333]]]}},{"type":"Feature","properties":{"name":"WILMINGTON CLASS D","class":"D","lower":"0","lower_code":"SFC","upper":"2600"},"geometry":{"type":"Polygon","coordinates":[[[-75.6066,39.6087],[-75.6238,39.6099],[-75.6404,39.6137],[-75.6558,39.6198],[-75.6693,39.6281],[-75.6806,39.6382],[-75.6892,39.6498],[-75.6948,39.6625],[-75.6972,39.6757],[-75.6964,39.6884],[-75.6927,39.7008],[-75.6861,39.7125],[-75.6769,39.723],[-75.6643,39.7328],[-75.6496,39.7404],[-75.6332,39.7457],[-75.6158,39.7484],[-75.6148,39.7537],[-75.572,39.7491],[-75.573,39.7438],[-75.5578,39.7378],[-75.5445,39.7297],[-75.533,39.7196],[-75.5242,39.7079],[-75.5185,39.6952],[-75.5161,39.6818],[-75.5171,39.6678],[-75.5218,39.6541],[-75.5299,39.6415],[-75.5411,39.6303],[-75.555,39.6211],[-75.571,39.6143],[-75.5884,39.6101],[-75.6066,39.6087]]]}},{"type":"Feature","properties":{"name":"SAN DIEGO BROWN FIELD MUNICIPAL CLASS D","class":"D","lower":"0","lower_code":"SFC","upper":"3000"},"geometry":{"type":"Polygon","coordinates":[[[-116.9359,32.5504],[-117.0175,32.5435],[-117.0175,32.602],[-117.0163,32.6031],[-117.0077,32.6089],[-116.9977,32.6131],[-116.9869,32.6153],[-116.9759,32.6155],[-116.965,32.6137],[-116.9548,32.61],[-116.9458,32.6045],[-116.9384,32.5975],[-116.9317,32.5865],[-116.9289,32.5743],[-116.9304,32.5619],[-116.9359,32.5504]]]}},{"type":"Feature","properties":{"name":"SAN DIEGO CLASS B","class":"B","lower":"3800","lower_code":"MSL","upper":"10000"},"geometry":{"type":"Polygon","coordinates":[[[-116.8661,32.8872],[-116.9234,32.8769],[-116.9144,32.9197],[-117.017,32.9855],[-116.9578,33.0069],[-116.8414,32.9474],[-116.8661,32.8872]]]}},{"type":"Feature","properties":{"name":"FORT LAUDERDALE CLASS C","class":"C","lower":"2600","lower_code":"MSL","upper":"4000"},"geometry":{"type":"Polygon","coordinates":[[[-80.4324,26.0106],[-80.4334,26.0441],[-80.434,26.0895],[-80.3956,26.0273],[-80.4324,26.0106]]]}},{"type":"Feature","properties":{"name":"FORT LAUDERDALE CLASS C","class":"C","lower":"0","lower_code":"SFC","upper":"4000"},"geometry":{"type":"Polygon","coordinates":[[[-80.039,26.0108],[-80.1483,26.0108],[-80.1782,26.0248],[-80.2097,26.0353],[-80.2426,26.0424],[-80.276,26.0458],[-80.2789,26.0636],[-80.2788,26.0816],[-80.2756,26.0994],[-80.2694,26.1165],[-80.2612,26.1313],[-80.2508,26.1449],[-80.2383,26.1571],[-80.2241,26.1675],[-80.0753,26.1675],[-80.0568,26.1532],[-80.0415,26.1361],[-80.0301,26.1167],[-80.0229,26.0956],[-80.0201,26.0738],[-80.022,26.0519],[-80.0284,26.0306],[-80.039,26.0108]]]}},{"type":"Feature","properties":{"name":"FORT LAUDERDALE CLASS C","class":"C","lower":"1200","lower_code":"MSL","upper":"4000"},"geometry":{"type":"Polygon","coordinates":[[[-80.32,26.1675],[-80.2241,26.1675],[-80.2388,26.1566],[-80.2517,26.1438],[-80.2624,26.1294],[-80.2706,26.1138],[-80.2761,26.0972],[-80.2789,26.0801],[-80.2789,26.0628],[-80.276,26.0458],[-80.3146,26.0451],[-80.3526,26.0397],[-80.3539,26.0614],[-80.3604,26.0754],[-80.3637,26.088],[-80.3636,26.0942],[-80.3617,26.1001],[-80.345,26.123],[-80.3436,26.1425],[-80.3411,26.1485],[-80.32,26.1675]]]}},{"type":"Feature","properties":{"name":"MOBILE REGIONAL AIRPORT CLASS C","class":"C","lower":"0","lower_code":"SFC","upper":"4200"},"geometry":{"type":"Polygon","coordinates":[[[-88.2428,30.7749],[-88.224,30.7733],[-88.2058,30.7686],[-88.1891,30.7609],[-88.1745,30.7505],[-88.1625,30.7378],[-88.1536,30.7234],[-88.1481,30.7078],[-88.1462,30.6914],[-88.148,30.6752],[-88.1536,30.6595],[-88.1625,30.645],[-88.1745,30.6323],[-88.1891,30.622],[-88.2059,30.6142],[-88.224,30.6095],[-88.2429,30.6079],[-88.2618,30.6095],[-88.2799,30.6143],[-88.2966,30.622],[-88.3112,30.6324],[-88.3232,30.6451],[-88.3321,30.6595],[-88.3376,30.6752],[-88.3395,30.6914],[-88.3376,30.7078],[-88.3321,30.7234],[-88.3232,30.7378],[-88.3112,30.7505],[-88.2966,30.7608],[-88.2798,30.7686],[-88.2617,30.7733],[-88.2428,30.7749]]]}},{"type":"Feature","properties":{"name":"MOBILE REGIONAL AIRPORT CLASS C","class":"C","lower":"1500","lower_code":"MSL","upper":"4200"},"geometry":{"type":"Polygon","coordinates":[[[-88.2428,30.8585],[-88.2051,30.8553],[-88.1689,30.8458],[-88.1355,30.8304],[-88.1062,30.8096],[-88.0821,30.7844],[-88.0643,30.7555],[-88.0533,30.7243],[-88.0495,30.6916],[-88.0532,30.659],[-88.0643,30.6276],[-88.0821,30.5988],[-88.1062,30.5734],[-88.1353,30.5526],[-88.1688,30.5371],[-88.2051,30.5276],[-88.2429,30.5244],[-88.2807,30.5276],[-88.3168,30.5371],[-88.3503,30.5526],[-88.3795,30.5733],[-88.4036,30.5987],[-88.4214,30.6276],[-88.4324,30.659],[-88.4361,30.6915],[-88.4324,30.7242],[-88.4214,30.7555],[-88.4035,30.7843],[-88.3795,30.8096],[-88.3502,30.8303],[-88.3168,30.8458],[-88.2806,30.8553],[-88.2428,30.8585]]]}},{"type":"Feature","properties":{"name":"MOLINE CLASS C","class":"C","lower":"0","lower_code":"SFC","upper":"4600"},"geometry":{"type":"Polygon","coordinates":[[[-90.5078,41.5316],[-90.4862,41.53],[-90.4654,41.5253],[-90.4462,41.5176],[-90.4294,41.5072],[-90.4156,41.4945],[-90.4054,41.4802],[-90.3991,41.4645],[-90.397,41.4482],[-90.3991,41.432],[-90.4054,41.4163],[-90.4156,41.4019],[-90.4295,41.3892],[-90.4462,41.3789],[-90.4654,41.3712],[-90.4863,41.3664],[-90.5078,41.3648],[-90.5294,41.3664],[-90.5502,41.3712],[-90.5694,41.3789],[-90.5861,41.3893],[-90.5999,41.402],[-90.6102,41.4164],[-90.6165,41.4321],[-90.6186,41.4483],[-90.6164,41.4646],[-90.6101,41.4802],[-90.5999,41.4946],[-90.5861,41.5072],[-90.5693,41.5176],[-90.5502,41.5252],[-90.5294,41.53],[-90.5078,41.5316]]]}},{"type":"Feature","properties":{"name":"DALLAS CLASS D","class":"D","lower":"0","lower_code":"SFC","upper":"3000"},"geometry":{"type":"Polygon","coordinates":[[[-96.8685,32.7565],[-96.7976,32.7079],[-96.7899,32.716],[-96.7824,32.699],[-96.7799,32.6809],[-96.7817,32.6663],[-96.7869,32.6521],[-96.7952,32.6391],[-96.8064,32.6278],[-96.8199,32.6185],[-96.8354,32.6117],[-96.8521,32.6075],[-96.8695,32.6062],[-96.8868,32.6077],[-96.9035,32.6121],[-96.9187,32.6192],[-96.9321,32.6286],[-96.943,32.64],[-96.9511,32.653],[-96.956,32.6671],[-96.9576,32.6818],[-96.9558,32.6964],[-96.9507,32.7104],[-96.9424,32.7234],[-96.9313,32.7347],[-96.9178,32.744],[-96.9024,32.7509],[-96.8858,32.7551],[-96.8685,32.7565]]]}},{"type":"Feature","properties":{"name":"FORT LAUDERDALE CLASS C","class":"C","lower":"2500","lower_code":"MSL","upper":"4000"},"geometry":{"type":"Polygon","coordinates":[[[-79.795,26.1677],[-79.785,26.1293],[-79.78,26.0898],[-79.7803,26.0501],[-79.7858,26.0108],[-79.8804,26.0108],[-79.8731,26.0503],[-79.8728,26.0901],[-79.8795,26.1295],[-79.893,26.1675],[-80.4468,26.1675],[-80.4607,26.2314],[-79.8243,26.2314],[-79.8078,26.2002],[-79.795,26.1677]]]}},{"type":"Feature","properties":{"name":"FORT LAUDERDALE CLASS C","class":"C","lower":"1200","lower_code":"MSL","upper":"4000"},"geometry":{"type":"Polygon","coordinates":[[[-79.8804,26.0108],[-80.039,26.0108],[-80.0274,26.033],[-80.0212,26.0569],[-80.0203,26.0774],[-80.0234,26.0978],[-80.0308,26.1182],[-80.0422,26.137],[-80.0572,26.1537],[-80.0753,26.1675],[-79.893,26.1675],[-79.8795,26.1295],[-79.8728,26.0901],[-79.8731,26.0503],[-79.8804,26.0108]]]}},{"type":"Feature","properties":{"name":"SELMA CLASS D","class":"D","lower":"0","lower_code":"SFC","upper":"3000"},"geometry":{"type":"Polygon","coordinates":[[[-87.0409,32.4405],[-87.0175,32.4112],[-87.0028,32.4146],[-86.9876,32.4158],[-86.962,32.4123],[-86.9377,32.4018],[-86.9273,32.3942],[-86.9186,32.3852],[-86.9116,32.3751],[-86.9066,32.3642],[-86.9038,32.3527],[-86.9033,32.341],[-86.905,32.3294],[-86.9089,32.3181],[-86.9149,32.3075],[-86.9228,32.298],[-86.899,32.2679],[-86.9381,32.2455],[-86.962,32.2756],[-86.9884,32.2721],[-87.0147,32.2759],[-87.0385,32.2864],[-87.057,32.3027],[-87.0643,32.3132],[-87.0693,32.3246],[-87.0719,32.3365],[-87.0722,32.3486],[-87.0701,32.3607],[-87.0656,32.3722],[-87.0589,32.3829],[-87.0502,32.3925],[-87.0735,32.4218],[-87.0409,32.4405]]]}},{"type":"Feature","properties":{"name":"VANCOUVER CLASS C","class":"C","lower":"2500","lower_code":"MSL","upper":"12500"},"geometry":{"type":"Polygon","coordinates":[[[-122.9688,48.8426],[-123.0086,48.8311],[-123.3222,49.0],[-122.5639,49.0014],[-122.5639,48.9664],[-122.7867,48.9664],[-122.8044,48.9442],[-122.8253,48.9232],[-122.8491,48.9036],[-122.8756,48.8856],[-122.9046,48.8694],[-122.9358,48.855],[-122.9688,48.8426]]]}},{"type":"Feature","properties":{"name":"HARLINGEN AIRPORT CLASS C","class":"C","lower":"0","lower_code":"SFC","upper":"4000"},"geometry":{"type":"Polygon","coordinates":[[[-97.6533,26.1448],[-97.6712,26.1462],[-97.6904,26.1514],[-97.7062,26.1591],[-97.7201,26.1694],[-97.7315,26.1819],[-97.74,26.1962],[-97.7452,26.2117],[-97.7471,26.2278],[-97.7455,26.244],[-97.7405,26.2596],[-97.7322,26.274],[-97.7209,26.2866],[-97.7072,26.2971],[-97.6915,26.305],[-97.6744,26.31],[-97.6565,26.312],[-97.6366,26.3104],[-97.6175,26.3051],[-97.6002,26.2962],[-97.5867,26.2854],[-97.5876,26.2799],[-97.5827,26.2706],[-97.5845,26.2667],[-97.5854,26.2575],[-97.5864,26.2307],[-97.6013,26.1966],[-97.5713,26.1914],[-97.5846,26.1735],[-97.6042,26.1582],[-97.6277,26.1484],[-97.6533,26.1448]]]}},{"type":"Feature","properties":{"name":"PALM SPRINGS CLASS D","class":"D","lower":"0","lower_code":"SFC","upper":"3000"},"geometry":{"type":"Polygon","coordinates":[[[-116.5214,33.9005],[-116.5057,33.9015],[-116.4905,33.9002],[-116.4758,33.8967],[-116.4621,33.8911],[-116.4497,33.8834],[-116.4392,33.8742],[-116.4307,33.8634],[-116.4248,33.8516],[-116.4212,33.8379],[-116.421,33.8237],[-116.424,33.8099],[-116.4302,33.7968],[-116.3971,33.7613],[-116.4538,33.7243],[-116.487,33.7598],[-116.5055,33.7579],[-116.5241,33.7594],[-116.5419,33.7641],[-116.5579,33.772],[-116.5767,33.7879],[-116.5886,33.8078],[-116.5922,33.8217],[-116.5924,33.8359],[-116.5892,33.8499],[-116.5828,33.8631],[-116.5892,33.8704],[-116.5277,33.9077],[-116.5214,33.9005]]]}},{"type":"Feature","properties":{"name":"LEXINGTON, BLUE GRASS AIRPORT CLASS C","class":"C","lower":"0","lower_code":"SFC","upper":"5000"},"geometry":{"type":"Polygon","coordinates":[[[-84.6041,37.9535],[-84.6245,37.9549],[-84.6442,37.9594],[-84.6623,37.9668],[-84.6784,37.9768],[-84.6917,37.9891],[-84.7017,38.0032],[-84.7082,38.0186],[-84.7107,38.0346],[-84.7093,38.0508],[-84.704,38.0664],[-84.6949,38.0809],[-84.6825,38.0938],[-84.6672,38.1045],[-84.6495,38.1127],[-84.6301,38.118],[-84.6098,38.1203],[-84.5894,38.1194],[-84.5695,38.1154],[-84.551,38.1085],[-84.5346,38.0989],[-84.5208,38.0869],[-84.5102,38.073],[-84.5031,38.0578],[-84.4999,38.04],[-84.5011,38.0239],[-84.5063,38.0082],[-84.5151,37.9936],[-84.529,37.9794],[-84.5444,37.9688],[-84.5622,37.9608],[-84.5816,37.9557],[-84.6041,37.9535]]]}},{"type":"Feature","properties":{"name":"JACKSONVILLE INTERNATIONAL AIRPORT CLASS C","class":"C","lower":"0","lower_code":"SFC","upper":"4000"},"geometry":{"type":"Polygon","coordinates":[[[-81.6887,30.4093],[-81.7094,30.411],[-81.7272,30.4158],[-81.7436,30.4235],[-81.7581,30.4339],[-81.7699,30.4464],[-81.7788,30.4607],[-81.7842,30.4762],[-81.7862,30.4923],[-81.7845,30.5084],[-81.7792,30.524],[-81.7706,30.5384],[-81.7589,30.551],[-81.7446,30.5615],[-81.7282,30.5694],[-81.7104,30.5744],[-81.6918,30.5763],[-81.6731,30.5751],[-81.6551,30.5707],[-81.6383,30.5635],[-81.6235,30.5536],[-81.6112,30.5413],[-81.6019,30.5273],[-81.5958,30.512],[-81.5933,30.4941],[-81.5948,30.4779],[-81.5999,30.4624],[-81.6084,30.4479],[-81.6199,30.4351],[-81.6341,30.4246],[-81.6503,30.4165],[-81.6701,30.411],[-81.6887,30.4093]]]}},{"type":"Feature","properties":{"name":"EPPLEY AIRFIELD, OMAHA CLASS C","class":"C","lower":"2500","lower_code":"MSL","upper":"5000"},"geometry":{"type":"Polygon","coordinates":[[[-95.8912,41.1355],[-95.9339,41.1383],[-95.975,41.1472],[-96.0131,41.162],[-96.0467,41.182],[-96.0746,41.2066],[-96.0957,41.2347],[-96.1035,41.2498],[-96.1092,41.2654],[-96.1146,41.2957],[-96.1144,41.3119],[-96.1121,41.328],[-96.1078,41.3439],[-96.1015,41.3594],[-96.0829,41.3885],[-96.0589,41.4131],[-96.0273,41.4351],[-95.9907,41.4521],[-95.9504,41.4634],[-95.9103,41.4685],[-95.865,41.4676],[-95.8231,41.4603],[-95.7838,41.447],[-95.747,41.4271],[-95.7177,41.4034],[-95.7055,41.3901],[-95.6941,41.3743],[-95.6858,41.3594],[-95.6794,41.3439],[-95.6751,41.328],[-95.6727,41.3101],[-95.6728,41.2939],[-95.6749,41.2778],[-95.6791,41.2619],[-95.6861,41.2447],[-95.7048,41.2156],[-95.7168,41.2022],[-95.7321,41.1884],[-95.7643,41.167],[-95.8034,41.15],[-95.8464,41.1393],[-95.8912,41.1355]]]}},{"type":"Feature","properties":{"name":"LEXINGTON, BLUE GRASS AIRPORT CLASS C","class":"C","lower":"2200","lower_code":"MSL","upper":"5000"},"geometry":{"type":"Polygon","coordinates":[[[-84.603,37.8701],[-84.6437,37.8729],[-84.6829,37.8818],[-84.7193,37.8966],[-84.7514,37.9167],[-84.778,37.9412],[-84.7981,37.9694],[-84.811,38.0001],[-84.8161,38.0323],[-84.8134,38.0646],[-84.8028,38.0958],[-84.7847,38.1249],[-84.7598,38.1506],[-84.7291,38.1721],[-84.6938,38.1884],[-84.655,38.1991],[-84.6144,38.2036],[-84.5734,38.2019],[-84.5337,38.1939],[-84.4966,38.18],[-84.462,38.1595],[-84.4348,38.1353],[-84.4235,38.1218],[-84.413,38.1058],[-84.3999,38.0751],[-84.3962,38.0592],[-84.3944,38.0413],[-84.3973,38.009],[-84.4081,37.9777],[-84.4263,37.9487],[-84.4528,37.9218],[-84.4837,37.9006],[-84.5213,37.8839],[-84.5602,37.874],[-84.603,37.8701]]]}},{"type":"Feature","properties":{"name":"LINCOLN AIRPORT CLASS C","class":"C","lower":"0","lower_code":"SFC","upper":"5200"},"geometry":{"type":"Polygon","coordinates":[[[-96.7592,40.9342],[-96.7378,40.9326],[-96.7171,40.9279],[-96.6981,40.9202],[-96.6815,40.9098],[-96.6678,40.8972],[-96.6577,40.8828],[-96.6515,40.8672],[-96.6494,40.8508],[-96.6515,40.8346],[-96.6577,40.8189],[-96.6679,40.8045],[-96.6816,40.7919],[-96.6982,40.7815],[-96.7172,40.7738],[-96.7377,40.7691],[-96.7592,40.7674],[-96.7806,40.769],[-96.8012,40.7738],[-96.8202,40.7815],[-96.8368,40.7919],[-96.8505,40.8046],[-96.8606,40.819],[-96.8669,40.8347],[-96.869,40.8509],[-96.8668,40.8672],[-96.8606,40.8828],[-96.8504,40.8972],[-96.8368,40.9098],[-96.8202,40.9202],[-96.8012,40.9279],[-96.7806,40.9326],[-96.7592,40.9342]]]}},{"type":"Feature","properties":{"name":"LINCOLN AIRPORT CLASS C","class":"C","lower":"2700","lower_code":"MSL","upper":"5200"},"geometry":{"type":"Polygon","coordinates":[[[-96.7592,41.0176],[-96.7163,41.0144],[-96.6751,41.0049],[-96.6371,40.9895],[-96.6038,40.9688],[-96.5765,40.9436],[-96.5562,40.9148],[-96.549,40.8994],[-96.5438,40.8836],[-96.5406,40.8674],[-96.5395,40.8511],[-96.5406,40.8348],[-96.5437,40.8186],[-96.5489,40.8028],[-96.5562,40.7872],[-96.5766,40.7583],[-96.604,40.7329],[-96.6371,40.7122],[-96.6751,40.6968],[-96.7164,40.6873],[-96.7593,40.6841],[-96.8021,40.6873],[-96.8434,40.6968],[-96.8814,40.7123],[-96.9145,40.733],[-96.9419,40.7584],[-96.9621,40.7872],[-96.9694,40.8027],[-96.9746,40.8186],[-96.9777,40.8347],[-96.9788,40.8511],[-96.9777,40.8674],[-96.9746,40.8835],[-96.9694,40.8994],[-96.9621,40.9148],[-96.9418,40.9436],[-96.9146,40.9688],[-96.8813,40.9895],[-96.8433,41.0049],[-96.8021,41.0144],[-96.7592,41.0176]]]}},{"type":"Feature","properties":{"name":"METROPOLITAN OAKLAND AIRPORT CLASS C","class":"C","lower":"0","lower_code":"SFC","upper":"4000"},"geometry":{"type":"Polygon","coordinates":[[[-122.218,37.638],[-122.236,37.6388],[-122.2367,37.6725],[-122.2786,37.7111],[-122.3253,37.7296],[-122.322,37.7437],[-122.3157,37.7572],[-122.3066,37.7696],[-122.2949,37.7805],[-122.2811,37.7897],[-122.2654,37.7969],[-122.2484,37.8019],[-122.2306,37.8044],[-122.2103,37.8044],[-122.1904,37.8012],[-122.1716,37.7951],[-122.1529,37.785],[-122.1387,37.7734],[-122.1276,37.7599],[-122.1201,37.7449],[-122.1161,37.7273],[-122.1166,37.7111],[-122.1211,37.6954],[-122.1292,37.6806],[-122.1423,37.666],[-122.1572,37.655],[-122.1765,37.6458],[-122.1956,37.6404],[-122.218,37.638]]]}},{"type":"Feature","properties":{"name":"METROPOLITAN OAKLAND AIRPORT CLASS C","class":"C","lower":"1500","lower_code":"MSL","upper":"4000"},"geometry":{"type":"Polygon","coordinates":[[[-122.2141,37.8338],[-122.2167,37.8047],[-122.237,37.8038],[-122.2546,37.8004],[-122.2732,37.7937],[-122.2898,37.7843],[-122.3024,37.774],[-122.3136,37.7605],[-122.3214,37.7455],[-122.3253,37.7296],[-122.3453,37.7342],[-122.3842,37.7361],[-122.4014,37.7344],[-122.4308,37.727],[-122.4281,37.7485],[-122.4227,37.7678],[-122.4135,37.7881],[-122.4022,37.8057],[-122.387,37.8236],[-122.3705,37.8385],[-122.352,37.8518],[-122.3316,37.8632],[-122.3258,37.866],[-122.2797,37.8573],[-122.2461,37.847],[-122.2141,37.8338]]]}},{"type":"Feature","properties":{"name":"METROPOLITAN OAKLAND AIRPORT CLASS C","class":"C","lower":"1500","lower_code":"MSL","upper":"4000"},"geometry":{"type":"Polygon","coordinates":[[[-122.0997,37.6915],[-122.074,37.691],[-122.0636,37.6526],[-122.0608,37.6134],[-122.0898,37.591],[-122.1236,37.5735],[-122.161,37.5615],[-122.2005,37.5553],[-122.1869,37.5864],[-122.235,37.5922],[-122.236,37.6388],[-122.2157,37.6381],[-122.1957,37.6404],[-122.1766,37.6457],[-122.1592,37.6539],[-122.144,37.6646],[-122.1317,37.6773],[-122.1227,37.6918],[-122.1177,37.7055],[-122.109,37.7006],[-122.0997,37.6915]]]}},{"type":"Feature","properties":{"name":"LAS VEGAS CLASS B","class":"B","lower":"7000","lower_code":"MSL","upper":"10000"},"geometry":{"type":"Polygon","coordinates":[[[-114.6245,36.4959],[-114.7141,36.4267],[-114.7655,36.4654],[-114.8221,36.4992],[-114.7541,36.5829],[-114.7194,36.5634],[-114.6862,36.5424],[-114.6545,36.5198],[-114.6245,36.4959]]]}},{"type":"Feature","properties":{"name":"LAS VEGAS CLASS B","class":"B","lower":"7500","lower_code":"MSL","upper":"10000"},"geometry":{"type":"Polygon","coordinates":[[[-114.7541,36.5829],[-114.9351,36.3594],[-114.9855,36.3821],[-115.0372,36.3983],[-115.0934,36.4091],[-115.1486,36.4133],[-115.2041,36.4115],[-115.2588,36.4037],[-115.3116,36.39],[-115.3636,36.3697],[-115.0948,36.6782],[-115.0504,36.674],[-115.0064,36.6676],[-114.9608,36.6586],[-114.9181,36.6478],[-114.8763,36.6351],[-114.8336,36.6195],[-114.7941,36.6026],[-114.7541,36.5829]]]}},{"type":"Feature","properties":{"name":"LAS VEGAS CLASS B","class":"B","lower":"5000","lower_code":"MSL","upper":"10000"},"geometry":{"type":"Polygon","coordinates":[[[-114.7141,36.4267],[-114.7887,36.369],[-114.8323,36.4018],[-114.8786,36.4293],[-114.8221,36.4991],[-114.7655,36.4654],[-114.7141,36.4267]]]}},{"type":"Feature","properties":{"name":"MIAMI CLASS B","class":"B","lower":"1500","lower_code":"MSL","upper":"7000"},"geometry":{"type":"Polygon","coordinates":[[[-80.3919,25.8675],[-80.4053,25.8485],[-80.4144,25.8275],[-80.4189,25.8053],[-80.4186,25.7826],[-80.4135,25.7606],[-80.4038,25.7397],[-80.3899,25.721],[-80.3722,25.705],[-80.208,25.705],[-80.1903,25.721],[-80.1764,25.7397],[-80.1667,25.7606],[-80.1616,25.7827],[-80.1613,25.8052],[-80.1658,25.8274],[-80.1749,25.8484],[-80.1883,25.8675],[-80.0636,25.8675],[-80.057,25.8474],[-80.0526,25.827],[-80.0503,25.8062],[-80.0503,25.7851],[-80.0525,25.7644],[-80.0569,25.7439],[-80.0635,25.7239],[-80.0722,25.7044],[-80.0926,25.6719],[-80.3586,25.6719],[-80.3667,25.6868],[-80.3783,25.6995],[-80.3928,25.7094],[-80.4095,25.7162],[-80.4274,25.7193],[-80.4456,25.7186],[-80.4631,25.7142],[-80.4791,25.7062],[-80.4821,25.7736],[-80.4838,25.8675],[-80.3919,25.8675]]]}},{"type":"Feature","properties":{"name":"MIAMI CLASS B","class":"B","lower":"0","lower_code":"SFC","upper":"7000"},"geometry":{"type":"Polygon","coordinates":[[[-80.1868,25.8039],[-80.1854,25.8033],[-80.1854,25.7973],[-80.1871,25.7966],[-80.1855,25.7956],[-80.1854,25.7831],[-80.189,25.7824],[-80.1853,25.7822],[-80.1861,25.7779],[-80.1833,25.7787],[-80.185,25.7716],[-80.1878,25.7706],[-80.1891,25.7578],[-80.198,25.7527],[-80.2023,25.7479],[-80.2088,25.7454],[-80.2106,25.7408],[-80.2144,25.7383],[-80.2186,25.7394],[-80.2261,25.7342],[-80.2295,25.7343],[-80.2296,25.7326],[-80.233,25.7317],[-80.2333,25.7273],[-80.2357,25.726],[-80.2382,25.7272],[-80.2491,25.7133],[-80.2458,25.705],[-80.3722,25.705],[-80.3909,25.7221],[-80.4052,25.7422],[-80.4148,25.7646],[-80.4191,25.7882],[-80.4184,25.8095],[-80.4135,25.8302],[-80.4046,25.8497],[-80.3919,25.8675],[-80.1883,25.8675],[-80.1734,25.8456],[-80.1742,25.8422],[-80.18,25.8377],[-80.1808,25.8324],[-80.1783,25.8215],[-80.1853,25.8145],[-80.1854,25.804],[-80.1868,25.8039]]]}},{"type":"Feature","properties":{"name":"PITTSBURGH CLASS B","class":"B","lower":"3000","lower_code":"MSL","upper":"8000"},"geometry":{"type":"Polygon","coordinates":[[[-80.0619,40.3359],[-80.0915,40.3188],[-80.1152,40.3468],[-80.091,40.3607],[-80.0711,40.3757],[-80.0539,40.3925],[-80.0395,40.4109],[-80.0007,40.3956],[-80.0173,40.3743],[-80.0388,40.3533],[-80.0619,40.3359]]]}},{"type":"Feature","properties":{"name":"PITTSBURGH CLASS B","class":"B","lower":"3000","lower_code":"MSL","upper":"8000"},"geometry":{"type":"Polygon","coordinates":[[[-80.4483,40.4547],[-80.5339,40.4418],[-80.5391,40.472],[-80.5393,40.5006],[-80.5344,40.5308],[-80.5251,40.5585],[-80.4419,40.5381],[-80.4483,40.519],[-80.4519,40.4976],[-80.4519,40.4761],[-80.4483,40.4547]]]}},{"type":"Feature","properties":{"name":"PITTSBURGH CLASS B","class":"B","lower":"4000","lower_code":"MSL","upper":"8000"},"geometry":{"type":"Polygon","coordinates":[[[-79.8179,40.5892],[-79.8095,40.5667],[-79.597,40.606],[-79.5884,40.5744],[-79.5824,40.5424],[-79.5793,40.5102],[-79.5788,40.4761],[-79.5813,40.4439],[-79.5864,40.4119],[-79.5942,40.3801],[-79.6053,40.3471],[-79.8146,40.394],[-79.8348,40.3518],[-79.8635,40.3105],[-79.8979,40.2741],[-79.94,40.2403],[-79.986,40.2124],[-80.0385,40.1886],[-80.0925,40.1712],[-80.1514,40.1592],[-80.1862,40.1552],[-80.2213,40.1533],[-80.2564,40.1536],[-80.2914,40.1561],[-80.3261,40.1607],[-80.3602,40.1675],[-80.3934,40.1763],[-80.4256,40.1871],[-80.4706,40.2066],[-80.5104,40.2288],[-80.5484,40.2556],[-80.5806,40.2842],[-80.6095,40.317],[-80.6323,40.3505],[-80.65,40.3857],[-80.6624,40.4223],[-80.8763,40.3895],[-80.8853,40.4338],[-80.8893,40.4858],[-80.8861,40.5378],[-80.8758,40.5893],[-80.8586,40.6397],[-80.6501,40.5891],[-80.6284,40.6308],[-80.5995,40.67],[-80.5639,40.7059],[-80.524,40.7365],[-80.4773,40.764],[-80.4261,40.7865],[-80.3713,40.8034],[-80.3164,40.8143],[-80.2766,40.8187],[-80.2364,40.8203],[-80.1985,40.8192],[-80.1586,40.8153],[-80.1216,40.8091],[-80.0833,40.7999],[-80.0462,40.7881],[-80.0107,40.7737],[-79.9791,40.7579],[-79.9475,40.739],[-79.9184,40.7179],[-79.892,40.6949],[-79.8698,40.6716],[-79.8492,40.6454],[-79.8318,40.6178],[-79.8179,40.5892]]]}},{"type":"Feature","properties":{"name":"SALT LAKE CITY CLASS B","class":"B","lower":"0","lower_code":"SFC","upper":"12000"},"geometry":{"type":"Polygon","coordinates":[[[-111.9024,40.6899],[-111.9017,40.6547],[-112.0356,40.6577],[-112.0824,40.7183],[-112.1511,40.7728],[-112.1515,40.9369],[-111.9323,40.9537],[-111.93,40.884],[-111.9325,40.8423],[-111.9155,40.8422],[-111.9026,40.8318],[-111.8899,40.8146],[-111.8858,40.8043],[-111.8837,40.7937],[-111.8839,40.7812],[-111.8876,40.7671],[-111.895,40.7539],[-111.9041,40.7435],[-111.9038,40.7063],[-111.9008,40.6977],[-111.9024,40.6899]]]}},{"type":"Feature","properties":{"name":"SALT LAKE CITY CLASS B","class":"B","lower":"7800","lower_code":"MSL","upper":"12000"},"geometry":{"type":"Polygon","coordinates":[[[-111.8891,41.0906],[-111.9026,41.0759],[-111.9224,41.0632],[-111.9461,41.0551],[-111.9718,41.0522],[-111.9976,41.0546],[-112.0215,41.0622],[-112.0418,41.0745],[-112.0558,41.0889],[-112.1722,41.0894],[-112.1515,40.9369],[-112.2444,40.8325],[-112.4193,40.8204],[-112.4208,40.8653],[-112.4143,40.91],[-112.3999,40.9537],[-112.3789,40.9938],[-112.3499,41.033],[-112.3141,41.069],[-112.2723,41.1009],[-112.2271,41.1273],[-112.1925,41.1432],[-112.1561,41.1566],[-112.1182,41.1674],[-112.0792,41.1756],[-112.0393,41.1809],[-111.999,41.1835],[-111.9608,41.1834],[-111.9205,41.1805],[-111.9135,41.1797],[-111.8985,41.1683],[-111.8883,41.1562],[-111.8815,41.1428],[-111.8786,41.1305],[-111.8787,41.1161],[-111.882,41.1038],[-111.8891,41.0906]]]}},{"type":"Feature","properties":{"name":"SALT LAKE CITY CLASS B","class":"B","lower":"6000","lower_code":"MSL","upper":"12000"},"geometry":{"type":"Polygon","coordinates":[[[-111.9323,40.9537],[-112.1515,40.9369],[-112.1593,40.9893],[-111.96,41.0078],[-111.9328,40.9801],[-111.9323,40.9537]]]}},{"type":"Feature","properties":{"name":"SALT LAKE CITY CLASS B","class":"B","lower":"6000","lower_code":"MSL","upper":"12000"},"geometry":{"type":"Polygon","coordinates":[[[-111.8919,40.5119],[-112.0092,40.5106],[-112.0063,40.5841],[-112.0384,40.5869],[-112.0356,40.6577],[-111.9017,40.6547],[-111.9049,40.6369],[-111.9016,40.6288],[-111.9052,40.6097],[-111.8994,40.5899],[-111.8983,40.5636],[-111.891,40.5305],[-111.8919,40.5119]]]}},{"type":"Feature","properties":{"name":"SAN DIEGO CLASS B","class":"B","lower":"4800","lower_code":"MSL","upper":"10000"},"geometry":{"type":"Polygon","coordinates":[[[-117.3208,32.8863],[-117.2022,32.8469],[-117.1778,32.8472],[-117.1639,32.8403],[-117.0967,32.8403],[-117.0526,32.8501],[-117.0508,32.854],[-116.937,32.8745],[-116.7663,32.7433],[-116.8188,32.6269],[-116.9791,32.6103],[-116.887,32.6402],[-116.8337,32.7291],[-117.2254,32.7822],[-117.3084,32.841],[-117.3208,32.8863]]]}},{"type":"Feature","properties":{"name":"SAN DIEGO CLASS B","class":"B","lower":"5800","lower_code":"MSL","upper":"10000"},"geometry":{"type":"Polygon","coordinates":[[[-116.7012,32.6389],[-116.8188,32.6269],[-116.7663,32.7433],[-116.808,32.7753],[-116.6705,32.7728],[-116.7012,32.6389]]]}},{"type":"Feature","properties":{"name":"SAN DIEGO CLASS B","class":"B","lower":"0","lower_code":"SFC","upper":"10000"},"geometry":{"type":"Polygon","coordinates":[[[-117.2255,32.7822],[-117.1941,32.7151],[-117.2099,32.7228],[-117.3207,32.7228],[-117.3345,32.7968],[-117.2255,32.7822]]]}},{"type":"Feature","properties":{"name":"SAN DIEGO CLASS B","class":"B","lower":"0","lower_code":"SFC","upper":"10000"},"geometry":{"type":"Polygon","coordinates":[[[-117.0531,32.7004],[-117.087,32.663],[-117.1097,32.6742],[-117.1094,32.6787],[-117.1136,32.6853],[-117.1249,32.6938],[-117.1353,32.6959],[-117.1449,32.7013],[-117.1481,32.7111],[-117.1319,32.7697],[-117.0302,32.7559],[-117.0531,32.7004]]]}},{"type":"Feature","properties":{"name":"ATLANTA CLASS B","class":"B","lower":"3300","lower_code":"MSL","upper":"12500"},"geometry":{"type":"Polygon","coordinates":[[[-84.5324,33.713],[-84.528,33.7165],[-84.4936,33.7165],[-84.5128,33.7127],[-84.5324,33.713]]]}},{"type":"Feature","properties":{"name":"ALLENTOWN-BETHLEHEM-EASTON CLASS C","class":"C","lower":"0","lower_code":"SFC","upper":"4400"},"geometry":{"type":"Polygon","coordinates":[[[-75.3729,40.5873],[-75.3867,40.5804],[-75.4039,40.5745],[-75.4221,40.5709],[-75.4409,40.5698],[-75.4665,40.5723],[-75.4721,40.5816],[-75.4815,40.5862],[-75.4905,40.5869],[-75.501,40.584],[-75.5067,40.5871],[-75.5206,40.5968],[-75.5321,40.6082],[-75.5408,40.6209],[-75.546,40.6329],[-75.549,40.647],[-75.5488,40.6614],[-75.5453,40.6755],[-75.5397,40.6873],[-75.5263,40.7042],[-75.5099,40.7171],[-75.4881,40.7278],[-75.466,40.7339],[-75.4426,40.7363],[-75.4168,40.7344],[-75.3944,40.7287],[-75.3723,40.7184],[-75.3555,40.7059],[-75.3415,40.6893],[-75.3336,40.6724],[-75.3307,40.6528],[-75.3333,40.6349],[-75.3419,40.6163],[-75.3545,40.6012],[-75.3729,40.5873]]]}},{"type":"Feature","properties":{"name":"ALLENTOWN-BETHLEHEM-EASTON CLASS C","class":"C","lower":"1900","lower_code":"MSL","upper":"4400"},"geometry":{"type":"Polygon","coordinates":[[[-75.5026,40.5848],[-75.5652,40.5165],[-75.5923,40.5335],[-75.6126,40.5508],[-75.6284,40.5685],[-75.6421,40.5893],[-75.6512,40.6095],[-75.6568,40.6305],[-75.6588,40.6519],[-75.6572,40.6733],[-75.6515,40.6961],[-75.5456,40.6747],[-75.5489,40.6606],[-75.5491,40.6481],[-75.5469,40.6357],[-75.5423,40.6238],[-75.5354,40.6124],[-75.5263,40.602],[-75.5153,40.5927],[-75.5026,40.5848]]]}},{"type":"Feature","properties":{"name":"NEW YORK CLASS B","class":"B","lower":"800","lower_code":"MSL","upper":"7000"},"geometry":{"type":"Polygon","coordinates":[[[-74.2276,40.6441],[-74.2135,40.6209],[-74.1784,40.6257],[-74.1573,40.6148],[-74.1621,40.6073],[-74.1621,40.594],[-74.1674,40.5887],[-74.1686,40.5834],[-74.1939,40.5854],[-74.2183,40.5908],[-74.241,40.5995],[-74.2597,40.6099],[-74.2276,40.6441]]]}},{"type":"Feature","properties":{"name":"MIAMI CLASS B","class":"B","lower":"2000","lower_code":"MSL","upper":"7000"},"geometry":{"type":"Polygon","coordinates":[[[-80.3586,25.6719],[-80.4876,25.6719],[-80.4988,25.688],[-80.4842,25.7026],[-80.4658,25.7131],[-80.4449,25.7187],[-80.4233,25.7189],[-80.4023,25.7138],[-80.3836,25.7037],[-80.3687,25.6894],[-80.3586,25.6719]]]}},{"type":"Feature","properties":{"name":"MIAMI CLASS B","class":"B","lower":"3000","lower_code":"MSL","upper":"7000"},"geometry":{"type":"Polygon","coordinates":[[[-80.0845,25.9635],[-79.9706,25.9633],[-79.9477,25.9211],[-79.9317,25.8766],[-79.9228,25.8305],[-79.921,25.7835],[-79.9256,25.7419],[-79.936,25.7009],[-79.9518,25.6616],[-79.9731,25.6242],[-79.9991,25.5898],[-80.0299,25.5583],[-80.0649,25.5306],[-80.1034,25.507],[-80.1293,25.4944],[-80.1561,25.4839],[-80.2012,25.5579],[-80.2418,25.5484],[-80.2839,25.5447],[-80.3261,25.5467],[-80.3674,25.5546],[-80.3928,25.5625],[-80.4172,25.5726],[-80.4404,25.5848],[-80.4619,25.5988],[-80.4821,25.6148],[-80.5004,25.6323],[-80.5168,25.6515],[-80.5311,25.6719],[-80.6332,25.6719],[-80.6464,25.7079],[-80.6551,25.7448],[-80.6591,25.7824],[-80.6585,25.8202],[-80.6531,25.8576],[-80.6431,25.8943],[-80.6285,25.9297],[-80.6097,25.9633],[-80.4959,25.9633],[-80.4754,25.9819],[-80.453,25.9983],[-80.4285,26.0126],[-80.4028,26.0245],[-80.3756,26.0339],[-80.3478,26.0406],[-80.319,26.0448],[-80.2902,26.0461],[-80.2613,26.0448],[-80.2328,26.0407],[-80.2047,26.0339],[-80.1777,26.0246],[-80.152,26.0128],[-80.1275,25.9985],[-80.1051,25.9821],[-80.0845,25.9635]]]}},{"type":"Feature","properties":{"name":"MIAMI CLASS B","class":"B","lower":"4000","lower_code":"MSL","upper":"7000"},"geometry":{"type":"Polygon","coordinates":[[[-80.3956,26.0273],[-80.4234,26.0152],[-80.4498,26.0003],[-80.4739,25.9831],[-80.4959,25.9633],[-80.6097,25.9633],[-80.5942,25.9854],[-80.577,26.0062],[-80.5579,26.0258],[-80.5373,26.044],[-80.5151,26.0607],[-80.4915,26.0758],[-80.4667,26.0891],[-80.4409,26.1006],[-80.3956,26.0273]]]}},{"type":"Feature","properties":{"name":"MIAMI CLASS B","class":"B","lower":"1000","lower_code":"MSL","upper":"7000"},"geometry":{"type":"Polygon","coordinates":[[[-80.1611,25.8033],[-80.1617,25.7821],[-80.1665,25.7612],[-80.1754,25.7415],[-80.1882,25.7235],[-80.208,25.705],[-80.2458,25.705],[-80.2491,25.7133],[-80.2382,25.7272],[-80.2357,25.726],[-80.2333,25.7273],[-80.233,25.7317],[-80.2296,25.7326],[-80.2295,25.7343],[-80.2261,25.7342],[-80.2186,25.7394],[-80.2144,25.7383],[-80.2106,25.7408],[-80.2088,25.7454],[-80.2023,25.7479],[-80.198,25.7527],[-80.1891,25.7578],[-80.1878,25.7706],[-80.185,25.7716],[-80.1833,25.7787],[-80.1861,25.7779],[-80.1853,25.7822],[-80.189,25.7824],[-80.1854,25.7831],[-80.1855,25.7956],[-80.1871,25.7966],[-80.1854,25.7973],[-80.1854,25.8033],[-80.1868,25.8039],[-80.1854,25.804],[-80.1853,25.8145],[-80.1783,25.8215],[-80.1808,25.8324],[-80.18,25.8377],[-80.1742,25.8422],[-80.1734,25.8456],[-80.1651,25.825],[-80.1611,25.8033]]]}},{"type":"Feature","properties":{"name":"MIAMI CLASS B","class":"B","lower":"2000","lower_code":"MSL","upper":"7000"},"geometry":{"type":"Polygon","coordinates":[[[-80.3412,25.8675],[-80.4838,25.8675],[-80.4845,25.8905],[-80.4834,25.893],[-80.4397,25.9415],[-80.3412,25.8675]]]}},{"type":"Feature","properties":{"name":"MIAMI CLASS B","class":"B","lower":"2000","lower_code":"MSL","upper":"7000"},"geometry":{"type":"Polygon","coordinates":[[[-80.4791,25.7062],[-80.4898,25.6979],[-80.4988,25.688],[-80.5146,25.7186],[-80.525,25.7508],[-80.5296,25.7801],[-80.5297,25.8096],[-80.5254,25.8389],[-80.5166,25.8675],[-80.4838,25.8675],[-80.4821,25.7736],[-80.4791,25.7062]]]}},{"type":"Feature","properties":{"name":"NEW YORK CLASS B","class":"B","lower":"500","lower_code":"MSL","upper":"7000"},"geometry":{"type":"Polygon","coordinates":[[[-74.1784,40.6257],[-74.2135,40.6209],[-74.2277,40.6441],[-74.205,40.6319],[-74.1784,40.6257]]]}},{"type":"Feature","properties":{"name":"NEW YORK CLASS B","class":"B","lower":"1100","lower_code":"MSL","upper":"7000"},"geometry":{"type":"Polygon","coordinates":[[[-73.935,40.7694],[-73.944,40.7634],[-73.9612,40.742],[-73.9626,40.7375],[-73.961,40.737],[-73.9626,40.7325],[-73.9616,40.7259],[-73.9665,40.7168],[-73.9726,40.7225],[-73.9717,40.7278],[-73.9746,40.7346],[-73.973,40.7349],[-73.9722,40.7414],[-73.9433,40.7734],[-73.935,40.7694]]]}},{"type":"Feature","properties":{"name":"ATLANTA CLASS B","class":"B","lower":"3300","lower_code":"MSL","upper":"12500"},"geometry":{"type":"Polygon","coordinates":[[[-84.5324,33.713],[-84.5409,33.7144],[-84.5489,33.7164],[-84.528,33.7165],[-84.5324,33.713]]]}},{"type":"Feature","properties":{"name":"MIAMI CLASS B","class":"B","lower":"4000","lower_code":"MSL","upper":"7000"},"geometry":{"type":"Polygon","coordinates":[[[-80.6332,25.6719],[-80.731,25.6719],[-80.7381,25.6952],[-80.7457,25.7287],[-80.7503,25.7627],[-80.7518,25.797],[-80.7501,25.8312],[-80.7454,25.8652],[-80.7376,25.8987],[-80.7268,25.9316],[-80.7131,25.9633],[-80.6097,25.9633],[-80.6285,25.9297],[-80.6431,25.8943],[-80.6531,25.8576],[-80.6585,25.8202],[-80.6591,25.7824],[-80.6551,25.7448],[-80.6464,25.7079],[-80.6332,25.6719]]]}},{"type":"Feature","properties":{"name":"SAN FRANCISCO CLASS B","class":"B","lower":"4000","lower_code":"MSL","upper":"10000"},"geometry":{"type":"Polygon","coordinates":[[[-121.9636,37.4719],[-122.1297,37.3344],[-122.3267,37.3828],[-122.4547,37.4936],[-122.8547,37.6589],[-122.8583,37.7342],[-122.7869,37.7778],[-122.6514,37.6769],[-122.3972,37.5714],[-122.3828,37.56],[-122.365,37.5386],[-122.2194,37.4775],[-122.1772,37.4406],[-122.1275,37.4528],[-122.0983,37.5067],[-122.0661,37.5806],[-122.1919,37.6647],[-122.1942,37.7047],[-122.2536,37.745],[-122.2178,37.7994],[-122.34,37.8508],[-122.4922,37.8597],[-122.3844,37.9253],[-122.1578,37.8864],[-121.9608,37.6972],[-121.9328,37.5425],[-121.9636,37.4719]]]}},{"type":"Feature","properties":{"name":"SAN FRANCISCO CLASS B","class":"B","lower":"5000","lower_code":"MSL","upper":"10000"},"geometry":{"type":"Polygon","coordinates":[[[-122.0958,37.9806],[-122.1578,37.8864],[-122.3844,37.9253],[-122.6111,37.7864],[-122.6853,37.8394],[-122.4167,38.0],[-122.0958,37.9806]]]}},{"type":"Feature","properties":{"name":"SAN FRANCISCO CLASS B","class":"B","lower":"3000","lower_code":"MSL","upper":"10000"},"geometry":{"type":"Polygon","coordinates":[[[-122.0983,37.5067],[-122.1275,37.4528],[-122.1772,37.4406],[-122.2194,37.4775],[-122.365,37.5386],[-122.3722,37.5483],[-122.3403,37.5492],[-122.2967,37.5606],[-122.2439,37.5147],[-122.1881,37.4839],[-122.1392,37.4917],[-122.1517,37.5336],[-122.1356,37.57],[-122.1869,37.5864],[-122.1919,37.6647],[-122.0661,37.5806],[-122.0983,37.5067]]]}},{"type":"Feature","properties":{"name":"PHILADELPHIA CLASS B","class":"B","lower":"3000","lower_code":"MSL","upper":"7000"},"geometry":{"type":"Polygon","coordinates":[[[-75.4649,39.6914],[-75.5816,39.6669],[-75.5886,39.674],[-75.6119,39.7009],[-75.6307,39.7277],[-75.6462,39.7558],[-75.6584,39.7848],[-75.6675,39.8164],[-75.6724,39.8466],[-75.6738,39.8771],[-75.6715,39.9076],[-75.5564,39.9317],[-75.5638,39.8981],[-75.5654,39.8658],[-75.5615,39.8336],[-75.5523,39.8021],[-75.538,39.7717],[-75.5187,39.7431],[-75.4947,39.7166],[-75.4649,39.6914]]]}},{"type":"Feature","properties":{"name":"NEW YORK CLASS B","class":"B","lower":"1500","lower_code":"MSL","upper":"7000"},"geometry":{"type":"Polygon","coordinates":[[[-73.6672,40.8846],[-73.6461,40.8546],[-73.6326,40.8222],[-73.5971,40.8045],[-73.564,40.7816],[-73.536,40.7551],[-73.5139,40.7256],[-73.4981,40.6937],[-73.489,40.6604],[-73.4868,40.6264],[-73.4914,40.5943],[-73.4153,40.6094],[-73.383,40.618],[-73.363,40.6261],[-73.3338,40.6314],[-73.3367,40.5939],[-73.3459,40.555],[-73.361,40.5172],[-73.3819,40.4811],[-73.4082,40.447],[-73.4396,40.4156],[-73.4756,40.3872],[-73.5157,40.3623],[-73.5552,40.3429],[-73.5972,40.3269],[-73.6412,40.3144],[-73.689,40.3052],[-73.7355,40.3003],[-73.7848,40.2994],[-73.8316,40.3024],[-73.8776,40.3092],[-73.9291,40.3217],[-73.9761,40.3381],[-73.9724,40.3466],[-73.9713,40.3577],[-73.9753,40.3948],[-73.9824,40.4267],[-73.9831,40.4413],[-73.9857,40.4487],[-73.9989,40.4684],[-74.1351,40.5267],[-74.1795,40.5253],[-74.2233,40.5307],[-74.2496,40.4896],[-74.3281,40.5189],[-74.3015,40.5606],[-74.3319,40.5827],[-74.3551,40.6073],[-74.3728,40.6363],[-74.3789,40.6517],[-74.3822,40.6658],[-74.3534,40.6738],[-74.3376,40.6832],[-74.3086,40.6878],[-74.3064,40.6718],[-74.3001,40.6545],[-74.2902,40.6382],[-74.2769,40.6234],[-74.2624,40.6116],[-74.2437,40.6007],[-74.223,40.5922],[-74.2007,40.5865],[-74.1633,40.5833],[-74.1262,40.5877],[-74.0918,40.5993],[-74.0643,40.6161],[-74.0534,40.6036],[-74.0369,40.6094],[-74.0422,40.6188],[-74.0421,40.6302],[-74.0374,40.6411],[-74.0342,40.6442],[-74.0263,40.6848],[-74.0143,40.7009],[-74.0189,40.7062],[-74.0173,40.7124],[-74.0163,40.7121],[-74.0162,40.7188],[-74.0128,40.7183],[-74.0124,40.7198],[-74.0087,40.7445],[-74.0093,40.7494],[-74.0039,40.7588],[-73.9979,40.7653],[-73.9891,40.7435],[-73.974,40.7239],[-73.9535,40.7073],[-73.9271,40.6941],[-73.9373,40.676],[-73.9442,40.6551],[-73.9467,40.6336],[-73.9445,40.6121],[-73.9379,40.5912],[-73.9269,40.5713],[-73.9119,40.5531],[-73.8933,40.5369],[-73.8695,40.5222],[-73.8428,40.5109],[-73.8139,40.5032],[-73.7837,40.4996],[-73.7531,40.5],[-73.7231,40.5044],[-73.6945,40.5128],[-73.6683,40.5248],[-73.6436,40.5414],[-73.6234,40.5613],[-73.6085,40.5837],[-73.5997,40.6061],[-73.5961,40.631],[-73.5984,40.6543],[-73.6067,40.6786],[-73.6197,40.6998],[-73.642,40.7229],[-73.6703,40.7419],[-73.7033,40.7558],[-73.7395,40.7641],[-73.7371,40.7785],[-73.7849,40.7723],[-73.7862,40.7809],[-73.7927,40.7911],[-73.7941,40.8032],[-73.7442,40.8162],[-73.7528,40.8309],[-73.7643,40.8444],[-73.7784,40.8563],[-73.7929,40.8653],[-73.809,40.8727],[-73.8263,40.8783],[-73.8445,40.8819],[-73.8632,40.8836],[-73.8982,40.8812],[-73.9162,40.877],[-73.9332,40.8709],[-73.9301,40.8754],[-73.9274,40.8765],[-73.9148,40.9048],[-73.9104,40.9214],[-73.9067,40.9268],[-73.9056,40.9344],[-73.9032,40.939],[-73.9042,40.9414],[-73.899,40.9552],[-73.8924,40.9663],[-73.8853,40.9667],[-73.8546,40.9668],[-73.8218,40.9636],[-73.7921,40.9576],[-73.7616,40.948],[-73.735,40.9364],[-73.7088,40.9211],[-73.6872,40.9046],[-73.6672,40.8846]]]}},{"type":"Feature","properties":{"name":"NEW YORK CLASS B","class":"B","lower":"1500","lower_code":"MSL","upper":"7000"},"geometry":{"type":"Polygon","coordinates":[[[-73.9549,40.8609],[-73.9581,40.8584],[-73.9603,40.8511],[-73.9663,40.842],[-73.9687,40.8409],[-73.968,40.8393],[-73.9706,40.8377],[-73.969,40.8352],[-73.97,40.8281],[-73.9718,40.8275],[-73.9739,40.8222],[-73.981,40.8141],[-73.9821,40.8101],[-73.9843,40.8088],[-73.9836,40.8077],[-73.9867,40.8068],[-73.9849,40.8044],[-73.9892,40.8043],[-73.9937,40.7992],[-73.9945,40.7979],[-73.9924,40.7966],[-73.9928,40.7947],[-73.9944,40.7922],[-73.9967,40.792],[-73.9962,40.7905],[-73.9977,40.7907],[-74.0001,40.7866],[-74.0079,40.8424],[-74.0043,40.8507],[-73.9715,40.8995],[-73.9632,40.9318],[-73.9638,40.9421],[-73.9597,40.9465],[-73.9133,40.9625],[-73.9239,40.9353],[-73.9282,40.9166],[-73.9363,40.8958],[-73.9401,40.8919],[-73.9549,40.8609]]]}},{"type":"Feature","properties":{"name":"SALT LAKE CITY CLASS B","class":"B","lower":"6500","lower_code":"MSL","upper":"12000"},"geometry":{"type":"Polygon","coordinates":[[[-112.1511,40.7728],[-112.0824,40.7183],[-112.0356,40.6577],[-112.0384,40.5869],[-112.0793,40.5939],[-112.1167,40.6039],[-112.1167,40.6783],[-112.138,40.6891],[-112.1578,40.7013],[-112.1909,40.7285],[-112.2273,40.7241],[-112.2419,40.7423],[-112.2533,40.7599],[-112.2626,40.7781],[-112.2699,40.7969],[-112.2772,40.8302],[-112.2444,40.8325],[-112.1515,40.9369],[-112.1511,40.7728]]]}},{"type":"Feature","properties":{"name":"PENSACOLA NAS CLASS C","class":"C","lower":"0","lower_code":"SFC","upper":"4200"},"geometry":{"type":"Polygon","coordinates":[[[-87.2251,30.3655],[-87.2241,30.3494],[-87.2268,30.3334],[-87.2329,30.3181],[-87.2435,30.3027],[-87.2562,30.2908],[-87.273,30.2804],[-87.29,30.2738],[-87.3103,30.2701],[-87.331,30.2701],[-87.3492,30.2735],[-87.3663,30.2798],[-87.3818,30.2889],[-87.3962,30.3018],[-87.4062,30.3154],[-87.4129,30.3305],[-87.4162,30.3464],[-87.415,30.3679],[-87.4074,30.3884],[-87.3345,30.3642],[-87.3276,30.3684],[-87.333,30.4358],[-87.3309,30.436],[-87.3123,30.4362],[-87.2959,30.4338],[-87.2784,30.4282],[-87.2625,30.4198],[-87.2487,30.4089],[-87.2376,30.3959],[-87.2297,30.3812],[-87.2251,30.3655]]]}},{"type":"Feature","properties":{"name":"PENSACOLA NAS CLASS C","class":"C","lower":"1400","lower_code":"MSL","upper":"4200"},"geometry":{"type":"Polygon","coordinates":[[[-87.1897,30.3901],[-87.1609,30.3931],[-87.1362,30.4024],[-87.1295,30.3761],[-87.1277,30.3491],[-87.131,30.3223],[-87.1399,30.2946],[-87.1491,30.2765],[-87.1608,30.2594],[-87.1747,30.2437],[-87.1922,30.2284],[-87.2101,30.2161],[-87.2313,30.2049],[-87.2541,30.1962],[-87.2759,30.1905],[-87.3149,30.1861],[-87.3541,30.1886],[-87.392,30.198],[-87.4268,30.2139],[-87.4572,30.2356],[-87.4819,30.2622],[-87.4998,30.2926],[-87.5099,30.3238],[-87.5129,30.3561],[-87.5091,30.3865],[-87.4981,30.4174],[-87.4816,30.4444],[-87.4583,30.4697],[-87.4314,30.4896],[-87.3989,30.5056],[-87.3655,30.5155],[-87.343,30.519],[-87.3181,30.5201],[-87.2952,30.5187],[-87.2708,30.5145],[-87.2795,30.4962],[-87.2831,30.4749],[-87.2802,30.4534],[-87.2711,30.4333],[-87.2564,30.4159],[-87.237,30.4024],[-87.2143,30.3936],[-87.1897,30.3901]]]}},{"type":"Feature","properties":{"name":"BOSTON CLASS B","class":"B","lower":"0","lower_code":"SFC","upper":"7000"},"geometry":{"type":"Polygon","coordinates":[[[-70.9871,42.2241],[-71.0209,42.2261],[-71.0535,42.2328],[-71.0838,42.2439],[-71.1108,42.259],[-71.1336,42.2777],[-71.1512,42.2991],[-71.1631,42.3226],[-71.1689,42.3474],[-71.1683,42.3726],[-71.1613,42.3972],[-71.1482,42.4204],[-71.1295,42.4413],[-71.1058,42.4593],[-71.0779,42.4737],[-71.0469,42.4839],[-71.0138,42.4896],[-70.9774,42.4905],[-70.9415,42.486],[-70.9076,42.4762],[-70.8771,42.4616],[-70.8512,42.4427],[-70.8309,42.4204],[-70.8171,42.3954],[-70.8126,42.3815],[-70.8102,42.3672],[-70.8112,42.3403],[-70.8196,42.3141],[-70.8348,42.2896],[-70.8563,42.2679],[-70.8832,42.2499],[-70.9145,42.2363],[-70.9488,42.2275],[-70.9871,42.2241]]]}},{"type":"Feature","properties":{"name":"CHICAGO CLASS B","class":"B","lower":"3000","lower_code":"MSL","upper":"10000"},"geometry":{"type":"Polygon","coordinates":[[[-87.9019,41.7377],[-87.933,41.7386],[-87.9663,41.742],[-87.999,41.7478],[-88.0285,41.7554],[-88.0591,41.7659],[-88.0861,41.7776],[-88.1116,41.7912],[-88.1352,41.8064],[-88.1569,41.8233],[-88.178,41.8429],[-88.1961,41.864],[-88.2103,41.8848],[-88.2227,41.9082],[-88.2313,41.9307],[-88.2374,41.9554],[-88.24,41.9787],[-88.2396,42.0039],[-88.2362,42.0271],[-88.2293,42.0517],[-88.2199,42.074],[-88.2068,42.0972],[-88.1918,42.1177],[-88.1814,42.1298],[-88.1542,42.1551],[-88.1304,42.1729],[-88.1062,42.1878],[-88.0802,42.201],[-88.0527,42.2123],[-88.0216,42.2222],[-87.9916,42.2293],[-87.9609,42.2343],[-87.9297,42.2372],[-87.8959,42.2378],[-87.8645,42.2361],[-87.8311,42.2318],[-87.7985,42.225],[-87.767,42.2158],[-87.7368,42.2044],[-87.7084,42.1907],[-87.6821,42.1749],[-87.6596,42.1586],[-87.6378,42.1394],[-87.6187,42.1186],[-87.6026,42.0965],[-87.5895,42.0733],[-87.5796,42.0492],[-87.573,42.0245],[-87.5698,41.9995],[-87.57,41.9743],[-87.5736,41.9493],[-87.5805,41.9246],[-87.5907,41.9006],[-87.6041,41.8775],[-87.6205,41.8556],[-87.6397,41.8349],[-87.6617,41.8158],[-87.686,41.7985],[-87.7126,41.783],[-87.7411,41.7696],[-87.7712,41.7585],[-87.8026,41.7496],[-87.8351,41.7432],[-87.8683,41.7392],[-87.9019,41.7377]]]}},{"type":"Feature","properties":{"name":"CHICAGO CLASS B","class":"B","lower":"3600","lower_code":"MSL","upper":"10000"},"geometry":{"type":"Polygon","coordinates":[[[-87.458,42.2391],[-87.4294,42.2079],[-87.4036,42.1733],[-87.3824,42.137],[-87.3659,42.0994],[-87.3543,42.0607],[-87.3476,42.0215],[-87.346,41.9819],[-87.3495,41.9424],[-87.3579,41.9034],[-87.3712,41.8651],[-87.3894,41.8279],[-87.4121,41.7921],[-87.4392,41.7582],[-87.4705,41.7263],[-87.5056,41.6967],[-87.5443,41.6698],[-87.5862,41.6457],[-87.6309,41.6247],[-87.6781,41.607],[-87.7272,41.5926],[-87.7779,41.5818],[-87.8298,41.5747],[-87.8823,41.5712],[-87.935,41.5715],[-87.9874,41.5755],[-88.0391,41.5832],[-88.0897,41.5945],[-88.1385,41.6094],[-88.1853,41.6276],[-88.2297,41.6491],[-88.2711,41.6736],[-88.3093,41.7009],[-88.1663,41.8315],[-88.1263,41.8004],[-88.1039,41.7868],[-88.08,41.7747],[-88.0308,41.7561],[-87.9758,41.7434],[-87.9211,41.738],[-87.8635,41.7396],[-87.8072,41.7485],[-87.7559,41.7638],[-87.7165,41.781],[-87.6824,41.8008],[-87.6504,41.8252],[-87.6244,41.851],[-87.602,41.8808],[-87.586,41.9108],[-87.5748,41.9439],[-87.5699,41.9761],[-87.5708,42.0102],[-87.5774,42.0422],[-87.5895,42.0733],[-87.6069,42.1029],[-87.6307,42.1321],[-87.6579,42.1573],[-87.6894,42.1796],[-87.7244,42.1988],[-87.7539,42.2112],[-87.7826,42.2207],[-87.8124,42.2282],[-87.843,42.2336],[-87.8741,42.2368],[-87.9055,42.2379],[-87.9394,42.2365],[-87.9704,42.233],[-88.001,42.2274],[-88.0306,42.2196],[-88.0592,42.2098],[-88.0884,42.1971],[-88.1138,42.1834],[-88.1375,42.168],[-88.159,42.151],[-88.1797,42.1311],[-88.3275,42.2611],[-88.2977,42.2848],[-88.2674,42.3055],[-88.2212,42.3317],[-88.1738,42.3534],[-88.1214,42.3722],[-88.0689,42.3863],[-88.0124,42.3969],[-87.9572,42.4028],[-87.899,42.4046],[-87.8433,42.4021],[-87.7882,42.3955],[-87.7319,42.3843],[-87.6798,42.3696],[-87.6278,42.3502],[-87.5808,42.3279],[-87.5352,42.3011],[-87.4953,42.2722],[-87.458,42.2391]]]}},{"type":"Feature","properties":{"name":"CHICAGO CLASS B","class":"B","lower":"4000","lower_code":"MSL","upper":"10000"},"geometry":{"type":"Polygon","coordinates":[[[-87.2755,41.8171],[-87.2977,41.7773],[-87.4228,41.7778],[-87.4057,41.8015],[-87.3906,41.8259],[-87.3776,41.851],[-87.3667,41.8766],[-87.3581,41.9028],[-87.3518,41.9293],[-87.3478,41.956],[-87.3461,41.9811],[-87.3466,42.008],[-87.3494,42.0348],[-87.3545,42.0615],[-87.3619,42.0878],[-87.3716,42.1137],[-87.3836,42.1391],[-87.3977,42.1639],[-87.4128,42.1864],[-87.2836,42.1775],[-87.2641,42.1368],[-87.249,42.0933],[-87.24,42.0543],[-87.2353,42.0149],[-87.2347,41.9754],[-87.2386,41.9341],[-87.2465,41.895],[-87.2592,41.8548],[-87.2755,41.8171]]]}},{"type":"Feature","properties":{"name":"CHICAGO CLASS B","class":"B","lower":"4000","lower_code":"MSL","upper":"10000"},"geometry":{"type":"Polygon","coordinates":[[[-88.1794,41.8443],[-88.1664,41.8314],[-88.3094,41.7008],[-88.3468,41.7334],[-88.3795,41.7687],[-88.4073,41.8063],[-88.4289,41.8441],[-88.4541,41.8439],[-88.4644,41.8415],[-88.4867,41.8412],[-88.5161,41.8369],[-88.5408,41.8303],[-88.5551,41.8665],[-88.5657,41.9034],[-88.5725,41.9408],[-88.5755,41.9767],[-88.5749,42.0145],[-88.5708,42.0503],[-88.5627,42.0876],[-88.5515,42.1225],[-88.4336,42.1228],[-88.4132,42.1613],[-88.3889,42.1965],[-88.3601,42.2298],[-88.3273,42.261],[-88.18,42.1313],[-88.2057,42.0988],[-88.2246,42.0638],[-88.2362,42.0271],[-88.2393,42.0074],[-88.2402,41.9877],[-88.2363,41.9501],[-88.2249,41.9134],[-88.2062,41.8783],[-88.1794,41.8443]]]}},{"type":"Feature","properties":{"name":"PHILADELPHIA CLASS B","class":"B","lower":"3500","lower_code":"MSL","upper":"7000"},"geometry":{"type":"Polygon","coordinates":[[[-75.2439,39.6221],[-75.1883,39.6254],[-75.1343,39.636],[-75.0834,39.6536],[-75.0371,39.6776],[-74.9824,39.6501],[-75.0794,39.5628],[-75.1211,39.5517],[-75.1664,39.5437],[-75.2125,39.5394],[-75.2566,39.5389],[-75.3028,39.5421],[-75.3506,39.5496],[-75.3948,39.5606],[-75.4372,39.5751],[-75.4774,39.5931],[-75.5149,39.6144],[-75.5493,39.6386],[-75.5815,39.6669],[-75.4649,39.6914],[-75.4402,39.675],[-75.4155,39.6615],[-75.3893,39.6499],[-75.3618,39.6401],[-75.3333,39.6325],[-75.3039,39.6268],[-75.274,39.6234],[-75.2439,39.6221]]]}},{"type":"Feature","properties":{"name":"KALAELOA AIRPORT, KAPOLEI CLASS D","class":"D","lower":"0","lower_code":"SFC","upper":"2500"},"geometry":{"type":"Polygon","coordinates":[[[-157.9988,21.3335],[-158.0267,21.3335],[-158.0304,21.3083],[-158.0197,21.3083],[-158.0167,21.2869],[-158.0074,21.266],[-158.0246,21.2495],[-158.0448,21.2394],[-158.0597,21.236],[-158.0751,21.2354],[-158.0902,21.2378],[-158.1046,21.2429],[-158.1175,21.2505],[-158.1286,21.2605],[-158.1374,21.2723],[-158.1434,21.2855],[-158.1466,21.2996],[-158.1467,21.3139],[-158.1437,21.3281],[-158.1387,21.3397],[-158.1305,21.3519],[-158.1212,21.361],[-158.1088,21.3694],[-158.0966,21.3748],[-158.0818,21.3783],[-158.0664,21.3791],[-158.0531,21.3773],[-158.0386,21.3727],[-158.0269,21.3665],[-158.0151,21.3573],[-158.0056,21.346],[-157.9988,21.3335]]]}},{"type":"Feature","properties":{"name":"MOLINE CLASS C","class":"C","lower":"2000","lower_code":"MSL","upper":"4600"},"geometry":{"type":"Polygon","coordinates":[[[-90.5078,41.615],[-90.4645,41.6118],[-90.4229,41.6023],[-90.3846,41.5869],[-90.351,41.5662],[-90.3234,41.5409],[-90.303,41.5122],[-90.2957,41.4968],[-90.2904,41.4809],[-90.2872,41.4648],[-90.2861,41.4485],[-90.2872,41.4321],[-90.2904,41.416],[-90.2956,41.4001],[-90.303,41.3846],[-90.3235,41.3557],[-90.3511,41.3303],[-90.3846,41.3096],[-90.423,41.2942],[-90.4646,41.2847],[-90.5079,41.2815],[-90.5511,41.2847],[-90.5927,41.2942],[-90.6311,41.3097],[-90.6645,41.3304],[-90.6921,41.3558],[-90.7125,41.3846],[-90.7199,41.4001],[-90.7252,41.416],[-90.7283,41.4321],[-90.7294,41.4484],[-90.7283,41.4647],[-90.7252,41.4809],[-90.7199,41.4968],[-90.7126,41.5121],[-90.6921,41.5409],[-90.6646,41.5662],[-90.631,41.5869],[-90.5927,41.6023],[-90.5511,41.6118],[-90.5078,41.615]]]}},{"type":"Feature","properties":{"name":"MYRTLE BEACH CLASS C","class":"C","lower":"0","lower_code":"SFC","upper":"4000"},"geometry":{"type":"Polygon","coordinates":[[[-78.9283,33.7632],[-78.9088,33.7616],[-78.89,33.7569],[-78.8728,33.7491],[-78.8577,33.7388],[-78.8453,33.7261],[-78.8361,33.7117],[-78.8304,33.6961],[-78.8285,33.6798],[-78.8304,33.6635],[-78.8361,33.6478],[-78.8453,33.6334],[-78.8577,33.6207],[-78.8728,33.6103],[-78.8902,33.6026],[-78.9088,33.5979],[-78.9284,33.5963],[-78.9479,33.5979],[-78.9666,33.6026],[-78.9839,33.6104],[-78.999,33.6207],[-79.0114,33.6334],[-79.0206,33.6479],[-79.0263,33.6636],[-79.0282,33.6798],[-79.0262,33.6962],[-79.0205,33.7118],[-79.0113,33.7262],[-78.9989,33.7388],[-78.9838,33.7492],[-78.9665,33.7569],[-78.9478,33.7616],[-78.9283,33.7632]]]}},{"type":"Feature","properties":{"name":"MYRTLE BEACH CLASS C","class":"C","lower":"1200","lower_code":"MSL","upper":"4000"},"geometry":{"type":"Polygon","coordinates":[[[-78.9283,33.8467],[-78.8894,33.8435],[-78.8519,33.834],[-78.8174,33.8186],[-78.7871,33.7979],[-78.7623,33.7726],[-78.7438,33.7438],[-78.7325,33.7126],[-78.7286,33.6799],[-78.7324,33.6474],[-78.7438,33.6159],[-78.7622,33.5871],[-78.7871,33.5617],[-78.8173,33.541],[-78.8519,33.5255],[-78.8894,33.516],[-78.9284,33.5128],[-78.9674,33.516],[-79.0049,33.5256],[-79.0395,33.5411],[-79.0696,33.5618],[-79.0945,33.5872],[-79.1129,33.6161],[-79.1242,33.6475],[-79.128,33.68],[-79.1242,33.7125],[-79.1128,33.7438],[-79.0944,33.7726],[-79.0696,33.7979],[-79.0393,33.8186],[-79.0048,33.834],[-78.9673,33.8435],[-78.9283,33.8467]]]}},{"type":"Feature","properties":{"name":"RENO CANNON INTERNATIONAL AIRPORT CLASS C","class":"C","lower":"0","lower_code":"SFC","upper":"8400"},"geometry":{"type":"Polygon","coordinates":[[[-119.7681,39.5825],[-119.7471,39.5809],[-119.7269,39.5762],[-119.7083,39.5685],[-119.692,39.5581],[-119.6786,39.5455],[-119.6686,39.5311],[-119.6625,39.5155],[-119.6605,39.4991],[-119.6625,39.4829],[-119.6687,39.4672],[-119.6786,39.4528],[-119.692,39.4401],[-119.7083,39.4298],[-119.727,39.422],[-119.7472,39.4173],[-119.7682,39.4157],[-119.7892,39.4173],[-119.8093,39.4221],[-119.828,39.4298],[-119.8442,39.4402],[-119.8577,39.4529],[-119.8676,39.4673],[-119.8737,39.483],[-119.8758,39.4992],[-119.8737,39.5155],[-119.8675,39.5311],[-119.8576,39.5455],[-119.8442,39.5581],[-119.8279,39.5685],[-119.8093,39.5762],[-119.7891,39.5809],[-119.7681,39.5825]]]}},{"type":"Feature","properties":{"name":"CHICAGO CLASS B","class":"B","lower":"2500","lower_code":"MSL","upper":"10000"},"geometry":{"type":"Polygon","coordinates":[[[-87.9156,42.0708],[-87.9253,42.0697],[-87.9311,42.0769],[-87.9512,42.0929],[-88.0076,42.1317],[-88.0128,42.1336],[-87.9852,42.1432],[-87.9561,42.1499],[-87.9156,42.0708]]]}},{"type":"Feature","properties":{"name":"HONOLULU CLASS B","class":"B","lower":"3000","lower_code":"MSL","upper":"9000"},"geometry":{"type":"Polygon","coordinates":[[[-158.1942,21.3517],[-158.1982,21.3081],[-158.0197,21.3083],[-158.0164,21.2859],[-158.0069,21.2652],[-158.2361,21.1357],[-158.2516,21.1626],[-158.2645,21.1907],[-158.2746,21.2198],[-158.2815,21.2478],[-158.2859,21.2781],[-158.2874,21.3069],[-158.2863,21.3357],[-158.2821,21.366],[-158.1942,21.3517]]]}},{"type":"Feature","properties":{"name":"HONOLULU CLASS B","class":"B","lower":"2200","lower_code":"MSL","upper":"9000"},"geometry":{"type":"Polygon","coordinates":[[[-158.0679,21.3083],[-158.1982,21.3081],[-158.1971,21.3308],[-158.1942,21.3517],[-158.0652,21.3335],[-158.0679,21.3083]]]}},{"type":"Feature","properties":{"name":"SAN FRANCISCO CLASS B","class":"B","lower":"2300","lower_code":"MSL","upper":"10000"},"geometry":{"type":"Polygon","coordinates":[[[-122.1517,37.5336],[-122.1392,37.4917],[-122.1881,37.4839],[-122.2439,37.5147],[-122.2967,37.5606],[-122.2819,37.5608],[-122.2567,37.55],[-122.2189,37.5247],[-122.2042,37.5469],[-122.1869,37.5864],[-122.1356,37.57],[-122.1517,37.5336]]]}},{"type":"Feature","properties":{"name":"SAN FRANCISCO CLASS B","class":"B","lower":"3000","lower_code":"MSL","upper":"10000"},"geometry":{"type":"Polygon","coordinates":[[[-122.2178,37.7994],[-122.2439,37.7592],[-122.3086,37.7867],[-122.4697,37.7375],[-122.4686,37.7089],[-122.4864,37.6944],[-122.5981,37.7431],[-122.6278,37.6964],[-122.4261,37.6117],[-122.4283,37.6061],[-122.4267,37.6025],[-122.4047,37.5833],[-122.3972,37.5714],[-122.6514,37.6769],[-122.7869,37.7778],[-122.6853,37.8394],[-122.6111,37.7864],[-122.4922,37.8597],[-122.34,37.8508],[-122.2178,37.7994]]]}},{"type":"Feature","properties":{"name":"SACRAMENTO INTL AIRPORT CLASS C","class":"C","lower":"0","lower_code":"SFC","upper":"4100"},"geometry":{"type":"Polygon","coordinates":[[[-121.5644,38.7208],[-121.5465,38.7234],[-121.5316,38.7317],[-121.5224,38.744],[-121.5208,38.7583],[-121.5103,38.75],[-121.5138,38.6716],[-121.525,38.6708],[-121.5356,38.6677],[-121.5448,38.6624],[-121.5529,38.6539],[-121.5568,38.6456],[-121.5578,38.6367],[-121.5558,38.628],[-121.5496,38.6185],[-121.5693,38.6138],[-121.592,38.612],[-121.6148,38.6142],[-121.6364,38.62],[-121.6559,38.6294],[-121.6725,38.6419],[-121.6852,38.6568],[-121.693,38.6718],[-121.6969,38.6876],[-121.6971,38.702],[-121.6941,38.7162],[-121.6881,38.7298],[-121.6792,38.7423],[-121.6676,38.7535],[-121.6538,38.763],[-121.6381,38.7704],[-121.6143,38.777],[-121.5916,38.779],[-121.6002,38.7705],[-121.6044,38.7622],[-121.6057,38.7533],[-121.6031,38.7427],[-121.5977,38.7348],[-121.588,38.7271],[-121.5779,38.7229],[-121.5644,38.7208]]]}},{"type":"Feature","properties":{"name":"SACRAMENTO INTL AIRPORT CLASS C","class":"C","lower":"1600","lower_code":"MSL","upper":"4100"},"geometry":{"type":"Polygon","coordinates":[[[-121.5885,38.5287],[-121.6296,38.5315],[-121.6692,38.5405],[-121.7059,38.5552],[-121.7382,38.5753],[-121.7651,38.5999],[-121.7854,38.628],[-121.7984,38.6587],[-121.8036,38.6909],[-121.8032,38.7071],[-121.8008,38.7232],[-121.7901,38.7544],[-121.7719,38.7835],[-121.7468,38.8092],[-121.7158,38.8307],[-121.6801,38.847],[-121.641,38.8577],[-121.6,38.8622],[-121.5587,38.8605],[-121.5186,38.8525],[-121.4812,38.8386],[-121.4463,38.8181],[-121.4188,38.7939],[-121.4074,38.7804],[-121.3968,38.7644],[-121.3835,38.7337],[-121.3798,38.7178],[-121.378,38.6999],[-121.3785,38.6837],[-121.381,38.6676],[-121.3919,38.6364],[-121.4102,38.6074],[-121.422,38.5941],[-121.4369,38.5804],[-121.4682,38.5593],[-121.5061,38.5425],[-121.5453,38.5326],[-121.5885,38.5287]]]}},{"type":"Feature","properties":{"name":"SAN ANTONIO AIRPORT CLASS C","class":"C","lower":"0","lower_code":"SFC","upper":"4800"},"geometry":{"type":"Polygon","coordinates":[[[-98.4687,29.45],[-98.4892,29.4518],[-98.5069,29.4566],[-98.5231,29.4643],[-98.5374,29.4746],[-98.5492,29.4872],[-98.5579,29.5015],[-98.5634,29.517],[-98.5653,29.5331],[-98.5636,29.5492],[-98.5584,29.5648],[-98.5498,29.5792],[-98.5382,29.5918],[-98.5241,29.6023],[-98.5079,29.6102],[-98.4902,29.6152],[-98.4718,29.6171],[-98.4533,29.6159],[-98.4354,29.6115],[-98.4188,29.6043],[-98.4042,29.5943],[-98.392,29.5821],[-98.3827,29.5681],[-98.3768,29.5527],[-98.3742,29.5349],[-98.3757,29.5187],[-98.3808,29.5031],[-98.3892,29.4887],[-98.4006,29.4759],[-98.4146,29.4653],[-98.4307,29.4573],[-98.4483,29.4522],[-98.4687,29.45]]]}},{"type":"Feature","properties":{"name":"ATLANTIC CITY INTERNATIONAL AIRPORT CLASS C","class":"C","lower":"1300","lower_code":"MSL","upper":"4100"},"geometry":{"type":"Polygon","coordinates":[[[-74.5749,39.2907],[-74.6164,39.2935],[-74.6564,39.3024],[-74.6935,39.3172],[-74.7262,39.3372],[-74.7534,39.3618],[-74.7739,39.39],[-74.787,39.4207],[-74.7907,39.4366],[-74.7923,39.4528],[-74.7919,39.469],[-74.7895,39.4851],[-74.7787,39.5163],[-74.7602,39.5454],[-74.7349,39.5711],[-74.7036,39.5926],[-74.6675,39.609],[-74.628,39.6196],[-74.5889,39.6241],[-74.547,39.6227],[-74.5064,39.615],[-74.4684,39.6015],[-74.4328,39.5813],[-74.4047,39.5573],[-74.393,39.5439],[-74.3821,39.528],[-74.3682,39.4974],[-74.3642,39.4815],[-74.3622,39.4636],[-74.3624,39.4474],[-74.3647,39.4313],[-74.3691,39.4154],[-74.3761,39.3983],[-74.3947,39.3693],[-74.4066,39.356],[-74.4217,39.3423],[-74.4532,39.3212],[-74.4916,39.3045],[-74.5312,39.2946],[-74.5749,39.2907]]]}},{"type":"Feature","properties":{"name":"HOUSTON CLASS B","class":"B","lower":"4000","lower_code":"MSL","upper":"10000"},"geometry":{"type":"Polygon","coordinates":[[[-95.4756,29.3637],[-95.5246,29.292],[-95.5555,29.3097],[-95.5832,29.3282],[-95.6092,29.3484],[-95.6336,29.3703],[-95.6573,29.3951],[-95.6776,29.4199],[-95.6958,29.4459],[-95.7118,29.473],[-95.6334,29.5246],[-95.6206,29.5001],[-95.6057,29.4765],[-95.5886,29.4541],[-95.5694,29.4329],[-95.5485,29.4132],[-95.5257,29.395],[-95.5014,29.3785],[-95.4756,29.3637]]]}},{"type":"Feature","properties":{"name":"HOUSTON CLASS B","class":"B","lower":"4000","lower_code":"MSL","upper":"10000"},"geometry":{"type":"Polygon","coordinates":[[[-95.5548,29.5809],[-95.6334,29.5246],[-95.6438,29.5497],[-95.6519,29.5754],[-95.6729,29.5633],[-95.6887,29.5597],[-95.6963,29.5598],[-95.7203,29.5769],[-95.7535,29.6038],[-95.7842,29.6329],[-95.8122,29.6641],[-95.8373,29.697],[-95.8594,29.7316],[-95.8783,29.7676],[-95.8938,29.8048],[-95.906,29.843],[-95.7059,29.8421],[-95.6942,29.8173],[-95.6791,29.7919],[-95.6617,29.7676],[-95.6419,29.7448],[-95.6214,29.7248],[-95.5976,29.7051],[-95.5719,29.6872],[-95.5447,29.6713],[-95.5661,29.6525],[-95.5635,29.6172],[-95.5548,29.5809]]]}},{"type":"Feature","properties":{"name":"PENSACOLA NAS CLASS C","class":"C","lower":"700","lower_code":"MSL","upper":"4200"},"geometry":{"type":"Polygon","coordinates":[[[-87.3276,30.3684],[-87.3345,30.3642],[-87.4074,30.3884],[-87.3943,30.4064],[-87.3764,30.4209],[-87.3548,30.431],[-87.333,30.4358],[-87.3276,30.3684]]]}},{"type":"Feature","properties":{"name":"PENSACOLA REGIONAL AIRPORT CLASS C","class":"C","lower":"0","lower_code":"SFC","upper":"4200"},"geometry":{"type":"Polygon","coordinates":[[[-87.1856,30.3901],[-87.2043,30.3915],[-87.2241,30.3967],[-87.2406,30.4044],[-87.255,30.4147],[-87.2668,30.4272],[-87.2757,30.4415],[-87.2812,30.457],[-87.2831,30.4731],[-87.2814,30.4893],[-87.2761,30.5048],[-87.2675,30.5192],[-87.2558,30.5319],[-87.2415,30.5423],[-87.2252,30.5502],[-87.2073,30.5552],[-87.1888,30.5571],[-87.1701,30.5559],[-87.152,30.5516],[-87.1353,30.5443],[-87.1205,30.5344],[-87.1082,30.5222],[-87.0988,30.5081],[-87.0928,30.4928],[-87.0902,30.4749],[-87.0918,30.4588],[-87.0969,30.4432],[-87.1053,30.4287],[-87.1169,30.416],[-87.131,30.4054],[-87.1473,30.3974],[-87.165,30.3922],[-87.1856,30.3901]]]}},{"type":"Feature","properties":{"name":"PENSACOLA REGIONAL AIRPORT CLASS C","class":"C","lower":"1400","lower_code":"MSL","upper":"4200"},"geometry":{"type":"Polygon","coordinates":[[[-86.9983,30.438],[-87.0089,30.4088],[-87.0267,30.3804],[-87.0505,30.3554],[-87.0793,30.3349],[-87.1103,30.3202],[-87.1458,30.3103],[-87.1829,30.3066],[-87.2201,30.3091],[-87.2363,30.3122],[-87.2302,30.3236],[-87.2261,30.3357],[-87.2242,30.359],[-87.2299,30.3819],[-87.2426,30.4025],[-87.2551,30.4145],[-87.27,30.4243],[-87.2868,30.4314],[-87.3029,30.4352],[-87.3194,30.4366],[-87.338,30.4352],[-87.354,30.4313],[-87.3708,30.4242],[-87.3759,30.4416],[-87.3788,30.4594],[-87.3795,30.4774],[-87.3779,30.4954],[-87.3741,30.5131],[-87.3688,30.5286],[-87.3521,30.5596],[-87.3284,30.5869],[-87.3005,30.6085],[-87.2664,30.6257],[-87.231,30.6362],[-87.1918,30.6406],[-87.1545,30.6383],[-87.1183,30.6298],[-87.083,30.6145],[-87.0521,30.5933],[-87.0268,30.5671],[-87.0089,30.5386],[-86.9974,30.506],[-86.9947,30.4899],[-86.9938,30.4719],[-86.9949,30.4558],[-86.9983,30.438]]]}},{"type":"Feature","properties":{"name":"PHOENIX CLASS B","class":"B","lower":"4000","lower_code":"MSL","upper":"9000"},"geometry":{"type":"Polygon","coordinates":[[[-111.6832,33.5033],[-111.6752,33.4735],[-111.6715,33.4414],[-111.6726,33.4108],[-111.6785,33.3789],[-111.6893,33.3479],[-111.7047,33.3182],[-111.7246,33.2905],[-111.7471,33.2666],[-111.8111,33.2667],[-111.9153,33.3569],[-111.7931,33.357],[-111.779,33.3867],[-111.7719,33.4183],[-111.7712,33.4398],[-111.7739,33.4612],[-111.7798,33.4821],[-111.7889,33.5022],[-111.8913,33.5019],[-111.8911,33.5833],[-111.7308,33.5833],[-111.7163,33.5655],[-111.7027,33.5451],[-111.6922,33.5254],[-111.6832,33.5033]]]}},{"type":"Feature","properties":{"name":"PHOENIX CLASS B","class":"B","lower":"5000","lower_code":"MSL","upper":"9000"},"geometry":{"type":"Polygon","coordinates":[[[-112.2442,33.3333],[-112.3583,33.3333],[-112.3583,33.4],[-112.2664,33.4],[-112.2577,33.3652],[-112.2442,33.3333]]]}},{"type":"Feature","properties":{"name":"LAS VEGAS CLASS B","class":"B","lower":"7000","lower_code":"MSL","upper":"10000"},"geometry":{"type":"Polygon","coordinates":[[[-115.1866,35.8303],[-115.1955,35.7471],[-115.2521,35.7544],[-115.2882,35.7626],[-115.3233,35.7735],[-115.357,35.7869],[-115.389,35.8028],[-115.4192,35.8209],[-115.4472,35.8413],[-115.4728,35.8636],[-115.4958,35.8877],[-115.412,35.9358],[-115.3916,35.9147],[-115.3685,35.8955],[-115.343,35.8784],[-115.3136,35.8628],[-115.2842,35.8506],[-115.2533,35.8411],[-115.2192,35.834],[-115.1866,35.8303]]]}},{"type":"Feature","properties":{"name":"PHILADELPHIA CLASS B","class":"B","lower":"3000","lower_code":"MSL","upper":"7000"},"geometry":{"type":"Polygon","coordinates":[[[-74.8379,39.9949],[-74.8209,39.954],[-74.8108,39.9117],[-74.808,39.8688],[-74.8126,39.8242],[-74.9293,39.8021],[-74.9217,39.8265],[-74.9173,39.8513],[-74.9162,39.8763],[-74.9183,39.9013],[-74.9236,39.926],[-74.9321,39.9501],[-74.9437,39.9735],[-74.9572,39.9943],[-74.9767,39.9888],[-74.9994,39.9856],[-75.0202,39.9855],[-75.0407,39.988],[-75.0625,39.9938],[-75.0807,40.0016],[-75.097,40.0116],[-75.1123,40.0249],[-74.889,40.0671],[-74.8605,40.0322],[-74.8379,39.9949]]]}},{"type":"Feature","properties":{"name":"ALLENTOWN-BETHLEHEM-EASTON CLASS C","class":"C","lower":"2800","lower_code":"MSL","upper":"4400"},"geometry":{"type":"Polygon","coordinates":[[[-75.3649,40.8098],[-75.4025,40.7314],[-75.4253,40.7356],[-75.4489,40.7361],[-75.4697,40.7333],[-75.4915,40.7266],[-75.5092,40.7177],[-75.5257,40.7049],[-75.5372,40.6914],[-75.5457,40.6747],[-75.6516,40.6961],[-75.6443,40.7132],[-75.6346,40.7295],[-75.6227,40.745],[-75.6102,40.758],[-75.5786,40.7822],[-75.5412,40.8009],[-75.4996,40.8135],[-75.4555,40.8194],[-75.4107,40.8183],[-75.3649,40.8098]]]}},{"type":"Feature","properties":{"name":"PHILADELPHIA CLASS B","class":"B","lower":"3500","lower_code":"MSL","upper":"7000"},"geometry":{"type":"Polygon","coordinates":[[[-74.8425,39.7422],[-74.8595,39.715],[-74.9821,39.7214],[-74.9663,39.739],[-74.9515,39.7591],[-74.9391,39.7802],[-74.9293,39.8021],[-74.8126,39.8242],[-74.8195,39.7963],[-74.8295,39.7689],[-74.8425,39.7422]]]}},{"type":"Feature","properties":{"name":"PHOENIX CLASS B","class":"B","lower":"7000","lower_code":"MSL","upper":"9000"},"geometry":{"type":"Polygon","coordinates":[[[-111.7391,33.0634],[-111.7858,33.0454],[-111.8406,33.1173],[-111.8068,33.1287],[-111.7743,33.1425],[-111.7434,33.1588],[-111.7161,33.1762],[-111.6891,33.1968],[-111.6659,33.218],[-111.6437,33.2423],[-111.6253,33.2667],[-111.5142,33.2667],[-111.5347,33.2317],[-111.5602,33.1971],[-111.5883,33.1656],[-111.6233,33.1339],[-111.6586,33.1077],[-111.6985,33.0834],[-111.7391,33.0634]]]}},{"type":"Feature","properties":{"name":"PHOENIX CLASS B","class":"B","lower":"8000","lower_code":"MSL","upper":"9000"},"geometry":{"type":"Polygon","coordinates":[[[-112.1619,33.8184],[-112.2067,33.8006],[-112.1972,33.8967],[-112.1569,33.9091],[-112.1156,33.9191],[-112.0735,33.9265],[-112.033,33.9312],[-112.0225,33.8481],[-112.0715,33.8417],[-112.1174,33.8318],[-112.1619,33.8184]]]}},{"type":"Feature","properties":{"name":"CHARLOTTE CLASS B","class":"B","lower":"4000","lower_code":"MSL","upper":"10000"},"geometry":{"type":"Polygon","coordinates":[[[-80.6761,34.8399],[-80.6631,34.7494],[-80.6962,34.7358],[-80.7324,34.7232],[-80.7694,34.7125],[-80.8072,34.7038],[-80.8563,34.6957],[-80.9061,34.6909],[-80.9561,34.6895],[-81.0062,34.6915],[-81.0559,34.6969],[-81.1048,34.7056],[-81.1528,34.7177],[-81.2014,34.7336],[-81.2014,34.827],[-81.1383,34.8023],[-81.1054,34.7926],[-81.0718,34.7848],[-81.0052,34.7753],[-80.9354,34.7732],[-80.866,34.779],[-80.8003,34.792],[-80.7673,34.8015],[-80.7352,34.8129],[-80.6761,34.8399]]]}},{"type":"Feature","properties":{"name":"CHARLOTTE CLASS B","class":"B","lower":"6000","lower_code":"MSL","upper":"10000"},"geometry":{"type":"Polygon","coordinates":[[[-81.2013,34.9269],[-81.2014,34.7336],[-81.2463,34.7521],[-81.2873,34.7726],[-81.3263,34.7956],[-81.363,34.8212],[-81.3987,34.8503],[-81.43,34.8804],[-81.4583,34.9124],[-81.4835,34.9461],[-81.4888,34.954],[-81.3995,34.9935],[-81.4235,35.0358],[-81.4417,35.08],[-81.4537,35.1255],[-81.4595,35.1719],[-81.459,35.2185],[-81.4521,35.2648],[-81.4396,35.3085],[-81.4206,35.3524],[-81.5146,35.3846],[-81.4962,35.4173],[-81.475,35.4489],[-81.451,35.4791],[-81.4245,35.5078],[-81.3954,35.5348],[-81.364,35.5601],[-81.3305,35.5835],[-81.295,35.6048],[-81.2577,35.624],[-81.2187,35.6409],[-81.1784,35.6555],[-81.1369,35.6676],[-81.0944,35.6773],[-81.0511,35.6845],[-81.0074,35.689],[-80.9633,35.691],[-81.1756,35.6208],[-81.1514,35.5743],[-81.191,35.5588],[-81.2289,35.5406],[-81.2218,35.5257],[-81.2247,35.5007],[-81.2327,35.4858],[-81.2274,35.4735],[-81.2223,35.4698],[-81.2181,35.4541],[-81.2122,35.447],[-81.2351,35.4301],[-81.2578,35.4105],[-81.2772,35.3909],[-81.2959,35.3686],[-81.3113,35.3468],[-81.3255,35.3224],[-81.3366,35.2989],[-81.3459,35.273],[-81.3561,35.227],[-81.3581,35.2036],[-81.3581,35.1784],[-81.3561,35.1551],[-81.3516,35.1301],[-81.3454,35.1073],[-81.3366,35.0831],[-81.3265,35.0612],[-81.3136,35.0384],[-81.2997,35.0179],[-81.2828,34.9969],[-81.2452,34.9594],[-81.2013,34.9269]]]}},{"type":"Feature","properties":{"name":"CHICAGO CLASS B","class":"B","lower":"0","lower_code":"SFC","upper":"10000"},"geometry":{"type":"Polygon","coordinates":[[[-87.9311,42.0769],[-87.9253,42.0697],[-87.9038,42.0711],[-87.88,42.0691],[-87.8574,42.0633],[-87.8369,42.054],[-87.818,42.0404],[-87.8039,42.0238],[-87.7954,42.0052],[-87.793,41.9875],[-87.7708,41.9875],[-87.7731,41.9697],[-87.7804,41.9508],[-87.7926,41.9333],[-87.8091,41.9179],[-87.8333,41.9033],[-87.8614,41.8933],[-87.8918,41.8884],[-87.9229,41.8888],[-87.9531,41.8946],[-87.9806,41.9055],[-88.004,41.9208],[-88.0209,41.9382],[-88.0309,41.9545],[-88.0275,41.9572],[-88.0235,41.9789],[-88.0243,41.9956],[-88.0311,42.0203],[-88.0256,42.0312],[-88.0161,42.0436],[-88.0044,42.0548],[-87.9772,42.072],[-87.9583,42.0795],[-87.9403,42.0842],[-87.9311,42.0769]]]}},{"type":"Feature","properties":{"name":"CHICAGO CLASS B","class":"B","lower":"1900","lower_code":"MSL","upper":"10000"},"geometry":{"type":"Polygon","coordinates":[[[-87.9062,41.8879],[-87.8823,41.8893],[-87.8591,41.8939],[-87.8374,41.9014],[-87.8178,41.9118],[-87.8011,41.9246],[-87.7876,41.9394],[-87.7779,41.9558],[-87.7727,41.9714],[-87.7708,41.9875],[-87.793,41.9875],[-87.7941,41.9999],[-87.7984,42.0137],[-87.8059,42.0268],[-87.8147,42.0373],[-87.8256,42.0467],[-87.8382,42.0548],[-87.8653,42.0658],[-87.8272,42.1056],[-87.7877,42.1053],[-87.7812,42.1016],[-87.7406,42.1011],[-87.7223,42.0844],[-87.706,42.0644],[-87.6944,42.0446],[-87.6859,42.0221],[-87.6818,42.0008],[-87.6816,41.9774],[-87.6858,41.9543],[-87.6942,41.9318],[-87.7057,41.912],[-87.7205,41.8934],[-87.7384,41.8765],[-87.759,41.8614],[-87.78,41.8494],[-87.8028,41.8394],[-87.827,41.8314],[-87.85,41.8261],[-87.8561,41.8164],[-87.8794,41.8136],[-87.9266,41.8133],[-87.9706,41.8197],[-87.9681,41.8278],[-88.006,41.8391],[-88.0406,41.8553],[-88.0706,41.876],[-88.0939,41.8989],[-88.1087,41.9195],[-88.1195,41.9414],[-88.1261,41.9642],[-88.1283,41.9857],[-88.1266,42.0091],[-88.1211,42.0302],[-88.111,42.0524],[-88.0982,42.0717],[-88.0806,42.091],[-88.0612,42.1071],[-88.0373,42.1222],[-88.0129,42.1337],[-88.0076,42.1317],[-87.9403,42.0842],[-87.9648,42.0773],[-87.9888,42.0658],[-88.0076,42.0521],[-88.0235,42.0344],[-88.0311,42.0214],[-88.0234,41.9904],[-88.0235,41.9789],[-88.0275,41.9572],[-88.031,41.9545],[-88.0221,41.9398],[-88.0117,41.9277],[-87.9991,41.9169],[-87.9826,41.9065],[-87.9662,41.8991],[-87.9463,41.8928],[-87.9253,41.8891],[-87.9062,41.8879]]]}},{"type":"Feature","properties":{"name":"HENDERSON AIRPORT CLASS D","class":"D","lower":"0","lower_code":"SFC","upper":"4000"},"geometry":{"type":"Polygon","coordinates":[[[-115.0546,36.0018],[-115.0498,35.9881],[-115.0487,35.9737],[-115.0512,35.9595],[-115.0573,35.9461],[-115.0667,35.934],[-115.0791,35.9237],[-115.0938,35.9158],[-115.1101,35.9105],[-115.1275,35.9081],[-115.1451,35.9087],[-115.1622,35.9123],[-115.178,35.9187],[-115.1918,35.9276],[-115.203,35.9387],[-115.2111,35.9514],[-115.2154,35.9635],[-115.2169,35.9778],[-115.2152,35.9903],[-115.1944,35.9836],[-115.1705,35.9799],[-115.1677,36.0066],[-115.0546,36.0018]]]}},{"type":"Feature","properties":{"name":"SEATTLE-TACOMA INTERNATIONAL AIRPORT CLASS D1","class":"D","lower":"0","lower_code":"SFC","upper":"3000"},"geometry":{"type":"Polygon","coordinates":[[[-122.2481,47.3769],[-122.2736,47.3694],[-122.2822,47.4077],[-122.2723,47.4137],[-122.2652,47.4212],[-122.2608,47.4315],[-122.2611,47.4404],[-122.2638,47.4473],[-122.2988,47.4949],[-122.2983,47.4978],[-122.2475,47.4333],[-122.2481,47.3769]]]}},{"type":"Feature","properties":{"name":"PHILADELPHIA CLASS B","class":"B","lower":"3500","lower_code":"MSL","upper":"7000"},"geometry":{"type":"Polygon","coordinates":[[[-74.9549,40.1231],[-74.9198,40.0965],[-74.8889,40.0671],[-75.1123,40.0249],[-75.127,40.0451],[-75.1347,40.0656],[-75.1364,40.0869],[-75.1319,40.108],[-75.1611,40.1148],[-75.1886,40.1192],[-75.2166,40.1217],[-75.247,40.1224],[-75.3029,40.1178],[-75.3303,40.1128],[-75.3592,40.1053],[-75.3932,40.0933],[-75.4272,40.0773],[-75.4566,40.0594],[-75.4847,40.0377],[-75.5078,40.015],[-75.5284,39.9889],[-75.5447,39.961],[-75.5564,39.9317],[-75.6715,39.9076],[-75.6673,39.9308],[-75.6609,39.9537],[-75.643,39.9965],[-75.6177,40.037],[-75.5855,40.0746],[-75.5454,40.1098],[-75.501,40.1392],[-75.4519,40.1637],[-75.3989,40.1829],[-75.343,40.1965],[-75.2852,40.2041],[-75.2265,40.2056],[-75.1659,40.2008],[-75.1089,40.19],[-75.0544,40.1735],[-75.0033,40.1514],[-74.9549,40.1231]]]}},{"type":"Feature","properties":{"name":"PHILADELPHIA CLASS B","class":"B","lower":"4000","lower_code":"MSL","upper":"7000"},"geometry":{"type":"Polygon","coordinates":[[[-74.723,39.841],[-74.8126,39.8242],[-74.8085,39.8563],[-74.8084,39.8885],[-74.8123,39.9206],[-74.8203,39.9522],[-74.8322,39.9831],[-74.848,40.013],[-74.8674,40.0416],[-74.889,40.0671],[-74.7992,40.0839],[-74.7885,40.0701],[-74.7714,40.0446],[-74.7558,40.0167],[-74.7437,39.9896],[-74.7337,39.9602],[-74.7266,39.9303],[-74.7225,39.9],[-74.7213,39.8696],[-74.723,39.841]]]}},{"type":"Feature","properties":{"name":"SAN DIEGO CLASS B","class":"B","lower":"0","lower_code":"SFC","upper":"3300"},"geometry":{"type":"Polygon","coordinates":[[[-117.1092,32.6764],[-117.1097,32.6742],[-117.1941,32.7151],[-117.2255,32.7822],[-117.1319,32.7697],[-117.1475,32.7136],[-117.147,32.7055],[-117.1449,32.7013],[-117.141,32.6985],[-117.1249,32.6938],[-117.1205,32.6908],[-117.1136,32.6853],[-117.1092,32.6764]]]}},{"type":"Feature","properties":{"name":"SAN DIEGO CLASS B","class":"B","lower":"4700","lower_code":"MSL","upper":"10000"},"geometry":{"type":"Polygon","coordinates":[[[-117.1092,32.6764],[-117.1097,32.6742],[-117.1941,32.7151],[-117.2255,32.7822],[-117.1319,32.7697],[-117.1475,32.7136],[-117.147,32.7055],[-117.1449,32.7013],[-117.141,32.6985],[-117.1249,32.6938],[-117.1205,32.6908],[-117.1136,32.6853],[-117.1092,32.6764]]]}},{"type":"Feature","properties":{"name":"SAN DIEGO CLASS B","class":"B","lower":"1800","lower_code":"MSL","upper":"10000"},"geometry":{"type":"Polygon","coordinates":[[[-116.995,32.6863],[-117.0342,32.6373],[-117.087,32.663],[-117.0531,32.7004],[-117.0302,32.7559],[-116.9717,32.748],[-116.995,32.6863]]]}},{"type":"Feature","properties":{"name":"HARLINGEN AIRPORT CLASS C","class":"C","lower":"2000","lower_code":"MSL","upper":"4000"},"geometry":{"type":"Polygon","coordinates":[[[-97.4859,26.1591],[-97.4972,26.1401],[-97.5239,26.184],[-97.6013,26.1966],[-97.5864,26.2307],[-97.5854,26.2575],[-97.5845,26.2667],[-97.5827,26.2706],[-97.5876,26.2799],[-97.5847,26.2973],[-97.5761,26.3063],[-97.576,26.3391],[-97.5847,26.3503],[-97.5865,26.3632],[-97.5865,26.3839],[-97.5513,26.3673],[-97.5353,26.3565],[-97.5208,26.3442],[-97.5077,26.3306],[-97.4964,26.3158],[-97.4869,26.3],[-97.4788,26.2817],[-97.4734,26.2644],[-97.4702,26.2467],[-97.4691,26.2288],[-97.4702,26.2108],[-97.4733,26.1931],[-97.4786,26.1758],[-97.4859,26.1591]]]}},{"type":"Feature","properties":{"name":"HARLINGEN AIRPORT CLASS C","class":"C","lower":"1300","lower_code":"MSL","upper":"4000"},"geometry":{"type":"Polygon","coordinates":[[[-97.5239,26.184],[-97.4972,26.1401],[-97.5203,26.1131],[-97.5491,26.0909],[-97.5731,26.0782],[-97.599,26.0689],[-97.6262,26.0632],[-97.6559,26.0613],[-97.6817,26.0631],[-97.707,26.0681],[-97.7312,26.0763],[-97.754,26.0875],[-97.7748,26.1014],[-97.7933,26.1177],[-97.809,26.1363],[-97.8226,26.1583],[-97.7332,26.1844],[-97.7167,26.1665],[-97.6935,26.1526],[-97.6669,26.1456],[-97.6411,26.1457],[-97.6181,26.1515],[-97.5991,26.1613],[-97.5832,26.1749],[-97.5713,26.1914],[-97.5239,26.184]]]}},{"type":"Feature","properties":{"name":"COLUMBIA METROPOLITAN AIRPORT CLASS C","class":"C","lower":"1800","lower_code":"MSL","upper":"4200"},"geometry":{"type":"Polygon","coordinates":[[[-81.1052,34.107],[-81.1122,34.0238],[-81.1274,34.0237],[-81.1444,34.0213],[-81.1588,34.0172],[-81.174,34.0104],[-81.186,34.0027],[-81.1978,33.9922],[-81.2073,33.9801],[-81.2141,33.9669],[-81.2189,33.9475],[-81.2177,33.926],[-81.2099,33.9054],[-81.1961,33.8872],[-81.1789,33.8736],[-81.1563,33.8631],[-81.1312,33.8577],[-81.1054,33.8579],[-81.0885,33.8611],[-81.0726,33.8667],[-81.0581,33.8745],[-81.0454,33.8842],[-81.0348,33.8956],[-81.0268,33.9084],[-81.0216,33.9221],[-81.0193,33.9346],[-80.9194,33.9286],[-80.9203,33.9215],[-80.9284,33.8899],[-80.9352,33.8747],[-80.9448,33.8586],[-80.9685,33.8307],[-80.9984,33.8075],[-81.0333,33.7898],[-81.0719,33.7784],[-81.1124,33.7738],[-81.1531,33.7761],[-81.1905,33.7846],[-81.2252,33.799],[-81.2559,33.8187],[-81.2802,33.8415],[-81.3001,33.8693],[-81.3127,33.8979],[-81.319,33.9299],[-81.318,33.9604],[-81.3097,33.992],[-81.2943,34.0216],[-81.2722,34.0483],[-81.2461,34.0697],[-81.2138,34.0877],[-81.18,34.0996],[-81.142,34.1064],[-81.1052,34.107]]]}},{"type":"Feature","properties":{"name":"PHOENIX CLASS B","class":"B","lower":"5000","lower_code":"MSL","upper":"9000"},"geometry":{"type":"Polygon","coordinates":[[[-111.4957,33.3068],[-111.514,33.2666],[-111.7471,33.2666],[-111.7308,33.2832],[-111.7164,33.3011],[-111.7038,33.3198],[-111.6931,33.3395],[-111.6845,33.3598],[-111.678,33.3807],[-111.6737,33.4019],[-111.6716,33.4234],[-111.6717,33.445],[-111.674,33.4664],[-111.6784,33.4877],[-111.6851,33.5085],[-111.6938,33.5288],[-111.7047,33.5483],[-111.7308,33.5833],[-111.505,33.5833],[-111.4902,33.5458],[-111.4794,33.5056],[-111.4735,33.4664],[-111.4722,33.4251],[-111.4754,33.3857],[-111.4835,33.345],[-111.4957,33.3068]]]}},{"type":"Feature","properties":{"name":"PHOENIX CLASS B","class":"B","lower":"6000","lower_code":"MSL","upper":"9000"},"geometry":{"type":"Polygon","coordinates":[[[-112.012,33.7651],[-112.0003,33.6728],[-111.973,33.673],[-111.9512,33.6635],[-111.9008,33.653],[-111.8919,33.6442],[-111.7817,33.7272],[-111.7312,33.7003],[-111.708,33.6845],[-111.6847,33.666],[-111.6647,33.6474],[-111.6463,33.6276],[-111.6299,33.6067],[-111.6143,33.5833],[-112.2611,33.5833],[-112.2609,33.592],[-112.2575,33.5997],[-112.2402,33.614],[-112.2393,33.6342],[-112.2324,33.6516],[-112.2321,33.6613],[-112.2181,33.6947],[-112.172,33.7211],[-112.1221,33.7419],[-112.0691,33.7566],[-112.012,33.7651]]]}},{"type":"Feature","properties":{"name":"BOSTON CLASS B","class":"B","lower":"2000","lower_code":"MSL","upper":"7000"},"geometry":{"type":"Polygon","coordinates":[[[-70.9883,42.1824],[-71.0341,42.1855],[-71.0781,42.1952],[-71.1188,42.211],[-71.1546,42.2324],[-71.1842,42.2586],[-71.1969,42.2739],[-71.2064,42.2885],[-71.2148,42.3054],[-71.2204,42.321],[-71.2239,42.337],[-71.2255,42.3532],[-71.2249,42.3711],[-71.2222,42.3872],[-71.2169,42.4048],[-71.21,42.4202],[-71.2002,42.4366],[-71.1895,42.4507],[-71.1629,42.4764],[-71.1284,42.4991],[-71.0886,42.5164],[-71.045,42.5276],[-71.0017,42.5323],[-70.9556,42.5307],[-70.9108,42.5225],[-70.869,42.508],[-70.8487,42.498],[-70.83,42.4866],[-70.7992,42.4611],[-70.7859,42.4461],[-70.7747,42.4301],[-70.7666,42.4151],[-70.7598,42.3978],[-70.7555,42.3801],[-70.7536,42.3622],[-70.754,42.346],[-70.7569,42.3281],[-70.7616,42.3123],[-70.7691,42.2952],[-70.7778,42.2803],[-70.7896,42.2646],[-70.8035,42.2499],[-70.8194,42.2363],[-70.8543,42.2141],[-70.8965,42.1966],[-70.9403,42.1862],[-70.9883,42.1824]]]}},{"type":"Feature","properties":{"name":"BOSTON CLASS B","class":"B","lower":"3000","lower_code":"MSL","upper":"7000"},"geometry":{"type":"Polygon","coordinates":[[[-70.6905,42.607],[-70.6576,42.583],[-70.6282,42.5566],[-70.6026,42.5281],[-70.5811,42.4979],[-70.564,42.4661],[-70.5513,42.4333],[-70.5432,42.3996],[-70.5399,42.3655],[-70.5412,42.3314],[-70.5473,42.2975],[-70.558,42.2643],[-70.5732,42.232],[-70.5927,42.2011],[-70.6164,42.1718],[-70.644,42.1444],[-70.6769,42.1181],[-70.7114,42.0956],[-70.7489,42.0759],[-70.7889,42.0591],[-70.8309,42.0454],[-70.8746,42.035],[-70.9218,42.0277],[-70.9674,42.0242],[-71.0132,42.0243],[-71.0588,42.0278],[-71.1037,42.0348],[-71.1474,42.0452],[-71.1895,42.0588],[-71.2295,42.0755],[-71.267,42.0952],[-71.3016,42.1176],[-71.3329,42.1427],[-71.2471,42.1966],[-71.2662,42.2151],[-71.2829,42.2348],[-71.2971,42.2556],[-71.3086,42.2774],[-71.3173,42.2998],[-71.3232,42.3227],[-71.3262,42.3459],[-71.3262,42.3692],[-71.3233,42.3925],[-71.3175,42.4154],[-71.3089,42.4378],[-71.2974,42.4596],[-71.2832,42.4804],[-71.2665,42.5002],[-71.2474,42.5187],[-71.2259,42.5358],[-71.1986,42.5537],[-71.1689,42.5692],[-71.1371,42.5823],[-71.1035,42.5927],[-71.0686,42.6004],[-71.0328,42.6053],[-70.9965,42.6073],[-70.96,42.6066],[-70.9501,42.6898],[-70.9162,42.6866],[-70.8804,42.6811],[-70.8453,42.6735],[-70.8112,42.6638],[-70.7804,42.653],[-70.7488,42.6395],[-70.7187,42.6241],[-70.6905,42.607]]]}},{"type":"Feature","properties":{"name":"LAS VEGAS CLASS B","class":"B","lower":"6000","lower_code":"MSL","upper":"10000"},"geometry":{"type":"Polygon","coordinates":[[[-114.9288,35.914],[-114.9538,35.8935],[-114.9815,35.8756],[-115.0115,35.8603],[-115.0455,35.8472],[-115.0791,35.8381],[-115.1137,35.8322],[-115.149,35.8295],[-115.1866,35.8303],[-115.1777,35.9134],[-115.149,35.913],[-115.1183,35.9162],[-115.0886,35.9231],[-115.0625,35.9327],[-115.0364,35.9462],[-115.0147,35.9615],[-114.9958,35.9791],[-114.9801,35.9986],[-114.8905,35.958],[-114.9082,35.9352],[-114.9288,35.914]]]}},{"type":"Feature","properties":{"name":"JACKSONVILLE INTERNATIONAL AIRPORT CLASS C","class":"C","lower":"1200","lower_code":"MSL","upper":"4000"},"geometry":{"type":"Polygon","coordinates":[[[-81.5556,30.3726],[-81.573,30.3598],[-81.8792,30.4611],[-81.8821,30.4789],[-81.8827,30.4952],[-81.8813,30.5131],[-81.8781,30.5291],[-81.8657,30.5616],[-81.8458,30.5912],[-81.8327,30.6052],[-81.8178,30.6178],[-81.8015,30.6291],[-81.7839,30.6387],[-81.7456,30.6528],[-81.7067,30.6593],[-81.6672,30.6588],[-81.6266,30.6507],[-81.5889,30.6354],[-81.5718,30.6251],[-81.556,30.6134],[-81.5304,30.5872],[-81.5196,30.5718],[-81.5108,30.5555],[-81.504,30.5385],[-81.4994,30.5209],[-81.4971,30.503],[-81.4969,30.4849],[-81.4991,30.467],[-81.5034,30.4494],[-81.5099,30.4322],[-81.5185,30.4158],[-81.529,30.4003],[-81.5415,30.3858],[-81.5556,30.3726]]]}},{"type":"Feature","properties":{"name":"LONG ISLAND MACARTHUR AIRPORT CLASS C","class":"C","lower":"0","lower_code":"SFC","upper":"4100"},"geometry":{"type":"Polygon","coordinates":[[[-72.9935,40.7744],[-72.9999,40.7609],[-73.0105,40.7469],[-73.0229,40.736],[-73.0375,40.7269],[-73.0479,40.7728],[-73.0787,40.7677],[-73.0622,40.7173],[-73.0922,40.7125],[-73.1204,40.7138],[-73.1408,40.7184],[-73.1596,40.726],[-73.1761,40.7361],[-73.1884,40.747],[-73.1991,40.761],[-73.2054,40.7745],[-73.2088,40.7905],[-73.2083,40.8049],[-73.2032,40.8224],[-73.1944,40.8371],[-73.1805,40.8516],[-73.1647,40.8625],[-73.1442,40.8715],[-73.1241,40.8767],[-73.1029,40.8788],[-73.0793,40.8774],[-73.0589,40.8729],[-73.038,40.8645],[-73.0216,40.8542],[-73.0069,40.8401],[-72.9973,40.8257],[-72.9912,40.8083],[-72.99,40.7922],[-72.9935,40.7744]]]}},{"type":"Feature","properties":{"name":"PHOENIX CLASS B","class":"B","lower":"8000","lower_code":"MSL","upper":"9000"},"geometry":{"type":"Polygon","coordinates":[[[-111.6945,32.9888],[-111.7314,32.9745],[-111.7858,33.0454],[-111.7563,33.0561],[-111.7259,33.0694],[-111.6967,33.0844],[-111.6687,33.101],[-111.6422,33.1193],[-111.6172,33.139],[-111.5939,33.1601],[-111.5736,33.1811],[-111.4947,33.1306],[-111.5176,33.1067],[-111.5437,33.0829],[-111.57,33.0616],[-111.5994,33.0407],[-111.6287,33.0224],[-111.6609,33.0047],[-111.6945,32.9888]]]}},{"type":"Feature","properties":{"name":"CHICAGO CLASS B","class":"B","lower":"2500","lower_code":"MSL","upper":"10000"},"geometry":{"type":"Polygon","coordinates":[[[-87.7703,42.1209],[-87.7409,42.1011],[-87.7812,42.1016],[-87.7877,42.1053],[-87.8272,42.1056],[-87.8,42.135],[-87.7703,42.1209]]]}},{"type":"Feature","properties":{"name":"DALLAS CLASS B","class":"B","lower":"0","lower_code":"SFC","upper":"11000"},"geometry":{"type":"Polygon","coordinates":[[[-96.8817,32.9096],[-96.7353,32.9092],[-96.7315,32.8823],[-96.7312,32.8553],[-96.7343,32.8284],[-96.7408,32.8019],[-96.7506,32.7762],[-96.7637,32.7515],[-96.7798,32.7282],[-96.7976,32.7079],[-96.8853,32.7678],[-96.9275,32.7653],[-96.9852,32.7587],[-97.0853,32.7594],[-97.1017,32.7669],[-97.1167,32.7761],[-97.1183,32.7772],[-97.1175,32.8228],[-97.1503,32.8108],[-97.1608,32.8325],[-97.166,32.8554],[-97.1658,32.8788],[-97.1599,32.9017],[-97.1488,32.9232],[-97.1342,32.9409],[-97.1797,32.9731],[-97.1604,32.9899],[-97.1385,33.0043],[-97.1145,33.016],[-97.0887,33.0247],[-97.0617,33.0303],[-97.034,33.0327],[-97.0063,33.0317],[-96.9789,33.0275],[-96.9546,33.0208],[-96.9314,33.0115],[-96.9099,32.9997],[-96.8905,32.9856],[-96.8905,32.9359],[-96.8815,32.928],[-96.8817,32.9096]]]}},{"type":"Feature","properties":{"name":"FRONT RANGE AIRPORT, DENVER CLASS D","class":"D","lower":"0","lower_code":"SFC","upper":"8000"},"geometry":{"type":"Polygon","coordinates":[[[-104.6353,39.7387],[-104.6243,39.7402],[-104.5834,39.7398],[-104.5834,39.8122],[-104.4447,39.812],[-104.4452,39.8246],[-104.4364,39.807],[-104.4332,39.7929],[-104.4332,39.7785],[-104.4362,39.7643],[-104.4433,39.7491],[-104.4526,39.7366],[-104.4662,39.7243],[-104.4806,39.7152],[-104.4989,39.7073],[-104.5165,39.7027],[-104.5349,39.7004],[-104.5535,39.7006],[-104.5741,39.7037],[-104.5935,39.7097],[-104.6093,39.7173],[-104.6232,39.7269],[-104.6353,39.7387]]]}},{"type":"Feature","properties":{"name":"LONG ISLAND MACARTHUR AIRPORT CLASS C","class":"C","lower":"700","lower_code":"MSL","upper":"4100"},"geometry":{"type":"Polygon","coordinates":[[[-73.0375,40.7269],[-73.0622,40.7173],[-73.0787,40.7677],[-73.0479,40.7728],[-73.0375,40.7269]]]}},{"type":"Feature","properties":{"name":"LONG ISLAND MACARTHUR AIRPORT CLASS C","class":"C","lower":"1500","lower_code":"MSL","upper":"4100"},"geometry":{"type":"Polygon","coordinates":[[[-72.9369,40.9077],[-72.914,40.8849],[-72.8965,40.8593],[-72.9093,40.8513],[-72.9192,40.8413],[-72.9254,40.8297],[-72.9277,40.8172],[-72.9252,40.803],[-72.9162,40.7885],[-72.9016,40.7768],[-72.8829,40.7693],[-72.8904,40.7453],[-72.9015,40.724],[-72.9089,40.7261],[-72.9253,40.7184],[-72.9503,40.7106],[-72.9594,40.7047],[-72.9723,40.703],[-73.0099,40.6857],[-73.0482,40.6719],[-73.1445,40.6501],[-73.1574,40.6498],[-73.1708,40.6434],[-73.1858,40.6423],[-73.217,40.6548],[-73.2451,40.671],[-73.2695,40.6904],[-73.2896,40.7124],[-73.288,40.7265],[-73.2806,40.7441],[-73.2805,40.7797],[-73.2786,40.7918],[-73.2813,40.804],[-73.2905,40.8178],[-73.2887,40.8236],[-73.2818,40.8338],[-73.2819,40.8525],[-73.2774,40.8602],[-73.2808,40.8735],[-73.2739,40.8835],[-73.272,40.8933],[-73.2613,40.8993],[-73.2606,40.9055],[-73.2569,40.9119],[-73.2215,40.9075],[-73.193,40.9164],[-72.9722,40.9315],[-72.9537,40.9203],[-72.9369,40.9077]]]}},{"type":"Feature","properties":{"name":"HOUSTON CLASS B","class":"B","lower":"2500","lower_code":"MSL","upper":"10000"},"geometry":{"type":"Polygon","coordinates":[[[-95.4694,29.4769],[-95.4714,29.4643],[-95.5049,29.4958],[-95.5226,29.5178],[-95.5365,29.5397],[-95.5302,29.5339],[-95.4974,29.5267],[-95.4584,29.5067],[-95.4694,29.4769]]]}},{"type":"Feature","properties":{"name":"DALLAS CLASS B","class":"B","lower":"1500","lower_code":"MSL","upper":"11000"},"geometry":{"type":"Polygon","coordinates":[[[-97.1175,32.8228],[-97.1183,32.7772],[-97.1355,32.7921],[-97.1503,32.8108],[-97.1175,32.8228]]]}},{"type":"Feature","properties":{"name":"DALLAS CLASS B","class":"B","lower":"2000","lower_code":"MSL","upper":"11000"},"geometry":{"type":"Polygon","coordinates":[[[-96.9272,33.0656],[-96.9506,33.0194],[-96.981,33.028],[-97.0105,33.0321],[-97.0404,33.0324],[-97.0701,33.0289],[-97.0988,33.0217],[-97.1258,33.011],[-97.1506,32.9969],[-97.1726,32.9798],[-97.1797,32.9731],[-97.1342,32.9409],[-97.1497,32.9216],[-97.161,32.8984],[-97.1662,32.8738],[-97.165,32.8487],[-97.1615,32.8347],[-97.1559,32.8211],[-97.1392,32.7962],[-97.1158,32.7755],[-97.1021,32.7671],[-97.0853,32.7594],[-96.9852,32.7587],[-96.9275,32.7653],[-96.8853,32.7678],[-96.8744,32.7606],[-96.8948,32.7424],[-96.9181,32.727],[-96.9457,32.7139],[-96.9716,32.7061],[-96.9854,32.7056],[-96.9943,32.7097],[-97.0278,32.7097],[-97.0681,32.7123],[-97.0917,32.7081],[-97.1246,32.7205],[-97.1527,32.7366],[-97.1784,32.7579],[-97.1981,32.7812],[-97.2136,32.8088],[-97.2224,32.8365],[-97.2255,32.865],[-97.2228,32.8936],[-97.2143,32.9214],[-97.1993,32.9491],[-97.2511,32.9742],[-97.2385,32.9908],[-97.2242,33.0065],[-97.1907,33.0341],[-97.1518,33.0562],[-97.1088,33.072],[-97.0631,33.0809],[-97.0162,33.0827],[-96.9698,33.0773],[-96.9272,33.0656]]]}},{"type":"Feature","properties":{"name":"DALLAS CLASS B","class":"B","lower":"2000","lower_code":"MSL","upper":"11000"},"geometry":{"type":"Polygon","coordinates":[[[-96.8529,32.943],[-96.8425,32.9235],[-96.8383,32.9254],[-96.8287,32.9257],[-96.7573,32.9238],[-96.7358,32.9117],[-96.7353,32.9092],[-96.8817,32.9095],[-96.8815,32.928],[-96.8905,32.9359],[-96.8906,32.9856],[-96.8762,32.9725],[-96.8636,32.9583],[-96.8529,32.943]]]}},{"type":"Feature","properties":{"name":"HOUSTON CLASS B","class":"B","lower":"4000","lower_code":"MSL","upper":"10000"},"geometry":{"type":"Polygon","coordinates":[[[-95.0253,29.4005],[-95.0476,29.3845],[-95.0729,29.369],[-95.0977,29.3562],[-95.1255,29.3443],[-95.1523,29.3351],[-95.1818,29.3271],[-95.212,29.3213],[-95.2426,29.3177],[-95.2713,29.3162],[-95.3022,29.3167],[-95.3329,29.3194],[-95.3633,29.3243],[-95.3931,29.3313],[-95.4203,29.3398],[-95.4485,29.3508],[-95.4756,29.3637],[-95.4266,29.4354],[-95.388,29.4184],[-95.3469,29.4068],[-95.3043,29.4006],[-95.2612,29.4001],[-95.2164,29.4057],[-95.1751,29.4168],[-95.1362,29.4331],[-95.1004,29.4543],[-95.0788,29.471],[-95.0606,29.4881],[-95.0442,29.5067],[-95.0299,29.5264],[-95.0177,29.5473],[-95.0078,29.5691],[-95.0003,29.5915],[-94.9952,29.6145],[-94.9926,29.6378],[-94.9925,29.6613],[-94.9949,29.6846],[-94.9998,29.7076],[-95.0071,29.7301],[-95.0168,29.752],[-95.0288,29.7729],[-95.043,29.7928],[-95.0396,29.7958],[-95.0317,29.7983],[-95.0065,29.8011],[-94.9856,29.8421],[-94.7855,29.843],[-94.8036,29.7895],[-94.8284,29.7381],[-94.8596,29.6895],[-94.8967,29.6441],[-94.8997,29.6081],[-94.9067,29.5744],[-94.9176,29.5415],[-94.9332,29.5081],[-94.9507,29.4795],[-94.9724,29.451],[-94.9974,29.4246],[-95.0253,29.4005]]]}},{"type":"Feature","properties":{"name":"HOUSTON CLASS B","class":"B","lower":"4000","lower_code":"MSL","upper":"10000"},"geometry":{"type":"Polygon","coordinates":[[[-94.9171,30.2919],[-94.883,30.2556],[-94.8519,30.2151],[-94.8256,30.1721],[-94.804,30.1272],[-95.0129,30.1235],[-95.0418,30.161],[-95.0746,30.1935],[-95.112,30.222],[-95.1534,30.2461],[-95.2,30.266],[-95.2472,30.2798],[-95.2961,30.2882],[-95.3458,30.291],[-95.3955,30.2882],[-95.4444,30.2798],[-95.4916,30.266],[-95.5382,30.2461],[-95.5795,30.222],[-95.617,30.1935],[-95.6498,30.161],[-95.6786,30.1236],[-95.8875,30.1272],[-95.8738,30.1574],[-95.8578,30.1867],[-95.8397,30.2151],[-95.8195,30.2424],[-95.7972,30.2685],[-95.7731,30.2933],[-95.7472,30.3167],[-95.7211,30.3374],[-95.692,30.3577],[-95.6613,30.3764],[-95.6294,30.3933],[-95.5962,30.4084],[-95.562,30.4215],[-95.5269,30.4327],[-95.493,30.4415],[-95.4565,30.4487],[-95.4195,30.4539],[-95.3822,30.457],[-95.3448,30.458],[-95.3073,30.4569],[-95.2351,30.4487],[-95.1986,30.4414],[-95.1628,30.4321],[-95.1296,30.4215],[-95.0954,30.4083],[-95.0622,30.3933],[-95.0303,30.3764],[-94.9996,30.3577],[-94.9705,30.3373],[-94.943,30.3154],[-94.9171,30.2919]]]}},{"type":"Feature","properties":{"name":"LAS VEGAS CLASS B","class":"B","lower":"7000","lower_code":"MSL","upper":"10000"},"geometry":{"type":"Polygon","coordinates":[[[-114.6493,36.1295],[-114.7106,36.1236],[-114.7165,36.1538],[-114.725,36.1817],[-114.7368,36.2106],[-114.7507,36.2371],[-114.7682,36.2641],[-114.7871,36.2884],[-114.8098,36.3128],[-114.8334,36.3343],[-114.7887,36.369],[-114.7622,36.3448],[-114.7368,36.3175],[-114.7143,36.2887],[-114.6948,36.2584],[-114.6792,36.2287],[-114.6659,36.1963],[-114.6559,36.1632],[-114.6493,36.1295]]]}},{"type":"Feature","properties":{"name":"LAS VEGAS CLASS B","class":"B","lower":"8000","lower_code":"MSL","upper":"10000"},"geometry":{"type":"Polygon","coordinates":[[[-114.5864,35.8965],[-114.6023,35.8668],[-114.7321,35.9167],[-114.7189,35.9415],[-114.708,35.967],[-114.6993,35.9931],[-114.6929,36.0196],[-114.6887,36.0464],[-114.6869,36.0734],[-114.6875,36.1004],[-114.6901,36.1256],[-114.6493,36.1295],[-114.6577,36.1703],[-114.6719,36.212],[-114.6903,36.2506],[-114.7134,36.2875],[-114.6239,36.3289],[-114.6072,36.3034],[-114.5914,36.2756],[-114.5786,36.2488],[-114.567,36.2196],[-114.5582,36.1918],[-114.551,36.1617],[-114.5461,36.1314],[-114.5434,36.1009],[-114.5431,36.0721],[-114.5449,36.0415],[-114.5487,36.0129],[-114.555,35.9827],[-114.563,35.9546],[-114.5736,35.9253],[-114.5864,35.8965]]]}},{"type":"Feature","properties":{"name":"BURLINGTON INTL AIRPORT CLASS C","class":"C","lower":"0","lower_code":"SFC","upper":"4400"},"geometry":{"type":"Polygon","coordinates":[[[-73.1503,44.5564],[-73.1276,44.5548],[-73.1058,44.5501],[-73.0855,44.5423],[-73.0679,44.532],[-73.0535,44.5194],[-73.0427,44.505],[-73.0361,44.4894],[-73.0339,44.4731],[-73.0361,44.4568],[-73.0428,44.4412],[-73.0535,44.4268],[-73.0681,44.4141],[-73.0856,44.4038],[-73.1058,44.3961],[-73.1277,44.3913],[-73.1503,44.3897],[-73.173,44.3913],[-73.1948,44.3961],[-73.2149,44.4038],[-73.2326,44.4142],[-73.2471,44.4268],[-73.2578,44.4412],[-73.2644,44.4569],[-73.2667,44.4731],[-73.2644,44.4894],[-73.2578,44.505],[-73.247,44.5194],[-73.2326,44.532],[-73.2149,44.5424],[-73.1948,44.5501],[-73.173,44.5548],[-73.1503,44.5564]]]}},{"type":"Feature","properties":{"name":"BURLINGTON INTL AIRPORT CLASS C","class":"C","lower":"2200","lower_code":"MSL","upper":"4400"},"geometry":{"type":"Polygon","coordinates":[[[-72.9191,44.493],[-72.9411,44.4875],[-72.9411,44.475],[-72.9192,44.4531],[-72.9282,44.4234],[-72.9367,44.407],[-72.9477,44.3912],[-72.9609,44.3763],[-72.9763,44.3625],[-72.9934,44.35],[-73.0124,44.3389],[-73.0549,44.3211],[-73.1015,44.3101],[-73.1503,44.3064],[-73.1503,44.3897],[-73.1276,44.3913],[-73.1057,44.3961],[-73.0855,44.4038],[-73.068,44.4142],[-73.0535,44.4268],[-73.0427,44.4412],[-73.0361,44.4569],[-73.0339,44.4731],[-73.0362,44.4895],[-73.0428,44.5051],[-73.0535,44.5194],[-73.068,44.532],[-73.0856,44.5424],[-73.1058,44.5501],[-73.1276,44.5548],[-73.1503,44.5564],[-73.1503,44.6397],[-73.1083,44.637],[-73.0676,44.6289],[-73.0297,44.6157],[-72.9956,44.5977],[-72.9668,44.5757],[-72.944,44.5504],[-72.9279,44.5225],[-72.9191,44.493]]]}},{"type":"Feature","properties":{"name":"BURLINGTON INTL AIRPORT CLASS C","class":"C","lower":"1500","lower_code":"MSL","upper":"4400"},"geometry":{"type":"Polygon","coordinates":[[[-73.1503,44.5564],[-73.173,44.5548],[-73.1948,44.5501],[-73.2149,44.5424],[-73.2326,44.532],[-73.247,44.5194],[-73.2578,44.505],[-73.2644,44.4894],[-73.2667,44.4731],[-73.2644,44.4569],[-73.2578,44.4412],[-73.2471,44.4268],[-73.2326,44.4142],[-73.2149,44.4038],[-73.1948,44.3961],[-73.173,44.3913],[-73.1503,44.3897],[-73.1503,44.3064],[-73.1797,44.3077],[-73.2088,44.3118],[-73.237,44.3184],[-73.2636,44.3275],[-73.2886,44.3391],[-73.3111,44.3527],[-73.3311,44.3683],[-73.3482,44.3855],[-73.3648,44.4086],[-73.3762,44.4332],[-73.3822,44.4589],[-73.3825,44.4847],[-73.3772,44.5104],[-73.3665,44.535],[-73.3504,44.5583],[-73.3296,44.5794],[-73.3122,44.5929],[-73.2929,44.6049],[-73.272,44.6152],[-73.2494,44.6239],[-73.2258,44.6307],[-73.2011,44.6357],[-73.1758,44.6387],[-73.1503,44.6397],[-73.1503,44.5564]]]}},{"type":"Feature","properties":{"name":"ST LOUIS CLASS B","class":"B","lower":"3000","lower_code":"MSL","upper":"8000"},"geometry":{"type":"Polygon","coordinates":[[[-90.3597,38.5025],[-90.3917,38.5037],[-90.4212,38.507],[-90.4524,38.513],[-90.4826,38.5215],[-90.5116,38.5322],[-90.5372,38.5442],[-90.5631,38.5592],[-90.5852,38.5748],[-90.6069,38.5934],[-90.6262,38.6136],[-90.6427,38.6352],[-90.6555,38.6563],[-90.6665,38.68],[-90.6738,38.7027],[-90.6787,38.7276],[-90.6804,38.751],[-90.6791,38.7762],[-90.6745,38.8011],[-90.6667,38.8256],[-90.6568,38.8476],[-90.6431,38.8705],[-90.6278,38.8906],[-90.6088,38.9109],[-90.5888,38.9284],[-90.565,38.9454],[-90.5411,38.9595],[-90.5136,38.9727],[-90.4866,38.9829],[-90.4563,38.9916],[-90.4273,38.9976],[-90.3954,39.0016],[-90.3654,39.003],[-90.3355,39.0022],[-90.3034,38.999],[-90.2742,38.9937],[-90.2436,38.9856],[-90.2163,38.976],[-90.1883,38.9635],[-90.162,38.9489],[-90.1378,38.9322],[-90.1173,38.9151],[-90.0977,38.8951],[-90.0808,38.8736],[-90.0667,38.851],[-90.0563,38.829],[-90.0481,38.8047],[-90.0431,38.7798],[-90.0413,38.7546],[-90.0425,38.7312],[-90.0469,38.7062],[-90.0539,38.6835],[-90.0644,38.6597],[-90.0768,38.6384],[-90.093,38.6166],[-90.1118,38.5962],[-90.1332,38.5774],[-90.1551,38.5615],[-90.1806,38.5462],[-90.208,38.5331],[-90.2369,38.5222],[-90.2649,38.5141],[-90.296,38.5078],[-90.3277,38.5039],[-90.3597,38.5025]]]}},{"type":"Feature","properties":{"name":"COLORADO SPRINGS CLASS C","class":"C","lower":"8500","lower_code":"MSL","upper":"10200"},"geometry":{"type":"Polygon","coordinates":[[[-104.6077,38.9559],[-104.6071,38.938],[-104.6106,38.9353],[-104.6085,38.9332],[-104.6079,38.9278],[-104.6078,38.9117],[-104.5352,38.911],[-104.5202,38.8946],[-104.5078,38.8769],[-104.4983,38.8581],[-104.4917,38.8386],[-104.6028,38.8387],[-104.6106,38.8503],[-104.6207,38.8609],[-104.6327,38.87],[-104.6465,38.8776],[-104.6616,38.8834],[-104.6778,38.8873],[-104.6944,38.8891],[-104.7113,38.8888],[-104.7292,38.8862],[-104.7463,38.8813],[-104.7621,38.8741],[-104.7761,38.8649],[-104.7879,38.854],[-104.7971,38.8417],[-104.8035,38.8284],[-104.8069,38.8144],[-104.7978,38.9544],[-104.7753,38.9622],[-104.7519,38.9678],[-104.7275,38.9714],[-104.703,38.9727],[-104.6784,38.9717],[-104.6542,38.9686],[-104.6306,38.9634],[-104.6077,38.9559]]]}},{"type":"Feature","properties":{"name":"COLORADO SPRINGS CLASS C","class":"C","lower":"7500","lower_code":"MSL","upper":"10200"},"geometry":{"type":"Polygon","coordinates":[[[-104.4917,38.8386],[-104.4883,38.8189],[-104.4878,38.7991],[-104.4904,38.7794],[-104.496,38.7598],[-104.5044,38.7411],[-104.5156,38.7233],[-104.5294,38.7067],[-104.5458,38.6914],[-104.5643,38.6778],[-104.5848,38.6659],[-104.6068,38.6561],[-104.6304,38.6484],[-104.6549,38.6429],[-104.6799,38.6398],[-104.7052,38.639],[-104.7304,38.6406],[-104.732,38.7261],[-104.7022,38.7224],[-104.6723,38.7255],[-104.6447,38.735],[-104.6215,38.7501],[-104.6048,38.7697],[-104.5992,38.7807],[-104.5957,38.7922],[-104.5943,38.804],[-104.595,38.8158],[-104.5979,38.8275],[-104.6028,38.8387],[-104.4917,38.8386]]]}},{"type":"Feature","properties":{"name":"LAS VEGAS CLASS B","class":"B","lower":"8000","lower_code":"MSL","upper":"10000"},"geometry":{"type":"Polygon","coordinates":[[[-114.888,35.8295],[-114.9208,35.8083],[-114.956,35.7899],[-114.9934,35.7745],[-115.0325,35.7623],[-115.0728,35.7534],[-115.1141,35.7479],[-115.1559,35.7459],[-115.1955,35.7471],[-115.1866,35.8303],[-115.1491,35.8295],[-115.114,35.8321],[-115.0795,35.838],[-115.0461,35.847],[-115.0141,35.8591],[-114.984,35.8741],[-114.9562,35.8918],[-114.9311,35.912],[-114.8551,35.8559],[-114.888,35.8295]]]}},{"type":"Feature","properties":{"name":"MINNEAPOLIS CLASS B","class":"B","lower":"0","lower_code":"SFC","upper":"10000"},"geometry":{"type":"Polygon","coordinates":[[[-93.2033,44.7742],[-93.2284,44.7755],[-93.2528,44.7799],[-93.2757,44.7874],[-93.2944,44.7965],[-93.3124,44.809],[-93.3271,44.8236],[-93.3379,44.8398],[-93.3439,44.8553],[-93.3464,44.8732],[-93.3445,44.8911],[-93.338,44.9084],[-93.3286,44.9231],[-93.3143,44.9379],[-93.2985,44.9494],[-93.2781,44.96],[-93.2577,44.9671],[-93.2285,44.9729],[-93.1983,44.974],[-93.1684,44.9705],[-93.1402,44.9626],[-93.1151,44.9506],[-93.0942,44.935],[-93.0785,44.9167],[-93.0681,44.8946],[-93.0652,44.8732],[-93.0688,44.8518],[-93.0787,44.8315],[-93.096,44.8118],[-93.1173,44.7965],[-93.1427,44.7849],[-93.1709,44.7773],[-93.2033,44.7742]]]}},{"type":"Feature","properties":{"name":"SAN DIEGO-GILLESPIE FIELD CLASS D","class":"D","lower":"0","lower_code":"SFC","upper":"2400"},"geometry":{"type":"Polygon","coordinates":[[[-117.057,32.8346],[-117.0508,32.854],[-116.9144,32.8785],[-116.9008,32.8648],[-116.8917,32.8486],[-116.8876,32.831],[-116.8889,32.8131],[-116.8936,32.7993],[-116.9015,32.7866],[-116.9122,32.7755],[-116.9271,32.7654],[-116.9423,32.759],[-116.9587,32.7553],[-116.9778,32.7544],[-116.9946,32.7568],[-117.0124,32.7627],[-117.0265,32.7706],[-117.0385,32.7808],[-117.0478,32.7928],[-117.0542,32.8061],[-117.0573,32.8202],[-117.057,32.8346]]]}},{"type":"Feature","properties":{"name":"SAN DIEGO MONTGOMERY FIELD CLASS D","class":"D","lower":"0","lower_code":"SFC","upper":"2900"},"geometry":{"type":"Polygon","coordinates":[[[-117.1778,32.8472],[-117.1639,32.8403],[-117.0967,32.8403],[-117.0896,32.8419],[-117.0832,32.8296],[-117.081,32.8172],[-117.0824,32.8047],[-117.0875,32.7929],[-117.0933,32.7853],[-117.1021,32.7775],[-117.1215,32.7683],[-117.1755,32.7755],[-117.186,32.7839],[-117.193,32.7929],[-117.1981,32.8047],[-117.1996,32.8154],[-117.1973,32.8296],[-117.1915,32.8411],[-117.1866,32.8471],[-117.1778,32.8472]]]}},{"type":"Feature","properties":{"name":"COLUMBIA METROPOLITAN AIRPORT CLASS C","class":"C","lower":"0","lower_code":"SFC","upper":"4200"},"geometry":{"type":"Polygon","coordinates":[[[-81.1159,33.8572],[-81.1353,33.8582],[-81.1541,33.8624],[-81.1715,33.8695],[-81.187,33.8792],[-81.1999,33.8913],[-81.2098,33.9052],[-81.2163,33.9205],[-81.2191,33.9365],[-81.2182,33.9527],[-81.2135,33.9684],[-81.2053,33.9831],[-81.1938,33.9961],[-81.1795,34.0071],[-81.163,34.0156],[-81.1447,34.0212],[-81.1277,34.0237],[-81.1083,34.0235],[-81.0892,34.0201],[-81.0713,34.0138],[-81.0536,34.0036],[-81.0416,33.9932],[-81.033,33.9829],[-81.0357,33.9726],[-81.0344,33.9622],[-81.0293,33.9526],[-81.0192,33.9437],[-81.0203,33.9275],[-81.0252,33.9119],[-81.0336,33.8973],[-81.0453,33.8843],[-81.0597,33.8735],[-81.0763,33.8652],[-81.0946,33.8597],[-81.1159,33.8572]]]}},{"type":"Feature","properties":{"name":"COLUMBIA METROPOLITAN AIRPORT CLASS C","class":"C","lower":"2000","lower_code":"MSL","upper":"4200"},"geometry":{"type":"Polygon","coordinates":[[[-80.9192,33.9484],[-80.9195,33.9286],[-81.0193,33.9346],[-81.0192,33.9437],[-81.0293,33.9526],[-81.0349,33.9639],[-81.0356,33.9744],[-81.033,33.9829],[-81.043,33.9946],[-81.0586,34.0069],[-81.075,34.0154],[-81.0932,34.0211],[-81.1122,34.0237],[-81.1052,34.107],[-81.067,34.1016],[-81.0307,34.0902],[-80.9977,34.0732],[-80.9693,34.0512],[-80.9465,34.0251],[-80.9303,33.9958],[-80.9211,33.9645],[-80.9192,33.9484]]]}},{"type":"Feature","properties":{"name":"SALT LAKE CITY CLASS B","class":"B","lower":"8000","lower_code":"MSL","upper":"12000"},"geometry":{"type":"Polygon","coordinates":[[[-111.9063,40.4053],[-112.1168,40.4019],[-112.1167,40.5091],[-111.8919,40.5119],[-111.8938,40.4886],[-111.9038,40.4794],[-111.9124,40.4677],[-111.9158,40.4583],[-111.916,40.4555],[-111.9116,40.4474],[-111.9063,40.4053]]]}},{"type":"Feature","properties":{"name":"PHOENIX CLASS B","class":"B","lower":"8000","lower_code":"MSL","upper":"9000"},"geometry":{"type":"Polygon","coordinates":[[[-111.4872,33.7289],[-111.5676,33.6794],[-111.5971,33.7101],[-111.6299,33.7383],[-111.6658,33.7638],[-111.7044,33.7864],[-111.6275,33.8439],[-111.5883,33.8189],[-111.5516,33.7912],[-111.5179,33.7612],[-111.4872,33.7289]]]}},{"type":"Feature","properties":{"name":"SALT LAKE CITY CLASS B","class":"B","lower":"7000","lower_code":"MSL","upper":"12000"},"geometry":{"type":"Polygon","coordinates":[[[-112.0092,40.5106],[-112.1167,40.5091],[-112.1167,40.6039],[-112.0636,40.5907],[-112.0063,40.5841],[-112.0092,40.5106]]]}},{"type":"Feature","properties":{"name":"SALT LAKE CITY CLASS B","class":"B","lower":"9000","lower_code":"MSL","upper":"12000"},"geometry":{"type":"Polygon","coordinates":[[[-111.9792,40.2999],[-112.0494,40.3023],[-112.1168,40.3096],[-112.1168,40.4019],[-111.9063,40.4053],[-111.895,40.3039],[-111.9792,40.2999]]]}},{"type":"Feature","properties":{"name":"SALT LAKE CITY CLASS B","class":"B","lower":"10000","lower_code":"MSL","upper":"12000"},"geometry":{"type":"Polygon","coordinates":[[[-111.8145,40.3149],[-111.895,40.3039],[-111.9116,40.4474],[-111.896,40.4369],[-111.8894,40.4288],[-111.8369,40.3944],[-111.831,40.3844],[-111.8186,40.3767],[-111.7984,40.3689],[-111.7405,40.3316],[-111.8145,40.3149]]]}},{"type":"Feature","properties":{"name":"DYESS AFB CLASS C","class":"C","lower":"0","lower_code":"SFC","upper":"5800"},"geometry":{"type":"Polygon","coordinates":[[[-99.8542,32.3365],[-99.8732,32.3376],[-99.8916,32.3418],[-99.9087,32.349],[-99.9238,32.3587],[-99.9365,32.3708],[-99.9461,32.3847],[-99.9525,32.3999],[-99.9553,32.4159],[-99.9544,32.432],[-99.9498,32.4477],[-99.9418,32.4624],[-99.9306,32.4754],[-99.9166,32.4864],[-99.9004,32.4949],[-99.8826,32.5006],[-99.8638,32.5033],[-99.8343,32.5013],[-99.8069,32.4919],[-99.7947,32.4847],[-99.784,32.4761],[-99.7749,32.4661],[-99.7668,32.4535],[-99.7755,32.4372],[-99.7801,32.4179],[-99.7792,32.3983],[-99.7721,32.3776],[-99.7743,32.3746],[-99.7892,32.3594],[-99.8078,32.3476],[-99.8292,32.3399],[-99.8542,32.3365]]]}},{"type":"Feature","properties":{"name":"DYESS AFB CLASS C","class":"C","lower":"3600","lower_code":"MSL","upper":"5800"},"geometry":{"type":"Polygon","coordinates":[[[-99.6947,32.5148],[-99.6807,32.4946],[-99.7037,32.4926],[-99.7273,32.4852],[-99.7448,32.4754],[-99.7607,32.4613],[-100.0212,32.5122],[-100.0044,32.5307],[-99.9863,32.546],[-99.9661,32.5591],[-99.944,32.5698],[-99.9204,32.5781],[-99.8958,32.5837],[-99.8705,32.5866],[-99.845,32.5867],[-99.8197,32.584],[-99.795,32.5785],[-99.7713,32.5704],[-99.7491,32.5598],[-99.7287,32.5468],[-99.7105,32.5317],[-99.6947,32.5148]]]}},{"type":"Feature","properties":{"name":"DYESS AFB CLASS C","class":"C","lower":"4300","lower_code":"MSL","upper":"5800"},"geometry":{"type":"Polygon","coordinates":[[[-99.8552,32.253],[-99.8827,32.2544],[-99.9096,32.2591],[-99.9355,32.2669],[-99.9581,32.2768],[-99.9807,32.2901],[-99.9994,32.3048],[-100.0169,32.3227],[-100.0304,32.341],[-100.0417,32.3623],[-100.0489,32.383],[-100.0531,32.4061],[-100.0536,32.4277],[-100.0505,32.4509],[-100.0442,32.4718],[-100.0338,32.4934],[-100.0212,32.5122],[-99.7607,32.4613],[-99.7732,32.4426],[-99.7796,32.4218],[-99.7795,32.4003],[-99.7722,32.3779],[-99.7593,32.3594],[-99.7412,32.3444],[-99.7192,32.3338],[-99.6926,32.3281],[-99.7066,32.3123],[-99.7226,32.2979],[-99.7406,32.2853],[-99.762,32.2737],[-99.783,32.2652],[-99.8071,32.2584],[-99.832,32.2543],[-99.8552,32.253]]]}},{"type":"Feature","properties":{"name":"EVANSVILLE REGIONAL AIRPORT CLASS C","class":"C","lower":"0","lower_code":"SFC","upper":"4500"},"geometry":{"type":"Polygon","coordinates":[[[-87.6211,38.0008],[-87.6182,38.0023],[-87.6127,37.9966],[-87.6052,37.9927],[-87.5923,37.9912],[-87.5787,37.9954],[-87.5701,38.0048],[-87.5685,38.0112],[-87.5696,38.0178],[-87.5732,38.0238],[-87.5789,38.0286],[-87.5923,38.0327],[-87.6335,38.0328],[-87.634,38.043],[-87.6324,38.0552],[-87.6286,38.0671],[-87.6227,38.0784],[-87.6147,38.0889],[-87.6049,38.0984],[-87.5934,38.1066],[-87.5665,38.1186],[-87.5448,38.1232],[-87.5225,38.1241],[-87.5003,38.1212],[-87.4796,38.1147],[-87.461,38.1049],[-87.4454,38.0922],[-87.4335,38.0771],[-87.426,38.0604],[-87.4232,38.0456],[-87.4238,38.0306],[-87.4278,38.0159],[-87.4351,38.0021],[-87.4454,37.9895],[-87.4583,37.9785],[-87.4735,37.9696],[-87.4905,37.963],[-87.5087,37.9589],[-87.5276,37.9574],[-87.5465,37.9586],[-87.5648,37.9625],[-87.5819,37.9689],[-87.5973,37.9776],[-87.6105,37.9884],[-87.6211,38.0008]]]}},{"type":"Feature","properties":{"name":"EVANSVILLE REGIONAL AIRPORT CLASS C","class":"C","lower":"1600","lower_code":"MSL","upper":"4500"},"geometry":{"type":"Polygon","coordinates":[[[-87.5285,38.2077],[-87.4873,38.2045],[-87.4477,38.195],[-87.4113,38.1796],[-87.3793,38.1589],[-87.3531,38.1336],[-87.3336,38.1048],[-87.3216,38.0736],[-87.3186,38.0574],[-87.3175,38.0409],[-87.3185,38.0246],[-87.3216,38.0084],[-87.3336,37.977],[-87.3531,37.9482],[-87.3794,37.9229],[-87.4112,37.9022],[-87.4478,37.8867],[-87.4874,37.8772],[-87.5286,37.874],[-87.5698,37.8772],[-87.6094,37.8867],[-87.6459,37.9022],[-87.6777,37.923],[-87.704,37.9483],[-87.7234,37.9771],[-87.7354,38.0086],[-87.7385,38.0247],[-87.7395,38.0411],[-87.7385,38.0574],[-87.7354,38.0735],[-87.7234,38.1048],[-87.704,38.1336],[-87.6777,38.1588],[-87.6458,38.1796],[-87.6093,38.195],[-87.5697,38.2044],[-87.5285,38.2077]]]}},{"type":"Feature","properties":{"name":"AUSTIN CLASS D","class":"D","lower":"0","lower_code":"SFC","upper":"3000"},"geometry":{"type":"Polygon","coordinates":[[[-97.5664,30.466],[-97.551,30.4647],[-97.5361,30.4608],[-97.5225,30.4544],[-97.5105,30.4459],[-97.5007,30.4356],[-97.4934,30.4238],[-97.4889,30.4109],[-97.4874,30.3975],[-97.4889,30.3842],[-97.4934,30.3713],[-97.5007,30.3595],[-97.5105,30.3491],[-97.5225,30.3406],[-97.5362,30.3342],[-97.551,30.3303],[-97.5664,30.329],[-97.5818,30.3303],[-97.5967,30.3342],[-97.6103,30.3405],[-97.6223,30.3491],[-97.6321,30.3595],[-97.6394,30.3713],[-97.6439,30.3842],[-97.6454,30.3975],[-97.6439,30.4109],[-97.6394,30.4237],[-97.6321,30.4356],[-97.6223,30.4459],[-97.6103,30.4544],[-97.5966,30.4608],[-97.5818,30.4647],[-97.5664,30.466]]]}},{"type":"Feature","properties":{"name":"SAN DIEGO CLASS B","class":"B","lower":"3800","lower_code":"MSL","upper":"10000"},"geometry":{"type":"Polygon","coordinates":[[[-117.1233,32.9922],[-117.1937,32.9726],[-117.1853,33.0224],[-117.1641,33.0267],[-117.1233,32.9922]]]}},{"type":"Feature","properties":{"name":"SAN FRANCISCO CLASS B","class":"B","lower":"0","lower_code":"SFC","upper":"10000"},"geometry":{"type":"Polygon","coordinates":[[[-122.2469,37.5647],[-122.2567,37.55],[-122.2819,37.5608],[-122.2967,37.5606],[-122.3403,37.5492],[-122.3722,37.5483],[-122.3886,37.5656],[-122.3928,37.5669],[-122.3972,37.5714],[-122.4047,37.5833],[-122.4267,37.6025],[-122.4283,37.6061],[-122.4261,37.6117],[-122.4947,37.6406],[-122.4961,37.6856],[-122.4686,37.7089],[-122.4514,37.7189],[-122.4178,37.7311],[-122.4014,37.7344],[-122.3647,37.7361],[-122.3453,37.7342],[-122.3164,37.7269],[-122.2786,37.7111],[-122.2367,37.6725],[-122.235,37.5922],[-122.2469,37.5647]]]}},{"type":"Feature","properties":{"name":"SAN FRANCISCO CLASS B","class":"B","lower":"1500","lower_code":"MSL","upper":"10000"},"geometry":{"type":"Polygon","coordinates":[[[-122.2042,37.5469],[-122.2189,37.5247],[-122.2567,37.55],[-122.2469,37.5647],[-122.235,37.5922],[-122.1869,37.5864],[-122.2042,37.5469]]]}},{"type":"Feature","properties":{"name":"SAN FRANCISCO CLASS B","class":"B","lower":"1600","lower_code":"MSL","upper":"10000"},"geometry":{"type":"Polygon","coordinates":[[[-122.4961,37.6856],[-122.4947,37.6569],[-122.5208,37.6678],[-122.5064,37.6903],[-122.4961,37.6856]]]}},{"type":"Feature","properties":{"name":"SAN FRANCISCO CLASS B","class":"B","lower":"2100","lower_code":"MSL","upper":"10000"},"geometry":{"type":"Polygon","coordinates":[[[-122.4961,37.6856],[-122.4947,37.6406],[-122.6278,37.6964],[-122.5981,37.7431],[-122.4864,37.6944],[-122.4961,37.6856]]]}},{"type":"Feature","properties":{"name":"SAN FRANCISCO CLASS B","class":"B","lower":"2100","lower_code":"MSL","upper":"10000"},"geometry":{"type":"Polygon","coordinates":[[[-122.2536,37.745],[-122.1942,37.7047],[-122.1869,37.5864],[-122.235,37.5922],[-122.2367,37.6725],[-122.2786,37.7111],[-122.3164,37.7269],[-122.3303,37.7311],[-122.3647,37.7361],[-122.3842,37.7361],[-122.4178,37.7311],[-122.4361,37.7253],[-122.4514,37.7189],[-122.4686,37.7089],[-122.4697,37.7375],[-122.3086,37.7867],[-122.2439,37.7592],[-122.2536,37.745]]]}},{"type":"Feature","properties":{"name":"BUFFALO CLASS C","class":"C","lower":"2200","lower_code":"MSL","upper":"4700"},"geometry":{"type":"Polygon","coordinates":[[[-78.9252,42.8549],[-78.9155,42.8813],[-78.9059,42.9003],[-78.9061,42.9238],[-78.9095,42.9337],[-78.9192,42.9471],[-78.9328,42.956],[-78.9563,42.9575],[-78.9523,42.9762],[-78.9454,42.9943],[-78.9361,43.0112],[-78.9246,43.0271],[-78.9107,43.0419],[-78.8948,43.0556],[-78.8767,43.068],[-78.8571,43.0789],[-78.836,43.0881],[-78.8137,43.0956],[-78.7662,43.1051],[-78.7172,43.1068],[-78.6688,43.1009],[-78.6456,43.095],[-78.6231,43.0873],[-78.6022,43.0779],[-78.5827,43.067],[-78.565,43.0545],[-78.5491,43.0406],[-78.5354,43.0257],[-78.524,43.0096],[-78.5151,42.9928],[-78.5086,42.9753],[-78.5038,42.9462],[-78.506,42.9169],[-78.5151,42.8884],[-78.5309,42.8615],[-78.5528,42.837],[-78.5801,42.8157],[-78.6121,42.7983],[-78.6478,42.7852],[-78.6859,42.777],[-78.7255,42.7738],[-78.7652,42.7757],[-78.8038,42.7827],[-78.8402,42.7945],[-78.8732,42.8109],[-78.9018,42.8312],[-78.9252,42.8549]]]}},{"type":"Feature","properties":{"name":"FRESNO AIRPORT CLASS C","class":"C","lower":"2500","lower_code":"MSL","upper":"4400"},"geometry":{"type":"Polygon","coordinates":[[[-119.7157,36.6092],[-119.7402,36.6101],[-119.7665,36.6138],[-119.7921,36.6202],[-119.8144,36.6283],[-119.8373,36.6395],[-119.8565,36.6517],[-119.8737,36.6658],[-119.8888,36.6813],[-119.9026,36.6998],[-119.9125,36.7179],[-119.9203,36.7385],[-119.9244,36.7579],[-119.9256,36.7795],[-119.9237,36.7992],[-119.9189,36.8185],[-119.9112,36.8373],[-119.8645,36.8056],[-119.7857,36.733],[-119.7201,36.6762],[-119.6978,36.6528],[-119.6586,36.6162],[-119.6869,36.6111],[-119.7157,36.6092]]]}},{"type":"Feature","properties":{"name":"MONTGOMERY CLASS D","class":"D","lower":"0","lower_code":"SFC","upper":"2700"},"geometry":{"type":"Polygon","coordinates":[[[-86.3043,32.3349],[-86.2967,32.3128],[-86.2956,32.3004],[-86.2968,32.288],[-86.3045,32.266],[-86.3191,32.2466],[-86.3056,32.2339],[-86.3347,32.2114],[-86.35,32.2258],[-86.3718,32.2192],[-86.3949,32.217],[-86.4179,32.2196],[-86.4395,32.2266],[-86.457,32.2366],[-86.4717,32.2495],[-86.4827,32.2648],[-86.4892,32.2799],[-86.4922,32.3031],[-86.4882,32.3243],[-86.4768,32.3455],[-86.459,32.3632],[-86.4434,32.3474],[-86.3043,32.3349]]]}},{"type":"Feature","properties":{"name":"LAS VEGAS CLASS D","class":"D","lower":"0","lower_code":"SFC","upper":"4500"},"geometry":{"type":"Polygon","coordinates":[[[-115.1395,36.267],[-115.1465,36.201],[-115.1525,36.1895],[-115.1625,36.1801],[-115.1716,36.1752],[-115.184,36.1716],[-115.1949,36.1706],[-115.208,36.172],[-115.2275,36.1634],[-115.2453,36.1519],[-115.2595,36.1621],[-115.2713,36.1751],[-115.2778,36.1866],[-115.2818,36.1988],[-115.283,36.2113],[-115.2815,36.2239],[-115.2773,36.236],[-115.2706,36.2474],[-115.2615,36.2576],[-115.2521,36.2652],[-115.2394,36.2725],[-115.2254,36.278],[-115.1971,36.2824],[-115.1811,36.2816],[-115.166,36.2787],[-115.1518,36.2736],[-115.1395,36.267]]]}},{"type":"Feature","properties":{"name":"SEATTLE CLASS B","class":"B","lower":"6000","lower_code":"MSL","upper":"10000"},"geometry":{"type":"Polygon","coordinates":[[[-121.861,47.305],[-121.9284,47.291],[-122.0011,47.2934],[-121.9996,47.6304],[-121.8661,47.5941],[-121.861,47.305]]]}},{"type":"Feature","properties":{"name":"SEATTLE CLASS B","class":"B","lower":"4000","lower_code":"MSL","upper":"10000"},"geometry":{"type":"Polygon","coordinates":[[[-122.135,47.1546],[-122.1428,47.1045],[-122.4391,47.1054],[-122.46,47.1535],[-122.135,47.1546]]]}},{"type":"Feature","properties":{"name":"SEATTLE CLASS B","class":"B","lower":"5000","lower_code":"MSL","upper":"7000"},"geometry":{"type":"Polygon","coordinates":[[[-122.4391,47.1054],[-122.5072,47.043],[-122.6677,47.182],[-122.7124,47.3127],[-122.6002,47.269],[-122.504,47.2233],[-122.46,47.1535],[-122.4391,47.1054]]]}},{"type":"Feature","properties":{"name":"SEATTLE CLASS B","class":"B","lower":"5000","lower_code":"MSL","upper":"7000"},"geometry":{"type":"Polygon","coordinates":[[[-121.9829,47.1961],[-122.1012,47.0438],[-122.1428,47.1045],[-122.135,47.1546],[-122.1019,47.2938],[-122.0011,47.2934],[-121.9284,47.291],[-121.9825,47.2343],[-121.9829,47.1961]]]}},{"type":"Feature","properties":{"name":"SEATTLE CLASS B","class":"B","lower":"5000","lower_code":"MSL","upper":"7000"},"geometry":{"type":"Polygon","coordinates":[[[-122.0961,47.8525],[-121.9325,47.6984],[-121.9343,47.6125],[-122.0948,47.6587],[-122.1166,47.7419],[-122.1339,47.7996],[-122.4664,47.8035],[-122.4946,47.7441],[-122.4973,47.707],[-122.6038,47.6482],[-122.7175,47.65],[-122.4999,47.8542],[-122.0961,47.8525]]]}},{"type":"Feature","properties":{"name":"SEATTLE CLASS B","class":"B","lower":"6000","lower_code":"MSL","upper":"7000"},"geometry":{"type":"Polygon","coordinates":[[[-122.1413,47.9254],[-122.0961,47.8525],[-122.4999,47.8542],[-122.451,47.9242],[-122.1413,47.9254]]]}},{"type":"Feature","properties":{"name":"SEATTLE CLASS B","class":"B","lower":"5000","lower_code":"MSL","upper":"10000"},"geometry":{"type":"Polygon","coordinates":[[[-122.1012,47.0438],[-122.5072,47.043],[-122.4391,47.1054],[-122.1428,47.1045],[-122.1012,47.0438]]]}},{"type":"Feature","properties":{"name":"SEATTLE CLASS B","class":"B","lower":"6000","lower_code":"MSL","upper":"7000"},"geometry":{"type":"Polygon","coordinates":[[[-122.1342,46.9536],[-122.4598,46.9513],[-122.5072,47.043],[-122.1012,47.0438],[-122.1342,46.9536]]]}},{"type":"Feature","properties":{"name":"ST LOUIS CLASS B","class":"B","lower":"0","lower_code":"SFC","upper":"8000"},"geometry":{"type":"Polygon","coordinates":[[[-90.3576,38.6527],[-90.3828,38.6542],[-90.4071,38.6595],[-90.4296,38.6684],[-90.4477,38.6794],[-90.4644,38.6942],[-90.4761,38.7096],[-90.4798,38.7162],[-90.4766,38.7247],[-90.4775,38.7336],[-90.4822,38.7417],[-90.4884,38.7469],[-90.4875,38.7666],[-90.4815,38.7858],[-90.4709,38.8037],[-90.4575,38.8183],[-90.4391,38.8319],[-90.4198,38.8416],[-90.3963,38.8489],[-90.3738,38.8524],[-90.3485,38.8524],[-90.3237,38.8486],[-90.3004,38.841],[-90.2794,38.83],[-90.2616,38.8159],[-90.2477,38.7994],[-90.2382,38.7811],[-90.2333,38.7599],[-90.234,38.7402],[-90.2397,38.7209],[-90.2501,38.7029],[-90.2663,38.6855],[-90.285,38.6722],[-90.3066,38.6621],[-90.3304,38.6556],[-90.3576,38.6527]]]}},{"type":"Feature","properties":{"name":"ST LOUIS CLASS B","class":"B","lower":"1700","lower_code":"MSL","upper":"8000"},"geometry":{"type":"Polygon","coordinates":[[[-90.4885,38.7576],[-90.4884,38.7469],[-90.481,38.7402],[-90.477,38.7319],[-90.4766,38.7247],[-90.4798,38.7162],[-90.4659,38.6959],[-90.4703,38.6979],[-90.4763,38.7056],[-90.4985,38.7065],[-90.5053,38.7097],[-90.5154,38.7281],[-90.5249,38.74],[-90.5398,38.7517],[-90.5435,38.7565],[-90.5547,38.7527],[-90.5739,38.7502],[-90.5709,38.7806],[-90.5618,38.8084],[-90.5466,38.8345],[-90.526,38.8583],[-90.5072,38.8741],[-90.4879,38.8868],[-90.4607,38.8705],[-90.3921,38.8498],[-90.4095,38.8453],[-90.4279,38.838],[-90.4446,38.8284],[-90.459,38.8169],[-90.4709,38.8037],[-90.48,38.7892],[-90.4859,38.7737],[-90.4885,38.7576]]]}},{"type":"Feature","properties":{"name":"ST LOUIS CLASS B","class":"B","lower":"2000","lower_code":"MSL","upper":"8000"},"geometry":{"type":"Polygon","coordinates":[[[-90.1917,38.8543],[-90.1709,38.8284],[-90.1565,38.8],[-90.1489,38.7701],[-90.1478,38.7539],[-90.1487,38.7377],[-90.1558,38.7077],[-90.1708,38.6776],[-90.1915,38.6517],[-90.2196,38.628],[-90.2403,38.6326],[-90.2555,38.6309],[-90.2623,38.6321],[-90.271,38.6297],[-90.2996,38.6328],[-90.3139,38.6285],[-90.3459,38.6298],[-90.354,38.6316],[-90.3638,38.63],[-90.3844,38.6318],[-90.3942,38.6364],[-90.4178,38.6356],[-90.4402,38.6385],[-90.4992,38.6397],[-90.5238,38.6454],[-90.5267,38.6482],[-90.5491,38.6749],[-90.564,38.7028],[-90.5709,38.7253],[-90.5738,38.7502],[-90.5547,38.7527],[-90.5435,38.7565],[-90.5398,38.7517],[-90.5249,38.74],[-90.5154,38.7281],[-90.5064,38.7112],[-90.5031,38.708],[-90.4985,38.7065],[-90.4763,38.7056],[-90.4703,38.6979],[-90.4659,38.6959],[-90.4462,38.6783],[-90.4317,38.6695],[-90.4158,38.6624],[-90.3875,38.6549],[-90.3556,38.6528],[-90.3373,38.6544],[-90.3196,38.6581],[-90.3027,38.6637],[-90.287,38.6711],[-90.2728,38.6803],[-90.2604,38.6909],[-90.2501,38.7028],[-90.243,38.7141],[-90.2371,38.7278],[-90.2338,38.7419],[-90.2331,38.7563],[-90.235,38.7706],[-90.2396,38.7846],[-90.2467,38.7978],[-90.2561,38.8102],[-90.2662,38.8201],[-90.2887,38.8354],[-90.3151,38.8463],[-90.3327,38.8504],[-90.3532,38.8527],[-90.3716,38.8525],[-90.3921,38.8498],[-90.4607,38.8705],[-90.4879,38.8868],[-90.4586,38.901],[-90.4246,38.912],[-90.3886,38.9182],[-90.3519,38.9194],[-90.3154,38.9158],[-90.2802,38.9072],[-90.2475,38.8941],[-90.2181,38.8767],[-90.1917,38.8543]]]}},{"type":"Feature","properties":{"name":"ST LOUIS CLASS B","class":"B","lower":"2500","lower_code":"MSL","upper":"8000"},"geometry":{"type":"Polygon","coordinates":[[[-90.4178,38.6356],[-90.3942,38.6364],[-90.3844,38.6318],[-90.3638,38.63],[-90.354,38.6316],[-90.3459,38.6298],[-90.3139,38.6285],[-90.2996,38.6328],[-90.271,38.6297],[-90.2623,38.6321],[-90.2555,38.6309],[-90.2403,38.6326],[-90.2195,38.628],[-90.2527,38.6091],[-90.2921,38.5949],[-90.3342,38.5872],[-90.3775,38.5864],[-90.4201,38.5925],[-90.4582,38.6044],[-90.4945,38.6229],[-90.5238,38.6454],[-90.4935,38.6388],[-90.4402,38.6385],[-90.4178,38.6356]]]}},{"type":"Feature","properties":{"name":"HOUSTON CLASS B","class":"B","lower":"0","lower_code":"SFC","upper":"10000"},"geometry":{"type":"Polygon","coordinates":[[[-95.2163,30.0289],[-95.2024,30.0048],[-95.1665,30.0167],[-95.157,29.9873],[-95.1539,29.9568],[-95.1922,29.9569],[-95.194,29.9371],[-95.1996,29.9161],[-95.2091,29.8961],[-95.2221,29.8777],[-95.2369,29.8627],[-95.2558,29.8486],[-95.277,29.8374],[-95.2999,29.8293],[-95.3323,29.8237],[-95.3633,29.8241],[-95.3935,29.8298],[-95.4218,29.8407],[-95.4486,29.8576],[-95.4694,29.8776],[-95.4852,29.9008],[-95.4953,29.9263],[-95.4993,29.9513],[-95.4978,29.9765],[-95.4909,30.0009],[-95.4789,30.0238],[-95.4621,30.0444],[-95.4412,30.0618],[-95.4169,30.0755],[-95.392,30.0845],[-95.3637,30.0898],[-95.3347,30.0903],[-95.3082,30.0866],[-95.2809,30.0782],[-95.2559,30.0654],[-95.2341,30.0488],[-95.2163,30.0289]]]}},{"type":"Feature","properties":{"name":"DETROIT CLASS B","class":"B","lower":"0","lower_code":"SFC","upper":"10000"},"geometry":{"type":"Polygon","coordinates":[[[-83.1983,42.1668],[-83.2094,42.1488],[-83.2239,42.1322],[-83.2415,42.1174],[-83.2639,42.1037],[-83.2867,42.0936],[-83.3113,42.0861],[-83.3371,42.0814],[-83.366,42.0796],[-83.3949,42.0812],[-83.4207,42.0858],[-83.4454,42.0931],[-83.4683,42.1031],[-83.4908,42.1167],[-83.5086,42.1314],[-83.5233,42.1479],[-83.5345,42.1658],[-83.5104,42.1674],[-83.4876,42.1732],[-83.4655,42.1842],[-83.4495,42.1976],[-83.4456,42.2022],[-83.4344,42.2547],[-83.4429,42.2727],[-83.4575,42.2883],[-83.3847,42.3402],[-83.3676,42.3465],[-83.3267,42.3432],[-83.3057,42.3386],[-83.2857,42.3322],[-83.2668,42.324],[-83.2495,42.3142],[-83.2338,42.3029],[-83.2202,42.2903],[-83.2087,42.2766],[-83.1995,42.2619],[-83.1928,42.2465],[-83.1887,42.2306],[-83.1871,42.2144],[-83.1883,42.1982],[-83.192,42.1823],[-83.1983,42.1668]]]}},{"type":"Feature","properties":{"name":"DETROIT CLASS B","class":"B","lower":"2500","lower_code":"MSL","upper":"10000"},"geometry":{"type":"Polygon","coordinates":[[[-83.2327,42.3469],[-83.2141,42.3354],[-83.1972,42.3225],[-83.1824,42.3084],[-83.1697,42.2931],[-83.1593,42.2769],[-83.1513,42.26],[-83.1457,42.2425],[-83.1428,42.2246],[-83.1425,42.2067],[-83.1447,42.1888],[-83.1495,42.1712],[-83.1569,42.1541],[-83.1666,42.1377],[-83.1787,42.1221],[-83.1929,42.1077],[-83.2091,42.0944],[-83.2272,42.0825],[-83.2468,42.0721],[-83.2679,42.0633],[-83.29,42.0563],[-83.3368,42.0477],[-83.3849,42.0468],[-83.4321,42.0535],[-83.4764,42.0676],[-83.4967,42.0772],[-83.5156,42.0884],[-83.5327,42.101],[-83.5479,42.115],[-83.5117,42.1346],[-83.4996,42.1234],[-83.4841,42.1121],[-83.4669,42.1023],[-83.4482,42.0942],[-83.4283,42.0877],[-83.4075,42.0831],[-83.3645,42.0796],[-83.331,42.0823],[-83.2965,42.0902],[-83.2669,42.1022],[-83.2407,42.118],[-83.2218,42.1343],[-83.2078,42.151],[-83.1972,42.1691],[-83.1903,42.1882],[-83.1873,42.2078],[-83.1882,42.2275],[-83.193,42.2469],[-83.2015,42.2656],[-83.2164,42.2861],[-83.2341,42.3032],[-83.2553,42.3178],[-83.2795,42.3298],[-83.3105,42.3398],[-83.3434,42.3454],[-83.37,42.3465],[-83.3847,42.3402],[-83.3902,42.3789],[-83.349,42.3793],[-83.3085,42.3742],[-83.2699,42.3636],[-83.2327,42.3469]]]}},{"type":"Feature","properties":{"name":"DETROIT CLASS B","class":"B","lower":"3000","lower_code":"MSL","upper":"10000"},"geometry":{"type":"Polygon","coordinates":[[[-83.0831,42.3482],[-83.0663,42.3263],[-83.0251,42.3417],[-83.006,42.3409],[-82.9893,42.3425],[-82.9734,42.3464],[-82.9586,42.3524],[-82.9374,42.3107],[-82.9238,42.267],[-82.9201,42.2456],[-82.9182,42.2223],[-82.9184,42.2008],[-82.9207,42.1775],[-82.9291,42.1403],[-82.9431,42.104],[-82.9624,42.0692],[-82.9869,42.0362],[-83.0162,42.0054],[-83.0499,41.9773],[-83.0876,41.9522],[-83.1269,41.9315],[-83.1624,41.9164],[-83.2019,41.9031],[-83.2406,41.8932],[-83.2827,41.8856],[-83.3231,41.8812],[-83.3663,41.8796],[-83.4072,41.881],[-83.45,41.8855],[-83.4921,41.893],[-83.5308,41.9029],[-83.5703,41.9162],[-83.6059,41.9313],[-83.6413,41.9498],[-83.6725,41.9696],[-83.7011,41.9914],[-83.7284,42.0166],[-83.6382,42.0658],[-83.6579,42.0883],[-83.6733,42.1106],[-83.6856,42.134],[-83.6953,42.1599],[-83.6713,42.1749],[-83.6613,42.185],[-83.6547,42.1946],[-83.6495,42.2066],[-83.6473,42.2173],[-83.6472,42.228],[-83.6492,42.2387],[-83.6572,42.2556],[-83.669,42.2692],[-83.6844,42.2806],[-83.7029,42.2891],[-83.657,42.3398],[-83.64,42.3328],[-83.6217,42.3281],[-83.6026,42.3258],[-83.5832,42.326],[-83.5641,42.3286],[-83.546,42.3336],[-83.5292,42.3409],[-83.5144,42.3502],[-83.502,42.3612],[-83.4934,42.372],[-83.487,42.3837],[-83.4831,42.3959],[-83.4817,42.4085],[-83.4829,42.4211],[-83.4866,42.4333],[-83.4928,42.4451],[-83.463,42.4528],[-83.4324,42.4584],[-83.4011,42.4619],[-83.372,42.4632],[-83.3405,42.4625],[-83.3091,42.4596],[-83.2783,42.4545],[-83.2505,42.4479],[-83.2236,42.4396],[-83.1957,42.4287],[-83.1693,42.4158],[-83.1446,42.4013],[-83.1219,42.385],[-83.1013,42.3673],[-83.0831,42.3482]]]}},{"type":"Feature","properties":{"name":"HONOLULU CLASS B","class":"B","lower":"1900","lower_code":"MSL","upper":"9000"},"geometry":{"type":"Polygon","coordinates":[[[-158.05,21.3083],[-158.0679,21.3083],[-158.0652,21.3335],[-158.047,21.3335],[-158.05,21.3083]]]}},{"type":"Feature","properties":{"name":"HONOLULU CLASS B","class":"B","lower":"1600","lower_code":"MSL","upper":"9000"},"geometry":{"type":"Polygon","coordinates":[[[-158.0304,21.3083],[-158.05,21.3083],[-158.047,21.3335],[-158.0267,21.3335],[-158.0304,21.3083]]]}},{"type":"Feature","properties":{"name":"SAN CARLOS CLASS D","class":"D","lower":"0","lower_code":"SFC","upper":"1500"},"geometry":{"type":"Polygon","coordinates":[[[-122.2738,37.5574],[-122.2567,37.55],[-122.2493,37.5612],[-122.2321,37.5592],[-122.2139,37.5522],[-122.198,37.5396],[-122.1893,37.525],[-122.1872,37.5162],[-122.1871,37.5072],[-122.1918,37.4916],[-122.2026,37.478],[-122.2895,37.5499],[-122.2738,37.5574]]]}},{"type":"Feature","properties":{"name":"COLUMBUS AFB CLASS C","class":"C","lower":"0","lower_code":"SFC","upper":"4200"},"geometry":{"type":"Polygon","coordinates":[[[-88.4428,33.5601],[-88.4621,33.5615],[-88.4827,33.5667],[-88.4997,33.5744],[-88.5146,33.5847],[-88.5269,33.5972],[-88.536,33.6115],[-88.5417,33.627],[-88.5437,33.6431],[-88.5419,33.6593],[-88.5365,33.6748],[-88.5276,33.6892],[-88.5155,33.7018],[-88.5007,33.7123],[-88.4837,33.7202],[-88.4653,33.7252],[-88.446,33.7271],[-88.4267,33.7259],[-88.408,33.7215],[-88.3907,33.7143],[-88.3754,33.7044],[-88.3626,33.6921],[-88.353,33.6781],[-88.3467,33.6628],[-88.3441,33.6449],[-88.3457,33.6288],[-88.3509,33.6132],[-88.3597,33.5988],[-88.3717,33.586],[-88.3863,33.5754],[-88.4031,33.5674],[-88.4215,33.5623],[-88.4428,33.5601]]]}},{"type":"Feature","properties":{"name":"COLUMBUS AFB CLASS C","class":"C","lower":"1500","lower_code":"MSL","upper":"4200"},"geometry":{"type":"Polygon","coordinates":[[[-88.4417,33.4766],[-88.4824,33.4798],[-88.5194,33.4891],[-88.5536,33.5042],[-88.5837,33.5245],[-88.6086,33.5493],[-88.6272,33.5777],[-88.639,33.6086],[-88.6435,33.6407],[-88.6404,33.673],[-88.63,33.7042],[-88.6125,33.7331],[-88.5886,33.7587],[-88.5593,33.7799],[-88.5256,33.796],[-88.4888,33.8063],[-88.4504,33.8105],[-88.4116,33.8084],[-88.3741,33.8001],[-88.3393,33.7859],[-88.3068,33.7651],[-88.2813,33.7406],[-88.262,33.7125],[-88.2495,33.6819],[-88.246,33.6659],[-88.2443,33.648],[-88.2471,33.6156],[-88.2573,33.5844],[-88.2745,33.5554],[-88.2995,33.5284],[-88.3288,33.5072],[-88.3644,33.4905],[-88.4012,33.4805],[-88.4417,33.4766]]]}},{"type":"Feature","properties":{"name":"COLUMBUS CLASS C","class":"C","lower":"2500","lower_code":"MSL","upper":"4800"},"geometry":{"type":"Polygon","coordinates":[[[-82.8922,40.1637],[-82.8498,40.1605],[-82.8091,40.1511],[-82.7716,40.1357],[-82.7388,40.115],[-82.7118,40.0897],[-82.6918,40.0609],[-82.6846,40.0455],[-82.6795,40.0297],[-82.6763,40.0135],[-82.6753,39.997],[-82.6763,39.9807],[-82.6795,39.9646],[-82.6846,39.9487],[-82.6919,39.9332],[-82.7119,39.9044],[-82.7389,39.879],[-82.7716,39.8583],[-82.8092,39.8429],[-82.8499,39.8334],[-82.8922,39.8301],[-82.9346,39.8334],[-82.9753,39.8429],[-83.0128,39.8584],[-83.0456,39.8791],[-83.0726,39.9045],[-83.0925,39.9333],[-83.0997,39.9488],[-83.1049,39.9647],[-83.108,39.9809],[-83.109,39.9972],[-83.108,40.0135],[-83.1049,40.0297],[-83.0997,40.0455],[-83.0925,40.0609],[-83.0725,40.0897],[-83.0456,40.1149],[-83.0127,40.1356],[-82.9752,40.151],[-82.9345,40.1605],[-82.8922,40.1637]]]}},{"type":"Feature","properties":{"name":"COLUMBUS CLASS C","class":"C","lower":"0","lower_code":"SFC","upper":"4800"},"geometry":{"type":"Polygon","coordinates":[[[-82.8922,40.0803],[-82.871,40.0787],[-82.8507,40.074],[-82.832,40.0663],[-82.8154,40.0559],[-82.802,40.0433],[-82.792,40.0289],[-82.7858,40.0133],[-82.7837,39.997],[-82.7858,39.9807],[-82.792,39.965],[-82.802,39.9506],[-82.8155,39.938],[-82.8319,39.9276],[-82.8507,39.9199],[-82.8711,39.9151],[-82.8922,39.9135],[-82.9134,39.9152],[-82.9337,39.9199],[-82.9524,39.9276],[-82.9688,39.938],[-82.9824,39.9507],[-82.9923,39.9651],[-82.9985,39.9808],[-83.0006,39.997],[-82.9985,40.0134],[-82.9923,40.029],[-82.9823,40.0434],[-82.9688,40.056],[-82.9524,40.0663],[-82.9337,40.074],[-82.9133,40.0787],[-82.8922,40.0803]]]}},{"type":"Feature","properties":{"name":"BEALE AFB CLASS C","class":"C","lower":"2600","lower_code":"MSL","upper":"4100"},"geometry":{"type":"Polygon","coordinates":[[[-121.2658,39.0356],[-121.3511,39.0859],[-121.3422,39.0967],[-121.3355,39.1085],[-121.3313,39.121],[-121.3295,39.1338],[-121.3303,39.1467],[-121.3337,39.1593],[-121.3395,39.1713],[-121.3476,39.1825],[-121.3624,39.1962],[-121.3805,39.2072],[-121.4011,39.2148],[-121.4235,39.2189],[-121.4104,39.3017],[-121.3828,39.2976],[-121.3562,39.2907],[-121.3311,39.2813],[-121.3076,39.2693],[-121.2865,39.2552],[-121.2678,39.2389],[-121.252,39.2208],[-121.2393,39.2013],[-121.2301,39.1807],[-121.2244,39.1593],[-121.2224,39.1375],[-121.224,39.1157],[-121.2293,39.0943],[-121.2381,39.0736],[-121.2503,39.0539],[-121.2658,39.0356]]]}},{"type":"Feature","properties":{"name":"HONOLULU CLASS D","class":"D","lower":"1800","lower_code":"MSL","upper":"3300"},"geometry":{"type":"Polygon","coordinates":[[[-158.0079,21.4263],[-158.0285,21.4202],[-158.0501,21.4206],[-158.0622,21.4239],[-158.0733,21.4292],[-158.0742,21.438],[-158.0601,21.4303],[-158.0442,21.4266],[-158.0278,21.4271],[-158.0122,21.4317],[-157.9991,21.4398],[-157.9888,21.4508],[-157.9812,21.4659],[-157.9789,21.4824],[-157.9761,21.4824],[-157.9718,21.478],[-157.9721,21.4751],[-157.9746,21.4635],[-157.9794,21.4525],[-157.9915,21.4373],[-158.0079,21.4263]]]}},{"type":"Feature","properties":{"name":"BATON ROUGE METRO, RYAN FIELD CLASS C","class":"C","lower":"0","lower_code":"SFC","upper":"4100"},"geometry":{"type":"Polygon","coordinates":[[[-91.1494,30.6169],[-91.1306,30.6153],[-91.1126,30.6105],[-91.0959,30.6028],[-91.0812,30.5924],[-91.0692,30.5798],[-91.0603,30.5654],[-91.0548,30.5497],[-91.053,30.5334],[-91.0548,30.5171],[-91.0603,30.5014],[-91.0692,30.487],[-91.0812,30.4743],[-91.0958,30.4639],[-91.1126,30.4562],[-91.1307,30.4514],[-91.1495,30.4498],[-91.1684,30.4514],[-91.1864,30.4562],[-91.203,30.4639],[-91.2177,30.4743],[-91.2297,30.487],[-91.2386,30.5014],[-91.2441,30.5171],[-91.2459,30.5333],[-91.2441,30.5497],[-91.2386,30.5653],[-91.2297,30.5798],[-91.2177,30.5924],[-91.2031,30.6028],[-91.1864,30.6105],[-91.1683,30.6153],[-91.1494,30.6169]]]}},{"type":"Feature","properties":{"name":"BATON ROUGE METRO, RYAN FIELD CLASS C","class":"C","lower":"1300","lower_code":"MSL","upper":"4100"},"geometry":{"type":"Polygon","coordinates":[[[-91.1494,30.7004],[-91.1118,30.6972],[-91.0756,30.6877],[-91.0422,30.6723],[-91.013,30.6516],[-90.989,30.6263],[-90.9712,30.5975],[-90.9602,30.5662],[-90.9565,30.5335],[-90.9602,30.501],[-90.9712,30.4695],[-90.9889,30.4407],[-91.013,30.4153],[-91.0421,30.3945],[-91.0755,30.379],[-91.1118,30.3695],[-91.1495,30.3663],[-91.187,30.3695],[-91.2233,30.379],[-91.2567,30.3945],[-91.2859,30.4153],[-91.3099,30.4407],[-91.3277,30.4695],[-91.3387,30.5009],[-91.3424,30.5335],[-91.3387,30.5662],[-91.3277,30.5974],[-91.3099,30.6263],[-91.2859,30.6515],[-91.2567,30.6723],[-91.2233,30.6877],[-91.1871,30.6972],[-91.1494,30.7004]]]}},{"type":"Feature","properties":{"name":"BEALE AFB CLASS C","class":"C","lower":"0","lower_code":"SFC","upper":"4100"},"geometry":{"type":"Polygon","coordinates":[[[-121.4366,39.2195],[-121.4156,39.2179],[-121.3955,39.2131],[-121.377,39.2054],[-121.3608,39.1951],[-121.3475,39.1825],[-121.3376,39.1681],[-121.3315,39.1524],[-121.3295,39.1361],[-121.3315,39.1199],[-121.3377,39.1042],[-121.3475,39.0898],[-121.3609,39.0771],[-121.3771,39.0668],[-121.3957,39.059],[-121.4158,39.0543],[-121.4366,39.0527],[-121.4576,39.0543],[-121.4776,39.0591],[-121.4961,39.0668],[-121.5123,39.0772],[-121.5257,39.0898],[-121.5355,39.1042],[-121.5416,39.1199],[-121.5437,39.1362],[-121.5416,39.1525],[-121.5355,39.1681],[-121.5256,39.1825],[-121.5123,39.1951],[-121.4961,39.2055],[-121.4776,39.2132],[-121.4575,39.2179],[-121.4366,39.2195]]]}},{"type":"Feature","properties":{"name":"BEALE AFB CLASS C","class":"C","lower":"1600","lower_code":"MSL","upper":"4100"},"geometry":{"type":"Polygon","coordinates":[[[-121.4104,39.3017],[-121.4235,39.2189],[-121.4565,39.2181],[-121.4725,39.2147],[-121.4876,39.2094],[-121.5015,39.2025],[-121.5139,39.1939],[-121.5243,39.184],[-121.5328,39.1728],[-121.5406,39.1561],[-121.5436,39.1384],[-121.5418,39.1207],[-121.5352,39.1036],[-121.5241,39.0881],[-121.5089,39.0746],[-121.4905,39.0641],[-121.4696,39.0567],[-121.4371,39.0527],[-121.4205,39.0536],[-121.4044,39.0566],[-121.389,39.0614],[-121.3748,39.068],[-121.362,39.0762],[-121.3511,39.0859],[-121.2658,39.0356],[-121.2904,39.0142],[-121.3193,38.9966],[-121.3519,38.9829],[-121.3867,38.9739],[-121.4232,38.9696],[-121.4599,38.9703],[-121.4959,38.9758],[-121.5304,38.9862],[-121.5626,39.0013],[-121.5909,39.0205],[-121.6145,39.0434],[-121.6326,39.0689],[-121.6447,39.0967],[-121.6504,39.1257],[-121.6494,39.155],[-121.642,39.1836],[-121.6282,39.2108],[-121.6086,39.2357],[-121.5835,39.2576],[-121.5541,39.2757],[-121.5208,39.2895],[-121.4852,39.2986],[-121.448,39.3027],[-121.4104,39.3017]]]}},{"type":"Feature","properties":{"name":"LAS VEGAS CLASS B","class":"B","lower":"4000","lower_code":"MSL","upper":"10000"},"geometry":{"type":"Polygon","coordinates":[[[-115.1705,35.9799],[-115.1741,35.9467],[-115.1938,35.9491],[-115.215,35.954],[-115.245,35.9655],[-115.2698,35.9805],[-115.2907,35.999],[-115.3071,36.0203],[-115.3163,36.0386],[-115.322,36.0578],[-115.3242,36.0775],[-115.3231,36.0954],[-115.3185,36.1148],[-115.3113,36.1318],[-115.3001,36.1494],[-115.2859,36.1655],[-115.2544,36.144],[-115.2647,36.1324],[-115.2729,36.1197],[-115.2788,36.1062],[-115.2822,36.0922],[-115.2831,36.0779],[-115.2815,36.0637],[-115.2775,36.0497],[-115.27,36.0348],[-115.2529,36.014],[-115.23,35.9974],[-115.2027,35.9858],[-115.1705,35.9799]]]}},{"type":"Feature","properties":{"name":"LAS VEGAS CLASS B","class":"B","lower":"5000","lower_code":"MSL","upper":"10000"},"geometry":{"type":"Polygon","coordinates":[[[-115.2023,35.9507],[-115.1741,35.9467],[-115.1677,36.0066],[-114.9801,35.9986],[-114.9958,35.9791],[-115.0147,35.9615],[-115.0364,35.9462],[-115.0625,35.9327],[-115.0886,35.9231],[-115.1183,35.9162],[-115.149,35.913],[-115.1777,35.9134],[-115.1866,35.8303],[-115.2236,35.8348],[-115.2597,35.8429],[-115.2943,35.8545],[-115.3251,35.8684],[-115.3554,35.8863],[-115.3829,35.907],[-115.407,35.9303],[-115.4265,35.9542],[-115.3377,35.9961],[-115.35,36.0165],[-115.3583,36.0363],[-115.3186,36.045],[-115.3097,36.0248],[-115.2981,36.0075],[-115.2835,35.9918],[-115.2662,35.978],[-115.2466,35.9663],[-115.2252,35.9572],[-115.2023,35.9507]]]}},{"type":"Feature","properties":{"name":"LAS VEGAS CLASS B","class":"B","lower":"0","lower_code":"SFC","upper":"10000"},"geometry":{"type":"Polygon","coordinates":[[[-114.7887,36.369],[-115.0117,36.1956],[-114.9919,36.1761],[-114.9749,36.1529],[-114.9628,36.1277],[-114.9559,36.1013],[-114.9542,36.0761],[-114.9577,36.0493],[-114.9664,36.0232],[-114.9801,35.9986],[-115.1677,36.0066],[-115.1705,35.9799],[-115.1771,35.9806],[-115.2048,35.9865],[-115.2301,35.9974],[-115.2516,36.0128],[-115.2671,36.0303],[-115.2776,36.05],[-115.2827,36.0711],[-115.2821,36.0926],[-115.2759,36.1135],[-115.2688,36.1266],[-115.2594,36.1388],[-115.248,36.1497],[-115.2347,36.1592],[-115.208,36.172],[-115.1905,36.1708],[-115.1736,36.1744],[-115.1609,36.1813],[-115.1514,36.1911],[-115.1465,36.201],[-115.1328,36.3291],[-115.0918,36.3239],[-115.054,36.3149],[-114.935,36.3594],[-114.8786,36.4293],[-114.8323,36.4018],[-114.7887,36.369]]]}},{"type":"Feature","properties":{"name":"DALLAS CLASS B","class":"B","lower":"2500","lower_code":"MSL","upper":"11000"},"geometry":{"type":"Polygon","coordinates":[[[-96.7914,32.9511],[-96.7802,32.9239],[-96.8287,32.9257],[-96.8383,32.9254],[-96.8425,32.9235],[-96.8519,32.9414],[-96.8625,32.9568],[-96.8749,32.9711],[-96.8919,32.987],[-96.9204,33.0059],[-96.9506,33.0194],[-96.9272,33.0656],[-96.9023,33.0552],[-96.8788,33.0427],[-96.857,33.0281],[-96.8359,33.0102],[-96.8186,32.9919],[-96.8037,32.9721],[-96.7914,32.9511]]]}},{"type":"Feature","properties":{"name":"DALLAS CLASS B","class":"B","lower":"3000","lower_code":"MSL","upper":"11000"},"geometry":{"type":"Polygon","coordinates":[[[-97.0917,32.7081],[-97.0681,32.7123],[-97.0278,32.7097],[-96.9943,32.7097],[-96.9854,32.7056],[-96.9694,32.7063],[-96.9419,32.7155],[-96.9163,32.728],[-96.8932,32.7436],[-96.8744,32.7606],[-96.7211,32.6553],[-96.7452,32.6325],[-96.7733,32.6104],[-96.802,32.5918],[-96.8344,32.5746],[-96.8667,32.5609],[-96.9024,32.5491],[-96.9371,32.5407],[-96.9747,32.5348],[-97.0107,32.5321],[-97.0489,32.5322],[-97.087,32.5355],[-97.1224,32.5414],[-97.1591,32.5507],[-97.1926,32.5621],[-97.2266,32.577],[-97.257,32.5935],[-97.2656,32.5989],[-97.1825,32.6922],[-97.2172,32.7187],[-97.2456,32.7501],[-97.2572,32.7672],[-97.2669,32.7852],[-97.2746,32.8039],[-97.2803,32.8231],[-97.2839,32.8426],[-97.2853,32.8624],[-97.2847,32.8821],[-97.2819,32.9018],[-97.277,32.9211],[-97.27,32.94],[-97.2511,32.9742],[-97.1993,32.9491],[-97.2105,32.9298],[-97.2182,32.9111],[-97.2232,32.8918],[-97.2255,32.8704],[-97.2247,32.8507],[-97.2207,32.8294],[-97.2143,32.8105],[-97.2043,32.7907],[-97.1838,32.7634],[-97.1575,32.74],[-97.1264,32.7213],[-97.0917,32.7081]]]}},{"type":"Feature","properties":{"name":"DALLAS CLASS B","class":"B","lower":"3000","lower_code":"MSL","upper":"11000"},"geometry":{"type":"Polygon","coordinates":[[[-96.7284,33.0842],[-96.7047,33.0587],[-96.6841,33.0313],[-96.6667,33.0024],[-96.6528,32.9722],[-96.6424,32.941],[-96.6354,32.9073],[-96.6325,32.8732],[-96.634,32.8442],[-96.6486,32.8559],[-96.6706,32.8697],[-96.6802,32.8727],[-96.6882,32.8788],[-96.7055,32.8882],[-96.7139,32.8975],[-96.7501,32.9209],[-96.7573,32.9238],[-96.7802,32.9239],[-96.7905,32.9494],[-96.8046,32.9736],[-96.8222,32.9962],[-96.843,33.0167],[-96.8683,33.0361],[-96.8946,33.0515],[-96.9229,33.064],[-96.9529,33.0735],[-96.9947,33.0811],[-97.0395,33.0827],[-97.0818,33.0781],[-97.1227,33.0677],[-97.1609,33.0518],[-97.1955,33.0307],[-97.2255,33.0051],[-97.2511,32.9742],[-97.3714,33.0322],[-97.3444,33.0668],[-97.3139,33.097],[-97.2794,33.1239],[-97.2414,33.1472],[-97.2003,33.1665],[-97.1568,33.1816],[-97.1114,33.1923],[-97.0649,33.1983],[-97.0178,33.1996],[-96.9709,33.1962],[-96.9248,33.1882],[-96.8801,33.1756],[-96.8376,33.1586],[-96.7977,33.1375],[-96.7612,33.1126],[-96.7284,33.0842]]]}},{"type":"Feature","properties":{"name":"FAYETTEVILLE CLASS C","class":"C","lower":"1400","lower_code":"MSL","upper":"4200"},"geometry":{"type":"Polygon","coordinates":[[[-78.813,35.1487],[-78.8547,35.1568],[-78.8978,35.1575],[-78.94,35.1508],[-78.9795,35.1368],[-78.9263,35.1968],[-78.9174,35.1955],[-78.9268,35.2131],[-78.9408,35.2284],[-78.9587,35.2407],[-78.9797,35.2493],[-78.9448,35.3277],[-78.9135,35.3158],[-78.8852,35.2998],[-78.8606,35.2801],[-78.8404,35.2573],[-78.8252,35.232],[-78.8154,35.205],[-78.8113,35.177],[-78.813,35.1487]]]}},{"type":"Feature","properties":{"name":"MIDLAND INTERNATIONAL AIRPORT CLASS C","class":"C","lower":"4600","lower_code":"MSL","upper":"6900"},"geometry":{"type":"Polygon","coordinates":[[[-102.2987,31.9556],[-102.2999,31.9429],[-102.2988,31.9301],[-102.2954,31.9178],[-102.2899,31.9059],[-102.2823,31.8949],[-102.2729,31.885],[-102.2618,31.8765],[-102.2494,31.8695],[-102.2967,31.7964],[-102.3184,31.8083],[-102.3381,31.8226],[-102.3554,31.8389],[-102.3701,31.857],[-102.3818,31.8766],[-102.3905,31.8974],[-102.3958,31.919],[-102.3978,31.9409],[-102.3954,31.9685],[-102.2987,31.9556]]]}},{"type":"Feature","properties":{"name":"FAYETTEVILLE CLASS C","class":"C","lower":"2000","lower_code":"MSL","upper":"4200"},"geometry":{"type":"Polygon","coordinates":[[[-78.9448,35.3277],[-78.9797,35.2493],[-79.0074,35.2541],[-79.0355,35.2526],[-79.0558,35.2472],[-79.0744,35.2384],[-79.09,35.2268],[-79.1024,35.2129],[-79.1125,35.193],[-79.1161,35.1716],[-79.1201,35.1716],[-79.1253,35.1666],[-79.1277,35.1679],[-79.1283,35.1716],[-79.1315,35.174],[-79.1297,35.1758],[-79.1324,35.1777],[-79.1365,35.1772],[-79.1369,35.172],[-79.1428,35.1691],[-79.1488,35.1732],[-79.148,35.1762],[-79.1516,35.1743],[-79.155,35.1769],[-79.1544,35.1809],[-79.1561,35.1801],[-79.1603,35.1826],[-79.1594,35.1794],[-79.1618,35.1789],[-79.1623,35.1806],[-79.1685,35.1814],[-79.1676,35.1845],[-79.1727,35.1863],[-79.1725,35.1916],[-79.1754,35.1932],[-79.1814,35.1898],[-79.1881,35.1941],[-79.1894,35.1924],[-79.1927,35.1932],[-79.1929,35.1948],[-79.2003,35.1923],[-79.2043,35.1928],[-79.2045,35.1959],[-79.2119,35.1943],[-79.2154,35.1966],[-79.209,35.2195],[-79.1989,35.2413],[-79.185,35.2619],[-79.1679,35.2806],[-79.1476,35.2972],[-79.1248,35.3112],[-79.0996,35.3225],[-79.073,35.3308],[-79.0411,35.3364],[-79.0086,35.3377],[-78.9762,35.3348],[-78.9448,35.3277]]]}},{"type":"Feature","properties":{"name":"CORPUS CHRISTI CLASS C","class":"C","lower":"0","lower_code":"SFC","upper":"4000"},"geometry":{"type":"Polygon","coordinates":[[[-97.5001,27.6867],[-97.5202,27.6885],[-97.5376,27.6933],[-97.5536,27.701],[-97.5677,27.7113],[-97.5792,27.7239],[-97.5878,27.7382],[-97.5932,27.7537],[-97.5951,27.7698],[-97.5934,27.7859],[-97.5883,27.8015],[-97.5798,27.8159],[-97.5685,27.8285],[-97.5545,27.839],[-97.5386,27.8469],[-97.5213,27.8519],[-97.5031,27.8538],[-97.485,27.8526],[-97.4674,27.8483],[-97.4511,27.841],[-97.4366,27.8311],[-97.4247,27.8189],[-97.4156,27.8048],[-97.4097,27.7895],[-97.4072,27.7716],[-97.4087,27.7554],[-97.4136,27.7398],[-97.4219,27.7254],[-97.4331,27.7126],[-97.4469,27.702],[-97.4627,27.694],[-97.48,27.6889],[-97.5001,27.6867]]]}},{"type":"Feature","properties":{"name":"CORPUS CHRISTI CLASS C","class":"C","lower":"1500","lower_code":"MSL","upper":"4000"},"geometry":{"type":"Polygon","coordinates":[[[-97.5285,27.6904],[-97.556,27.6105],[-97.5768,27.6174],[-97.5965,27.6264],[-97.6149,27.6374],[-97.6303,27.649],[-97.648,27.6662],[-97.6629,27.6855],[-97.6746,27.7064],[-97.683,27.7285],[-97.6878,27.7515],[-97.6889,27.773],[-97.6867,27.7963],[-97.6808,27.819],[-97.5909,27.7947],[-97.5945,27.7789],[-97.5946,27.7627],[-97.5912,27.7468],[-97.5845,27.7318],[-97.5746,27.7183],[-97.562,27.7067],[-97.5471,27.6974],[-97.5285,27.6904]]]}},{"type":"Feature","properties":{"name":"CORPUS CHRISTI CLASS C","class":"C","lower":"1200","lower_code":"MSL","upper":"4000"},"geometry":{"type":"Polygon","coordinates":[[[-97.3385,27.8541],[-97.3285,27.8364],[-97.3204,27.8161],[-97.3156,27.7967],[-97.3133,27.7752],[-97.314,27.7554],[-97.3177,27.7341],[-97.3238,27.715],[-97.3334,27.6951],[-97.3445,27.678],[-97.3592,27.6608],[-97.3748,27.6466],[-97.3938,27.6332],[-97.4127,27.6228],[-97.4348,27.6139],[-97.4561,27.608],[-97.48,27.6042],[-97.5183,27.6039],[-97.556,27.6105],[-97.5286,27.6904],[-97.5128,27.6874],[-97.4967,27.6868],[-97.4807,27.6887],[-97.4653,27.693],[-97.4509,27.6996],[-97.4381,27.7083],[-97.4271,27.7188],[-97.4183,27.7309],[-97.4126,27.7424],[-97.4088,27.7545],[-97.4072,27.767],[-97.4077,27.7796],[-97.4104,27.7919],[-97.415,27.8038],[-97.4288,27.8236],[-97.4449,27.8372],[-97.4622,27.8464],[-97.4834,27.8524],[-97.5035,27.8538],[-97.5313,27.8494],[-97.5443,27.8445],[-97.558,27.8368],[-97.5686,27.8285],[-97.5776,27.8188],[-97.5849,27.808],[-97.591,27.7947],[-97.6809,27.8191],[-97.6706,27.8425],[-97.6576,27.8629],[-97.6401,27.8828],[-97.6211,27.8989],[-97.5979,27.9135],[-97.5745,27.9242],[-97.5476,27.9322],[-97.5216,27.9364],[-97.4953,27.9373],[-97.4691,27.935],[-97.4435,27.9294],[-97.4172,27.9198],[-97.3945,27.9079],[-97.3724,27.8921],[-97.3546,27.8749],[-97.3385,27.8541]]]}},{"type":"Feature","properties":{"name":"LAS VEGAS CLASS B","class":"B","lower":"5500","lower_code":"MSL","upper":"10000"},"geometry":{"type":"Polygon","coordinates":[[[-115.3186,36.045],[-115.3583,36.0363],[-115.3609,36.045],[-115.3651,36.0717],[-115.3641,36.0985],[-115.3578,36.1249],[-115.3463,36.1501],[-115.309,36.136],[-115.3188,36.1141],[-115.3237,36.0912],[-115.3236,36.0679],[-115.3186,36.045]]]}},{"type":"Feature","properties":{"name":"LOS ANGELES CLASS B","class":"B","lower":"0","lower_code":"SFC","upper":"10000"},"geometry":{"type":"Polygon","coordinates":[[[-118.25,34.0167],[-118.2311,33.93],[-118.4347,33.9308],[-118.4503,33.7594],[-118.5414,33.7539],[-118.7453,33.9972],[-118.5425,34.0064],[-118.4564,33.9617],[-118.3694,33.9617],[-118.25,34.0167]]]}},{"type":"Feature","properties":{"name":"LAS VEGAS CLASS B","class":"B","lower":"8000","lower_code":"MSL","upper":"10000"},"geometry":{"type":"Polygon","coordinates":[[[-115.2168,35.7491],[-115.2253,35.6995],[-115.2793,35.7083],[-115.3378,35.7242],[-115.3932,35.7461],[-115.4448,35.7737],[-115.4931,35.8078],[-115.4497,35.8433],[-115.4253,35.8251],[-115.3992,35.8085],[-115.3716,35.7937],[-115.3426,35.7808],[-115.3124,35.7698],[-115.2812,35.7608],[-115.2493,35.7539],[-115.2168,35.7491]]]}},{"type":"Feature","properties":{"name":"LAS VEGAS CLASS B","class":"B","lower":"7000","lower_code":"MSL","upper":"10000"},"geometry":{"type":"Polygon","coordinates":[[[-114.7207,35.8048],[-114.7488,35.7774],[-114.9311,35.912],[-114.903,35.9413],[-114.8806,35.9736],[-114.6579,35.8882],[-114.676,35.8597],[-114.6977,35.8308],[-114.7207,35.8048]]]}},{"type":"Feature","properties":{"name":"LOS ANGELES CLASS B","class":"B","lower":"2000","lower_code":"MSL","upper":"10000"},"geometry":{"type":"Polygon","coordinates":[[[-118.1225,33.9361],[-118.2311,33.93],[-118.25,34.0167],[-118.1328,34.0003],[-118.1225,33.9361]]]}},{"type":"Feature","properties":{"name":"ST LOUIS CLASS B","class":"B","lower":"4500","lower_code":"MSL","upper":"8000"},"geometry":{"type":"Polygon","coordinates":[[[-90.7746,38.8334],[-90.784,38.7927],[-90.9764,38.8891],[-90.9616,38.9251],[-90.9434,38.9601],[-90.9218,38.9939],[-90.8983,39.0249],[-90.8705,39.0559],[-90.8414,39.0838],[-90.8097,39.1099],[-90.7739,39.1354],[-90.5777,39.0402],[-90.6179,39.0191],[-90.6548,38.9947],[-90.6879,38.9671],[-90.7167,38.9368],[-90.741,38.9041],[-90.7603,38.8695],[-90.7746,38.8334]]]}},{"type":"Feature","properties":{"name":"MIDLAND INTERNATIONAL AIRPORT CLASS C","class":"C","lower":"4200","lower_code":"MSL","upper":"6900"},"geometry":{"type":"Polygon","coordinates":[[[-102.1068,32.0886],[-102.1544,32.0156],[-102.1761,32.0231],[-102.1994,32.026],[-102.2228,32.0241],[-102.2449,32.0176],[-102.2646,32.0067],[-102.2807,31.9921],[-102.2923,31.9748],[-102.2987,31.9556],[-102.3954,31.9685],[-102.3904,31.9881],[-102.3827,32.007],[-102.3723,32.025],[-102.3595,32.0418],[-102.3445,32.0572],[-102.3273,32.0709],[-102.3084,32.0828],[-102.2879,32.0926],[-102.2662,32.1003],[-102.2435,32.1057],[-102.2203,32.1088],[-102.1968,32.1095],[-102.1734,32.1078],[-102.1503,32.1037],[-102.1281,32.0972],[-102.1068,32.0886]]]}},{"type":"Feature","properties":{"name":"SIMMONS AAF CLASS D","class":"D","lower":"0","lower_code":"SFC","upper":"1400"},"geometry":{"type":"Polygon","coordinates":[[[-78.9036,35.0724],[-78.9188,35.0684],[-78.9336,35.067],[-78.9489,35.068],[-78.9638,35.0713],[-78.9776,35.077],[-78.9897,35.0847],[-78.9998,35.0943],[-79.0075,35.1052],[-78.9263,35.1968],[-78.9015,35.191],[-78.8803,35.1789],[-78.8649,35.162],[-78.8599,35.1522],[-78.857,35.1418],[-78.8561,35.1312],[-78.8573,35.1206],[-78.8607,35.1103],[-78.866,35.1006],[-78.882,35.084],[-78.9036,35.0724]]]}},{"type":"Feature","properties":{"name":"ST LOUIS CLASS B","class":"B","lower":"3500","lower_code":"MSL","upper":"8000"},"geometry":{"type":"Polygon","coordinates":[[[-90.679,38.7293],[-90.6743,38.7044],[-90.6794,38.7097],[-90.7089,38.7153],[-90.7256,38.7224],[-90.7355,38.73],[-90.7704,38.7662],[-90.786,38.7758],[-90.7801,38.8132],[-90.7688,38.8498],[-90.7523,38.8852],[-90.732,38.9173],[-90.7005,38.9548],[-90.6644,38.9873],[-90.6233,39.0159],[-90.5777,39.0402],[-90.4705,38.9879],[-90.5205,38.9697],[-90.5438,38.9581],[-90.5675,38.9439],[-90.5878,38.9292],[-90.6063,38.9133],[-90.6231,38.8961],[-90.639,38.8764],[-90.6515,38.8572],[-90.6619,38.8372],[-90.67,38.8166],[-90.6762,38.7937],[-90.6795,38.7723],[-90.6804,38.7508],[-90.679,38.7293]]]}},{"type":"Feature","properties":{"name":"ST LOUIS CLASS B","class":"B","lower":"3500","lower_code":"MSL","upper":"8000"},"geometry":{"type":"Polygon","coordinates":[[[-90.0413,38.7571],[-89.9621,38.7569],[-89.9347,38.7527],[-89.9348,38.7491],[-89.9368,38.7204],[-89.9425,38.6902],[-89.9516,38.6605],[-89.9642,38.6316],[-89.98,38.6037],[-89.999,38.5771],[-90.0211,38.5519],[-90.0459,38.5284],[-90.0819,38.5009],[-90.1218,38.4768],[-90.165,38.4566],[-90.2109,38.4406],[-90.2169,38.4454],[-90.2256,38.4701],[-90.2281,38.4726],[-90.2926,38.4915],[-90.3167,38.5013],[-90.3365,38.5033],[-90.3048,38.5064],[-90.2759,38.5116],[-90.2476,38.5188],[-90.2204,38.5281],[-90.1924,38.5402],[-90.1679,38.5534],[-90.1451,38.5684],[-90.1241,38.5849],[-90.1038,38.6043],[-90.0873,38.6237],[-90.0731,38.6442],[-90.0614,38.6657],[-90.0523,38.6879],[-90.0459,38.7107],[-90.0422,38.7338],[-90.0413,38.7571]]]}},{"type":"Feature","properties":{"name":"ST LOUIS CLASS B","class":"B","lower":"4500","lower_code":"MSL","upper":"8000"},"geometry":{"type":"Polygon","coordinates":[[[-89.9493,38.3706],[-90.0019,38.3392],[-90.2109,38.4406],[-90.1549,38.4609],[-90.1275,38.4738],[-90.1013,38.4884],[-90.0552,38.5207],[-90.0155,38.5578],[-89.9977,38.5787],[-89.982,38.6006],[-89.9684,38.6234],[-89.9578,38.6453],[-89.9485,38.6694],[-89.942,38.6922],[-89.9373,38.7171],[-89.9351,38.7404],[-89.7322,38.6642],[-89.7462,38.617],[-89.7669,38.5694],[-89.7924,38.5253],[-89.8244,38.4819],[-89.8604,38.4425],[-89.9025,38.4048],[-89.9493,38.3706]]]}},{"type":"Feature","properties":{"name":"ST LOUIS CLASS B","class":"B","lower":"5000","lower_code":"MSL","upper":"8000"},"geometry":{"type":"Polygon","coordinates":[[[-90.0795,39.0038],[-90.0481,38.98],[-90.0187,38.9524],[-89.9933,38.9224],[-89.9722,38.8905],[-89.9556,38.857],[-89.9437,38.8223],[-89.9367,38.7868],[-89.9347,38.7527],[-89.9621,38.7569],[-90.0413,38.7571],[-90.0446,38.7893],[-90.0532,38.8209],[-90.0669,38.8513],[-90.0855,38.8801],[-90.1087,38.9068],[-90.1362,38.931],[-90.1674,38.9521],[-90.2019,38.97],[-90.2348,38.9828],[-90.2672,38.9921],[-90.3006,38.9986],[-90.3348,39.0022],[-90.3693,39.0029],[-90.4036,39.0008],[-90.4375,38.9957],[-90.4705,38.9879],[-90.5778,39.0403],[-90.5473,39.053],[-90.5178,39.0632],[-90.4852,39.0721],[-90.454,39.0785],[-90.4199,39.0833],[-90.3878,39.0859],[-90.3532,39.0865],[-90.321,39.0851],[-90.289,39.0818],[-90.2552,39.0762],[-90.2242,39.069],[-90.192,39.0594],[-90.1628,39.0485],[-90.1329,39.035],[-90.1063,39.0208],[-90.0795,39.0038]]]}},{"type":"Feature","properties":{"name":"ST LOUIS CLASS B","class":"B","lower":"5000","lower_code":"MSL","upper":"8000"},"geometry":{"type":"Polygon","coordinates":[[[-90.364,38.5025],[-90.3365,38.5033],[-90.3167,38.5013],[-90.2926,38.4915],[-90.2303,38.4735],[-90.2256,38.4701],[-90.2169,38.4454],[-90.2109,38.4406],[-90.2611,38.4284],[-90.3128,38.4213],[-90.3675,38.4192],[-90.4198,38.4224],[-90.4735,38.4311],[-90.5232,38.4444],[-90.5704,38.4625],[-90.6145,38.485],[-90.6564,38.5128],[-90.6919,38.5432],[-90.7224,38.5769],[-90.7475,38.6132],[-90.7673,38.6534],[-90.78,38.6935],[-90.7862,38.7345],[-90.786,38.7758],[-90.7704,38.7662],[-90.7355,38.73],[-90.7256,38.7224],[-90.7089,38.7153],[-90.6775,38.7088],[-90.6743,38.7044],[-90.6671,38.6817],[-90.6581,38.6612],[-90.6359,38.6257],[-90.6208,38.6076],[-90.6039,38.5905],[-90.5851,38.5747],[-90.5647,38.5602],[-90.5215,38.5365],[-90.4717,38.5181],[-90.4187,38.5067],[-90.364,38.5025]]]}},{"type":"Feature","properties":{"name":"ST LOUIS CLASS B","class":"B","lower":"5000","lower_code":"MSL","upper":"8000"},"geometry":{"type":"Polygon","coordinates":[[[-90.9339,38.746],[-90.9997,38.7383],[-90.9994,38.7777],[-90.9953,38.8153],[-90.9877,38.8525],[-90.9764,38.8891],[-90.784,38.7927],[-90.7868,38.764],[-90.8043,38.7617],[-90.8148,38.7569],[-90.8442,38.7486],[-90.9339,38.746]]]}},{"type":"Feature","properties":{"name":"ABILENE REGIONAL AIRPORT CLASS C","class":"C","lower":"0","lower_code":"SFC","upper":"5800"},"geometry":{"type":"Polygon","coordinates":[[[-99.6805,32.3276],[-99.6994,32.329],[-99.7197,32.334],[-99.7365,32.3416],[-99.7512,32.3518],[-99.7634,32.3642],[-99.7725,32.3784],[-99.7782,32.3938],[-99.7804,32.4099],[-99.7788,32.426],[-99.7736,32.4415],[-99.765,32.4559],[-99.7533,32.4686],[-99.7389,32.4792],[-99.7224,32.4872],[-99.7043,32.4924],[-99.6855,32.4945],[-99.6685,32.4938],[-99.65,32.4901],[-99.65,32.4393],[-99.5852,32.4266],[-99.5836,32.4141],[-99.5847,32.398],[-99.5895,32.3824],[-99.5978,32.3678],[-99.6106,32.3536],[-99.625,32.343],[-99.6415,32.335],[-99.6595,32.3298],[-99.6805,32.3276]]]}},{"type":"Feature","properties":{"name":"ABILENE REGIONAL AIRPORT CLASS C","class":"C","lower":"3600","lower_code":"MSL","upper":"5800"},"geometry":{"type":"Polygon","coordinates":[[[-99.4875,32.4372],[-99.4851,32.4068],[-99.8609,32.4809],[-99.8441,32.5059],[-99.8226,32.5281],[-99.7968,32.5468],[-99.7696,32.5607],[-99.738,32.5712],[-99.7069,32.5768],[-99.673,32.5779],[-99.6393,32.5742],[-99.6089,32.5662],[-99.5786,32.5533],[-99.5514,32.5362],[-99.528,32.5153],[-99.5092,32.4914],[-99.4956,32.4651],[-99.4875,32.4372]]]}},{"type":"Feature","properties":{"name":"MINNEAPOLIS CLASS B","class":"B","lower":"7000","lower_code":"MSL","upper":"10000"},"geometry":{"type":"Polygon","coordinates":[[[-92.5079,44.9372],[-92.5038,44.9052],[-92.7594,44.9768],[-92.7724,45.0019],[-92.787,45.0247],[-92.804,45.0466],[-92.8233,45.0675],[-92.8448,45.0873],[-92.8683,45.1059],[-92.8937,45.1233],[-92.9209,45.1392],[-92.6033,45.1336],[-92.5835,45.1087],[-92.5647,45.0813],[-92.5483,45.0533],[-92.5343,45.0245],[-92.5235,44.997],[-92.5144,44.9673],[-92.5079,44.9372]]]}},{"type":"Feature","properties":{"name":"PHOENIX CLASS B","class":"B","lower":"7000","lower_code":"MSL","upper":"9000"},"geometry":{"type":"Polygon","coordinates":[[[-112.4264,33.2667],[-112.5331,33.2667],[-112.5448,33.2975],[-112.5537,33.3271],[-112.5604,33.3572],[-112.5649,33.3875],[-112.5672,33.418],[-112.5673,33.4486],[-112.5652,33.4791],[-112.5608,33.5094],[-112.4599,33.5094],[-112.4654,33.4773],[-112.4678,33.4468],[-112.4676,33.4162],[-112.4647,33.3857],[-112.4592,33.3556],[-112.4511,33.3259],[-112.4404,33.2967],[-112.4264,33.2667]]]}},{"type":"Feature","properties":{"name":"PHOENIX CLASS B","class":"B","lower":"3400","lower_code":"MSL","upper":"9000"},"geometry":{"type":"Polygon","coordinates":[[[-111.7711,33.429],[-111.775,33.4005],[-111.7884,33.4097],[-111.7889,33.5022],[-111.7786,33.4787],[-111.7726,33.4541],[-111.7711,33.429]]]}},{"type":"Feature","properties":{"name":"ALLENTOWN-BETHLEHEM-EASTON CLASS C","class":"C","lower":"2200","lower_code":"MSL","upper":"4400"},"geometry":{"type":"Polygon","coordinates":[[[-75.2504,40.5695],[-75.2619,40.556],[-75.2767,40.5419],[-75.3097,40.519],[-75.3481,40.5016],[-75.3926,40.4901],[-75.4393,40.4862],[-75.4838,40.4895],[-75.5264,40.4997],[-75.5653,40.5164],[-75.5026,40.5848],[-75.501,40.584],[-75.4882,40.587],[-75.4794,40.5856],[-75.4707,40.5802],[-75.4666,40.5722],[-75.462,40.5712],[-75.4386,40.5695],[-75.4152,40.5717],[-75.3929,40.5776],[-75.3729,40.587],[-75.3559,40.5995],[-75.3428,40.6144],[-75.3342,40.6311],[-75.3305,40.6489],[-75.3318,40.6668],[-75.3382,40.6841],[-75.3492,40.7],[-75.3645,40.7136],[-75.3832,40.7245],[-75.4024,40.7315],[-75.3649,40.8098],[-75.3431,40.8028],[-75.3225,40.794],[-75.3033,40.7835],[-75.2856,40.7716],[-75.2698,40.7583],[-75.2559,40.7437],[-75.2442,40.7281],[-75.2339,40.71],[-75.2271,40.6928],[-75.2228,40.6751],[-75.221,40.6572],[-75.2217,40.6393],[-75.2249,40.6215],[-75.2306,40.604],[-75.2388,40.5872],[-75.2504,40.5695]]]}},{"type":"Feature","properties":{"name":"AMARILLO INTERNATIONAL AIRPORT CLASS C","class":"C","lower":"0","lower_code":"SFC","upper":"7600"},"geometry":{"type":"Polygon","coordinates":[[[-101.705,35.136],[-101.7247,35.1374],[-101.7456,35.1425],[-101.763,35.1503],[-101.7782,35.1606],[-101.7907,35.1731],[-101.8,35.1874],[-101.8058,35.2028],[-101.8078,35.219],[-101.806,35.2351],[-101.8005,35.2506],[-101.7914,35.265],[-101.779,35.2776],[-101.764,35.2881],[-101.7467,35.296],[-101.7279,35.301],[-101.7083,35.3029],[-101.6886,35.3017],[-101.6696,35.2973],[-101.6519,35.2901],[-101.6363,35.2802],[-101.6233,35.268],[-101.6135,35.2539],[-101.6071,35.2386],[-101.6044,35.2208],[-101.606,35.2046],[-101.6114,35.189],[-101.6204,35.1746],[-101.6325,35.1619],[-101.6474,35.1513],[-101.6646,35.1433],[-101.6833,35.1381],[-101.705,35.136]]]}},{"type":"Feature","properties":{"name":"AMARILLO INTERNATIONAL AIRPORT CLASS C","class":"C","lower":"4800","lower_code":"MSL","upper":"7600"},"geometry":{"type":"Polygon","coordinates":[[[-101.7039,35.0525],[-101.7432,35.0553],[-101.783,35.0649],[-101.8179,35.08],[-101.8486,35.1004],[-101.8739,35.1252],[-101.8929,35.1536],[-101.905,35.1844],[-101.9095,35.2166],[-101.9064,35.2489],[-101.8957,35.28],[-101.8779,35.309],[-101.8536,35.3345],[-101.8237,35.3557],[-101.7894,35.3718],[-101.7519,35.3821],[-101.7127,35.3863],[-101.6732,35.3842],[-101.635,35.3759],[-101.5995,35.3617],[-101.5664,35.3409],[-101.5404,35.3164],[-101.5208,35.2883],[-101.5081,35.2577],[-101.5045,35.2417],[-101.5028,35.2238],[-101.5056,35.1915],[-101.516,35.1602],[-101.5335,35.1312],[-101.559,35.1042],[-101.5889,35.0831],[-101.6251,35.0663],[-101.6626,35.0564],[-101.7039,35.0525]]]}},{"type":"Feature","properties":{"name":"TRUCKEE CLASS D","class":"D","lower":"0","lower_code":"SFC","upper":"8400"},"geometry":{"type":"Polygon","coordinates":[[[-120.1396,39.3901],[-120.122,39.3888],[-120.1051,39.3848],[-120.0894,39.3783],[-120.0758,39.3696],[-120.0646,39.359],[-120.0563,39.3469],[-120.0511,39.3338],[-120.0494,39.3201],[-120.0511,39.3064],[-120.0563,39.2932],[-120.0646,39.2812],[-120.0758,39.2705],[-120.0895,39.2618],[-120.1051,39.2553],[-120.122,39.2513],[-120.1396,39.25],[-120.1572,39.2513],[-120.1741,39.2553],[-120.1898,39.2618],[-120.2034,39.2705],[-120.2146,39.2812],[-120.2229,39.2933],[-120.2281,39.3065],[-120.2298,39.3201],[-120.228,39.3338],[-120.2229,39.347],[-120.2145,39.359],[-120.2033,39.3696],[-120.1897,39.3783],[-120.1741,39.3848],[-120.1572,39.3888],[-120.1396,39.3901]]]}},{"type":"Feature","properties":{"name":"DENVER CLASS B","class":"B","lower":"0","lower_code":"SFC","upper":"12000"},"geometry":{"type":"Polygon","coordinates":[[[-104.731,39.9724],[-104.5961,39.9716],[-104.5617,39.9607],[-104.5283,39.9443],[-104.5107,39.9325],[-104.4934,39.918],[-104.4797,39.9036],[-104.467,39.8864],[-104.4579,39.87],[-104.4505,39.8511],[-104.4461,39.8317],[-104.4447,39.812],[-104.5834,39.8122],[-104.5834,39.7398],[-104.6243,39.7402],[-104.6387,39.738],[-104.6732,39.74],[-104.7284,39.7399],[-104.7347,39.7417],[-104.7551,39.7534],[-104.8038,39.7698],[-104.8711,39.7762],[-104.8747,39.7922],[-104.8763,39.8083],[-104.8758,39.8245],[-104.8733,39.8405],[-104.8623,39.8717],[-104.8436,39.9006],[-104.8181,39.9263],[-104.7865,39.9476],[-104.7689,39.9564],[-104.7634,39.9508],[-104.7554,39.9474],[-104.7486,39.9467],[-104.7397,39.9483],[-104.7325,39.9527],[-104.7283,39.9589],[-104.7278,39.9659],[-104.731,39.9724]]]}},{"type":"Feature","properties":{"name":"SALT LAKE CITY CLASS B","class":"B","lower":"10500","lower_code":"MSL","upper":"12000"},"geometry":{"type":"Polygon","coordinates":[[[-111.88,41.1378],[-111.8602,41.1379],[-111.8552,41.1327],[-111.8541,41.1273],[-111.8592,41.1235],[-111.86,41.1179],[-111.8541,41.109],[-111.8556,41.103],[-111.8525,41.0977],[-111.8537,41.0921],[-111.8493,41.0882],[-111.8505,41.0787],[-111.8486,41.074],[-111.8509,41.0669],[-111.8431,41.0604],[-111.8425,41.0496],[-111.836,41.0376],[-111.8372,41.0298],[-111.8336,41.0224],[-111.8352,41.0213],[-111.8274,41.0174],[-111.8206,41.0067],[-111.8087,41.0019],[-111.7997,40.9875],[-111.8018,40.9873],[-111.8016,40.9849],[-111.8044,40.9819],[-111.8083,40.9824],[-111.8067,40.9756],[-111.8081,40.9747],[-111.8152,40.9761],[-111.8162,40.9751],[-111.8141,40.9735],[-111.8146,40.9721],[-111.8229,40.9737],[-111.8234,40.9727],[-111.8234,40.9657],[-111.8165,40.959],[-111.8167,40.9553],[-111.8135,40.9516],[-111.8133,40.947],[-111.8096,40.9468],[-111.8066,40.9433],[-111.8083,40.9292],[-111.8083,40.871],[-111.8972,40.871],[-111.8944,40.8952],[-111.8905,40.9024],[-111.8908,40.9672],[-111.9127,41.0119],[-111.9074,41.0205],[-111.9108,41.0698],[-111.895,41.0831],[-111.8833,41.1007],[-111.8783,41.12],[-111.88,41.1378]]]}},{"type":"Feature","properties":{"name":"DALLAS CLASS B","class":"B","lower":"2000","lower_code":"MSL","upper":"11000"},"geometry":{"type":"Polygon","coordinates":[[[-96.6951,32.6859],[-96.7212,32.6553],[-96.7977,32.708],[-96.7768,32.7326],[-96.7596,32.7592],[-96.7456,32.789],[-96.7367,32.8183],[-96.6461,32.7792],[-96.6586,32.7467],[-96.675,32.7155],[-96.6951,32.6859]]]}},{"type":"Feature","properties":{"name":"DALLAS CLASS B","class":"B","lower":"2500","lower_code":"MSL","upper":"11000"},"geometry":{"type":"Polygon","coordinates":[[[-96.6385,32.8125],[-96.647,32.7795],[-96.7365,32.8183],[-96.7324,32.8411],[-96.7309,32.8641],[-96.7321,32.8888],[-96.7358,32.9117],[-96.7139,32.8975],[-96.707,32.8892],[-96.6802,32.8727],[-96.6706,32.8697],[-96.6646,32.866],[-96.6462,32.8542],[-96.6344,32.8436],[-96.6385,32.8125]]]}},{"type":"Feature","properties":{"name":"DENVER CLASS B","class":"B","lower":"7500","lower_code":"MSL","upper":"12000"},"geometry":{"type":"Polygon","coordinates":[[[-104.7306,39.7406],[-104.6632,39.6454],[-104.7001,39.6482],[-104.7358,39.6558],[-104.7693,39.668],[-104.7979,39.6832],[-104.8245,39.7032],[-104.8451,39.7248],[-104.8618,39.7504],[-104.8716,39.7761],[-104.8038,39.7698],[-104.7551,39.7534],[-104.7306,39.7406]]]}},{"type":"Feature","properties":{"name":"SAN DIEGO CLASS B","class":"B","lower":"3000","lower_code":"MSL","upper":"10000"},"geometry":{"type":"Polygon","coordinates":[[[-116.9565,32.6769],[-116.9994,32.6203],[-117.0342,32.6373],[-116.995,32.6863],[-116.9717,32.748],[-116.9327,32.7427],[-116.9565,32.6769]]]}},{"type":"Feature","properties":{"name":"SAN DIEGO CLASS B","class":"B","lower":"3500","lower_code":"MSL","upper":"10000"},"geometry":{"type":"Polygon","coordinates":[[[-116.887,32.6402],[-116.9791,32.6103],[-116.9994,32.6203],[-116.9565,32.6769],[-116.9327,32.7427],[-116.8337,32.7291],[-116.887,32.6402]]]}},{"type":"Feature","properties":{"name":"SAN DIEGO CLASS B","class":"B","lower":"4800","lower_code":"MSL","upper":"10000"},"geometry":{"type":"Polygon","coordinates":[[[-117.5907,32.6908],[-117.1397,32.6317],[-117.1097,32.6742],[-116.9791,32.6103],[-117.5204,32.561],[-117.5907,32.6908]]]}},{"type":"Feature","properties":{"name":"SAN DIEGO CLASS B","class":"B","lower":"2800","lower_code":"MSL","upper":"10000"},"geometry":{"type":"Polygon","coordinates":[[[-117.1429,32.6326],[-117.1397,32.6317],[-117.3079,32.654],[-117.3207,32.7228],[-117.2099,32.7228],[-117.1941,32.7151],[-117.1771,32.6768],[-117.16,32.659],[-117.1569,32.6583],[-117.1571,32.6554],[-117.1429,32.6326]]]}},{"type":"Feature","properties":{"name":"SAN DIEGO CLASS B","class":"B","lower":"2800","lower_code":"MSL","upper":"3300"},"geometry":{"type":"Polygon","coordinates":[[[-117.1097,32.6742],[-117.1397,32.6317],[-117.1429,32.6326],[-117.1571,32.6554],[-117.1569,32.6583],[-117.16,32.659],[-117.1771,32.6768],[-117.1941,32.7151],[-117.1097,32.6742]]]}},{"type":"Feature","properties":{"name":"SAN DIEGO CLASS B","class":"B","lower":"4700","lower_code":"MSL","upper":"10000"},"geometry":{"type":"Polygon","coordinates":[[[-117.1097,32.6742],[-117.1397,32.6317],[-117.1429,32.6326],[-117.1571,32.6554],[-117.1569,32.6583],[-117.16,32.659],[-117.1771,32.6768],[-117.1941,32.7151],[-117.1097,32.6742]]]}},{"type":"Feature","properties":{"name":"SAN DIEGO CLASS B","class":"B","lower":"4800","lower_code":"MSL","upper":"10000"},"geometry":{"type":"Polygon","coordinates":[[[-116.972,33.0648],[-116.8183,33.0037],[-116.8414,32.9474],[-116.9578,33.0069],[-117.1265,32.9458],[-117.108,32.9792],[-117.1641,33.0267],[-116.972,33.0648]]]}},{"type":"Feature","properties":{"name":"SAN DIEGO CLASS B","class":"B","lower":"6800","lower_code":"MSL","upper":"10000"},"geometry":{"type":"Polygon","coordinates":[[[-117.2028,32.9181],[-117.2275,32.9086],[-117.3909,32.9813],[-117.4372,33.0368],[-117.0287,33.0873],[-116.972,33.0648],[-117.1853,33.0224],[-117.2028,32.9181]]]}},{"type":"Feature","properties":{"name":"SAN FRANCISCO CLASS B","class":"B","lower":"6000","lower_code":"MSL","upper":"10000"},"geometry":{"type":"Polygon","coordinates":[[[-121.9867,37.9017],[-121.9808,37.8547],[-122.1578,37.8864],[-122.0958,37.9806],[-121.9867,37.9017]]]}},{"type":"Feature","properties":{"name":"SEATTLE CLASS B","class":"B","lower":"0","lower_code":"SFC","upper":"10000"},"geometry":{"type":"Polygon","coordinates":[[[-122.3071,47.3354],[-122.3402,47.3376],[-122.3383,47.3717],[-122.328,47.4045],[-122.343,47.411],[-122.3536,47.4207],[-122.3585,47.4323],[-122.3569,47.4443],[-122.3623,47.4474],[-122.3821,47.4512],[-122.3701,47.4576],[-122.369,47.4623],[-122.3701,47.4718],[-122.361,47.4815],[-122.3612,47.4868],[-122.3646,47.4876],[-122.3646,47.4906],[-122.3462,47.4972],[-122.3262,47.501],[-122.2976,47.5015],[-122.2988,47.4949],[-122.2638,47.4473],[-122.2607,47.4386],[-122.2612,47.4297],[-122.2652,47.4212],[-122.2723,47.4137],[-122.2822,47.4077],[-122.2666,47.3398],[-122.3071,47.3354]]]}},{"type":"Feature","properties":{"name":"DETROIT CLASS B","class":"B","lower":"3500","lower_code":"MSL","upper":"10000"},"geometry":{"type":"Polygon","coordinates":[[[-83.6382,42.0658],[-83.7284,42.0166],[-83.7547,42.0465],[-83.7755,42.0768],[-83.7929,42.1101],[-83.8049,42.1429],[-83.8112,42.1694],[-83.7029,42.2891],[-83.6844,42.2806],[-83.669,42.2692],[-83.6572,42.2556],[-83.6492,42.2387],[-83.6472,42.228],[-83.6473,42.2173],[-83.6495,42.2066],[-83.6547,42.1946],[-83.6613,42.185],[-83.6713,42.1749],[-83.6953,42.1599],[-83.6856,42.134],[-83.6733,42.1106],[-83.6579,42.0883],[-83.6382,42.0658]]]}},{"type":"Feature","properties":{"name":"DETROIT CLASS B","class":"B","lower":"3500","lower_code":"MSL","upper":"10000"},"geometry":{"type":"Polygon","coordinates":[[[-83.0705,42.464],[-83.0375,42.4402],[-83.0066,42.4126],[-82.9798,42.3827],[-82.9586,42.3524],[-82.9734,42.3464],[-82.9893,42.3425],[-83.006,42.3409],[-83.0251,42.3417],[-83.0663,42.3263],[-83.0805,42.3451],[-83.0969,42.363],[-83.1153,42.3797],[-83.1356,42.3952],[-83.1596,42.4104],[-83.1833,42.423],[-83.2347,42.4433],[-83.2666,42.452],[-83.2972,42.4579],[-83.3284,42.4616],[-83.3623,42.4632],[-83.3963,42.4623],[-83.4276,42.4591],[-83.4607,42.4533],[-83.4928,42.4451],[-83.5023,42.457],[-83.516,42.4688],[-83.4169,42.5445],[-83.3611,42.5466],[-83.3224,42.545],[-83.2839,42.5409],[-83.2461,42.5344],[-83.2069,42.5248],[-83.1713,42.5135],[-83.135,42.4989],[-83.1027,42.483],[-83.0705,42.464]]]}},{"type":"Feature","properties":{"name":"DETROIT CLASS B","class":"B","lower":"4000","lower_code":"MSL","upper":"10000"},"geometry":{"type":"Polygon","coordinates":[[[-83.0301,42.547],[-82.9817,42.5169],[-82.9368,42.4816],[-82.899,42.4441],[-82.8661,42.4021],[-82.8401,42.3576],[-82.8218,42.3129],[-82.8104,42.267],[-82.806,42.2187],[-82.8088,42.172],[-82.8192,42.1242],[-82.8362,42.0792],[-82.8608,42.0343],[-82.8909,41.9934],[-82.9284,41.9538],[-82.9718,41.9178],[-83.0204,41.8857],[-83.0635,41.8628],[-83.12,41.839],[-83.1752,41.8215],[-83.2303,41.8089],[-83.4667,41.8031],[-83.5043,41.8092],[-83.5661,41.8238],[-83.6232,41.8428],[-83.6791,41.8675],[-83.729,41.8957],[-83.7761,41.9292],[-83.8163,41.965],[-83.852,42.0056],[-83.8803,42.0473],[-83.8954,42.0757],[-83.8112,42.1694],[-83.7997,42.127],[-83.781,42.0862],[-83.7554,42.0474],[-83.7219,42.01],[-83.6836,41.9776],[-83.6383,41.948],[-83.5901,41.9242],[-83.536,41.9044],[-83.4811,41.8907],[-83.4221,41.8822],[-83.3644,41.8796],[-83.3044,41.8829],[-83.2454,41.8921],[-83.1909,41.9064],[-83.1393,41.9259],[-83.0895,41.9511],[-83.0603,41.9698],[-83.0349,41.989],[-83.0117,42.0097],[-82.9908,42.0316],[-82.9723,42.0548],[-82.9563,42.079],[-82.9431,42.104],[-82.9325,42.1298],[-82.9244,42.1579],[-82.9198,42.1846],[-82.918,42.2115],[-82.9192,42.2385],[-82.9234,42.2652],[-82.9304,42.2917],[-82.9403,42.3176],[-82.953,42.3428],[-82.9683,42.3672],[-82.9863,42.3906],[-83.0068,42.4128],[-83.0296,42.4337],[-83.0547,42.4532],[-83.0818,42.4711],[-83.1108,42.4873],[-83.1394,42.5008],[-83.1714,42.5135],[-83.2048,42.5242],[-83.2392,42.5329],[-83.2745,42.5395],[-83.3104,42.544],[-83.3466,42.5463],[-83.3806,42.5464],[-83.4169,42.5445],[-83.3076,42.6276],[-83.2333,42.6181],[-83.1614,42.6012],[-83.0933,42.5774],[-83.062,42.5635],[-83.0301,42.547]]]}},{"type":"Feature","properties":{"name":"DETROIT CLASS B","class":"B","lower":"6000","lower_code":"MSL","upper":"10000"},"geometry":{"type":"Polygon","coordinates":[[[-83.469,41.8031],[-83.7356,41.7953],[-83.7704,41.8136],[-83.8018,41.8323],[-83.8283,41.85],[-83.8947,42.074],[-83.8803,42.0473],[-83.8647,42.0229],[-83.8471,41.9994],[-83.8275,41.9767],[-83.806,41.955],[-83.7826,41.9345],[-83.7309,41.8969],[-83.6731,41.8645],[-83.6081,41.8372],[-83.5412,41.8172],[-83.469,41.8031]]]}},{"type":"Feature","properties":{"name":"DETROIT CLASS B","class":"B","lower":"6000","lower_code":"MSL","upper":"10000"},"geometry":{"type":"Polygon","coordinates":[[[-82.9887,42.6278],[-82.9552,42.6098],[-82.9215,42.5893],[-82.8913,42.5684],[-82.8614,42.5448],[-82.835,42.5212],[-82.8094,42.4951],[-82.786,42.4677],[-82.7652,42.4393],[-82.7462,42.4081],[-82.7314,42.3796],[-82.719,42.3504],[-82.7086,42.319],[-82.7012,42.2889],[-82.6962,42.2567],[-82.694,42.2244],[-82.6946,42.192],[-82.6977,42.1615],[-82.7038,42.1294],[-82.7126,42.0977],[-82.7241,42.0665],[-82.7384,42.0359],[-82.7552,42.006],[-82.7746,41.977],[-82.7964,41.949],[-82.8192,41.9236],[-82.8455,41.8979],[-82.874,41.8735],[-82.9045,41.8505],[-82.9369,41.829],[-82.971,41.8092],[-83.0064,41.7912],[-83.0433,41.775],[-83.0911,41.8122],[-83.2303,41.809],[-83.1685,41.8235],[-83.1094,41.8432],[-83.0554,41.8667],[-83.0018,41.8971],[-82.9534,41.932],[-82.9124,41.9696],[-82.8774,42.0104],[-82.849,42.054],[-82.8275,42.0998],[-82.8133,42.1471],[-82.8065,42.1953],[-82.8073,42.2438],[-82.8157,42.2919],[-82.8316,42.3389],[-82.8546,42.3843],[-82.8848,42.4273],[-82.9216,42.4675],[-82.9644,42.5043],[-83.0128,42.537],[-83.064,42.5644],[-83.1213,42.5882],[-83.182,42.6068],[-83.2452,42.6201],[-83.3076,42.6276],[-83.516,42.4688],[-83.5034,42.4581],[-83.4934,42.446],[-83.4864,42.4327],[-83.4825,42.4188],[-83.4819,42.4046],[-83.4845,42.3906],[-83.4903,42.377],[-83.4991,42.3644],[-83.7356,42.6322],[-83.6918,42.6517],[-83.6483,42.6679],[-83.6011,42.6824],[-83.5548,42.6937],[-83.5076,42.7024],[-83.4596,42.7087],[-83.4111,42.7124],[-83.36,42.7134],[-83.3113,42.7118],[-83.2629,42.7075],[-83.2151,42.7007],[-83.1657,42.6908],[-83.1198,42.6789],[-83.0752,42.6645],[-83.0321,42.6478],[-82.9887,42.6278]]]}},{"type":"Feature","properties":{"name":"NORTH BEND CLASS D","class":"D","lower":"1300","lower_code":"MSL","upper":"2500"},"geometry":{"type":"Polygon","coordinates":[[[-124.1827,43.4801],[-124.1857,43.4749],[-124.1911,43.4709],[-124.1981,43.4686],[-124.2058,43.4683],[-124.2131,43.4701],[-124.219,43.4738],[-124.2226,43.4787],[-124.2234,43.4843],[-124.2099,43.4815],[-124.1938,43.4752],[-124.1827,43.4801]]]}},{"type":"Feature","properties":{"name":"CHARLOTTE CLASS B","class":"B","lower":"3600","lower_code":"MSL","upper":"10000"},"geometry":{"type":"Polygon","coordinates":[[[-80.581,35.4249],[-80.5467,35.3831],[-80.5204,35.3395],[-80.5768,35.3201],[-80.5604,35.2817],[-80.5498,35.2418],[-80.7307,35.2188],[-80.7357,35.238],[-80.7431,35.2567],[-80.7529,35.2746],[-80.765,35.2915],[-80.7792,35.3073],[-80.7954,35.3217],[-80.8134,35.3347],[-80.833,35.3459],[-80.8356,35.4038],[-80.8811,35.4168],[-80.9307,35.4234],[-80.9811,35.4228],[-81.0283,35.4154],[-81.0734,35.4017],[-81.1168,35.3808],[-81.1535,35.3553],[-81.1871,35.3226],[-81.1947,35.3449],[-81.2022,35.3573],[-81.2031,35.381],[-81.2096,35.3966],[-81.2112,35.4218],[-81.2068,35.4316],[-81.2122,35.4469],[-81.1677,35.4734],[-81.1192,35.4947],[-81.0676,35.5104],[-81.0117,35.5206],[-81.0071,35.5337],[-81.0154,35.5443],[-81.0159,35.5476],[-80.994,35.5654],[-80.9927,35.5762],[-80.9939,35.5829],[-80.9916,35.5924],[-80.9794,35.5993],[-80.9825,35.6069],[-80.9297,35.6073],[-80.888,35.6044],[-80.8467,35.5988],[-80.8062,35.5903],[-80.7666,35.5792],[-80.7667,35.543],[-80.7137,35.521],[-80.6646,35.4937],[-80.6201,35.4615],[-80.581,35.4249]]]}},{"type":"Feature","properties":{"name":"BOSTON CLASS B","class":"B","lower":"4000","lower_code":"MSL","upper":"7000"},"geometry":{"type":"Polygon","coordinates":[[[-70.9501,42.6896],[-70.96,42.6066],[-71.011,42.6069],[-71.0591,42.602],[-71.1058,42.5921],[-71.1522,42.5765],[-71.1929,42.557],[-71.2311,42.532],[-71.2623,42.5046],[-71.289,42.4725],[-71.3081,42.4395],[-71.321,42.4031],[-71.3263,42.3675],[-71.3244,42.3298],[-71.3156,42.2945],[-71.299,42.2589],[-71.2768,42.2271],[-71.2471,42.1966],[-71.3327,42.1428],[-71.3536,42.1626],[-71.3723,42.1835],[-71.389,42.2054],[-71.4024,42.2265],[-71.4146,42.25],[-71.4244,42.274],[-71.4317,42.2986],[-71.4362,42.3217],[-71.4387,42.3468],[-71.4386,42.3719],[-71.4359,42.397],[-71.4312,42.4201],[-71.4236,42.4446],[-71.4144,42.467],[-71.4021,42.4904],[-71.3886,42.5115],[-71.3718,42.5334],[-71.3528,42.5543],[-71.3318,42.574],[-71.3104,42.5912],[-71.2612,42.6233],[-71.2061,42.6497],[-71.1464,42.6699],[-71.0834,42.6834],[-71.0183,42.6901],[-70.9501,42.6896]]]}},{"type":"Feature","properties":{"name":"CHARLOTTE CLASS B","class":"B","lower":"0","lower_code":"SFC","upper":"10000"},"geometry":{"type":"Polygon","coordinates":[[[-80.9495,35.0734],[-80.9778,35.0754],[-81.0051,35.082],[-81.0302,35.0928],[-81.0507,35.1063],[-81.069,35.1242],[-81.0818,35.143],[-81.0907,35.1652],[-81.0939,35.1866],[-81.092,35.2099],[-81.0845,35.2324],[-81.0716,35.2533],[-81.0555,35.2703],[-81.034,35.2856],[-81.0112,35.2964],[-80.9843,35.304],[-80.9582,35.307],[-80.9298,35.3057],[-80.9043,35.3005],[-80.8785,35.2905],[-80.8557,35.2766],[-80.8367,35.2592],[-80.8223,35.239],[-80.8131,35.217],[-80.8094,35.1938],[-80.811,35.1723],[-80.8182,35.1497],[-80.8307,35.1287],[-80.8481,35.1102],[-80.8695,35.0949],[-80.8942,35.0834],[-80.9213,35.0761],[-80.9495,35.0734]]]}},{"type":"Feature","properties":{"name":"CHARLOTTE CLASS B","class":"B","lower":"1800","lower_code":"MSL","upper":"10000"},"geometry":{"type":"Polygon","coordinates":[[[-80.9485,35.0067],[-80.9726,35.0075],[-80.9985,35.0108],[-81.0238,35.0165],[-81.0461,35.0239],[-81.0692,35.0342],[-81.089,35.0455],[-81.1087,35.0597],[-81.1249,35.0743],[-81.1415,35.0934],[-81.155,35.114],[-81.1652,35.1358],[-81.1724,35.1603],[-81.1362,35.1715],[-81.1215,35.1793],[-81.1149,35.1864],[-81.1108,35.1947],[-81.1096,35.2036],[-81.1114,35.2125],[-81.1185,35.2235],[-81.1301,35.2316],[-81.1892,35.25],[-81.1877,35.2549],[-81.1887,35.2825],[-81.1869,35.3222],[-81.1684,35.3422],[-81.1488,35.3591],[-81.1096,35.3849],[-81.0655,35.4046],[-81.0177,35.4177],[-80.968,35.4237],[-80.9351,35.4237],[-80.9003,35.4202],[-80.8663,35.4133],[-80.8356,35.4038],[-80.833,35.3459],[-80.8115,35.3334],[-80.792,35.3189],[-80.7747,35.3027],[-80.7587,35.2833],[-80.7468,35.264],[-80.737,35.242],[-80.7311,35.221],[-80.7282,35.1977],[-80.7284,35.1797],[-80.7308,35.1618],[-80.7352,35.1442],[-80.7418,35.1271],[-80.7504,35.1105],[-80.7608,35.0947],[-80.7732,35.0798],[-80.7887,35.0647],[-80.8216,35.041],[-80.84,35.0313],[-80.8615,35.0223],[-80.903,35.0111],[-80.9485,35.0067]]]}},{"type":"Feature","properties":{"name":"SEATTLE CLASS B","class":"B","lower":"1800","lower_code":"MSL","upper":"10000"},"geometry":{"type":"Polygon","coordinates":[[[-122.2736,47.6338],[-122.2916,47.5346],[-122.3225,47.5349],[-122.3552,47.5304],[-122.401,47.6256],[-122.3679,47.6314],[-122.3366,47.6345],[-122.3051,47.6353],[-122.2736,47.6338]]]}},{"type":"Feature","properties":{"name":"ALBANY COUNTY AIRPORT CLASS C","class":"C","lower":"0","lower_code":"SFC","upper":"4300"},"geometry":{"type":"Polygon","coordinates":[[[-73.8016,42.6647],[-73.8234,42.6661],[-73.8445,42.6706],[-73.8639,42.678],[-73.8794,42.6867],[-73.894,42.6988],[-73.9052,42.7127],[-73.9125,42.728],[-73.9156,42.7422],[-73.915,42.7583],[-73.9102,42.7741],[-73.9014,42.7889],[-73.8904,42.8008],[-73.8749,42.8123],[-73.8567,42.8213],[-73.8365,42.8276],[-73.8174,42.8307],[-73.7954,42.8312],[-73.7738,42.8286],[-73.7532,42.823],[-73.7325,42.8134],[-73.7167,42.8022],[-73.703,42.7873],[-73.6946,42.7724],[-73.69,42.7547],[-73.6904,42.7386],[-73.6958,42.7211],[-73.7049,42.7063],[-73.7193,42.6918],[-73.7356,42.681],[-73.7566,42.672],[-73.7774,42.6668],[-73.8016,42.6647]]]}},{"type":"Feature","properties":{"name":"SEATTLE CLASS B","class":"B","lower":"1100","lower_code":"MSL","upper":"10000"},"geometry":{"type":"Polygon","coordinates":[[[-122.2916,47.5346],[-122.2976,47.5015],[-122.3178,47.5018],[-122.34,47.4987],[-122.3552,47.5304],[-122.3225,47.5349],[-122.2916,47.5346]]]}},{"type":"Feature","properties":{"name":"SEATTLE CLASS B","class":"B","lower":"1800","lower_code":"MSL","upper":"10000"},"geometry":{"type":"Polygon","coordinates":[[[-122.2666,47.3398],[-122.2523,47.3079],[-122.2386,47.2414],[-122.2694,47.2374],[-122.3032,47.2355],[-122.3371,47.2364],[-122.3706,47.2398],[-122.3402,47.3376],[-122.3019,47.3356],[-122.2666,47.3398]]]}},{"type":"Feature","properties":{"name":"HOUSTON CLASS B","class":"B","lower":"3000","lower_code":"MSL","upper":"10000"},"geometry":{"type":"Polygon","coordinates":[[[-95.5125,29.7047],[-95.5447,29.6713],[-95.5785,29.6915],[-95.6097,29.7147],[-95.6366,29.7393],[-95.6581,29.7632],[-95.6771,29.7888],[-95.6933,29.8157],[-95.7059,29.8421],[-95.6017,29.843],[-95.5755,29.8067],[-95.5427,29.7748],[-95.5042,29.7482],[-95.4611,29.7278],[-95.4871,29.7272],[-95.5125,29.7047]]]}},{"type":"Feature","properties":{"name":"MINNEAPOLIS CLASS B","class":"B","lower":"2300","lower_code":"MSL","upper":"10000"},"geometry":{"type":"Polygon","coordinates":[[[-93.2046,44.7325],[-93.2422,44.7349],[-93.2762,44.7417],[-93.308,44.7526],[-93.3365,44.7673],[-93.3626,44.7868],[-93.3818,44.8079],[-93.3955,44.8311],[-93.4033,44.8556],[-93.4047,44.8825],[-93.3995,44.9074],[-93.3883,44.9312],[-93.3712,44.9533],[-93.3472,44.9741],[-93.3201,44.9903],[-93.2894,45.0028],[-93.256,45.0113],[-93.216,45.0156],[-93.173,45.0139],[-93.134,45.0063],[-93.0958,44.9923],[-93.0645,44.9741],[-93.0377,44.9502],[-93.0277,44.9377],[-93.0187,44.9229],[-93.0127,44.9091],[-93.0084,44.8933],[-93.0067,44.8789],[-93.0071,44.8646],[-93.0095,44.8503],[-93.0146,44.8345],[-93.0213,44.821],[-93.031,44.8063],[-93.0416,44.7941],[-93.0555,44.7813],[-93.0849,44.7617],[-93.1215,44.7458],[-93.162,44.736],[-93.2046,44.7325]]]}},{"type":"Feature","properties":{"name":"MINNEAPOLIS CLASS B","class":"B","lower":"3000","lower_code":"MSL","upper":"10000"},"geometry":{"type":"Polygon","coordinates":[[[-93.2046,44.6742],[-93.2547,44.6772],[-93.3057,44.6872],[-93.3531,44.7039],[-93.3934,44.7253],[-93.4132,44.7392],[-93.4294,44.753],[-93.4438,44.7678],[-93.4562,44.7834],[-93.4667,44.7997],[-93.4751,44.8167],[-93.4813,44.8341],[-93.4853,44.8518],[-93.4871,44.8716],[-93.4863,44.8895],[-93.4833,44.9074],[-93.478,44.925],[-93.4705,44.9421],[-93.4609,44.9587],[-93.4492,44.9747],[-93.4355,44.9898],[-93.4183,45.0054],[-93.4009,45.0184],[-93.3614,45.0409],[-93.3169,45.058],[-93.2687,45.0691],[-93.2387,45.0728],[-93.2109,45.0741],[-93.1805,45.0733],[-93.1529,45.0706],[-93.1258,45.0659],[-93.0971,45.0587],[-93.0698,45.0493],[-93.044,45.0378],[-93.022,45.0257],[-93.0001,45.0107],[-92.9806,44.9942],[-92.9638,44.9762],[-92.9508,44.9587],[-92.9395,44.9387],[-92.9313,44.918],[-92.9263,44.8967],[-92.9246,44.877],[-92.9259,44.8554],[-92.9299,44.8359],[-92.9373,44.815],[-92.9469,44.7964],[-92.9602,44.777],[-92.9763,44.7588],[-92.9951,44.7419],[-93.0145,44.7278],[-93.0377,44.714],[-93.0629,44.702],[-93.0897,44.6921],[-93.1155,44.6848],[-93.1446,44.679],[-93.1744,44.6754],[-93.2046,44.6742]]]}},{"type":"Feature","properties":{"name":"MINNEAPOLIS CLASS B","class":"B","lower":"4000","lower_code":"MSL","upper":"10000"},"geometry":{"type":"Polygon","coordinates":[[[-93.6497,45.2627],[-93.4265,45.1684],[-93.3662,45.1874],[-93.3052,45.1999],[-93.2423,45.2064],[-93.1762,45.2067],[-93.1132,45.2009],[-93.0495,45.1884],[-92.9912,45.1706],[-92.9348,45.1463],[-92.8912,45.1216],[-92.8521,45.0933],[-92.8181,45.062],[-92.7884,45.0264],[-92.766,44.9902],[-92.7499,44.9523],[-92.7403,44.9134],[-92.7371,44.8721],[-92.5169,44.776],[-92.5288,44.7411],[-92.5441,44.7068],[-92.5609,44.6767],[-92.5814,44.6459],[-92.6035,44.6176],[-92.6296,44.589],[-92.6567,44.5631],[-92.6878,44.5372],[-92.7195,44.5141],[-92.755,44.4913],[-92.9588,44.5911],[-93.0188,44.5686],[-93.0827,44.5526],[-93.1492,44.5433],[-93.2194,44.5409],[-93.2868,44.5458],[-93.3548,44.5582],[-93.4174,44.5769],[-93.4755,44.6018],[-93.5243,44.63],[-93.5658,44.6612],[-93.6014,44.696],[-93.6305,44.7337],[-93.6525,44.7738],[-93.6671,44.8156],[-93.6741,44.8584],[-93.6746,44.8799],[-93.6731,44.9014],[-93.8952,44.9742],[-93.8807,45.0161],[-93.8612,45.057],[-93.8367,45.0965],[-93.8074,45.1344],[-93.7737,45.1703],[-93.7356,45.204],[-93.6953,45.234],[-93.6497,45.2627]]]}},{"type":"Feature","properties":{"name":"MINNEAPOLIS CLASS B","class":"B","lower":"6000","lower_code":"MSL","upper":"10000"},"geometry":{"type":"Polygon","coordinates":[[[-93.3751,45.185],[-93.4265,45.1684],[-93.6497,45.2627],[-93.5879,45.2944],[-93.524,45.3203],[-93.4564,45.3414],[-93.3837,45.3579],[-93.3751,45.185]]]}},{"type":"Feature","properties":{"name":"MIAMI CLASS B","class":"B","lower":"5000","lower_code":"MSL","upper":"7000"},"geometry":{"type":"Polygon","coordinates":[[[-80.1113,25.4102],[-80.1561,25.4839],[-80.1156,25.5008],[-80.0773,25.5222],[-80.0423,25.5477],[-80.0108,25.5768],[-79.9835,25.6092],[-79.9608,25.6444],[-79.9429,25.6818],[-79.9303,25.7206],[-79.924,25.7515],[-79.9211,25.7828],[-79.9213,25.8142],[-79.9249,25.8455],[-79.9316,25.8763],[-79.9416,25.9064],[-79.9546,25.9355],[-79.9706,25.9633],[-79.8671,25.9633],[-79.8508,25.9245],[-79.8389,25.8846],[-79.8315,25.8438],[-79.8285,25.8025],[-79.8301,25.7612],[-79.8361,25.7202],[-79.8466,25.6799],[-79.8615,25.6408],[-79.8805,25.6032],[-79.9035,25.5675],[-79.9303,25.534],[-79.9608,25.5028],[-79.9944,25.4748],[-80.0311,25.4496],[-80.07,25.4281],[-80.1113,25.4102]]]}},{"type":"Feature","properties":{"name":"KING SALMON CLASS D","class":"D","lower":"600","lower_code":"MSL","upper":"2600"},"geometry":{"type":"Polygon","coordinates":[[[-156.4784,58.621],[-156.5254,58.5939],[-156.5494,58.6052],[-156.5603,58.6014],[-156.5827,58.6119],[-156.5623,58.6188],[-156.5445,58.6275],[-156.5298,58.6376],[-156.5186,58.6489],[-156.4962,58.6384],[-156.5024,58.6323],[-156.4784,58.621]]]}},{"type":"Feature","properties":{"name":"HOUSTON CLASS B","class":"B","lower":"0","lower_code":"SFC","upper":"10000"},"geometry":{"type":"Polygon","coordinates":[[[-95.188,29.5647],[-95.2054,29.5527],[-95.2248,29.5434],[-95.2325,29.5587],[-95.2598,29.5515],[-95.2862,29.5502],[-95.3122,29.5543],[-95.3382,29.5643],[-95.3579,29.5357],[-95.3748,29.546],[-95.3955,29.5635],[-95.4111,29.5826],[-95.4233,29.6054],[-95.43,29.6281],[-95.4322,29.6532],[-95.4292,29.6765],[-95.4217,29.699],[-95.4098,29.72],[-95.3897,29.7428],[-95.3661,29.7603],[-95.1964,29.7628],[-95.1833,29.7546],[-95.1658,29.7402],[-95.1522,29.725],[-95.1983,29.6979],[-95.1955,29.5867],[-95.1782,29.5735],[-95.188,29.5647]]]}},{"type":"Feature","properties":{"name":"HOUSTON CLASS B","class":"B","lower":"2000","lower_code":"MSL","upper":"10000"},"geometry":{"type":"Polygon","coordinates":[[[-94.9849,29.8438],[-95.0066,29.8011],[-95.0317,29.7983],[-95.0396,29.7958],[-95.043,29.7928],[-95.0194,29.757],[-95.0099,29.7371],[-95.0024,29.7165],[-94.9969,29.6955],[-94.9935,29.6741],[-94.9923,29.6526],[-94.9931,29.631],[-95.0007,29.5902],[-95.0077,29.5695],[-95.0166,29.5494],[-95.0275,29.5301],[-95.0403,29.5116],[-95.0548,29.4942],[-95.071,29.4779],[-95.0918,29.4606],[-95.1145,29.4451],[-95.1389,29.4317],[-95.1627,29.4213],[-95.2015,29.4976],[-95.2227,29.4907],[-95.2467,29.4856],[-95.2692,29.4834],[-95.2919,29.4836],[-95.3143,29.486],[-95.3363,29.4908],[-95.3575,29.4979],[-95.3775,29.507],[-95.4266,29.4354],[-95.4498,29.4489],[-95.4714,29.4643],[-95.4694,29.4769],[-95.4584,29.5067],[-95.4974,29.5267],[-95.5302,29.5339],[-95.5365,29.5397],[-95.5472,29.5611],[-95.555,29.5816],[-95.5612,29.6043],[-95.5647,29.6256],[-95.5661,29.6525],[-95.5355,29.6797],[-95.5254,29.6919],[-95.4932,29.723],[-95.4871,29.7272],[-95.4611,29.7278],[-95.5042,29.7482],[-95.5427,29.7748],[-95.5755,29.8067],[-95.6017,29.843],[-95.7059,29.8421],[-95.7213,29.8888],[-95.7286,29.9351],[-95.7284,29.9819],[-95.7208,30.0282],[-95.713,30.0543],[-95.7035,30.0781],[-95.6921,30.1013],[-95.6786,30.1236],[-95.56,30.1244],[-95.5269,30.1517],[-95.4894,30.1741],[-95.4482,30.1911],[-95.4045,30.2022],[-95.3696,30.2066],[-95.3364,30.2073],[-95.3013,30.2044],[-95.2669,30.1979],[-95.2299,30.1863],[-95.1933,30.1694],[-95.1614,30.1493],[-95.1316,30.1244],[-95.0129,30.1236],[-94.9942,30.0914],[-94.9797,30.0577],[-94.9695,30.0229],[-94.9636,29.9873],[-94.9621,29.9513],[-94.9651,29.9154],[-94.9725,29.88],[-94.9849,29.8438]]]}},{"type":"Feature","properties":{"name":"ALBANY COUNTY AIRPORT CLASS C","class":"C","lower":"2400","lower_code":"MSL","upper":"4300"},"geometry":{"type":"Polygon","coordinates":[[[-73.5857,42.7014],[-73.5997,42.6748],[-73.7012,42.7115],[-73.6949,42.7231],[-73.691,42.7353],[-73.6897,42.7478],[-73.6909,42.7602],[-73.6953,42.7741],[-73.7018,42.7857],[-73.7106,42.7964],[-73.7214,42.806],[-73.6399,42.8638],[-73.6182,42.8446],[-73.6007,42.8231],[-73.5878,42.8],[-73.5797,42.7758],[-73.5766,42.7509],[-73.5786,42.7259],[-73.5857,42.7014]]]}},{"type":"Feature","properties":{"name":"ALBANY COUNTY AIRPORT CLASS C","class":"C","lower":"2000","lower_code":"MSL","upper":"4300"},"geometry":{"type":"Polygon","coordinates":[[[-73.6399,42.8638],[-73.7215,42.806],[-73.7363,42.8154],[-73.7509,42.822],[-73.7689,42.8275],[-73.7856,42.8303],[-73.8197,42.8304],[-73.8364,42.8275],[-73.8544,42.8221],[-73.8767,42.811],[-73.8947,42.7964],[-73.9076,42.7791],[-73.9149,42.7582],[-73.9157,42.7456],[-73.9134,42.7314],[-73.9078,42.7176],[-73.8992,42.7047],[-73.8892,42.6945],[-73.8754,42.6843],[-73.8594,42.6761],[-73.8418,42.6699],[-73.823,42.6662],[-73.8011,42.6648],[-73.7794,42.6666],[-73.7607,42.6708],[-73.7413,42.6783],[-73.7259,42.6871],[-73.7113,42.6992],[-73.7013,42.7116],[-73.5998,42.6749],[-73.6157,42.6547],[-73.6352,42.6363],[-73.6581,42.6201],[-73.6858,42.6055],[-73.7073,42.5971],[-73.7321,42.5898],[-73.758,42.5847],[-73.7821,42.5821],[-73.8064,42.5815],[-73.833,42.5829],[-73.8569,42.5863],[-73.8825,42.5922],[-73.9069,42.6002],[-73.9279,42.6093],[-73.9492,42.6212],[-73.9669,42.6336],[-73.9841,42.6487],[-73.9976,42.6637],[-74.0088,42.6796],[-74.0176,42.6964],[-74.0265,42.7244],[-74.0288,42.7531],[-74.0243,42.7816],[-74.0141,42.8075],[-73.9971,42.8333],[-73.9759,42.8553],[-73.9483,42.8756],[-73.9185,42.8913],[-73.8833,42.9038],[-73.8481,42.9113],[-73.8117,42.9145],[-73.7727,42.9132],[-73.7369,42.9075],[-73.7006,42.8967],[-73.6694,42.8827],[-73.6399,42.8638]]]}},{"type":"Feature","properties":{"name":"ANCHORAGE CLASS C","class":"C","lower":"600","lower_code":"MSL","upper":"4100"},"geometry":{"type":"Polygon","coordinates":[[[-149.981,61.0902],[-150.0321,61.0936],[-150.0792,61.1038],[-150.0999,61.1113],[-150.1182,61.1201],[-150.1337,61.1301],[-150.1461,61.1411],[-149.8578,61.1411],[-149.8578,61.115],[-149.8659,61.1114],[-149.8898,61.1029],[-149.9196,61.0959],[-149.9516,61.0916],[-149.981,61.0902]]]}},{"type":"Feature","properties":{"name":"ANCHORAGE CLASS C","class":"C","lower":"1400","lower_code":"MSL","upper":"1900"},"geometry":{"type":"Polygon","coordinates":[[[-149.9611,61.2497],[-149.9867,61.2372],[-150.0065,61.2408],[-150.0431,61.3403],[-149.9775,61.3428],[-149.912,61.3393],[-149.9172,61.3319],[-149.9198,61.3217],[-149.9131,61.3103],[-149.9119,61.3056],[-149.9203,61.2878],[-149.9225,61.28],[-149.9233,61.2672],[-149.9275,61.26],[-149.9369,61.2589],[-149.9569,61.2533],[-149.9611,61.2497]]]}},{"type":"Feature","properties":{"name":"ANCHORAGE CLASS C","class":"C","lower":"1400","lower_code":"MSL","upper":"4100"},"geometry":{"type":"Polygon","coordinates":[[[-149.9883,61.0903],[-149.9516,61.0916],[-149.9161,61.0965],[-149.8835,61.1049],[-149.8578,61.115],[-149.8578,61.0219],[-149.9,61.0154],[-149.9472,61.0114],[-149.9914,61.0105],[-150.0355,61.0124],[-150.0822,61.0176],[-150.1237,61.0251],[-150.1629,61.0351],[-150.1991,61.0475],[-150.2342,61.0633],[-150.2624,61.0799],[-150.2859,61.0981],[-150.3045,61.1176],[-150.3185,61.1399],[-150.3256,61.1611],[-150.327,61.1826],[-150.3227,61.2039],[-150.3166,61.218],[-150.3093,61.23],[-150.2891,61.2531],[-150.2618,61.2744],[-150.2282,61.2935],[-150.1889,61.31],[-150.1449,61.3234],[-150.0972,61.3335],[-150.0431,61.3403],[-150.0142,61.2618],[-150.0464,61.2575],[-150.0764,61.2505],[-150.1031,61.2408],[-150.1256,61.229],[-150.1432,61.2154],[-150.1552,61.2004],[-150.1613,61.1846],[-150.1612,61.1685],[-150.156,61.1544],[-150.1444,61.1394],[-150.1273,61.1256],[-150.1053,61.1136],[-150.0821,61.1047],[-150.0529,61.0971],[-150.0213,61.0922],[-149.9883,61.0903]]]}},{"type":"Feature","properties":{"name":"NEW YORK CLASS B","class":"B","lower":"4000","lower_code":"MSL","upper":"7000"},"geometry":{"type":"Polygon","coordinates":[[[-73.3504,40.7255],[-73.343,40.7029],[-73.3374,40.6781],[-73.3342,40.6531],[-73.3338,40.6314],[-73.363,40.6261],[-73.383,40.618],[-73.4153,40.6094],[-73.4914,40.5943],[-73.4868,40.6264],[-73.489,40.6604],[-73.4981,40.6937],[-73.5139,40.7256],[-73.4753,40.7246],[-73.4746,40.7473],[-73.476,40.7557],[-73.4929,40.8101],[-73.4349,40.8468],[-73.408,40.8195],[-73.3849,40.7903],[-73.3659,40.7594],[-73.3504,40.7255]]]}},{"type":"Feature","properties":{"name":"SALT LAKE CITY CLASS B","class":"B","lower":"11000","lower_code":"MSL","upper":"12000"},"geometry":{"type":"Polygon","coordinates":[[[-112.1167,40.6783],[-112.1168,40.5329],[-112.1542,40.5436],[-112.1881,40.5559],[-112.2205,40.5704],[-112.2512,40.587],[-112.2816,40.6068],[-112.308,40.6272],[-112.332,40.6493],[-112.3534,40.6729],[-112.2608,40.7052],[-112.2273,40.7241],[-112.1909,40.7285],[-112.1578,40.7013],[-112.138,40.6891],[-112.1167,40.6783]]]}},{"type":"Feature","properties":{"name":"SALT LAKE CITY CLASS B","class":"B","lower":"8600","lower_code":"MSL","upper":"12000"},"geometry":{"type":"Polygon","coordinates":[[[-112.2608,40.7052],[-112.3534,40.6729],[-112.3784,40.7073],[-112.3978,40.7437],[-112.4115,40.7815],[-112.4193,40.8203],[-112.2772,40.8302],[-112.2715,40.8021],[-112.2611,40.7748],[-112.2463,40.7486],[-112.2273,40.7241],[-112.2608,40.7052]]]}},{"type":"Feature","properties":{"name":"RENO CANNON INTERNATIONAL AIRPORT CLASS C","class":"C","lower":"7200","lower_code":"MSL","upper":"8400"},"geometry":{"type":"Polygon","coordinates":[[[-119.8084,39.4218],[-119.7782,39.4161],[-119.7472,39.4173],[-119.7179,39.4253],[-119.6928,39.4395],[-119.6825,39.4486],[-119.674,39.4587],[-119.6674,39.4697],[-119.663,39.4813],[-119.6607,39.4932],[-119.6607,39.5053],[-119.663,39.5172],[-119.6675,39.5287],[-119.6753,39.5414],[-119.6858,39.5529],[-119.6987,39.5629],[-119.7135,39.571],[-119.7299,39.5771],[-119.7474,39.581],[-119.7655,39.5825],[-119.7837,39.5816],[-119.8027,39.5781],[-119.8207,39.5719],[-119.8369,39.5633],[-119.8508,39.5525],[-119.8619,39.5401],[-119.87,39.5261],[-119.8746,39.5113],[-119.8757,39.4962],[-119.9833,39.4931],[-119.983,39.5098],[-119.9806,39.5264],[-119.976,39.5427],[-119.9693,39.5587],[-119.9089,39.5409],[-119.8932,39.5644],[-119.871,39.5845],[-119.9152,39.621],[-119.9083,39.6258],[-119.8889,39.6373],[-119.868,39.6469],[-119.846,39.6547],[-119.8228,39.6605],[-119.7989,39.6642],[-119.7748,39.6658],[-119.7506,39.6654],[-119.7265,39.6628],[-119.7031,39.6582],[-119.6803,39.6515],[-119.6589,39.6429],[-119.6386,39.6324],[-119.6201,39.6204],[-119.6034,39.6067],[-119.5888,39.5916],[-119.5765,39.5754],[-119.5628,39.5496],[-119.5549,39.5225],[-119.5529,39.4947],[-119.5569,39.4669],[-119.5668,39.4401],[-119.5824,39.4149],[-119.603,39.3921],[-119.6284,39.3723],[-119.6519,39.3588],[-119.6777,39.3478],[-119.7049,39.3397],[-119.7336,39.3345],[-119.7626,39.3324],[-119.792,39.3333],[-119.8207,39.3374],[-119.8486,39.3444],[-119.8084,39.4218]]]}},{"type":"Feature","properties":{"name":"SACRAMENTO CLASS D","class":"D","lower":"0","lower_code":"SFC","upper":"2600"},"geometry":{"type":"Polygon","coordinates":[[[-121.1996,38.634],[-121.1605,38.5785],[-121.2018,38.5605],[-121.2038,38.5392],[-121.2134,38.5192],[-121.2297,38.5022],[-121.2515,38.4894],[-121.2709,38.4831],[-121.2913,38.4804],[-121.3121,38.4811],[-121.3322,38.4855],[-121.3507,38.4931],[-121.3666,38.5037],[-121.3792,38.5167],[-121.3879,38.5315],[-121.3918,38.5442],[-121.3928,38.5573],[-121.3909,38.5703],[-121.3862,38.5828],[-121.3787,38.5946],[-121.3688,38.6051],[-121.3568,38.614],[-121.3429,38.6213],[-121.3177,38.6286],[-121.291,38.6302],[-121.2647,38.6259],[-121.2409,38.616],[-121.1996,38.634]]]}},{"type":"Feature","properties":{"name":"KANSAS CITY CLASS B","class":"B","lower":"0","lower_code":"SFC","upper":"8000"},"geometry":{"type":"Polygon","coordinates":[[[-94.5918,39.3295],[-94.5859,39.3093],[-94.5856,39.2885],[-94.5908,39.2681],[-94.6013,39.249],[-94.6166,39.232],[-94.6362,39.2178],[-94.659,39.2071],[-94.6842,39.2002],[-94.7107,39.1976],[-94.7373,39.1992],[-94.763,39.2051],[-94.7865,39.2149],[-94.7911,39.2175],[-94.786,39.222],[-94.7833,39.2277],[-94.7834,39.2338],[-94.7862,39.2394],[-94.7932,39.2448],[-94.8027,39.2472],[-94.8125,39.246],[-94.8206,39.2415],[-94.834,39.2616],[-94.8414,39.2835],[-94.8427,39.2961],[-94.8419,39.3086],[-94.8392,39.321],[-94.8344,39.333],[-94.7894,39.3294],[-94.7746,39.3448],[-94.7546,39.3564],[-94.7431,39.3951],[-94.7196,39.3976],[-94.6959,39.3967],[-94.6727,39.3925],[-94.651,39.385],[-94.6315,39.3746],[-94.6148,39.3616],[-94.6014,39.3464],[-94.5918,39.3295]]]}},{"type":"Feature","properties":{"name":"KANSAS CITY CLASS B","class":"B","lower":"2400","lower_code":"MSL","upper":"8000"},"geometry":{"type":"Polygon","coordinates":[[[-94.5421,39.3977],[-94.5271,39.38],[-94.5152,39.361],[-94.5065,39.3409],[-94.5011,39.32],[-94.4992,39.2989],[-94.5008,39.2777],[-94.5057,39.2569],[-94.5141,39.2366],[-94.5252,39.2182],[-94.5389,39.201],[-94.6167,39.1917],[-94.6762,39.1334],[-94.7148,39.1308],[-94.7536,39.1337],[-94.791,39.142],[-94.8258,39.1553],[-94.857,39.1734],[-94.8835,39.1954],[-94.9045,39.221],[-94.9191,39.2489],[-94.926,39.2721],[-94.9286,39.2958],[-94.9267,39.3196],[-94.9205,39.343],[-94.9102,39.3428],[-94.9004,39.345],[-94.8919,39.3496],[-94.8858,39.356],[-94.8824,39.3643],[-94.8829,39.3731],[-94.8872,39.3811],[-94.8949,39.3875],[-94.8799,39.4035],[-94.8485,39.4276],[-94.8114,39.4463],[-94.7765,39.4572],[-94.7399,39.4632],[-94.7025,39.4642],[-94.6652,39.4601],[-94.6297,39.4511],[-94.5965,39.4374],[-94.5671,39.4195],[-94.5421,39.3977]],[[-94.5918,39.3295],[-94.6014,39.3464],[-94.6148,39.3616],[-94.6315,39.3746],[-94.651,39.385],[-94.6727,39.3925],[-94.6959,39.3967],[-94.7196,39.3976],[-94.7431,39.3951],[-94.7546,39.3564],[-94.7746,39.3448],[-94.7894,39.3294],[-94.8344,39.333],[-94.8392,39.321],[-94.8419,39.3086],[-94.8427,39.2961],[-94.8414,39.2835],[-94.834,39.2616],[-94.8206,39.2415],[-94.8125,39.246],[-94.8027,39.2472],[-94.7932,39.2448],[-94.7862,39.2394],[-94.7834,39.2338],[-94.7833,39.2277],[-94.786,39.222],[-94.7911,39.2175],[-94.7865,39.2149],[-94.763,39.2051],[-94.7373,39.1992],[-94.7107,39.1976],[-94.6842,39.2002],[-94.659,39.2071],[-94.6362,39.2178],[-94.6166,39.232],[-94.6013,39.249],[-94.5908,39.2681],[-94.5856,39.2885],[-94.5859,39.3093],[-94.5918,39.3295]]]}},{"type":"Feature","properties":{"name":"KANSAS CITY CLASS B","class":"B","lower":"3000","lower_code":"MSL","upper":"8000"},"geometry":{"type":"Polygon","coordinates":[[[-94.4094,39.2165],[-94.5389,39.201],[-94.5181,39.2294],[-94.5047,39.2603],[-94.501,39.2764],[-94.4993,39.2927],[-94.4997,39.309],[-94.5021,39.3251],[-94.5065,39.3411],[-94.513,39.3566],[-94.5315,39.3858],[-94.5571,39.4117],[-94.5886,39.4331],[-94.6143,39.4455],[-94.6419,39.4548],[-94.6711,39.4611],[-94.701,39.4641],[-94.7311,39.4639],[-94.7609,39.4604],[-94.7897,39.4537],[-94.8173,39.4439],[-94.84,39.4327],[-94.8607,39.4194],[-94.8791,39.4043],[-94.8949,39.3875],[-94.8882,39.3823],[-94.8839,39.3757],[-94.8821,39.3685],[-94.8832,39.3612],[-94.8884,39.3528],[-94.8972,39.3464],[-94.9085,39.343],[-94.9205,39.343],[-94.9273,39.3162],[-94.9283,39.2887],[-94.9258,39.2713],[-94.9211,39.254],[-94.9139,39.2372],[-94.9046,39.2211],[-94.8931,39.2059],[-94.8796,39.1916],[-94.8642,39.1786],[-94.8472,39.1669],[-94.8089,39.1481],[-94.7663,39.1359],[-94.7215,39.1309],[-94.6762,39.1334],[-94.6775,39.1235],[-94.6809,39.1188],[-94.6824,39.1125],[-94.6778,39.1052],[-94.6804,39.0964],[-94.6788,39.0489],[-94.7345,39.0479],[-94.79,39.0545],[-94.8186,39.061],[-94.8464,39.0696],[-94.873,39.0802],[-94.8979,39.0924],[-94.9216,39.1066],[-94.9433,39.1222],[-94.9633,39.1395],[-94.9809,39.158],[-94.9964,39.1779],[-95.0094,39.1986],[-95.02,39.2203],[-95.0279,39.2425],[-95.0332,39.2654],[-95.0357,39.2883],[-95.0355,39.3116],[-95.0325,39.3345],[-95.0259,39.36],[-95.0159,39.3848],[-95.0027,39.4087],[-94.9865,39.4312],[-94.9671,39.4524],[-94.9451,39.472],[-94.9205,39.4897],[-94.8939,39.5052],[-94.8651,39.5186],[-94.8347,39.5296],[-94.8029,39.5381],[-94.7705,39.5439],[-94.7372,39.5472],[-94.7039,39.5477],[-94.6704,39.5455],[-94.6374,39.5407],[-94.6052,39.5332],[-94.5745,39.5233],[-94.5453,39.5109],[-94.5177,39.4962],[-94.4924,39.4795],[-94.4693,39.4606],[-94.4488,39.44],[-94.4312,39.4178],[-94.4168,39.3946],[-94.4055,39.3701],[-94.3975,39.3449],[-94.393,39.3191],[-94.3919,39.2931],[-94.3943,39.2672],[-94.4002,39.2416],[-94.4094,39.2165]]]}},{"type":"Feature","properties":{"name":"KANSAS CITY CLASS B","class":"B","lower":"4000","lower_code":"MSL","upper":"8000"},"geometry":{"type":"Polygon","coordinates":[[[-94.4294,39.5479],[-94.3954,39.5218],[-94.3652,39.4928],[-94.3395,39.4616],[-94.3183,39.428],[-94.3022,39.3932],[-94.2911,39.3568],[-94.2854,39.3198],[-94.285,39.2824],[-94.29,39.2453],[-94.3003,39.2088],[-94.3157,39.1734],[-94.3361,39.1396],[-94.3612,39.1078],[-94.3907,39.0784],[-94.4242,39.0517],[-94.4613,39.0281],[-94.5016,39.0078],[-94.5444,38.9912],[-94.5894,38.9784],[-94.6359,38.9696],[-94.6833,38.9648],[-94.7312,38.9642],[-94.7788,38.9678],[-94.8256,38.9755],[-94.871,38.9872],[-94.9145,39.0028],[-94.9555,39.0221],[-94.9936,39.0448],[-95.0281,39.0706],[-95.0588,39.0994],[-95.0851,39.1306],[-95.1067,39.1635],[-95.12,39.1899],[-95.1304,39.2171],[-95.1377,39.2449],[-95.142,39.2727],[-95.1433,39.301],[-95.1415,39.329],[-95.1366,39.3571],[-95.1287,39.3844],[-95.1178,39.4115],[-95.1041,39.4374],[-95.0875,39.4627],[-95.0684,39.4864],[-95.0464,39.5091],[-95.0224,39.5301],[-94.9962,39.5494],[-94.9679,39.5669],[-94.9375,39.5827],[-94.9058,39.5962],[-94.8723,39.6078],[-94.8381,39.617],[-94.8026,39.6241],[-94.7669,39.6287],[-94.7308,39.631],[-94.6945,39.6309],[-94.658,39.6284],[-94.6223,39.6236],[-94.5868,39.6164],[-94.5527,39.6069],[-94.5198,39.5953],[-94.4878,39.5815],[-94.4579,39.5657],[-94.4294,39.5479]],[[-94.6762,39.1334],[-94.6167,39.1917],[-94.4094,39.2165],[-94.3997,39.243],[-94.3939,39.2701],[-94.3918,39.2976],[-94.3937,39.3248],[-94.3994,39.352],[-94.4089,39.3782],[-94.4221,39.4038],[-94.4386,39.4278],[-94.4595,39.4513],[-94.4834,39.4726],[-94.5103,39.4917],[-94.5399,39.5083],[-94.5716,39.5222],[-94.6052,39.5332],[-94.6402,39.5412],[-94.6762,39.5461],[-94.7126,39.5478],[-94.7491,39.5463],[-94.7851,39.5417],[-94.8202,39.5339],[-94.8539,39.523],[-94.8858,39.5093],[-94.9155,39.4929],[-94.9428,39.4738],[-94.977,39.4422],[-94.9915,39.4248],[-95.0041,39.4064],[-95.0147,39.3874],[-95.0232,39.3677],[-95.0296,39.3475],[-95.0338,39.327],[-95.0358,39.3063],[-95.0355,39.2856],[-95.0331,39.2649],[-95.0285,39.2444],[-95.0217,39.2244],[-95.0128,39.2048],[-95.0018,39.1859],[-94.9889,39.1677],[-94.9689,39.145],[-94.9455,39.124],[-94.9194,39.1051],[-94.8908,39.0886],[-94.8603,39.0748],[-94.8277,39.0636],[-94.7937,39.0552],[-94.7588,39.0498],[-94.7188,39.0474],[-94.6788,39.0489],[-94.6804,39.0964],[-94.6778,39.1052],[-94.6824,39.1125],[-94.6809,39.1188],[-94.6775,39.1235],[-94.6762,39.1334]]]}},{"type":"Feature","properties":{"name":"NEW YORK CLASS B","class":"B","lower":"1800","lower_code":"MSL","upper":"7000"},"geometry":{"type":"Polygon","coordinates":[[[-74.0079,40.8424],[-74.0001,40.7866],[-74.0037,40.7813],[-74.0106,40.7764],[-74.0117,40.775],[-74.01,40.7726],[-74.0122,40.77],[-74.0144,40.77],[-74.0167,40.7642],[-74.0228,40.7578],[-74.0244,40.7534],[-74.0221,40.744],[-74.0257,40.7414],[-74.0321,40.7274],[-74.0428,40.7454],[-74.0577,40.7616],[-74.0762,40.7754],[-74.0977,40.7865],[-74.1215,40.7944],[-74.1468,40.7989],[-74.1728,40.7998],[-74.1985,40.7972],[-74.221,40.7917],[-74.242,40.7834],[-74.2609,40.7726],[-74.2787,40.7582],[-74.2916,40.7432],[-74.3018,40.725],[-74.3071,40.7075],[-74.3086,40.6878],[-74.3376,40.6832],[-74.3534,40.6738],[-74.3823,40.6658],[-74.3852,40.6853],[-74.3845,40.7068],[-74.3801,40.7281],[-74.3722,40.7488],[-74.3608,40.7685],[-74.3462,40.7869],[-74.3286,40.8038],[-74.31,40.8176],[-74.2874,40.8306],[-74.2629,40.8413],[-73.9597,40.9465],[-73.9638,40.9421],[-73.9632,40.9318],[-73.9715,40.8995],[-74.0043,40.8507],[-74.0079,40.8424]]]}},{"type":"Feature","properties":{"name":"NEW YORK CLASS B","class":"B","lower":"3000","lower_code":"MSL","upper":"7000"},"geometry":{"type":"Polygon","coordinates":[[[-73.5022,40.9673],[-73.4827,40.9425],[-73.4652,40.9149],[-73.4497,40.8828],[-73.4384,40.8497],[-73.4349,40.8468],[-73.4929,40.8101],[-73.476,40.7557],[-73.4746,40.7473],[-73.4753,40.7246],[-73.5139,40.7256],[-73.536,40.7551],[-73.564,40.7816],[-73.5971,40.8045],[-73.6326,40.8222],[-73.6444,40.8513],[-73.6621,40.8786],[-73.6856,40.9032],[-73.7124,40.9234],[-73.743,40.9402],[-73.7766,40.9532],[-73.8126,40.9621],[-73.8499,40.9665],[-73.8782,40.967],[-73.9064,40.965],[-74.265,40.8405],[-74.2914,40.8286],[-74.317,40.8127],[-74.3377,40.7956],[-74.3563,40.7748],[-74.3705,40.7521],[-74.3801,40.7281],[-74.3848,40.7033],[-74.3846,40.6782],[-74.3814,40.6604],[-74.3764,40.6448],[-74.3695,40.6297],[-74.3596,40.6135],[-74.3489,40.5997],[-74.3349,40.5854],[-74.3191,40.5723],[-74.3015,40.5606],[-74.3281,40.5189],[-74.2496,40.4896],[-74.2233,40.5307],[-74.1795,40.5253],[-74.1351,40.5267],[-73.9989,40.4684],[-73.9857,40.4487],[-73.9831,40.4413],[-73.9824,40.4267],[-73.9753,40.3948],[-73.9713,40.3577],[-73.9724,40.3466],[-73.976,40.3382],[-74.0096,40.3533],[-74.0432,40.3717],[-74.0843,40.3641],[-74.1286,40.3594],[-74.1733,40.3582],[-74.2178,40.3605],[-74.2619,40.3662],[-74.305,40.3754],[-74.3466,40.3878],[-74.3863,40.4034],[-74.4238,40.4221],[-74.4586,40.4436],[-74.4904,40.4676],[-74.5174,40.4926],[-74.5423,40.521],[-74.5623,40.5496],[-74.5794,40.5811],[-74.5916,40.6122],[-74.5995,40.6421],[-74.6036,40.6708],[-74.6044,40.6995],[-74.602,40.7283],[-74.5958,40.7585],[-74.5868,40.7864],[-74.5745,40.8137],[-74.5592,40.84],[-74.5397,40.8668],[-74.5185,40.8906],[-74.4946,40.913],[-74.4683,40.9337],[-74.4378,40.9538],[-74.407,40.9706],[-74.3744,40.9853],[-74.3402,40.9979],[-74.3002,41.0093],[-74.2589,41.0177],[-74.2168,41.0229],[-74.1717,41.0252],[-74.1356,41.0487],[-74.0943,41.0699],[-74.0501,41.0875],[-74.0035,41.1011],[-73.9645,41.1091],[-73.927,41.1142],[-73.8867,41.1168],[-73.8486,41.1167],[-73.7989,41.1128],[-73.7478,41.1042],[-73.6985,41.091],[-73.6516,41.0735],[-73.6097,41.0529],[-73.5694,41.0277],[-73.5334,40.999],[-73.5022,40.9673]]]}},{"type":"Feature","properties":{"name":"MIDLAND INTERNATIONAL AIRPORT CLASS C","class":"C","lower":"0","lower_code":"SFC","upper":"6900"},"geometry":{"type":"Polygon","coordinates":[[[-102.2019,32.026],[-102.1828,32.0244],[-102.1645,32.0197],[-102.1476,32.012],[-102.1326,32.0016],[-102.1205,31.9889],[-102.1114,31.9745],[-102.1059,31.9589],[-102.104,31.9426],[-102.1059,31.9263],[-102.1114,31.9106],[-102.1205,31.8962],[-102.1327,31.8835],[-102.1475,31.8731],[-102.1645,31.8654],[-102.1828,31.8606],[-102.202,31.859],[-102.2211,31.8606],[-102.2394,31.8654],[-102.2563,31.8731],[-102.2712,31.8835],[-102.2834,31.8962],[-102.2924,31.9106],[-102.298,31.9263],[-102.2999,31.9425],[-102.298,31.9589],[-102.2924,31.9745],[-102.2834,31.9889],[-102.2712,32.0016],[-102.2564,32.0119],[-102.2394,32.0197],[-102.221,32.0244],[-102.2019,32.026]]]}},{"type":"Feature","properties":{"name":"CHARLOTTE CLASS B","class":"B","lower":"5000","lower_code":"MSL","upper":"10000"},"geometry":{"type":"Polygon","coordinates":[[[-80.6504,34.9665],[-80.6898,34.9352],[-80.7307,35.2188],[-80.5498,35.2418],[-80.5452,35.2006],[-80.5471,35.1574],[-80.5553,35.1166],[-80.5703,35.0752],[-80.5906,35.0373],[-80.6177,35.0003],[-80.6504,34.9665]]]}},{"type":"Feature","properties":{"name":"CHARLOTTE CLASS B","class":"B","lower":"3600","lower_code":"MSL","upper":"10000"},"geometry":{"type":"Polygon","coordinates":[[[-80.9531,35.0067],[-80.9075,35.0103],[-80.8637,35.0215],[-80.8422,35.0303],[-80.8237,35.0398],[-80.7905,35.0632],[-80.7748,35.0782],[-80.7622,35.0929],[-80.7515,35.1086],[-80.7427,35.1251],[-80.7354,35.1439],[-80.7309,35.1615],[-80.7285,35.1794],[-80.7281,35.1992],[-80.6761,34.8399],[-80.7352,34.8129],[-80.7673,34.8015],[-80.8003,34.792],[-80.866,34.779],[-80.9354,34.7732],[-81.0052,34.7753],[-81.0718,34.7848],[-81.1054,34.7926],[-81.1383,34.8023],[-81.2014,34.827],[-81.2013,34.9269],[-81.2411,34.9558],[-81.2397,34.9617],[-81.2459,34.9717],[-81.2468,34.98],[-81.2457,34.9856],[-81.2392,34.9969],[-81.2402,35.0053],[-81.2526,35.0197],[-81.2553,35.0331],[-81.2525,35.0506],[-81.2471,35.0561],[-81.2348,35.0617],[-81.2285,35.0689],[-81.2264,35.0772],[-81.2327,35.0897],[-81.2336,35.0958],[-81.2282,35.1086],[-81.2156,35.1276],[-81.2146,35.1471],[-81.2123,35.1499],[-81.1987,35.1579],[-81.1966,35.1624],[-81.1975,35.1724],[-81.2076,35.1829],[-81.2086,35.1904],[-81.2125,35.2004],[-81.2037,35.2118],[-81.2001,35.2249],[-81.194,35.2354],[-81.1892,35.25],[-81.1301,35.2316],[-81.1185,35.2235],[-81.1114,35.2125],[-81.1096,35.2036],[-81.1108,35.1947],[-81.1149,35.1864],[-81.1215,35.1793],[-81.1362,35.1715],[-81.1724,35.1603],[-81.1658,35.1376],[-81.1559,35.1157],[-81.1426,35.095],[-81.1263,35.0758],[-81.1103,35.0611],[-81.0925,35.0478],[-81.073,35.0362],[-81.0502,35.0255],[-81.0281,35.0178],[-81.003,35.0116],[-80.9793,35.0081],[-80.9531,35.0067]]]}},{"type":"Feature","properties":{"name":"CHARLOTTE CLASS B","class":"B","lower":"4000","lower_code":"MSL","upper":"10000"},"geometry":{"type":"Polygon","coordinates":[[[-81.2395,34.9592],[-81.2411,34.9558],[-81.2728,34.9856],[-81.2943,35.0105],[-81.3118,35.0354],[-81.3259,35.0598],[-81.3376,35.085],[-81.3467,35.1109],[-81.3529,35.1355],[-81.3214,35.1518],[-81.2291,35.1931],[-81.2114,35.1978],[-81.2076,35.1829],[-81.1975,35.1724],[-81.1966,35.1624],[-81.1987,35.1579],[-81.2123,35.1499],[-81.2146,35.1471],[-81.2156,35.1276],[-81.2266,35.1114],[-81.233,35.0983],[-81.2334,35.0917],[-81.2264,35.0772],[-81.2285,35.0689],[-81.2348,35.0617],[-81.2497,35.0539],[-81.2537,35.0469],[-81.2553,35.0331],[-81.2533,35.0214],[-81.2419,35.0083],[-81.2399,35.0033],[-81.2392,34.9969],[-81.2457,34.9856],[-81.2468,34.9775],[-81.2459,34.9717],[-81.2405,34.9642],[-81.2395,34.9592]]]}},{"type":"Feature","properties":{"name":"MILTON NAS WHITING FIELD CLASS C","class":"C","lower":"0","lower_code":"SFC","upper":"4200"},"geometry":{"type":"Polygon","coordinates":[[[-86.9529,30.6557],[-86.9752,30.6397],[-86.9778,30.6464],[-86.9851,30.6524],[-86.9929,30.6545],[-87.0029,30.6528],[-87.0079,30.6498],[-87.0124,30.644],[-87.0138,30.637],[-87.0107,30.6287],[-87.0128,30.6284],[-87.0314,30.628],[-87.0478,30.6301],[-87.0655,30.6355],[-87.0799,30.6426],[-87.0942,30.653],[-87.1048,30.6641],[-87.1138,30.6782],[-87.1191,30.6918],[-87.1217,30.7078],[-87.121,30.7222],[-87.1174,30.7362],[-87.1111,30.7495],[-87.0998,30.7645],[-87.0849,30.7771],[-87.0673,30.7866],[-87.0478,30.7927],[-87.0271,30.795],[-87.0064,30.7934],[-86.9885,30.7888],[-86.9702,30.7803],[-86.9559,30.7699],[-86.943,30.7558],[-86.9339,30.7397],[-86.929,30.7223],[-86.9286,30.7043],[-86.9325,30.6867],[-86.9408,30.6702],[-86.9529,30.6557]]]}},{"type":"Feature","properties":{"name":"MILTON NAS WHITING FIELD CLASS C","class":"C","lower":"1400","lower_code":"MSL","upper":"4200"},"geometry":{"type":"Polygon","coordinates":[[[-86.9166,30.646],[-86.9166,30.573],[-86.9379,30.5622],[-86.9626,30.5532],[-86.9885,30.5473],[-87.0127,30.5446],[-87.0257,30.5651],[-87.0434,30.5851],[-87.0644,30.6025],[-87.0882,30.6169],[-87.1142,30.6281],[-87.1419,30.6358],[-87.1706,30.6398],[-87.1997,30.64],[-87.2129,30.6721],[-87.2182,30.7042],[-87.218,30.7221],[-87.2159,30.7382],[-87.2063,30.7695],[-87.1981,30.786],[-87.1878,30.8016],[-87.1631,30.8283],[-87.1478,30.8405],[-87.131,30.8512],[-87.0959,30.8668],[-87.0557,30.8763],[-87.0162,30.8783],[-86.9771,30.8732],[-86.9399,30.8614],[-86.92,30.8517],[-86.8999,30.8388],[-86.8819,30.8238],[-86.8663,30.807],[-86.8534,30.7885],[-86.8434,30.7688],[-86.8363,30.748],[-86.8325,30.7267],[-86.8317,30.707],[-86.834,30.6855],[-86.8407,30.6841],[-86.8911,30.6569],[-86.9166,30.646]]]}},{"type":"Feature","properties":{"name":"SAN ANTONIO AIRPORT CLASS C","class":"C","lower":"2000","lower_code":"MSL","upper":"4800"},"geometry":{"type":"Polygon","coordinates":[[[-98.3041,29.4504],[-98.3229,29.4267],[-98.3461,29.4063],[-98.3729,29.3896],[-98.4025,29.3772],[-98.4342,29.3694],[-98.4669,29.3665],[-98.4997,29.3686],[-98.5316,29.3755],[-98.5616,29.3871],[-98.589,29.4031],[-98.6128,29.4229],[-98.6324,29.4461],[-98.6472,29.4718],[-98.6567,29.4993],[-98.6607,29.5279],[-98.659,29.5567],[-98.5643,29.5451],[-98.5652,29.5308],[-98.5636,29.5183],[-98.56,29.5062],[-98.5533,29.493],[-98.5454,29.4825],[-98.5342,29.472],[-98.523,29.4642],[-98.5086,29.4573],[-98.4871,29.4514],[-98.4646,29.4502],[-98.4404,29.4541],[-98.4199,29.4623],[-98.4067,29.4708],[-98.3967,29.4798],[-98.3883,29.49],[-98.3817,29.5012],[-98.3771,29.5131],[-98.3747,29.5255],[-98.3744,29.538],[-98.3762,29.5505],[-98.3809,29.5643],[-98.3872,29.5756],[-98.3953,29.5859],[-98.4051,29.5951],[-98.4289,29.6091],[-98.4564,29.6163],[-98.4431,29.699],[-98.4071,29.6914],[-98.3698,29.676],[-98.3529,29.6658],[-98.3373,29.654],[-98.3232,29.6408],[-98.3109,29.6264],[-98.3003,29.6109],[-98.2911,29.5929],[-98.2848,29.5757],[-98.2807,29.5581],[-98.2788,29.5401],[-98.2793,29.5203],[-98.2821,29.5025],[-98.287,29.485],[-98.294,29.4681],[-98.3041,29.4504]]]}},{"type":"Feature","properties":{"name":"SAN ANTONIO AIRPORT CLASS C","class":"C","lower":"2200","lower_code":"MSL","upper":"4800"},"geometry":{"type":"Polygon","coordinates":[[[-98.4431,29.699],[-98.4564,29.6163],[-98.4749,29.617],[-98.4932,29.6146],[-98.5106,29.6091],[-98.5264,29.6008],[-98.5402,29.59],[-98.5513,29.5771],[-98.5593,29.5625],[-98.5644,29.5451],[-98.659,29.5567],[-98.6497,29.5898],[-98.634,29.619],[-98.6121,29.6451],[-98.5849,29.667],[-98.5515,29.6846],[-98.5167,29.6955],[-98.4801,29.7004],[-98.4431,29.699]]]}},{"type":"Feature","properties":{"name":"ST PETERSBURG ALBERT-WHITTED AIRPORT CLASS D","class":"D","lower":"0","lower_code":"SFC","upper":"1500"},"geometry":{"type":"Polygon","coordinates":[[[-82.6022,27.828],[-82.554,27.7802],[-82.5522,27.769],[-82.5525,27.7582],[-82.5588,27.7374],[-82.5658,27.7265],[-82.5765,27.7157],[-82.5895,27.7072],[-82.6043,27.7013],[-82.6201,27.6984],[-82.6363,27.6986],[-82.6521,27.7019],[-82.6649,27.7072],[-82.6764,27.7145],[-82.6862,27.7236],[-82.6939,27.7342],[-82.6992,27.7459],[-82.702,27.7582],[-82.7021,27.7708],[-82.6995,27.7832],[-82.6953,27.7933],[-82.6881,27.8042],[-82.6787,27.8137],[-82.6676,27.8214],[-82.6568,27.8265],[-82.6433,27.8303],[-82.6292,27.8318],[-82.6151,27.831],[-82.6022,27.828]]]}},{"type":"Feature","properties":{"name":"WHEELING CLASS D","class":"D","lower":"0","lower_code":"SFC","upper":"3000"},"geometry":{"type":"Polygon","coordinates":[[[-87.8411,42.0563],[-87.8618,42.0647],[-87.8824,42.0695],[-87.9038,42.0711],[-87.9253,42.0697],[-87.9311,42.0769],[-87.9403,42.0842],[-87.9605,42.0788],[-87.9805,42.0704],[-87.9928,42.0867],[-87.9994,42.1057],[-87.9989,42.1254],[-87.9924,42.1426],[-87.9805,42.1582],[-87.9657,42.1699],[-87.9457,42.1799],[-87.9254,42.1855],[-87.9039,42.1876],[-87.8824,42.1862],[-87.8617,42.1814],[-87.8411,42.1722],[-87.8255,42.161],[-87.8137,42.1475],[-87.806,42.1324],[-87.803,42.1147],[-87.8053,42.0987],[-87.8132,42.0818],[-87.8249,42.0682],[-87.8411,42.0563]]]}},{"type":"Feature","properties":{"name":"HOUSTON CLASS B","class":"B","lower":"3000","lower_code":"MSL","upper":"10000"},"geometry":{"type":"Polygon","coordinates":[[[-94.7855,29.843],[-94.9856,29.8421],[-94.973,29.8783],[-94.9653,29.9137],[-94.9621,29.9495],[-94.9634,29.9855],[-94.9695,30.0229],[-94.9797,30.0577],[-94.9942,30.0914],[-95.0129,30.1236],[-94.8039,30.1272],[-94.7913,30.0928],[-94.7816,30.0578],[-94.7749,30.0222],[-94.7711,29.9863],[-94.7702,29.9502],[-94.7724,29.9142],[-94.7775,29.8784],[-94.7855,29.843]]]}},{"type":"Feature","properties":{"name":"HOUSTON CLASS B","class":"B","lower":"3000","lower_code":"MSL","upper":"10000"},"geometry":{"type":"Polygon","coordinates":[[[-95.719,29.88],[-95.7059,29.8421],[-95.9059,29.843],[-95.9143,29.8799],[-95.9192,29.9155],[-95.9213,29.9513],[-95.9204,29.9872],[-95.9165,30.0229],[-95.9097,30.0582],[-95.9001,30.0931],[-95.8875,30.1272],[-95.6786,30.1236],[-95.6972,30.0914],[-95.7118,30.0578],[-95.722,30.0229],[-95.7279,29.9873],[-95.7294,29.9513],[-95.7264,29.9154],[-95.719,29.88]]]}},{"type":"Feature","properties":{"name":"HOUSTON CLASS B","class":"B","lower":"3000","lower_code":"MSL","upper":"10000"},"geometry":{"type":"Polygon","coordinates":[[[-95.0928,30.2082],[-95.0702,30.1896],[-95.0495,30.1694],[-95.0308,30.1479],[-95.0129,30.1235],[-95.1316,30.1244],[-95.1536,30.1434],[-95.1778,30.1604],[-95.204,30.1749],[-95.2299,30.1863],[-95.259,30.1958],[-95.2871,30.2022],[-95.3178,30.2063],[-95.3468,30.2075],[-95.3758,30.2061],[-95.4065,30.2018],[-95.4345,30.1953],[-95.4635,30.1856],[-95.4894,30.1741],[-95.5154,30.1594],[-95.538,30.1435],[-95.56,30.1244],[-95.6786,30.1236],[-95.6548,30.1553],[-95.6285,30.1831],[-95.5972,30.2095],[-95.5645,30.2316],[-95.5273,30.2514],[-95.4897,30.2667],[-95.4484,30.2789],[-95.4078,30.2866],[-95.3645,30.2906],[-95.3229,30.2904],[-95.2817,30.2863],[-95.2412,30.2783],[-95.2019,30.2666],[-95.1625,30.2505],[-95.1271,30.2316],[-95.0928,30.2082]]]}},{"type":"Feature","properties":{"name":"PEORIA, GENERAL DOWNING-PEORIA INTERNATIONAL AIRPORT CLASS C","class":"C","lower":"0","lower_code":"SFC","upper":"4700"},"geometry":{"type":"Polygon","coordinates":[[[-89.6932,40.7476],[-89.6719,40.746],[-89.6514,40.7412],[-89.6324,40.7336],[-89.6158,40.7232],[-89.6022,40.7105],[-89.5921,40.6961],[-89.5859,40.6805],[-89.5837,40.6642],[-89.5858,40.648],[-89.5921,40.6323],[-89.6022,40.6179],[-89.6159,40.6052],[-89.6324,40.5949],[-89.6514,40.5871],[-89.6719,40.5824],[-89.6933,40.5808],[-89.7147,40.5824],[-89.7352,40.5872],[-89.7541,40.5949],[-89.7707,40.6053],[-89.7843,40.6179],[-89.7944,40.6323],[-89.8007,40.648],[-89.8028,40.6643],[-89.8006,40.6806],[-89.7944,40.6962],[-89.7843,40.7106],[-89.7707,40.7232],[-89.7541,40.7336],[-89.7352,40.7412],[-89.7146,40.746],[-89.6932,40.7476]]]}},{"type":"Feature","properties":{"name":"PEORIA, GENERAL DOWNING-PEORIA INTERNATIONAL AIRPORT CLASS C","class":"C","lower":"2000","lower_code":"MSL","upper":"4700"},"geometry":{"type":"Polygon","coordinates":[[[-89.5975,40.5143],[-89.6453,40.5892],[-89.6242,40.5995],[-89.6066,40.6132],[-89.5936,40.6296],[-89.5859,40.6477],[-89.5838,40.6668],[-89.5874,40.6856],[-89.5966,40.7035],[-89.6108,40.7191],[-89.6334,40.734],[-89.6602,40.7437],[-89.6895,40.7475],[-89.7191,40.7452],[-89.7468,40.737],[-89.7705,40.7233],[-89.7885,40.7053],[-89.7995,40.6843],[-89.9059,40.7043],[-89.8939,40.7312],[-89.876,40.7562],[-89.8609,40.7716],[-89.8436,40.7855],[-89.8243,40.7979],[-89.8035,40.8084],[-89.781,40.817],[-89.7575,40.8236],[-89.733,40.8282],[-89.708,40.8306],[-89.6829,40.8308],[-89.6578,40.8288],[-89.6332,40.8246],[-89.6096,40.8184],[-89.5871,40.8101],[-89.5657,40.7999],[-89.5461,40.7878],[-89.5284,40.7741],[-89.5131,40.7592],[-89.5,40.7428],[-89.4894,40.7254],[-89.4816,40.7072],[-89.4765,40.6886],[-89.4743,40.6695],[-89.475,40.6503],[-89.4786,40.6313],[-89.485,40.6128],[-89.4941,40.5949],[-89.5059,40.578],[-89.5201,40.5622],[-89.5366,40.5477],[-89.5552,40.5348],[-89.5756,40.5236],[-89.5975,40.5143]]]}},{"type":"Feature","properties":{"name":"PEORIA, GENERAL DOWNING-PEORIA INTERNATIONAL AIRPORT CLASS C","class":"C","lower":"1800","lower_code":"MSL","upper":"4700"},"geometry":{"type":"Polygon","coordinates":[[[-89.7995,40.6843],[-89.8028,40.6641],[-89.7994,40.6439],[-89.7898,40.6249],[-89.7744,40.6082],[-89.7616,40.599],[-89.747,40.5915],[-89.7309,40.5859],[-89.7139,40.5823],[-89.6965,40.5808],[-89.6789,40.5815],[-89.6617,40.5843],[-89.6453,40.5892],[-89.5975,40.5143],[-89.6302,40.5045],[-89.6646,40.4989],[-89.6997,40.4975],[-89.7348,40.5005],[-89.7689,40.5077],[-89.8008,40.519],[-89.8299,40.534],[-89.8555,40.5523],[-89.8723,40.5683],[-89.8863,40.5856],[-89.8975,40.6043],[-89.9056,40.6236],[-89.9106,40.6436],[-89.9123,40.6639],[-89.9107,40.6842],[-89.9059,40.7043],[-89.7995,40.6843]]]}},{"type":"Feature","properties":{"name":"LAS VEGAS CLASS B","class":"B","lower":"4500","lower_code":"MSL","upper":"10000"},"geometry":{"type":"Polygon","coordinates":[[[-114.8583,36.1329],[-114.8536,36.1098],[-114.8331,36.1118],[-114.8311,36.0903],[-114.8312,36.067],[-114.8342,36.0419],[-114.8406,36.0155],[-114.8495,35.9914],[-114.8621,35.9665],[-114.8806,35.9736],[-114.8905,35.958],[-114.9801,35.9986],[-114.9664,36.0232],[-114.9577,36.0493],[-114.9542,36.0761],[-114.9559,36.1013],[-114.9628,36.1277],[-114.9749,36.1529],[-114.9919,36.1761],[-115.0117,36.1956],[-114.9374,36.2534],[-114.9066,36.2229],[-114.882,36.1888],[-114.8644,36.152],[-114.8583,36.1329]]]}},{"type":"Feature","properties":{"name":"NEW YORK CLASS B","class":"B","lower":"1200","lower_code":"MSL","upper":"7000"},"geometry":{"type":"Polygon","coordinates":[[[-74.2414,40.6575],[-74.2276,40.6441],[-74.2596,40.6099],[-74.273,40.62],[-74.2845,40.6314],[-74.2939,40.6438],[-74.3011,40.6571],[-74.2909,40.6568],[-74.2456,40.6635],[-74.2414,40.6575]]]}},{"type":"Feature","properties":{"name":"NEW YORK CLASS B","class":"B","lower":"1200","lower_code":"MSL","upper":"7000"},"geometry":{"type":"Polygon","coordinates":[[[-73.7849,40.7723],[-73.8293,40.7662],[-73.8389,40.7739],[-73.8428,40.7905],[-73.7941,40.8032],[-73.7927,40.7911],[-73.7862,40.7809],[-73.7849,40.7723]]]}},{"type":"Feature","properties":{"name":"PROVIDENCE, THEODORE FRANCIS GREEN STATE AIRPORT CLASS C","class":"C","lower":"0","lower_code":"SFC","upper":"4100"},"geometry":{"type":"Polygon","coordinates":[[[-71.4255,41.6402],[-71.447,41.6416],[-71.4677,41.6461],[-71.4869,41.6535],[-71.5038,41.6635],[-71.5178,41.6758],[-71.5284,41.6899],[-71.5352,41.7053],[-71.5378,41.7195],[-71.5368,41.7357],[-71.5316,41.7514],[-71.5225,41.766],[-71.5098,41.7791],[-71.4939,41.7901],[-71.4755,41.7985],[-71.4552,41.8042],[-71.4363,41.8067],[-71.4147,41.8065],[-71.3935,41.8032],[-71.3736,41.7969],[-71.3538,41.7867],[-71.339,41.775],[-71.3274,41.7613],[-71.3195,41.7462],[-71.3156,41.7285],[-71.3164,41.7123],[-71.3214,41.6966],[-71.3304,41.6819],[-71.3445,41.6674],[-71.3605,41.6566],[-71.3812,41.6475],[-71.404,41.642],[-71.4255,41.6402]]]}},{"type":"Feature","properties":{"name":"ANCHORAGE CLASS C","class":"C","lower":"0","lower_code":"SFC","upper":"4100"},"geometry":{"type":"Polygon","coordinates":[[[-150.0142,61.2618],[-149.9831,61.1767],[-149.8578,61.1767],[-149.8578,61.1411],[-150.1461,61.1411],[-150.1476,61.1427],[-150.155,61.1528],[-150.1592,61.1615],[-150.1618,61.1722],[-150.1618,61.1811],[-150.1593,61.1917],[-150.1552,61.2004],[-150.1397,61.2186],[-150.1161,61.2345],[-150.0856,61.2475],[-150.0498,61.2569],[-150.0142,61.2618]]]}},{"type":"Feature","properties":{"name":"FAYETTEVILLE CLASS C","class":"C","lower":"1400","lower_code":"MSL","upper":"4200"},"geometry":{"type":"Polygon","coordinates":[[[-78.8803,35.1581],[-78.8407,35.1549],[-78.8026,35.1455],[-78.7676,35.1301],[-78.7368,35.1093],[-78.7116,35.0841],[-78.6929,35.0553],[-78.6813,35.024],[-78.6774,34.9913],[-78.6813,34.9588],[-78.6929,34.9274],[-78.7116,34.8986],[-78.7369,34.8732],[-78.7675,34.8525],[-78.8026,34.837],[-78.8407,34.8275],[-78.8804,34.8243],[-78.92,34.8275],[-78.9581,34.8371],[-78.9932,34.8526],[-79.0238,34.8733],[-79.049,34.8987],[-79.0677,34.9275],[-79.0793,34.959],[-79.0831,34.9915],[-79.0792,35.024],[-79.0677,35.0552],[-79.049,35.0841],[-79.0237,35.1093],[-78.993,35.13],[-78.958,35.1454],[-78.9199,35.1549],[-78.8803,35.1581]]]}},{"type":"Feature","properties":{"name":"FAYETTEVILLE CLASS C","class":"C","lower":"0","lower_code":"SFC","upper":"4200"},"geometry":{"type":"Polygon","coordinates":[[[-78.8333,34.9173],[-78.8429,34.9187],[-78.8525,34.9176],[-78.8613,34.914],[-78.8682,34.9083],[-78.8847,34.9078],[-78.901,34.9095],[-78.9177,34.9136],[-78.9334,34.9201],[-78.9474,34.9286],[-78.9594,34.939],[-78.9691,34.951],[-78.9762,34.9641],[-78.9804,34.978],[-78.9817,34.9923],[-78.98,35.0066],[-78.9753,35.0204],[-78.9679,35.0333],[-78.9578,35.0451],[-78.9416,35.0577],[-78.9224,35.0671],[-78.9013,35.0729],[-78.8791,35.0747],[-78.8569,35.0724],[-78.8358,35.0663],[-78.817,35.0565],[-78.8012,35.0435],[-78.7892,35.028],[-78.7816,35.0107],[-78.7789,34.9925],[-78.781,34.9742],[-78.788,34.9567],[-78.7994,34.9409],[-78.8148,34.9275],[-78.8333,34.9173]]]}},{"type":"Feature","properties":{"name":"FAYETTEVILLE CLASS C","class":"C","lower":"1400","lower_code":"MSL","upper":"4200"},"geometry":{"type":"Polygon","coordinates":[[[-79.1161,35.1716],[-79.115,35.1582],[-79.1111,35.145],[-79.1048,35.1327],[-79.0961,35.1212],[-79.0853,35.111],[-79.0726,35.1024],[-79.0584,35.0956],[-79.0432,35.0908],[-79.0571,35.0731],[-79.0683,35.054],[-79.0764,35.0339],[-79.0814,35.0133],[-79.1061,35.0219],[-79.1292,35.0331],[-79.1504,35.0468],[-79.1691,35.0626],[-79.1852,35.0804],[-79.1982,35.0996],[-79.2081,35.1201],[-79.2146,35.1414],[-79.2178,35.169],[-79.2154,35.1966],[-79.2119,35.1943],[-79.2045,35.1959],[-79.2043,35.1928],[-79.2003,35.1923],[-79.1929,35.1948],[-79.1927,35.1932],[-79.1894,35.1924],[-79.1881,35.1941],[-79.1814,35.1898],[-79.1754,35.1932],[-79.1725,35.1916],[-79.1727,35.1863],[-79.1676,35.1845],[-79.1685,35.1814],[-79.1623,35.1806],[-79.1618,35.1789],[-79.1594,35.1794],[-79.1603,35.1826],[-79.1561,35.1801],[-79.1544,35.1809],[-79.155,35.1769],[-79.1516,35.1743],[-79.148,35.1762],[-79.1488,35.1732],[-79.1428,35.1691],[-79.1369,35.172],[-79.1365,35.1772],[-79.1324,35.1777],[-79.1297,35.1758],[-79.1315,35.174],[-79.1283,35.1716],[-79.1277,35.1679],[-79.1253,35.1666],[-79.1201,35.1716],[-79.1161,35.1716]]]}},{"type":"Feature","properties":{"name":"FAYETTEVILLE CLASS C","class":"C","lower":"0","lower_code":"SFC","upper":"4200"},"geometry":{"type":"Polygon","coordinates":[[[-78.9174,35.1955],[-78.9263,35.1968],[-79.0075,35.1052],[-78.9947,35.089],[-79.015,35.0874],[-79.0354,35.0892],[-79.0548,35.0943],[-79.0727,35.1025],[-79.0882,35.1135],[-79.1008,35.1268],[-79.1098,35.1419],[-79.1149,35.1581],[-79.1161,35.1737],[-79.1137,35.1892],[-79.1078,35.204],[-79.0987,35.2177],[-79.0866,35.2298],[-79.072,35.2398],[-79.0553,35.2473],[-79.0373,35.2522],[-79.0185,35.2543],[-78.9995,35.2534],[-78.981,35.2497],[-78.9638,35.2432],[-78.9483,35.2342],[-78.9351,35.223],[-78.9247,35.21],[-78.9174,35.1955]]]}},{"type":"Feature","properties":{"name":"MIDLAND INTERNATIONAL AIRPORT CLASS C","class":"C","lower":"4400","lower_code":"MSL","upper":"6900"},"geometry":{"type":"Polygon","coordinates":[[[-102.2967,31.7964],[-102.2494,31.8695],[-102.2336,31.8635],[-102.2168,31.86],[-102.1996,31.859],[-102.1824,31.8607],[-102.1658,31.8649],[-102.1504,31.8715],[-102.1365,31.8804],[-102.1248,31.8911],[-102.1136,31.9064],[-102.1066,31.9234],[-102.104,31.9412],[-102.1059,31.9591],[-102.1123,31.9763],[-102.1229,31.9919],[-102.1371,32.0052],[-102.1544,32.0156],[-102.1068,32.0886],[-102.0812,32.0741],[-102.0584,32.0562],[-102.0372,32.0331],[-102.0211,32.0069],[-102.0107,31.9789],[-102.0062,31.9497],[-102.0078,31.9203],[-102.0154,31.8915],[-102.0289,31.8643],[-102.0478,31.8396],[-102.0713,31.8182],[-102.099,31.8005],[-102.1298,31.7872],[-102.163,31.7788],[-102.1971,31.7756],[-102.2316,31.7774],[-102.2652,31.7845],[-102.2967,31.7964]]]}},{"type":"Feature","properties":{"name":"PHILADELPHIA CLASS B","class":"B","lower":"4000","lower_code":"MSL","upper":"7000"},"geometry":{"type":"Polygon","coordinates":[[[-75.5816,39.6669],[-75.6706,39.6481],[-75.682,39.6616],[-75.7016,39.6881],[-75.7185,39.7157],[-75.7326,39.7442],[-75.7433,39.7717],[-75.7519,39.8014],[-75.7573,39.8298],[-75.76,39.8585],[-75.76,39.889],[-75.6715,39.9076],[-75.6738,39.8753],[-75.6722,39.8449],[-75.6667,39.8128],[-75.6571,39.7814],[-75.6437,39.7508],[-75.6265,39.7213],[-75.6057,39.6933],[-75.5816,39.6669]]]}},{"type":"Feature","properties":{"name":"PHOENIX CLASS B","class":"B","lower":"0","lower_code":"SFC","upper":"9000"},"geometry":{"type":"Polygon","coordinates":[[[-112.0081,33.4594],[-111.9831,33.4581],[-111.9089,33.5019],[-111.8833,33.5019],[-111.8658,33.4818],[-111.8593,33.4706],[-111.8541,33.457],[-111.8515,33.4447],[-111.8507,33.4305],[-111.852,33.418],[-111.8558,33.4041],[-111.8619,33.3908],[-111.8701,33.3783],[-111.8804,33.3669],[-111.8925,33.3569],[-111.9153,33.3569],[-111.9772,33.4103],[-112.0369,33.4094],[-112.1056,33.3625],[-112.1508,33.3625],[-112.1595,33.3808],[-112.1655,33.3998],[-112.1689,33.4193],[-112.1695,33.4372],[-112.1675,33.4568],[-112.1634,33.4744],[-112.1563,33.4931],[-112.1475,33.5095],[-112.1125,33.5094],[-112.0375,33.4622],[-112.018,33.4621],[-112.0081,33.4594]]]}},{"type":"Feature","properties":{"name":"PHOENIX CLASS B","class":"B","lower":"3000","lower_code":"MSL","upper":"9000"},"geometry":{"type":"Polygon","coordinates":[[[-112.1601,33.3825],[-112.1508,33.3625],[-112.1056,33.3625],[-112.2007,33.305],[-112.2024,33.3103],[-112.216,33.3175],[-112.2293,33.3167],[-112.2357,33.3192],[-112.2466,33.3383],[-112.2571,33.3635],[-112.264,33.3877],[-112.268,33.4125],[-112.269,33.4376],[-112.2672,33.4609],[-112.2625,33.4858],[-112.2553,33.5083],[-112.1475,33.5095],[-112.1563,33.4931],[-112.1634,33.4744],[-112.1675,33.4568],[-112.1695,33.4372],[-112.1689,33.4193],[-112.1655,33.3998],[-112.1601,33.3825]]]}},{"type":"Feature","properties":{"name":"HARLINGEN AIRPORT CLASS C","class":"C","lower":"1200","lower_code":"MSL","upper":"4000"},"geometry":{"type":"Polygon","coordinates":[[[-97.576,26.3391],[-97.5761,26.3063],[-97.5847,26.2973],[-97.5867,26.2854],[-97.6067,26.3],[-97.6323,26.3096],[-97.6598,26.3119],[-97.6869,26.3067],[-97.703,26.2996],[-97.7186,26.2887],[-97.7314,26.275],[-97.7406,26.2592],[-97.7862,26.3296],[-97.7903,26.3365],[-97.7908,26.3417],[-97.7735,26.3565],[-97.756,26.3683],[-97.737,26.3781],[-97.7169,26.3858],[-97.6959,26.3913],[-97.6724,26.3948],[-97.6505,26.3955],[-97.6287,26.3939],[-97.6073,26.3901],[-97.5865,26.3839],[-97.5865,26.3632],[-97.5847,26.3503],[-97.576,26.3391]]]}},{"type":"Feature","properties":{"name":"PHOENIX CLASS B","class":"B","lower":"6000","lower_code":"MSL","upper":"9000"},"geometry":{"type":"Polygon","coordinates":[[[-111.7399,33.1608],[-111.7875,33.1365],[-111.8406,33.1173],[-111.8744,33.1608],[-111.9182,33.1526],[-111.9628,33.1493],[-112.0075,33.1509],[-112.0516,33.1575],[-112.0803,33.1646],[-112.1081,33.1738],[-112.1348,33.1851],[-112.1603,33.1982],[-112.1843,33.2133],[-112.2066,33.23],[-112.227,33.2483],[-112.2442,33.2666],[-111.6253,33.2667],[-111.6487,33.2365],[-111.6758,33.2085],[-111.7063,33.1832],[-111.7399,33.1608]]]}},{"type":"Feature","properties":{"name":"PHOENIX CLASS B","class":"B","lower":"6000","lower_code":"MSL","upper":"9000"},"geometry":{"type":"Polygon","coordinates":[[[-112.3583,33.4],[-112.3583,33.3333],[-112.2442,33.3333],[-112.2338,33.3175],[-112.214,33.3167],[-112.2024,33.3103],[-112.2007,33.305],[-112.1949,33.3006],[-112.1943,33.2964],[-112.1971,33.2895],[-112.1971,33.2789],[-112.1931,33.2667],[-112.4264,33.2667],[-112.4418,33.3001],[-112.4532,33.3328],[-112.4615,33.3662],[-112.4664,33.4],[-112.3583,33.4]]]}},{"type":"Feature","properties":{"name":"PHOENIX CLASS B","class":"B","lower":"7000","lower_code":"MSL","upper":"9000"},"geometry":{"type":"Polygon","coordinates":[[[-112.1702,33.722],[-112.2181,33.6947],[-112.2067,33.8006],[-112.1619,33.8184],[-112.1174,33.8318],[-112.0715,33.8417],[-112.0225,33.8481],[-112.012,33.7651],[-112.067,33.757],[-112.1201,33.7425],[-112.1702,33.722]]]}},{"type":"Feature","properties":{"name":"HARLINGEN AIRPORT CLASS C","class":"C","lower":"1500","lower_code":"MSL","upper":"4000"},"geometry":{"type":"Polygon","coordinates":[[[-97.7332,26.1844],[-97.8226,26.1583],[-97.8344,26.1886],[-97.8396,26.2204],[-97.8376,26.2543],[-97.8287,26.2855],[-97.8123,26.3161],[-97.7908,26.3417],[-97.7903,26.3365],[-97.7862,26.3296],[-97.7406,26.2592],[-97.7461,26.2404],[-97.7467,26.221],[-97.7423,26.202],[-97.7332,26.1844]]]}},{"type":"Feature","properties":{"name":"ABILENE REGIONAL AIRPORT CLASS C","class":"C","lower":"4300","lower_code":"MSL","upper":"5800"},"geometry":{"type":"Polygon","coordinates":[[[-99.6792,32.2441],[-99.7046,32.2452],[-99.7296,32.2491],[-99.7538,32.2556],[-99.7749,32.2639],[-99.7965,32.2754],[-99.8162,32.289],[-99.8336,32.3048],[-99.8474,32.3207],[-99.8598,32.3396],[-99.8692,32.3597],[-99.8755,32.3806],[-99.8784,32.4003],[-99.8784,32.4219],[-99.8756,32.4415],[-99.87,32.4607],[-99.8609,32.4809],[-99.4851,32.4068],[-99.4894,32.3764],[-99.5009,32.3455],[-99.5193,32.3171],[-99.5437,32.2923],[-99.5715,32.2729],[-99.605,32.2574],[-99.6413,32.2477],[-99.6792,32.2441]]]}},{"type":"Feature","properties":{"name":"AKRON-CANTON REGIONAL AIRPORT CLASS C","class":"C","lower":"0","lower_code":"SFC","upper":"5200"},"geometry":{"type":"Polygon","coordinates":[[[-81.4422,40.9998],[-81.4208,40.9982],[-81.4002,40.9934],[-81.3812,40.9858],[-81.3645,40.9753],[-81.3508,40.9627],[-81.3407,40.9483],[-81.3344,40.9327],[-81.3323,40.9164],[-81.3344,40.9002],[-81.3407,40.8845],[-81.3508,40.8701],[-81.3645,40.8574],[-81.3812,40.8471],[-81.4002,40.8393],[-81.4209,40.8346],[-81.4423,40.833],[-81.4638,40.8346],[-81.4843,40.8394],[-81.5034,40.8471],[-81.52,40.8575],[-81.5337,40.8701],[-81.5438,40.8845],[-81.55,40.9002],[-81.5521,40.9165],[-81.55,40.9328],[-81.5437,40.9484],[-81.5336,40.9628],[-81.5199,40.9754],[-81.5033,40.9857],[-81.4843,40.9934],[-81.4637,40.9982],[-81.4422,40.9998]]]}},{"type":"Feature","properties":{"name":"AKRON-CANTON REGIONAL AIRPORT CLASS C","class":"C","lower":"2500","lower_code":"MSL","upper":"5200"},"geometry":{"type":"Polygon","coordinates":[[[-81.4422,41.0832],[-81.3993,41.08],[-81.358,41.0705],[-81.32,41.0551],[-81.2867,41.0344],[-81.2594,41.0091],[-81.2391,40.9804],[-81.2318,40.965],[-81.2266,40.9491],[-81.2234,40.933],[-81.2224,40.9166],[-81.2234,40.9003],[-81.2266,40.8842],[-81.2318,40.8683],[-81.2391,40.8528],[-81.2595,40.8238],[-81.2869,40.7985],[-81.3201,40.7778],[-81.3581,40.7623],[-81.3994,40.7528],[-81.4423,40.7496],[-81.4852,40.7528],[-81.5265,40.7624],[-81.5645,40.7779],[-81.5977,40.7986],[-81.6251,40.824],[-81.6453,40.8527],[-81.6526,40.8683],[-81.6579,40.8841],[-81.661,40.9003],[-81.6621,40.9166],[-81.661,40.9329],[-81.6579,40.9491],[-81.6526,40.9649],[-81.6454,40.9803],[-81.6251,41.0091],[-81.5978,41.0343],[-81.5645,41.0551],[-81.5264,41.0705],[-81.4852,41.0799],[-81.4422,41.0832]]]}},{"type":"Feature","properties":{"name":"BUFFALO CLASS C","class":"C","lower":"0","lower_code":"SFC","upper":"4700"},"geometry":{"type":"Polygon","coordinates":[[[-78.6172,42.9383],[-78.628,42.9338],[-78.6341,42.9258],[-78.6333,42.9164],[-78.6257,42.9088],[-78.6274,42.9058],[-78.639,42.8913],[-78.6543,42.8788],[-78.6729,42.8686],[-78.6939,42.8615],[-78.6962,42.8693],[-78.7032,42.8754],[-78.7132,42.8785],[-78.724,42.8777],[-78.7314,42.8746],[-78.7367,42.8696],[-78.7391,42.8635],[-78.7383,42.8573],[-78.7595,42.8598],[-78.7796,42.8653],[-78.7979,42.8734],[-78.8139,42.8839],[-78.8268,42.8964],[-78.8364,42.9104],[-78.8422,42.9256],[-78.844,42.9413],[-78.8416,42.9576],[-78.8349,42.9733],[-78.8241,42.9876],[-78.8097,43.0002],[-78.7922,43.0104],[-78.7723,43.0179],[-78.7508,43.0224],[-78.7285,43.0238],[-78.7063,43.0219],[-78.6851,43.0168],[-78.6656,43.0088],[-78.6486,42.9981],[-78.6348,42.9851],[-78.6247,42.9705],[-78.6188,42.9547],[-78.6172,42.9383]]]}},{"type":"Feature","properties":{"name":"BIRMINGHAM INTL AIRPORT CLASS C","class":"C","lower":"0","lower_code":"SFC","upper":"4600"},"geometry":{"type":"Polygon","coordinates":[[[-86.7534,33.4804],[-86.7747,33.4821],[-86.7932,33.487],[-86.8102,33.4947],[-86.8251,33.505],[-86.8374,33.5175],[-86.8465,33.5318],[-86.8522,33.5473],[-86.8542,33.5634],[-86.8524,33.5795],[-86.847,33.5951],[-86.838,33.6094],[-86.826,33.6221],[-86.8112,33.6326],[-86.7943,33.6404],[-86.7758,33.6454],[-86.7566,33.6474],[-86.7373,33.6461],[-86.7186,33.6418],[-86.7013,33.6346],[-86.686,33.6246],[-86.6733,33.6124],[-86.6636,33.5984],[-86.6574,33.5831],[-86.6547,33.5652],[-86.6563,33.5491],[-86.6616,33.5335],[-86.6704,33.519],[-86.6823,33.5063],[-86.6969,33.4957],[-86.7137,33.4877],[-86.732,33.4825],[-86.7534,33.4804]]]}},{"type":"Feature","properties":{"name":"BIRMINGHAM INTL AIRPORT CLASS C","class":"C","lower":"1900","lower_code":"MSL","upper":"4600"},"geometry":{"type":"Polygon","coordinates":[[[-86.8319,33.5114],[-86.9092,33.4588],[-86.9306,33.4858],[-86.9447,33.514],[-86.9526,33.5458],[-86.9533,33.5763],[-86.9488,33.6013],[-86.9399,33.6254],[-86.9267,33.648],[-86.911,33.6674],[-86.8905,33.6859],[-86.867,33.7017],[-86.8409,33.7143],[-86.8128,33.7236],[-86.7836,33.6437],[-86.8069,33.6348],[-86.8253,33.6226],[-86.8397,33.607],[-86.85,33.5874],[-86.8539,33.5681],[-86.8523,33.5484],[-86.8453,33.5297],[-86.8319,33.5114]]]}},{"type":"Feature","properties":{"name":"BIRMINGHAM INTL AIRPORT CLASS C","class":"C","lower":"2400","lower_code":"MSL","upper":"4600"},"geometry":{"type":"Polygon","coordinates":[[[-86.5823,33.6485],[-86.5668,33.6209],[-86.5575,33.5913],[-86.5549,33.5609],[-86.5594,33.5288],[-86.5703,33.4996],[-86.5885,33.4711],[-86.6115,33.4474],[-86.6409,33.4265],[-86.6726,33.4115],[-86.7092,33.4012],[-86.7452,33.397],[-86.7837,33.3986],[-86.8211,33.4064],[-86.8542,33.4192],[-86.884,33.4368],[-86.9093,33.4588],[-86.832,33.5114],[-86.8218,33.5022],[-86.8099,33.4944],[-86.7968,33.4882],[-86.7807,33.4832],[-86.7638,33.4807],[-86.7488,33.4804],[-86.7339,33.4821],[-86.7175,33.4862],[-86.6968,33.4957],[-86.6807,33.5076],[-86.667,33.5236],[-86.6587,33.5402],[-86.6547,33.5597],[-86.6559,33.5776],[-86.6625,33.5966],[-86.673,33.6123],[-86.6841,33.6233],[-86.6956,33.6314],[-86.7222,33.643],[-86.7518,33.6475],[-86.769,33.6466],[-86.7836,33.6438],[-86.8129,33.7237],[-86.7792,33.7297],[-86.747,33.7309],[-86.7128,33.7273],[-86.6819,33.7196],[-86.6529,33.7078],[-86.6249,33.6911],[-86.6022,33.672],[-86.5823,33.6485]]]}},{"type":"Feature","properties":{"name":"LOS ANGELES CLASS B","class":"B","lower":"8000","lower_code":"MSL","upper":"10000"},"geometry":{"type":"Polygon","coordinates":[[[-118.1511,33.6322],[-118.4272,33.6025],[-118.4503,33.7594],[-118.1481,33.7778],[-118.1511,33.6322]]]}},{"type":"Feature","properties":{"name":"LOS ANGELES CLASS B","class":"B","lower":"5000","lower_code":"MSL","upper":"10000"},"geometry":{"type":"Polygon","coordinates":[[[-118.4272,33.6025],[-118.5753,33.5864],[-118.7064,33.7408],[-118.5414,33.7539],[-118.4503,33.7594],[-118.4272,33.6025]]]}},{"type":"Feature","properties":{"name":"LOS ANGELES CLASS B","class":"B","lower":"2000","lower_code":"MSL","upper":"10000"},"geometry":{"type":"Polygon","coordinates":[[[-118.5414,33.7539],[-118.7064,33.7408],[-118.9075,33.98],[-118.8897,33.9906],[-118.7453,33.9972],[-118.5414,33.7539]]]}},{"type":"Feature","properties":{"name":"LOS ANGELES CLASS B","class":"B","lower":"5000","lower_code":"MSL","upper":"10000"},"geometry":{"type":"Polygon","coordinates":[[[-118.3633,34.0469],[-118.3847,34.0056],[-118.3694,33.9617],[-118.4564,33.9617],[-118.5425,34.0064],[-118.8897,33.9906],[-118.7033,34.1],[-118.24,34.1],[-118.3633,34.0469]]]}},{"type":"Feature","properties":{"name":"PITTSBURGH CLASS B","class":"B","lower":"0","lower_code":"SFC","upper":"8000"},"geometry":{"type":"Polygon","coordinates":[[[-80.2302,40.3747],[-80.2583,40.3764],[-80.2877,40.3826],[-80.3149,40.3931],[-80.3372,40.4064],[-80.3572,40.4239],[-80.3714,40.4426],[-80.3814,40.4646],[-80.3853,40.486],[-80.3837,40.5093],[-80.3769,40.5302],[-80.3639,40.5513],[-80.3473,40.5687],[-80.3248,40.5846],[-80.3008,40.5959],[-80.2745,40.6037],[-80.2467,40.6077],[-80.2161,40.6075],[-80.1861,40.6027],[-80.158,40.5934],[-80.1329,40.5801],[-80.1118,40.5632],[-80.0956,40.5434],[-80.0848,40.5216],[-80.0799,40.4985],[-80.0811,40.4752],[-80.0884,40.4526],[-80.1014,40.4315],[-80.1197,40.4127],[-80.1424,40.3972],[-80.1687,40.3854],[-80.1976,40.3778],[-80.2302,40.3747]]]}},{"type":"Feature","properties":{"name":"PITTSBURGH CLASS B","class":"B","lower":"2500","lower_code":"MSL","upper":"8000"},"geometry":{"type":"Polygon","coordinates":[[[-80.2325,40.32],[-80.2744,40.3228],[-80.3169,40.3325],[-80.3541,40.3475],[-80.3869,40.3678],[-80.414,40.3924],[-80.4344,40.4206],[-80.4473,40.4512],[-80.4508,40.4671],[-80.4523,40.4832],[-80.4518,40.4994],[-80.4492,40.5154],[-80.4445,40.5312],[-80.4379,40.5466],[-80.4191,40.5754],[-80.3932,40.601],[-80.3614,40.6222],[-80.3248,40.6384],[-80.2848,40.649],[-80.2428,40.6534],[-80.2005,40.6516],[-80.1595,40.6435],[-80.1213,40.6297],[-80.0855,40.6092],[-80.0574,40.5851],[-80.0458,40.5716],[-80.0349,40.5557],[-80.0213,40.5252],[-80.0175,40.5094],[-80.0156,40.4916],[-80.016,40.4756],[-80.0184,40.4597],[-80.0229,40.444],[-80.03,40.4271],[-80.0385,40.4124],[-80.05,40.397],[-80.0775,40.3705],[-80.1113,40.3488],[-80.1483,40.3334],[-80.1906,40.3233],[-80.2325,40.32]]]}},{"type":"Feature","properties":{"name":"COLORADO SPRINGS CLASS C","class":"C","lower":"0","lower_code":"SFC","upper":"10200"},"geometry":{"type":"Polygon","coordinates":[[[-104.7008,38.8892],[-104.68,38.8876],[-104.6601,38.8829],[-104.6416,38.8752],[-104.6254,38.8648],[-104.6122,38.8522],[-104.6023,38.8378],[-104.5963,38.8222],[-104.5942,38.8059],[-104.5963,38.7896],[-104.6024,38.7739],[-104.6122,38.7595],[-104.6255,38.7468],[-104.6416,38.7365],[-104.6601,38.7288],[-104.6801,38.724],[-104.7009,38.7224],[-104.7217,38.724],[-104.7417,38.7288],[-104.7601,38.7365],[-104.7762,38.7469],[-104.7895,38.7596],[-104.7993,38.774],[-104.8054,38.7897],[-104.8074,38.8059],[-104.8054,38.8222],[-104.7993,38.8379],[-104.7894,38.8523],[-104.7762,38.8649],[-104.76,38.8752],[-104.7416,38.8829],[-104.7216,38.8876],[-104.7008,38.8892]]]}},{"type":"Feature","properties":{"name":"PITTSBURGH CLASS B","class":"B","lower":"3000","lower_code":"MSL","upper":"8000"},"geometry":{"type":"Polygon","coordinates":[[[-79.9638,40.4569],[-79.9717,40.429],[-80.0241,40.4406],[-80.0177,40.4632],[-80.0155,40.4845],[-80.0169,40.5059],[-80.0219,40.5269],[-79.9688,40.5369],[-79.9626,40.5105],[-79.9609,40.4837],[-79.9638,40.4569]]]}},{"type":"Feature","properties":{"name":"SALT LAKE CITY CLASS B","class":"B","lower":"7500","lower_code":"MSL","upper":"12000"},"geometry":{"type":"Polygon","coordinates":[[[-111.9764,41.0522],[-111.9575,41.0532],[-111.9414,41.0563],[-111.9263,41.0615],[-111.9108,41.0698],[-111.9074,41.0205],[-111.9127,41.0119],[-111.8908,40.9672],[-111.8905,40.9024],[-111.8944,40.8952],[-111.8955,40.8772],[-111.9002,40.863],[-111.9077,40.8547],[-111.9155,40.8422],[-111.9325,40.8423],[-111.93,40.884],[-111.9328,40.9801],[-111.96,41.0078],[-112.1593,40.9893],[-112.1722,41.0894],[-112.0558,41.0889],[-112.0418,41.0745],[-112.0234,41.0632],[-112.002,41.0556],[-111.9764,41.0522]]]}},{"type":"Feature","properties":{"name":"SAN DIEGO CLASS B","class":"B","lower":"4800","lower_code":"MSL","upper":"10000"},"geometry":{"type":"Polygon","coordinates":[[[-117.5429,32.9505],[-117.6263,32.7563],[-117.6953,32.8833],[-117.7902,32.992],[-117.4372,33.0368],[-117.3909,32.9813],[-117.5429,32.9505]]]}},{"type":"Feature","properties":{"name":"SAN DIEGO CLASS B","class":"B","lower":"2000","lower_code":"MSL","upper":"10000"},"geometry":{"type":"Polygon","coordinates":[[[-117.438,32.7506],[-117.3464,32.7228],[-117.3207,32.7228],[-117.3079,32.654],[-117.5907,32.6908],[-117.6263,32.7563],[-117.5429,32.9505],[-117.4288,32.9736],[-117.438,32.7506]]]}},{"type":"Feature","properties":{"name":"SAN DIEGO CLASS B","class":"B","lower":"1800","lower_code":"MSL","upper":"10000"},"geometry":{"type":"Polygon","coordinates":[[[-117.3084,32.841],[-117.2254,32.7822],[-117.3345,32.7968],[-117.3207,32.7228],[-117.3464,32.7228],[-117.438,32.7506],[-117.4288,32.9736],[-117.3909,32.9813],[-117.3251,32.9023],[-117.3084,32.841]]]}},{"type":"Feature","properties":{"name":"SAN DIEGO CLASS B","class":"B","lower":"1800","lower_code":"MSL","upper":"3200"},"geometry":{"type":"Polygon","coordinates":[[[-117.2278,32.8869],[-117.2022,32.8469],[-117.3208,32.8863],[-117.3251,32.9023],[-117.3909,32.9813],[-117.2275,32.9086],[-117.2278,32.8869]]]}},{"type":"Feature","properties":{"name":"DALLAS CLASS B","class":"B","lower":"3000","lower_code":"MSL","upper":"11000"},"geometry":{"type":"Polygon","coordinates":[[[-96.6159,32.6357],[-96.6448,32.6025],[-96.7212,32.6553],[-96.6962,32.6844],[-96.676,32.7139],[-96.6586,32.7467],[-96.6461,32.7792],[-96.5567,32.7403],[-96.572,32.705],[-96.5921,32.6695],[-96.6159,32.6357]]]}},{"type":"Feature","properties":{"name":"FORT MYERS SOUTHWEST FLORIDA REGIONAL AIRPORT CLASS C","class":"C","lower":"0","lower_code":"SFC","upper":"4000"},"geometry":{"type":"Polygon","coordinates":[[[-81.7547,26.62],[-81.7366,26.6184],[-81.7192,26.6136],[-81.7032,26.6059],[-81.689,26.5955],[-81.6775,26.5829],[-81.6689,26.5684],[-81.6636,26.5528],[-81.6618,26.5364],[-81.6636,26.5201],[-81.6689,26.5044],[-81.6775,26.49],[-81.689,26.4773],[-81.7031,26.4669],[-81.7192,26.4592],[-81.7367,26.4544],[-81.7548,26.4528],[-81.7729,26.4544],[-81.7903,26.4592],[-81.8064,26.467],[-81.8205,26.4773],[-81.832,26.4901],[-81.8406,26.5045],[-81.8459,26.5201],[-81.8476,26.5364],[-81.8458,26.5528],[-81.8406,26.5684],[-81.832,26.5828],[-81.8204,26.5955],[-81.8064,26.6059],[-81.7903,26.6136],[-81.7728,26.6184],[-81.7547,26.62]]]}},{"type":"Feature","properties":{"name":"FORT MYERS SOUTHWEST FLORIDA REGIONAL AIRPORT CLASS C","class":"C","lower":"1200","lower_code":"MSL","upper":"4000"},"geometry":{"type":"Polygon","coordinates":[[[-81.7547,26.7035],[-81.7185,26.7003],[-81.6836,26.6908],[-81.6515,26.6754],[-81.6232,26.6546],[-81.6002,26.6293],[-81.583,26.6004],[-81.5725,26.5691],[-81.5689,26.5364],[-81.5725,26.5039],[-81.5831,26.4724],[-81.6002,26.4436],[-81.6234,26.4182],[-81.6515,26.3974],[-81.6837,26.3819],[-81.7187,26.3724],[-81.7548,26.3692],[-81.7909,26.3724],[-81.8259,26.382],[-81.8581,26.3975],[-81.8861,26.4183],[-81.9093,26.4437],[-81.9264,26.4725],[-81.937,26.504],[-81.9406,26.5365],[-81.937,26.5693],[-81.9264,26.6005],[-81.9092,26.6294],[-81.8861,26.6547],[-81.858,26.6754],[-81.8258,26.6908],[-81.791,26.7003],[-81.7547,26.7035]]]}},{"type":"Feature","properties":{"name":"DALLAS CLASS B","class":"B","lower":"4000","lower_code":"MSL","upper":"10000"},"geometry":{"type":"Polygon","coordinates":[[[-96.7238,32.436],[-97.3233,32.4317],[-97.3836,32.4653],[-97.3636,32.4881],[-96.6325,32.4928],[-96.6765,32.4625],[-96.7238,32.436]]]}},{"type":"Feature","properties":{"name":"DALLAS CLASS B","class":"B","lower":"4000","lower_code":"MSL","upper":"11000"},"geometry":{"type":"Polygon","coordinates":[[[-96.4751,32.6848],[-96.5034,32.6325],[-96.5399,32.5817],[-96.5831,32.5349],[-96.6325,32.4928],[-97.3636,32.4881],[-97.2656,32.5989],[-97.3084,32.6304],[-97.3441,32.6655],[-97.3754,32.6727],[-97.4011,32.6842],[-97.459,32.6842],[-97.4642,32.6865],[-97.4677,32.6911],[-97.4785,32.7154],[-97.4808,32.7278],[-97.4808,32.7435],[-97.4742,32.7753],[-97.4714,32.7794],[-97.4809,32.8273],[-97.4831,32.8757],[-97.4799,32.9133],[-97.4723,32.9505],[-97.4562,32.997],[-97.4343,33.0399],[-97.4063,33.0802],[-97.3726,33.1173],[-97.4778,33.1936],[-97.4494,33.2194],[-96.6369,33.2433],[-96.6027,33.2161],[-96.5726,33.188],[-96.5451,33.1581],[-96.5204,33.1265],[-96.4986,33.0935],[-96.4798,33.0591],[-96.4641,33.0237],[-96.4512,32.9856],[-96.4423,32.9485],[-96.4367,32.911],[-96.4345,32.8733],[-96.4357,32.8337],[-96.4404,32.7961],[-96.4484,32.7589],[-96.4598,32.7223],[-96.4751,32.6848]]]}},{"type":"Feature","properties":{"name":"DALLAS CLASS B","class":"B","lower":"5000","lower_code":"MSL","upper":"11000"},"geometry":{"type":"Polygon","coordinates":[[[-97.461,32.685],[-97.4011,32.6842],[-97.3754,32.6727],[-97.3441,32.6655],[-97.3084,32.6304],[-97.2656,32.5989],[-97.3836,32.4653],[-97.4306,32.4984],[-97.472,32.5342],[-97.5102,32.5747],[-97.5409,32.6154],[-97.5268,32.6221],[-97.5145,32.6385],[-97.5016,32.6483],[-97.4944,32.6564],[-97.4828,32.6636],[-97.5068,32.7078],[-97.5248,32.7539],[-97.5366,32.8015],[-97.542,32.8481],[-97.5413,32.8967],[-97.5345,32.9431],[-97.5212,32.9904],[-97.5025,33.0345],[-97.5756,33.0603],[-97.5559,33.0959],[-97.5329,33.1302],[-97.5068,33.1628],[-97.4777,33.1936],[-97.3726,33.1173],[-97.3914,33.0978],[-97.4098,33.0757],[-97.4252,33.0542],[-97.4399,33.0302],[-97.4517,33.0071],[-97.4623,32.9817],[-97.4703,32.9575],[-97.4768,32.9311],[-97.4821,32.8936],[-97.4831,32.8559],[-97.4796,32.8183],[-97.4714,32.7794],[-97.4742,32.7753],[-97.4794,32.7515],[-97.4808,32.7278],[-97.4794,32.7181],[-97.4737,32.7041],[-97.4663,32.689],[-97.461,32.685]]]}},{"type":"Feature","properties":{"name":"FRESNO AIRPORT CLASS C","class":"C","lower":"1600","lower_code":"MSL","upper":"4400"},"geometry":{"type":"Polygon","coordinates":[[[-119.5393,36.8607],[-119.529,36.8447],[-119.5203,36.8262],[-119.5147,36.8088],[-119.5114,36.7892],[-119.5109,36.7712],[-119.5131,36.7515],[-119.5176,36.7339],[-119.5252,36.7151],[-119.5345,36.6987],[-119.5472,36.6818],[-119.5608,36.6675],[-119.5778,36.6533],[-119.595,36.6418],[-119.6156,36.6311],[-119.6376,36.6223],[-119.6586,36.6162],[-119.6978,36.6528],[-119.7201,36.6762],[-119.7417,36.6948],[-119.7107,36.6928],[-119.6931,36.6951],[-119.6783,36.699],[-119.6625,36.7057],[-119.65,36.7132],[-119.6376,36.7235],[-119.6287,36.7339],[-119.6211,36.7468],[-119.6167,36.7589],[-119.6145,36.7731],[-119.6152,36.7857],[-119.6187,36.7997],[-119.6243,36.8115],[-119.6319,36.8224],[-119.6416,36.8323],[-119.6547,36.842],[-119.6677,36.849],[-119.6969,36.8577],[-119.728,36.8591],[-119.7456,36.8565],[-119.7603,36.8523],[-119.7866,36.8388],[-119.7975,36.8299],[-119.8078,36.8181],[-119.8146,36.8068],[-119.8198,36.7931],[-119.8218,36.7806],[-119.8212,36.7663],[-119.8335,36.7783],[-119.8464,36.7877],[-119.8645,36.8056],[-119.9112,36.8373],[-119.8987,36.8584],[-119.8826,36.8779],[-119.8633,36.8954],[-119.8412,36.9105],[-119.8166,36.923],[-119.79,36.9326],[-119.7643,36.9388],[-119.7355,36.9424],[-119.7064,36.9427],[-119.6775,36.9397],[-119.6494,36.9335],[-119.6227,36.9242],[-119.5979,36.912],[-119.5754,36.8972],[-119.5557,36.8799],[-119.5393,36.8607]]]}},{"type":"Feature","properties":{"name":"FRESNO AIRPORT CLASS C","class":"C","lower":"0","lower_code":"SFC","upper":"4400"},"geometry":{"type":"Polygon","coordinates":[[[-119.7151,36.6927],[-119.7417,36.6948],[-119.8119,36.7572],[-119.8212,36.7663],[-119.8218,36.7716],[-119.8209,36.7878],[-119.8162,36.8035],[-119.8078,36.8181],[-119.7961,36.8312],[-119.7814,36.8422],[-119.7644,36.8508],[-119.7456,36.8565],[-119.728,36.8591],[-119.708,36.8591],[-119.6883,36.856],[-119.6697,36.8498],[-119.6512,36.8398],[-119.6372,36.8282],[-119.6262,36.8147],[-119.6187,36.7997],[-119.6147,36.7821],[-119.6152,36.766],[-119.6196,36.7502],[-119.6276,36.7354],[-119.6405,36.7208],[-119.6552,36.7098],[-119.6742,36.7005],[-119.6931,36.6951],[-119.7151,36.6927]]]}},{"type":"Feature","properties":{"name":"DENVER CLASS B","class":"B","lower":"6000","lower_code":"MSL","upper":"12000"},"geometry":{"type":"Polygon","coordinates":[[[-104.5228,40.0383],[-104.5684,39.9633],[-104.5961,39.9716],[-104.731,39.9724],[-104.7275,39.9641],[-104.73,39.9556],[-104.7377,39.9492],[-104.7486,39.9467],[-104.7596,39.9487],[-104.7688,39.9564],[-104.7716,39.9551],[-104.8276,40.0265],[-104.7924,40.0406],[-104.7552,40.0513],[-104.7166,40.0584],[-104.6771,40.0618],[-104.6374,40.0614],[-104.598,40.0574],[-104.5596,40.0496],[-104.5228,40.0383]]]}},{"type":"Feature","properties":{"name":"DENVER CLASS B","class":"B","lower":"7000","lower_code":"MSL","upper":"12000"},"geometry":{"type":"Polygon","coordinates":[[[-104.8763,39.8082],[-104.8711,39.7762],[-104.9358,39.7801],[-104.9816,39.7798],[-104.9844,39.8139],[-104.9812,39.848],[-104.9739,39.8762],[-104.9632,39.9019],[-104.9478,39.9281],[-104.93,39.9513],[-104.909,39.9729],[-104.885,39.9927],[-104.8585,40.0103],[-104.8276,40.0265],[-104.7716,39.9551],[-104.7982,39.9406],[-104.8216,39.9233],[-104.8414,39.9033],[-104.8571,39.8814],[-104.8682,39.8578],[-104.8747,39.8332],[-104.8763,39.8082]]]}},{"type":"Feature","properties":{"name":"ANCHORAGE LAKE HOOD CLASS D","class":"D","lower":"0","lower_code":"SFC","upper":"2500"},"geometry":{"type":"Polygon","coordinates":[[[-149.8578,61.1767],[-149.9831,61.1767],[-150.0066,61.2408],[-149.9867,61.2372],[-149.9331,61.2058],[-149.93,61.1953],[-149.8583,61.1814],[-149.8578,61.1767]]]}},{"type":"Feature","properties":{"name":"PALO ALTO CLASS D","class":"D","lower":"0","lower_code":"SFC","upper":"2000"},"geometry":{"type":"Polygon","coordinates":[[[-122.0962,37.4421],[-122.1509,37.42],[-122.1657,37.4315],[-122.175,37.4462],[-122.1778,37.4626],[-122.1738,37.4788],[-122.1658,37.4907],[-122.154,37.5004],[-122.0962,37.4421]]]}},{"type":"Feature","properties":{"name":"SEATTLE CLASS B","class":"B","lower":"2000","lower_code":"MSL","upper":"10000"},"geometry":{"type":"Polygon","coordinates":[[[-122.328,47.4045],[-122.3383,47.3717],[-122.3621,47.3791],[-122.3804,47.3892],[-122.3946,47.402],[-122.4039,47.4168],[-122.4071,47.4272],[-122.4077,47.4379],[-122.4059,47.4486],[-122.4015,47.4589],[-122.3875,47.476],[-122.3646,47.4906],[-122.3646,47.4876],[-122.3612,47.4868],[-122.361,47.4815],[-122.3701,47.4718],[-122.369,47.4623],[-122.3701,47.4576],[-122.3821,47.4512],[-122.3623,47.4474],[-122.3569,47.4443],[-122.3585,47.4323],[-122.3536,47.4207],[-122.343,47.411],[-122.328,47.4045]]]}},{"type":"Feature","properties":{"name":"PALO ALTO CLASS D","class":"D","lower":"0","lower_code":"SFC","upper":"1500"},"geometry":{"type":"Polygon","coordinates":[[[-122.0689,37.495],[-122.0962,37.4421],[-122.154,37.5004],[-122.1333,37.509],[-122.1101,37.511],[-122.0876,37.5061],[-122.0689,37.495]]]}},{"type":"Feature","properties":{"name":"DENVER CLASS B","class":"B","lower":"6500","lower_code":"MSL","upper":"12000"},"geometry":{"type":"Polygon","coordinates":[[[-104.7306,39.7406],[-104.6527,39.7396],[-104.6387,39.738],[-104.6243,39.7402],[-104.5834,39.7395],[-104.5842,39.656],[-104.6242,39.6476],[-104.6632,39.6453],[-104.7306,39.7406]]]}},{"type":"Feature","properties":{"name":"DENVER CLASS B","class":"B","lower":"7000","lower_code":"MSL","upper":"12000"},"geometry":{"type":"Polygon","coordinates":[[[-104.5528,39.6673],[-104.5842,39.6559],[-104.5844,39.6675],[-104.5834,39.8122],[-104.4437,39.812],[-104.4463,39.7871],[-104.4536,39.7627],[-104.4656,39.7394],[-104.4819,39.7178],[-104.5022,39.6983],[-104.526,39.6813],[-104.5528,39.6673]]]}},{"type":"Feature","properties":{"name":"DENVER CLASS B","class":"B","lower":"8000","lower_code":"MSL","upper":"12000"},"geometry":{"type":"Polygon","coordinates":[[[-104.2283,39.8132],[-104.231,39.7754],[-104.2393,39.7382],[-104.253,39.7019],[-104.273,39.6655],[-104.297,39.6326],[-104.3272,39.6006],[-104.3604,39.5729],[-104.3992,39.5471],[-104.4397,39.526],[-104.4869,39.5066],[-104.5326,39.4934],[-104.5798,39.4843],[-104.6281,39.4793],[-104.6791,39.4787],[-104.7276,39.4824],[-104.7775,39.4907],[-104.8257,39.5036],[-104.8674,39.5193],[-104.8698,39.5506],[-104.8756,39.5785],[-104.9186,39.6524],[-104.9694,39.6531],[-104.9729,39.6514],[-104.987,39.6511],[-104.9916,39.6531],[-105.0117,39.6536],[-105.0243,39.6519],[-105.0386,39.6544],[-105.0809,39.6525],[-105.0814,39.79],[-105.0768,39.7975],[-105.0766,39.8019],[-105.0813,39.8144],[-105.0817,39.8589],[-105.0951,39.8767],[-105.0962,39.8808],[-105.0967,39.9126],[-105.0907,39.92],[-105.0906,40.0001],[-104.9806,40.0003],[-104.9804,40.0367],[-104.9349,40.07],[-104.8837,40.0979],[-104.8276,40.0265],[-104.8658,40.0058],[-104.8997,39.9811],[-104.9287,39.9528],[-104.952,39.9217],[-104.9693,39.8883],[-104.9802,39.8533],[-104.9844,39.8175],[-104.9816,39.7798],[-104.9358,39.7801],[-104.8727,39.7762],[-104.8648,39.7553],[-104.8525,39.7339],[-104.8378,39.7156],[-104.8186,39.6975],[-104.7981,39.6829],[-104.7734,39.6694],[-104.7487,39.6594],[-104.7203,39.6515],[-104.6792,39.6456],[-104.6374,39.646],[-104.5964,39.6526],[-104.5579,39.6651],[-104.5323,39.6776],[-104.5109,39.6914],[-104.4906,39.7087],[-104.4747,39.7264],[-104.4609,39.7473],[-104.4517,39.7676],[-104.4456,39.7905],[-104.4437,39.812],[-104.3361,39.8118],[-104.3395,39.8475],[-104.3492,39.8826],[-104.3654,39.9162],[-104.3863,39.9462],[-104.4139,39.9751],[-104.4466,40.0006],[-104.4837,40.0223],[-104.5224,40.0389],[-104.4764,40.1144],[-104.4232,40.0915],[-104.3748,40.0631],[-104.3321,40.0298],[-104.2959,39.9922],[-104.267,39.9511],[-104.2554,39.9295],[-104.2458,39.9073],[-104.2383,39.8846],[-104.2328,39.8616],[-104.2295,39.8383],[-104.2283,39.8132]]]}},{"type":"Feature","properties":{"name":"DENVER CLASS B","class":"B","lower":"8000","lower_code":"MSL","upper":"12000"},"geometry":{"type":"Polygon","coordinates":[[[-104.3842,40.2648],[-104.4765,40.1141],[-104.529,40.1297],[-104.579,40.1395],[-104.6301,40.1446],[-104.684,40.145],[-104.7352,40.1405],[-104.7876,40.1309],[-104.8359,40.117],[-104.8837,40.0979],[-104.9962,40.2406],[-104.9257,40.269],[-104.851,40.2904],[-104.7735,40.3047],[-104.6942,40.3116],[-104.6145,40.311],[-104.5354,40.3029],[-104.4583,40.2874],[-104.3842,40.2648]]]}},{"type":"Feature","properties":{"name":"DENVER CLASS B","class":"B","lower":"7000","lower_code":"MSL","upper":"12000"},"geometry":{"type":"Polygon","coordinates":[[[-104.3398,39.8493],[-104.3361,39.8118],[-104.4441,39.812],[-104.4469,39.8371],[-104.4534,39.8599],[-104.464,39.8818],[-104.4784,39.9023],[-104.4965,39.9211],[-104.5178,39.9377],[-104.5419,39.9519],[-104.5684,39.9633],[-104.5224,40.0389],[-104.4837,40.0223],[-104.4466,40.0006],[-104.4154,39.9764],[-104.3876,39.9477],[-104.3663,39.9178],[-104.3499,39.8843],[-104.3398,39.8493]]]}},{"type":"Feature","properties":{"name":"LOS ANGELES CLASS B","class":"B","lower":"2500","lower_code":"MSL","upper":"10000"},"geometry":{"type":"Polygon","coordinates":[[[-118.0608,34.0342],[-118.0303,33.9778],[-118.0311,33.8956],[-118.1806,33.8881],[-118.2311,33.93],[-118.1225,33.9361],[-118.1328,34.0003],[-118.25,34.0167],[-118.3694,33.9617],[-118.3847,34.0056],[-118.3633,34.0469],[-118.24,34.1],[-118.1897,34.1],[-118.0608,34.0342]]]}},{"type":"Feature","properties":{"name":"DETROIT CLASS B","class":"B","lower":"9000","lower_code":"MSL","upper":"10000"},"geometry":{"type":"Polygon","coordinates":[[[-83.3631,41.713],[-83.4135,41.7142],[-83.4612,41.718],[-83.5108,41.7247],[-83.5573,41.7337],[-83.6051,41.7457],[-83.6494,41.7596],[-83.6922,41.7759],[-83.7355,41.7953],[-83.0911,41.8122],[-83.0433,41.775],[-83.1172,41.7489],[-83.1555,41.7385],[-83.197,41.7293],[-83.2794,41.7172],[-83.3631,41.713]]]}},{"type":"Feature","properties":{"name":"HONOLULU CLASS B","class":"B","lower":"0","lower_code":"SFC","upper":"9000"},"geometry":{"type":"Polygon","coordinates":[[[-157.859,21.3092],[-157.8618,21.2896],[-157.8446,21.2852],[-157.851,21.2702],[-157.8603,21.2566],[-157.8737,21.2437],[-157.8915,21.2331],[-157.9114,21.2266],[-157.9304,21.2247],[-157.9457,21.2259],[-157.9623,21.2302],[-157.9778,21.2374],[-157.99,21.2461],[-158.0028,21.2594],[-158.0123,21.275],[-158.0176,21.2904],[-158.0197,21.3083],[-158.0304,21.3083],[-158.0267,21.3335],[-157.9299,21.3336],[-157.9292,21.3752],[-157.9158,21.3738],[-157.9029,21.37],[-157.891,21.3641],[-157.8805,21.3562],[-157.8718,21.3465],[-157.8652,21.3355],[-157.8609,21.3236],[-157.859,21.3092]]]}},{"type":"Feature","properties":{"name":"HONOLULU CLASS B","class":"B","lower":"1500","lower_code":"MSL","upper":"9000"},"geometry":{"type":"Polygon","coordinates":[[[-157.9292,21.3752],[-157.9299,21.3336],[-157.9965,21.3336],[-157.9847,21.3518],[-157.9689,21.3646],[-157.9499,21.3727],[-157.9292,21.3752]]]}},{"type":"Feature","properties":{"name":"CHICAGO/ROMEOVILLE CLASS D","class":"D","lower":"0","lower_code":"SFC","upper":"2900"},"geometry":{"type":"Polygon","coordinates":[[[-88.1816,41.6322],[-88.1006,41.6725],[-88.0992,41.6764],[-88.0737,41.6743],[-88.058,41.6701],[-88.0436,41.6638],[-88.031,41.6557],[-88.0205,41.646],[-88.0127,41.6351],[-88.0075,41.6232],[-88.0054,41.6108],[-88.0062,41.5983],[-88.011,41.5844],[-88.0194,41.5716],[-88.0312,41.5603],[-88.0459,41.5512],[-88.0628,41.5445],[-88.0812,41.5407],[-88.1002,41.5398],[-88.1191,41.5419],[-88.137,41.5469],[-88.1531,41.5546],[-88.1667,41.5646],[-88.1772,41.5766],[-88.1842,41.5899],[-88.1873,41.6041],[-88.1865,41.6184],[-88.1816,41.6322]]]}},{"type":"Feature","properties":{"name":"SEATTLE CLASS B","class":"B","lower":"2000","lower_code":"MSL","upper":"10000"},"geometry":{"type":"Polygon","coordinates":[[[-122.34,47.4987],[-122.3646,47.4906],[-122.3898,47.5043],[-122.3923,47.5101],[-122.3998,47.5182],[-122.3948,47.5237],[-122.3951,47.5259],[-122.401,47.5307],[-122.3965,47.5357],[-122.3993,47.5512],[-122.4104,47.5693],[-122.4193,47.577],[-122.4048,47.582],[-122.3865,47.5956],[-122.34,47.4987]]]}},{"type":"Feature","properties":{"name":"SEATTLE CLASS B","class":"B","lower":"2000","lower_code":"MSL","upper":"10000"},"geometry":{"type":"Polygon","coordinates":[[[-122.2514,47.3817],[-122.2745,47.3732],[-122.2822,47.4077],[-122.2723,47.4137],[-122.2652,47.4212],[-122.2608,47.4315],[-122.2611,47.4404],[-122.2638,47.4473],[-122.2988,47.4949],[-122.2736,47.6338],[-122.2356,47.6289],[-122.1989,47.6207],[-122.2728,47.4971],[-122.2586,47.4923],[-122.2438,47.4849],[-122.233,47.4771],[-122.2228,47.4666],[-122.2166,47.4567],[-122.2123,47.4446],[-122.2114,47.4338],[-122.2136,47.4214],[-122.2213,47.4062],[-122.2342,47.3927],[-122.2514,47.3817]]]}},{"type":"Feature","properties":{"name":"SEATTLE CLASS B","class":"B","lower":"3000","lower_code":"MSL","upper":"10000"},"geometry":{"type":"Polygon","coordinates":[[[-122.135,47.1546],[-122.46,47.1535],[-122.504,47.2233],[-122.4973,47.707],[-122.4946,47.7441],[-122.1166,47.7419],[-122.0948,47.6587],[-122.1019,47.2938],[-122.135,47.1546]]]}},{"type":"Feature","properties":{"name":"SEATTLE CLASS B","class":"B","lower":"4000","lower_code":"MSL","upper":"10000"},"geometry":{"type":"Polygon","coordinates":[[[-122.1339,47.7996],[-122.1166,47.7419],[-122.4946,47.7441],[-122.4664,47.8035],[-122.1339,47.7996]]]}},{"type":"Feature","properties":{"name":"SEATTLE CLASS B","class":"B","lower":"5000","lower_code":"MSL","upper":"10000"},"geometry":{"type":"Polygon","coordinates":[[[-121.9996,47.6304],[-122.0011,47.2934],[-122.1019,47.2938],[-122.0948,47.6587],[-121.9996,47.6304]]]}},{"type":"Feature","properties":{"name":"SEATTLE CLASS B","class":"B","lower":"5000","lower_code":"MSL","upper":"10000"},"geometry":{"type":"Polygon","coordinates":[[[-122.4973,47.707],[-122.504,47.2233],[-122.6002,47.269],[-122.6038,47.6482],[-122.4973,47.707]]]}},{"type":"Feature","properties":{"name":"SEATTLE CLASS B","class":"B","lower":"6000","lower_code":"MSL","upper":"10000"},"geometry":{"type":"Polygon","coordinates":[[[-122.6038,47.6482],[-122.6002,47.269],[-122.7124,47.3127],[-122.7175,47.65],[-122.6038,47.6482]]]}},{"type":"Feature","properties":{"name":"NEW YORK CLASS B","class":"B","lower":"0","lower_code":"SFC","upper":"7000"},"geometry":{"type":"Polygon","coordinates":[[[-73.8136,40.8268],[-73.8044,40.8206],[-73.7987,40.8139],[-73.7957,40.8098],[-73.7941,40.8032],[-73.8428,40.7905],[-73.8389,40.7739],[-73.8293,40.7662],[-73.7371,40.7785],[-73.7395,40.7641],[-73.7168,40.7597],[-73.6971,40.7537],[-73.6786,40.7461],[-73.6614,40.7368],[-73.6458,40.726],[-73.632,40.7138],[-73.6202,40.7005],[-73.6107,40.6862],[-73.6034,40.6711],[-73.5986,40.6554],[-73.5963,40.6395],[-73.5966,40.6234],[-73.6622,40.627],[-73.6682,40.605],[-73.6826,40.5827],[-73.7027,40.5817],[-73.7527,40.5861],[-73.7443,40.593],[-73.7789,40.5897],[-73.8128,40.583],[-73.8407,40.5753],[-73.8688,40.5637],[-73.9049,40.5552],[-73.9111,40.5524],[-73.9251,40.5689],[-73.9349,40.5851],[-73.9423,40.6039],[-73.9459,40.6215],[-73.9462,40.6411],[-73.9432,40.6588],[-73.9371,40.6761],[-73.927,40.6941],[-73.9482,40.7041],[-73.9665,40.7168],[-73.9616,40.7259],[-73.9626,40.7325],[-73.961,40.737],[-73.9626,40.7375],[-73.9612,40.742],[-73.944,40.7634],[-73.935,40.7705],[-73.9433,40.7734],[-73.9709,40.7434],[-73.973,40.7349],[-73.9746,40.7346],[-73.9717,40.7278],[-73.9726,40.7225],[-73.9891,40.7435],[-73.9979,40.7653],[-73.973,40.8045],[-73.9598,40.8211],[-73.9606,40.8228],[-73.9575,40.8268],[-73.9542,40.8279],[-73.9471,40.8449],[-73.9481,40.8486],[-73.9381,40.8608],[-73.9332,40.8709],[-73.9227,40.8749],[-73.8891,40.8825],[-73.8704,40.8837],[-73.8517,40.8828],[-73.8179,40.8759],[-73.7857,40.8614],[-73.8153,40.8337],[-73.8136,40.8268]]]}},{"type":"Feature","properties":{"name":"HONOLULU CLASS B","class":"B","lower":"1500","lower_code":"MSL","upper":"9000"},"geometry":{"type":"Polygon","coordinates":[[[-157.9327,21.2247],[-157.9194,21.2253],[-157.9045,21.2283],[-157.8805,21.239],[-157.7809,21.1002],[-157.8039,21.0872],[-157.8282,21.0764],[-157.8535,21.068],[-157.8796,21.062],[-157.9062,21.0584],[-157.9331,21.0574],[-157.9618,21.0591],[-157.9883,21.0634],[-158.0142,21.07],[-158.0392,21.0791],[-158.0632,21.0905],[-158.0858,21.1041],[-158.1069,21.1197],[-158.1262,21.1373],[-158.1435,21.1566],[-158.1597,21.1789],[-158.0069,21.2652],[-157.9927,21.2485],[-157.9762,21.2365],[-157.9553,21.228],[-157.9327,21.2247]]]}},{"type":"Feature","properties":{"name":"HONOLULU CLASS B","class":"B","lower":"2000","lower_code":"MSL","upper":"9000"},"geometry":{"type":"Polygon","coordinates":[[[-157.6942,21.0577],[-157.7243,21.0353],[-157.7569,21.0161],[-157.7914,21.0002],[-157.8294,20.9875],[-157.8687,20.9788],[-157.9069,20.9745],[-157.9472,20.9741],[-157.9855,20.9778],[-158.0249,20.9857],[-158.0614,20.9971],[-158.0964,21.0122],[-158.1294,21.0307],[-158.1616,21.0535],[-158.1895,21.0784],[-158.2144,21.1059],[-158.2361,21.1357],[-158.1597,21.1789],[-158.1364,21.1481],[-158.1098,21.1221],[-158.0795,21.1],[-158.0462,21.0821],[-158.0087,21.0684],[-157.9713,21.0604],[-157.9331,21.0574],[-157.8948,21.0597],[-157.8554,21.0675],[-157.8194,21.08],[-157.7857,21.0973],[-157.755,21.1189],[-157.7278,21.1444],[-157.7048,21.1734],[-157.6865,21.2051],[-157.6732,21.2389],[-157.5875,21.2158],[-157.6047,21.1717],[-157.6283,21.1303],[-157.6578,21.0925],[-157.6942,21.0577]]]}},{"type":"Feature","properties":{"name":"NEW YORK CLASS B","class":"B","lower":"0","lower_code":"SFC","upper":"7000"},"geometry":{"type":"Polygon","coordinates":[[[-74.1643,40.6251],[-74.1807,40.6259],[-74.1964,40.6291],[-74.2111,40.6344],[-74.2243,40.6417],[-74.2365,40.6518],[-74.2447,40.6619],[-74.2506,40.6736],[-74.2535,40.6859],[-74.2534,40.6985],[-74.2502,40.7108],[-74.244,40.7224],[-74.235,40.733],[-74.2236,40.742],[-74.2102,40.7493],[-74.1952,40.7545],[-74.1791,40.7575],[-74.1627,40.7582],[-74.144,40.756],[-74.1285,40.7517],[-74.1125,40.7441],[-74.1005,40.7355],[-74.0897,40.7237],[-74.0832,40.7122],[-74.0793,40.6982],[-74.0793,40.6856],[-74.083,40.6716],[-74.0895,40.66],[-74.1001,40.6482],[-74.112,40.6395],[-74.128,40.6319],[-74.1457,40.627],[-74.1643,40.6251]]]}},{"type":"Feature","properties":{"name":"MINNEAPOLIS CLASS B","class":"B","lower":"6000","lower_code":"MSL","upper":"10000"},"geometry":{"type":"Polygon","coordinates":[[[-92.5089,44.8093],[-92.5169,44.776],[-92.737,44.8721],[-92.7382,44.8987],[-92.7423,44.9251],[-92.7494,44.9512],[-92.7594,44.9768],[-92.5038,44.9052],[-92.5026,44.8732],[-92.5043,44.8412],[-92.5089,44.8093]]]}},{"type":"Feature","properties":{"name":"MINNEAPOLIS CLASS B","class":"B","lower":"6000","lower_code":"MSL","upper":"10000"},"geometry":{"type":"Polygon","coordinates":[[[-92.876,44.5506],[-92.9441,44.5204],[-92.9963,44.5031],[-93.0508,44.4897],[-93.1069,44.4804],[-93.0687,44.3838],[-93.1257,44.3774],[-93.1833,44.3744],[-93.2409,44.3748],[-93.2984,44.3786],[-93.315,44.5501],[-93.2707,44.544],[-93.2234,44.541],[-93.1759,44.5415],[-93.1312,44.5451],[-93.0847,44.5522],[-93.0418,44.562],[-92.9982,44.5755],[-92.9588,44.5911],[-92.876,44.5506]]]}},{"type":"Feature","properties":{"name":"MINNEAPOLIS CLASS B","class":"B","lower":"7000","lower_code":"MSL","upper":"10000"},"geometry":{"type":"Polygon","coordinates":[[[-93.3149,44.5501],[-93.2984,44.3786],[-93.377,44.3894],[-93.4535,44.4065],[-93.5267,44.4298],[-93.5938,44.4578],[-93.658,44.4922],[-93.7147,44.5303],[-93.7652,44.5726],[-93.8089,44.6187],[-93.8285,44.6437],[-93.8462,44.6695],[-93.8618,44.696],[-93.8744,44.7214],[-93.8858,44.7489],[-93.8944,44.7751],[-93.9014,44.8034],[-93.9059,44.8302],[-93.6698,44.8279],[-93.664,44.8049],[-93.6553,44.7805],[-93.644,44.7567],[-93.6302,44.7335],[-93.614,44.7111],[-93.5955,44.6897],[-93.5749,44.6693],[-93.5521,44.65],[-93.5292,44.6333],[-93.5027,44.6167],[-93.4746,44.6015],[-93.445,44.5878],[-93.382,44.5654],[-93.3149,44.5501]]]}},{"type":"Feature","properties":{"name":"MINNEAPOLIS CLASS B","class":"B","lower":"6000","lower_code":"MSL","upper":"10000"},"geometry":{"type":"Polygon","coordinates":[[[-93.6743,44.8655],[-93.6697,44.8279],[-93.9059,44.8302],[-93.9088,44.8676],[-93.9078,44.9034],[-93.9033,44.939],[-93.8952,44.9742],[-93.673,44.9014],[-93.6743,44.8655]]]}},{"type":"Feature","properties":{"name":"ALBUQUERQUE INTL AIRPORT CLASS C","class":"C","lower":"7800","lower_code":"MSL","upper":"9400"},"geometry":{"type":"Polygon","coordinates":[[[-106.4129,34.9967],[-106.4279,34.965],[-106.5182,35.003],[-106.5111,35.0178],[-106.5075,35.0334],[-106.5079,35.0511],[-106.5121,35.0666],[-106.4155,35.0923],[-106.4071,35.0608],[-106.4062,35.0285],[-106.4129,34.9967]]]}},{"type":"Feature","properties":{"name":"ALBUQUERQUE INTL AIRPORT CLASS C","class":"C","lower":"6900","lower_code":"MSL","upper":"9400"},"geometry":{"type":"Polygon","coordinates":[[[-106.495,35.1792],[-106.4734,35.0769],[-106.5121,35.0666],[-106.52,35.0814],[-106.5298,35.0933],[-106.5436,35.1049],[-106.5579,35.1131],[-106.5758,35.1198],[-106.5928,35.1232],[-106.6124,35.1242],[-106.6298,35.1224],[-106.6465,35.1182],[-106.6621,35.1117],[-106.6761,35.1031],[-106.6895,35.0912],[-106.6988,35.0791],[-106.706,35.0641],[-106.7094,35.05],[-106.7097,35.0338],[-106.7072,35.0214],[-106.7026,35.0094],[-106.6957,34.9982],[-106.687,34.9879],[-106.6764,34.9788],[-106.6643,34.9711],[-106.6366,34.9607],[-106.6195,34.9579],[-106.602,34.9576],[-106.5847,34.9598],[-106.5682,34.9643],[-106.5528,34.9712],[-106.5391,34.9801],[-106.5275,34.9908],[-106.5182,35.003],[-106.4279,34.965],[-106.4439,34.9435],[-106.4651,34.9229],[-106.4814,34.9109],[-106.4991,34.9004],[-106.5181,34.8915],[-106.5382,34.8843],[-106.559,34.879],[-106.5826,34.8753],[-106.6263,34.8746],[-106.65,34.8775],[-106.6711,34.8821],[-106.711,34.8968],[-106.731,34.9077],[-106.7477,34.9194],[-106.7627,34.9324],[-106.7761,34.9467],[-106.7932,34.9717],[-106.805,34.9988],[-106.8108,35.0272],[-106.8107,35.056],[-106.8046,35.0843],[-106.7926,35.1114],[-106.7751,35.1363],[-106.7527,35.1584],[-106.726,35.177],[-106.6957,35.1916],[-106.6629,35.2017],[-106.6284,35.2069],[-106.5933,35.2073],[-106.5587,35.2026],[-106.5256,35.1932],[-106.495,35.1792]]]}},{"type":"Feature","properties":{"name":"ALBUQUERQUE INTL AIRPORT CLASS C","class":"C","lower":"0","lower_code":"SFC","upper":"9400"},"geometry":{"type":"Polygon","coordinates":[[[-106.6075,34.9574],[-106.6293,34.9591],[-106.648,34.9639],[-106.6653,34.9716],[-106.6805,34.982],[-106.693,34.9945],[-106.7023,35.0088],[-106.7081,35.0242],[-106.7101,35.0403],[-106.7083,35.0565],[-106.7028,35.072],[-106.6937,35.0864],[-106.6814,35.099],[-106.6663,35.1095],[-106.6491,35.1174],[-106.6304,35.1224],[-106.6108,35.1243],[-106.5912,35.1231],[-106.5722,35.1187],[-106.5545,35.1115],[-106.539,35.1016],[-106.526,35.0894],[-106.5162,35.0753],[-106.5098,35.06],[-106.5071,35.0421],[-106.5087,35.026],[-106.5141,35.0104],[-106.523,34.996],[-106.5352,34.9832],[-106.5501,34.9727],[-106.5672,34.9646],[-106.588,34.9591],[-106.6075,34.9574]]]}},{"type":"Feature","properties":{"name":"PHILADELPHIA CLASS B","class":"B","lower":"1500","lower_code":"MSL","upper":"7000"},"geometry":{"type":"Polygon","coordinates":[[[-75.0135,39.9852],[-74.9835,39.9875],[-74.9572,39.9943],[-74.9447,39.9752],[-74.9343,39.9552],[-74.9217,39.919],[-74.918,39.8995],[-74.9163,39.8799],[-74.9165,39.8602],[-74.9188,39.8406],[-74.9293,39.8021],[-75.0334,39.7823],[-75.0542,39.7585],[-75.0796,39.7374],[-75.1088,39.7196],[-75.1435,39.7049],[-75.1673,39.6978],[-75.1921,39.6927],[-75.2174,39.6897],[-75.243,39.6888],[-75.2708,39.6902],[-75.296,39.6938],[-75.3205,39.6994],[-75.3442,39.707],[-75.3666,39.7165],[-75.3876,39.7279],[-75.4069,39.7409],[-75.4242,39.7554],[-75.4395,39.7713],[-75.4524,39.7884],[-75.4629,39.8064],[-75.4709,39.8252],[-75.4781,39.8571],[-75.4779,39.8894],[-75.4703,39.9212],[-75.4556,39.9515],[-75.4342,39.9793],[-75.4068,40.0038],[-75.3742,40.0242],[-75.3395,40.0392],[-75.3044,40.049],[-75.2677,40.0545],[-75.2279,40.0554],[-75.1909,40.0516],[-75.155,40.0434],[-75.1193,40.03],[-75.1153,40.0282],[-75.1038,40.017],[-75.0921,40.0083],[-75.065,39.9947],[-75.041,39.9881],[-75.0135,39.9852]]]}},{"type":"Feature","properties":{"name":"PHILADELPHIA CLASS B","class":"B","lower":"2000","lower_code":"MSL","upper":"7000"},"geometry":{"type":"Polygon","coordinates":[[[-75.1323,40.0572],[-75.1253,40.0421],[-75.1153,40.0282],[-75.1507,40.042],[-75.1886,40.0512],[-75.2256,40.0553],[-75.2653,40.0547],[-75.3021,40.0495],[-75.3395,40.0392],[-75.3742,40.0242],[-75.4051,40.0051],[-75.4272,39.9865],[-75.4469,39.9642],[-75.4613,39.9416],[-75.4721,39.916],[-75.4777,39.8912],[-75.4787,39.8643],[-75.475,39.8393],[-75.4661,39.8132],[-75.4524,39.7884],[-75.4328,39.7639],[-75.4102,39.7434],[-75.382,39.7246],[-75.3525,39.7103],[-75.3183,39.6988],[-75.2823,39.6916],[-75.2476,39.6889],[-75.2197,39.6895],[-75.1921,39.6927],[-75.1651,39.6983],[-75.1413,39.7056],[-75.1088,39.7196],[-75.0796,39.7374],[-75.0542,39.7585],[-75.0334,39.7823],[-74.9293,39.8021],[-74.9391,39.7802],[-74.9515,39.7591],[-74.9663,39.739],[-74.9821,39.7214],[-75.0268,39.73],[-75.0436,39.7291],[-75.0646,39.6998],[-75.0572,39.6888],[-75.0371,39.6776],[-75.0674,39.6609],[-75.102,39.6462],[-75.1365,39.6354],[-75.1746,39.6273],[-75.2137,39.6229],[-75.2532,39.6222],[-75.2925,39.6253],[-75.3311,39.632],[-75.3683,39.6422],[-75.4017,39.655],[-75.4348,39.6718],[-75.4633,39.6902],[-75.4904,39.7125],[-75.5125,39.7356],[-75.5268,39.7542],[-75.538,39.7719],[-75.5482,39.7921],[-75.5555,39.811],[-75.5612,39.8321],[-75.5644,39.8518],[-75.5655,39.8733],[-75.5644,39.8931],[-75.5609,39.9145],[-75.5556,39.9339],[-75.5476,39.9545],[-75.5382,39.973],[-75.5259,39.9923],[-75.5127,40.0093],[-75.4812,40.0406],[-75.458,40.0583],[-75.4345,40.0732],[-75.4073,40.0871],[-75.3804,40.0982],[-75.3502,40.1078],[-75.321,40.1146],[-75.2912,40.1194],[-75.261,40.1219],[-75.2282,40.1222],[-75.1955,40.1199],[-75.1633,40.1152],[-75.1319,40.108],[-75.1355,40.0941],[-75.1365,40.0817],[-75.1354,40.0693],[-75.1323,40.0572]]]}},{"type":"Feature","properties":{"name":"NEW YORK CLASS B","class":"B","lower":"500","lower_code":"MSL","upper":"7000"},"geometry":{"type":"Polygon","coordinates":[[[-73.6088,40.5833],[-73.6179,40.5686],[-73.6306,40.5535],[-73.6459,40.5398],[-73.6634,40.5278],[-73.6829,40.5177],[-73.704,40.5097],[-73.7262,40.5039],[-73.7494,40.5004],[-73.7705,40.4994],[-73.794,40.5005],[-73.8171,40.504],[-73.8394,40.5098],[-73.8604,40.5179],[-73.8798,40.5281],[-73.8973,40.5401],[-73.9111,40.5524],[-73.9049,40.5552],[-73.8688,40.5637],[-73.8407,40.5753],[-73.8128,40.583],[-73.7789,40.5897],[-73.7443,40.593],[-73.7527,40.5861],[-73.7027,40.5817],[-73.6826,40.5827],[-73.6682,40.605],[-73.6622,40.627],[-73.5967,40.6234],[-73.6005,40.6039],[-73.6088,40.5833]]]}},{"type":"Feature","properties":{"name":"NEW YORK CLASS B","class":"B","lower":"500","lower_code":"MSL","upper":"7000"},"geometry":{"type":"Polygon","coordinates":[[[-73.744,40.8163],[-73.7941,40.8032],[-73.7957,40.8098],[-73.7987,40.8139],[-73.8044,40.8206],[-73.8136,40.8268],[-73.8153,40.8337],[-73.7856,40.8615],[-73.7722,40.852],[-73.7606,40.8411],[-73.7512,40.8291],[-73.744,40.8163]]]}},{"type":"Feature","properties":{"name":"NEW YORK CLASS B","class":"B","lower":"500","lower_code":"MSL","upper":"7000"},"geometry":{"type":"Polygon","coordinates":[[[-74.0549,40.7588],[-74.0418,40.7438],[-74.0321,40.7274],[-74.034,40.7262],[-74.032,40.7198],[-74.0328,40.7121],[-74.0349,40.7058],[-74.0417,40.7045],[-74.0526,40.6954],[-74.0724,40.6234],[-74.0644,40.6161],[-74.0818,40.6045],[-74.1015,40.5952],[-74.1341,40.5861],[-74.1686,40.5833],[-74.1674,40.5887],[-74.1621,40.594],[-74.1621,40.6073],[-74.1573,40.6148],[-74.1784,40.6257],[-74.162,40.6252],[-74.1457,40.627],[-74.1301,40.6311],[-74.1177,40.6363],[-74.105,40.6443],[-74.0944,40.6539],[-74.0863,40.6649],[-74.0817,40.675],[-74.0791,40.6874],[-74.0796,40.7],[-74.0832,40.7122],[-74.0886,40.7222],[-74.0975,40.7327],[-74.1071,40.7406],[-74.1202,40.7482],[-74.1328,40.7532],[-74.1556,40.7577],[-74.1768,40.7578],[-74.1974,40.7539],[-74.2181,40.7454],[-74.2378,40.7301],[-74.245,40.7208],[-74.2508,40.7091],[-74.2534,40.6985],[-74.2535,40.6859],[-74.2512,40.6753],[-74.2456,40.6635],[-74.2909,40.6568],[-74.301,40.6571],[-74.3025,40.6605],[-74.3077,40.6799],[-74.3083,40.6979],[-74.3045,40.7174],[-74.297,40.7345],[-74.2845,40.7519],[-74.2698,40.7659],[-74.2522,40.778],[-74.2322,40.7876],[-74.2081,40.7951],[-74.185,40.7989],[-74.1614,40.7998],[-74.1379,40.7977],[-74.1151,40.7926],[-74.0918,40.7838],[-74.0728,40.7731],[-74.0549,40.7588]]]}},{"type":"Feature","properties":{"name":"PHILADELPHIA CLASS B","class":"B","lower":"600","lower_code":"MSL","upper":"7000"},"geometry":{"type":"Polygon","coordinates":[[[-75.2813,39.8401],[-75.2711,39.8415],[-75.2409,39.7388],[-75.2664,39.7403],[-75.2914,39.7446],[-75.3153,39.7518],[-75.3356,39.7606],[-75.356,39.7726],[-75.3738,39.7868],[-75.3887,39.8029],[-75.4004,39.8205],[-75.3634,39.8432],[-75.2961,39.8448],[-75.2813,39.8401]]]}},{"type":"Feature","properties":{"name":"SAN DIEGO CLASS B","class":"B","lower":"6800","lower_code":"MSL","upper":"10000"},"geometry":{"type":"Polygon","coordinates":[[[-117.2278,32.8869],[-117.2022,32.8469],[-117.3208,32.8863],[-117.3251,32.9023],[-117.3909,32.9813],[-117.2275,32.9086],[-117.2278,32.8869]]]}},{"type":"Feature","properties":{"name":"NEW YORK CLASS B","class":"B","lower":"1300","lower_code":"MSL","upper":"7000"},"geometry":{"type":"Polygon","coordinates":[[[-73.9381,40.8608],[-73.9481,40.8486],[-73.9471,40.8449],[-73.9542,40.8279],[-73.9575,40.8268],[-73.9606,40.8228],[-73.9598,40.8211],[-73.973,40.8045],[-73.9966,40.7668],[-74.0075,40.7536],[-74.0093,40.7494],[-74.0087,40.7445],[-74.0124,40.7198],[-74.0128,40.7183],[-74.0162,40.7188],[-74.0163,40.7121],[-74.0173,40.7124],[-74.0189,40.7062],[-74.0143,40.7009],[-74.0263,40.6848],[-74.0342,40.6442],[-74.0374,40.6411],[-74.0421,40.6302],[-74.0422,40.6188],[-74.0369,40.6094],[-74.0534,40.6036],[-74.0626,40.6148],[-74.0724,40.6234],[-74.0526,40.6954],[-74.0417,40.7045],[-74.0349,40.7058],[-74.032,40.7198],[-74.034,40.7262],[-74.0305,40.7285],[-74.0301,40.7332],[-74.0271,40.7368],[-74.0257,40.7414],[-74.0221,40.744],[-74.0244,40.7534],[-74.0228,40.7578],[-74.0167,40.7642],[-74.0144,40.77],[-74.0122,40.77],[-74.01,40.7726],[-74.0117,40.775],[-74.0106,40.7764],[-74.009,40.7764],[-74.0014,40.7837],[-73.9977,40.7907],[-73.9962,40.7905],[-73.9967,40.792],[-73.9944,40.7922],[-73.9924,40.7966],[-73.9945,40.7979],[-73.9906,40.8031],[-73.9881,40.8048],[-73.9849,40.8044],[-73.9867,40.8068],[-73.9836,40.8077],[-73.9843,40.8088],[-73.9821,40.8101],[-73.981,40.8141],[-73.9739,40.8222],[-73.9718,40.8275],[-73.97,40.8281],[-73.969,40.8352],[-73.9706,40.8377],[-73.968,40.8393],[-73.9687,40.8409],[-73.9663,40.842],[-73.9603,40.8511],[-73.9581,40.8584],[-73.9558,40.8589],[-73.9401,40.8919],[-73.9363,40.8958],[-73.9282,40.9166],[-73.9239,40.9353],[-73.9133,40.9625],[-73.9064,40.965],[-73.8924,40.9663],[-73.901,40.9512],[-73.9004,40.9489],[-73.9042,40.9414],[-73.9032,40.939],[-73.9056,40.9344],[-73.9067,40.9268],[-73.9104,40.9214],[-73.9141,40.9067],[-73.9215,40.8882],[-73.9274,40.8765],[-73.9301,40.8754],[-73.9332,40.8709],[-73.9381,40.8608]]]}},{"type":"Feature","properties":{"name":"SALT LAKE CITY CLASS B","class":"B","lower":"9000","lower_code":"MSL","upper":"12000"},"geometry":{"type":"Polygon","coordinates":[[[-112.141,41.1613],[-112.1822,41.1473],[-112.1971,41.2521],[-112.1551,41.2636],[-112.1142,41.2721],[-112.0703,41.2786],[-112.0258,41.2826],[-112.0231,41.2615],[-112.0155,41.2493],[-112.0097,41.224],[-112.0,41.2142],[-111.9933,41.204],[-111.9927,41.1998],[-111.9978,41.1943],[-112.0136,41.1829],[-112.0585,41.1787],[-112.1003,41.1715],[-112.141,41.1613]]]}},{"type":"Feature","properties":{"name":"SALT LAKE CITY CLASS B","class":"B","lower":"10000","lower_code":"MSL","upper":"12000"},"geometry":{"type":"Polygon","coordinates":[[[-111.9479,41.231],[-111.9489,41.1828],[-112.0136,41.1829],[-111.9978,41.1943],[-111.9927,41.1998],[-111.9933,41.204],[-112.0,41.2142],[-112.0097,41.224],[-112.0155,41.2493],[-112.0231,41.2615],[-112.0258,41.2826],[-111.9492,41.2831],[-111.9512,41.2737],[-111.9479,41.2691],[-111.9481,41.2468],[-111.9453,41.243],[-111.9479,41.231]]]}},{"type":"Feature","properties":{"name":"ATLANTIC CITY INTERNATIONAL AIRPORT CLASS C","class":"C","lower":"0","lower_code":"SFC","upper":"4100"},"geometry":{"type":"Polygon","coordinates":[[[-74.5761,39.3741],[-74.5968,39.3755],[-74.6169,39.38],[-74.6354,39.3874],[-74.6518,39.3974],[-74.6654,39.4097],[-74.6756,39.4238],[-74.6822,39.4391],[-74.6848,39.4552],[-74.6833,39.4713],[-74.6779,39.487],[-74.6687,39.5015],[-74.656,39.5143],[-74.6403,39.5251],[-74.6223,39.5332],[-74.6026,39.5386],[-74.5819,39.5408],[-74.561,39.54],[-74.5407,39.536],[-74.5219,39.529],[-74.5051,39.5194],[-74.491,39.5074],[-74.4802,39.4936],[-74.473,39.4784],[-74.4697,39.4606],[-74.471,39.4444],[-74.4762,39.4288],[-74.4853,39.4142],[-74.4994,39.3999],[-74.5152,39.3894],[-74.5333,39.3814],[-74.5531,39.3762],[-74.5761,39.3741]]]}},{"type":"Feature","properties":{"name":"SAN DIEGO CLASS B","class":"B","lower":"3000","lower_code":"MSL","upper":"10000"},"geometry":{"type":"Polygon","coordinates":[[[-117.1265,32.9458],[-117.2028,32.9181],[-117.1937,32.9726],[-117.1233,32.9922],[-117.108,32.9792],[-117.1265,32.9458]]]}},{"type":"Feature","properties":{"name":"SAN DIEGO CLASS B","class":"B","lower":"0","lower_code":"SFC","upper":"3200"},"geometry":{"type":"Polygon","coordinates":[[[-117.2275,32.9086],[-117.1653,32.8644],[-117.1269,32.8658],[-117.0508,32.854],[-117.0526,32.8501],[-117.0967,32.8403],[-117.1639,32.8403],[-117.1778,32.8472],[-117.2022,32.8469],[-117.2278,32.8869],[-117.2275,32.9086]]]}},{"type":"Feature","properties":{"name":"SAN DIEGO CLASS B","class":"B","lower":"4800","lower_code":"MSL","upper":"10000"},"geometry":{"type":"Polygon","coordinates":[[[-117.2275,32.9086],[-117.1653,32.8644],[-117.1269,32.8658],[-117.0508,32.854],[-117.0526,32.8501],[-117.0967,32.8403],[-117.1639,32.8403],[-117.1778,32.8472],[-117.2022,32.8469],[-117.2278,32.8869],[-117.2275,32.9086]]]}},{"type":"Feature","properties":{"name":"SAN DIEGO CLASS B","class":"B","lower":"0","lower_code":"SFC","upper":"10000"},"geometry":{"type":"Polygon","coordinates":[[[-116.9764,32.8674],[-117.0508,32.854],[-117.1269,32.8658],[-117.1653,32.8644],[-117.2275,32.9086],[-117.086,32.9605],[-116.9764,32.8674]]]}},{"type":"Feature","properties":{"name":"SAN DIEGO CLASS B","class":"B","lower":"1800","lower_code":"MSL","upper":"10000"},"geometry":{"type":"Polygon","coordinates":[[[-116.952,32.8718],[-116.9764,32.8674],[-117.086,32.9605],[-117.044,32.9758],[-116.9483,32.9075],[-116.952,32.8718]]]}},{"type":"Feature","properties":{"name":"SAN DIEGO CLASS B","class":"B","lower":"3200","lower_code":"MSL","upper":"10000"},"geometry":{"type":"Polygon","coordinates":[[[-116.9234,32.8769],[-116.952,32.8718],[-116.9483,32.9075],[-117.044,32.9758],[-117.017,32.9855],[-116.9144,32.9197],[-116.9234,32.8769]]]}},{"type":"Feature","properties":{"name":"ORLANDO CLASS B","class":"B","lower":"4000","lower_code":"MSL","upper":"10000"},"geometry":{"type":"Polygon","coordinates":[[[-81.4583,28.8833],[-81.4583,28.0534],[-81.4953,28.0619],[-81.5333,28.0731],[-81.5333,28.8833],[-81.4583,28.8833]]]}},{"type":"Feature","properties":{"name":"ORLANDO CLASS B","class":"B","lower":"6000","lower_code":"MSL","upper":"10000"},"geometry":{"type":"Polygon","coordinates":[[[-81.5333,28.8833],[-81.5333,28.5378],[-81.5333,28.0731],[-81.5886,28.0944],[-81.6411,28.1208],[-81.6421,28.1335],[-81.6392,28.1432],[-81.6416,28.1571],[-81.6413,28.2057],[-81.6428,28.2144],[-81.6589,28.2431],[-81.6754,28.3466],[-81.7004,28.4028],[-81.7198,28.4365],[-81.7244,28.4547],[-81.7225,28.4675],[-81.7178,28.4786],[-81.7185,28.4923],[-81.7229,28.5052],[-81.7406,28.5382],[-81.7431,28.5583],[-81.75,28.575],[-81.75,28.7063],[-81.7366,28.7306],[-81.7214,28.754],[-81.6984,28.7838],[-81.6725,28.8116],[-81.6438,28.8372],[-81.6142,28.8594],[-81.5758,28.8832],[-81.5333,28.8833]]]}},{"type":"Feature","properties":{"name":"OFFUTT AFB CLASS C","class":"C","lower":"0","lower_code":"SFC","upper":"5000"},"geometry":{"type":"Polygon","coordinates":[[[-95.9113,41.035],[-95.9326,41.0364],[-95.9531,41.0408],[-95.9721,41.0482],[-95.9889,41.0582],[-96.0028,41.0705],[-96.0133,41.0846],[-96.02,41.1],[-96.0227,41.116],[-96.0212,41.1322],[-96.0157,41.1478],[-96.0062,41.1623],[-95.9932,41.1752],[-95.9772,41.1859],[-95.9587,41.1941],[-95.9385,41.1994],[-95.9196,41.2015],[-95.8982,41.201],[-95.8774,41.1974],[-95.8578,41.1908],[-95.8386,41.1802],[-95.8242,41.1683],[-95.8131,41.1544],[-95.8057,41.1392],[-95.8023,41.1214],[-95.8036,41.1053],[-95.809,41.0896],[-95.8183,41.0751],[-95.8327,41.0608],[-95.8489,41.0502],[-95.8675,41.0422],[-95.8877,41.0371],[-95.9113,41.035]]]}},{"type":"Feature","properties":{"name":"OFFUTT AFB CLASS C","class":"C","lower":"2500","lower_code":"MSL","upper":"5000"},"geometry":{"type":"Polygon","coordinates":[[[-95.8962,41.2189],[-95.8657,41.2216],[-95.8393,41.2296],[-95.8149,41.2437],[-95.7977,41.2608],[-95.778,41.2506],[-95.76,41.2389],[-95.7437,41.2257],[-95.728,41.2098],[-95.7129,41.1894],[-95.7011,41.1659],[-95.6944,41.143],[-95.692,41.1179],[-95.6943,41.0946],[-95.7015,41.07],[-95.7126,41.0481],[-95.7288,41.0262],[-95.743,41.0117],[-95.7609,40.9973],[-95.7809,40.9846],[-95.8028,40.9737],[-95.824,40.9656],[-95.8485,40.9588],[-95.8739,40.9542],[-95.8998,40.9518],[-95.9259,40.9519],[-95.9519,40.9543],[-95.9772,40.9589],[-95.9995,40.9651],[-96.0229,40.974],[-96.0428,40.9838],[-96.0629,40.9965],[-96.0794,41.0094],[-96.1004,41.0312],[-96.1165,41.0553],[-96.1274,41.081],[-96.1325,41.1077],[-96.132,41.1347],[-96.1257,41.1612],[-96.1138,41.1867],[-96.0966,41.2103],[-96.0761,41.2302],[-96.052,41.2476],[-96.0246,41.262],[-95.9969,41.2724],[-95.982,41.2521],[-95.971,41.2427],[-95.9583,41.2346],[-95.9288,41.2232],[-95.8962,41.2189]]]}},{"type":"Feature","properties":{"name":"NORFOLK INTERNATIONAL AIRPORT CLASS C","class":"C","lower":"0","lower_code":"SFC","upper":"4000"},"geometry":{"type":"Polygon","coordinates":[[[-76.1991,36.8113],[-76.2169,36.8122],[-76.232,36.815],[-76.26,36.8258],[-76.2737,36.8349],[-76.284,36.8442],[-76.2925,36.8547],[-76.2989,36.8661],[-76.2159,36.9773],[-76.2092,36.9779],[-76.1892,36.9776],[-76.1696,36.9742],[-76.1511,36.9678],[-76.1329,36.9575],[-76.1191,36.9457],[-76.1085,36.9321],[-76.1013,36.917],[-76.0977,36.8994],[-76.0985,36.8833],[-76.1039,36.8659],[-76.1174,36.8457],[-76.1259,36.8374],[-76.1409,36.8269],[-76.1582,36.8188],[-76.1771,36.8136],[-76.1991,36.8113]]]}},{"type":"Feature","properties":{"name":"NORFOLK INTERNATIONAL AIRPORT CLASS C","class":"C","lower":"2000","lower_code":"MSL","upper":"4000"},"geometry":{"type":"Polygon","coordinates":[[[-76.2159,36.9773],[-76.2989,36.8661],[-76.3248,36.8713],[-76.3476,36.8825],[-76.3653,36.8986],[-76.3757,36.9164],[-76.3792,36.9304],[-76.3794,36.943],[-76.3769,36.9554],[-76.3717,36.9672],[-76.364,36.9781],[-76.3541,36.9878],[-76.3422,36.9959],[-76.3287,37.0023],[-76.314,37.0067],[-76.2986,37.0089],[-76.283,37.009],[-76.2676,37.0069],[-76.2529,37.0027],[-76.2393,36.9964],[-76.2273,36.9884],[-76.2159,36.9773]]]}},{"type":"Feature","properties":{"name":"NORFOLK INTERNATIONAL AIRPORT CLASS C","class":"C","lower":"1200","lower_code":"MSL","upper":"4000"},"geometry":{"type":"Polygon","coordinates":[[[-76.1987,36.7277],[-76.2388,36.7304],[-76.2775,36.7393],[-76.3133,36.754],[-76.345,36.774],[-76.3713,36.7985],[-76.3912,36.8266],[-76.404,36.8573],[-76.4092,36.8894],[-76.4066,36.9217],[-76.3963,36.953],[-76.3787,36.9822],[-76.3543,37.008],[-76.3496,37.0118],[-76.3279,37.0161],[-76.3084,37.0246],[-76.2935,37.0353],[-76.282,37.0484],[-76.2457,37.0576],[-76.2101,37.0613],[-76.1766,37.0603],[-76.1415,37.0544],[-76.1082,37.0438],[-76.0776,37.0287],[-76.0508,37.0096],[-76.0285,36.9872],[-76.0113,36.962],[-75.9997,36.9348],[-76.0567,36.89],[-76.083,36.8805],[-76.0936,36.8739],[-76.1041,36.8647],[-76.1126,36.8542],[-76.1192,36.8409],[-76.1499,36.8168],[-76.1653,36.7302],[-76.1987,36.7277]]]}},{"type":"Feature","properties":{"name":"EPPLEY AIRFIELD, OMAHA CLASS C","class":"C","lower":"0","lower_code":"SFC","upper":"5000"},"geometry":{"type":"Polygon","coordinates":[[[-95.8924,41.2188],[-95.9138,41.2202],[-95.9344,41.2247],[-95.9534,41.2321],[-95.9702,41.2421],[-95.9842,41.2544],[-95.9947,41.2685],[-96.0015,41.2839],[-96.004,41.2981],[-96.003,41.3143],[-95.9979,41.33],[-95.9888,41.3446],[-95.9762,41.3577],[-95.9604,41.3687],[-95.9421,41.3772],[-95.922,41.3828],[-95.9032,41.3853],[-95.8817,41.3851],[-95.8607,41.3818],[-95.8409,41.3755],[-95.8213,41.3653],[-95.8065,41.3536],[-95.795,41.3399],[-95.7872,41.3248],[-95.7832,41.3071],[-95.7841,41.291],[-95.789,41.2752],[-95.7979,41.2605],[-95.812,41.246],[-95.8279,41.2352],[-95.8485,41.2261],[-95.8688,41.221],[-95.8924,41.2188]]]}},{"type":"Feature","properties":{"name":"CHARLOTTE CLASS B","class":"B","lower":"4000","lower_code":"MSL","upper":"10000"},"geometry":{"type":"Polygon","coordinates":[[[-80.7665,35.6679],[-80.7666,35.5792],[-80.8189,35.5933],[-80.8727,35.6027],[-80.9275,35.6072],[-80.9825,35.6069],[-80.9794,35.5993],[-80.9916,35.5924],[-80.9939,35.5829],[-80.9927,35.5762],[-80.994,35.5654],[-81.0159,35.5476],[-81.0154,35.5443],[-81.0071,35.5337],[-81.0117,35.5206],[-81.0676,35.5104],[-81.1192,35.4947],[-81.1677,35.4734],[-81.2122,35.4469],[-81.2181,35.4541],[-81.2223,35.4698],[-81.2274,35.4735],[-81.2306,35.4798],[-81.2327,35.4858],[-81.2247,35.5007],[-81.2218,35.5257],[-81.2289,35.5406],[-81.191,35.5588],[-81.1514,35.5743],[-81.1756,35.6208],[-80.9611,35.6917],[-80.9106,35.6906],[-80.8604,35.6861],[-80.8108,35.6783],[-80.7665,35.6679]]]}},{"type":"Feature","properties":{"name":"CHARLOTTE CLASS B","class":"B","lower":"6000","lower_code":"MSL","upper":"10000"},"geometry":{"type":"Polygon","coordinates":[[[-80.6237,34.7685],[-80.6631,34.7495],[-80.6897,34.9353],[-80.6505,34.9664],[-80.6166,35.0016],[-80.5888,35.0402],[-80.5675,35.0814],[-80.557,35.1107],[-80.5497,35.1406],[-80.5458,35.171],[-80.5452,35.2015],[-80.5481,35.2319],[-80.5544,35.262],[-80.5639,35.2915],[-80.5768,35.3201],[-80.5204,35.3395],[-80.5392,35.3721],[-80.5618,35.403],[-80.5891,35.4334],[-80.6185,35.4602],[-80.6525,35.4858],[-80.6877,35.5075],[-80.7271,35.5273],[-80.7667,35.5431],[-80.7667,35.6676],[-80.7109,35.6506],[-80.6575,35.6293],[-80.6069,35.6039],[-80.5596,35.5745],[-80.516,35.5415],[-80.4765,35.5053],[-80.4416,35.466],[-80.4115,35.4242],[-80.5018,35.3854],[-80.4758,35.3378],[-80.4572,35.288],[-80.4464,35.2367],[-80.4439,35.2098],[-80.4435,35.1828],[-80.4487,35.1309],[-80.4545,35.1044],[-80.4624,35.0782],[-80.4833,35.029],[-80.497,35.0045],[-80.5126,34.9808],[-80.4251,34.9387],[-80.4471,34.9099],[-80.4715,34.8824],[-80.4981,34.8563],[-80.5267,34.8318],[-80.5573,34.8089],[-80.5897,34.7878],[-80.6237,34.7685]]]}},{"type":"Feature","properties":{"name":"DALLAS ADDISON AIRPORT CLASS D","class":"D","lower":"0","lower_code":"SFC","upper":"3000"},"geometry":{"type":"Polygon","coordinates":[[[-96.7841,32.9098],[-96.8817,32.9096],[-96.8815,32.928],[-96.8905,32.9359],[-96.8905,32.9856],[-96.9139,33.0022],[-96.9087,33.0096],[-96.8963,33.022],[-96.8811,33.0317],[-96.8636,33.0384],[-96.8449,33.0417],[-96.8279,33.0417],[-96.8091,33.0384],[-96.7917,33.0317],[-96.7764,33.022],[-96.7641,33.0096],[-96.7552,32.9953],[-96.7502,32.9798],[-96.7494,32.9636],[-96.7528,32.9478],[-96.7602,32.9329],[-96.7713,32.9197],[-96.7841,32.9098]]]}},{"type":"Feature","properties":{"name":"FORT LAUDERDALE CLASS C","class":"C","lower":"1500","lower_code":"MSL","upper":"4000"},"geometry":{"type":"Polygon","coordinates":[[[-80.3954,26.0273],[-80.434,26.0895],[-80.4342,26.1099],[-80.4468,26.1675],[-80.32,26.1675],[-80.3411,26.1485],[-80.3436,26.1425],[-80.345,26.123],[-80.3617,26.1001],[-80.3636,26.0942],[-80.3637,26.088],[-80.3604,26.0754],[-80.3539,26.0614],[-80.3526,26.0397],[-80.3954,26.0273]]]}},{"type":"Feature","properties":{"name":"PROVIDENCE, THEODORE FRANCIS GREEN STATE AIRPORT CLASS C","class":"C","lower":"1300","lower_code":"MSL","upper":"4100"},"geometry":{"type":"Polygon","coordinates":[[[-71.2333,41.6412],[-71.2535,41.619],[-71.2783,41.5994],[-71.3069,41.5831],[-71.3409,41.5698],[-71.375,41.5614],[-71.4129,41.5572],[-71.4488,41.5577],[-71.4841,41.5625],[-71.4554,41.6431],[-71.4342,41.6404],[-71.4128,41.6409],[-71.3895,41.645],[-71.3701,41.6518],[-71.3527,41.6613],[-71.3381,41.6732],[-71.3268,41.6869],[-71.3192,41.702],[-71.3155,41.7197],[-71.3166,41.7358],[-71.3217,41.7514],[-71.3308,41.766],[-71.3435,41.7791],[-71.3593,41.79],[-71.3777,41.7985],[-71.3978,41.8041],[-71.3689,41.8847],[-71.346,41.8791],[-71.322,41.8708],[-71.3014,41.8615],[-71.2804,41.8494],[-71.2632,41.8369],[-71.2464,41.8216],[-71.2334,41.8064],[-71.2216,41.7887],[-71.2135,41.7718],[-71.2074,41.7525],[-71.2045,41.7346],[-71.2044,41.7148],[-71.207,41.697],[-71.2128,41.6776],[-71.2216,41.659],[-71.2333,41.6412]]]}},{"type":"Feature","properties":{"name":"PROVIDENCE, THEODORE FRANCIS GREEN STATE AIRPORT CLASS C","class":"C","lower":"1700","lower_code":"MSL","upper":"4100"},"geometry":{"type":"Polygon","coordinates":[[[-71.3689,41.8847],[-71.3978,41.8041],[-71.4191,41.8068],[-71.4406,41.8063],[-71.4616,41.8028],[-71.4813,41.7962],[-71.499,41.787],[-71.5139,41.7754],[-71.5256,41.7618],[-71.5342,41.7451],[-71.5377,41.7292],[-71.5371,41.7131],[-71.5323,41.6974],[-71.5236,41.6827],[-71.5112,41.6695],[-71.4958,41.6583],[-71.4777,41.6495],[-71.4554,41.6431],[-71.4841,41.5625],[-71.5136,41.5701],[-71.5413,41.5807],[-71.5668,41.5942],[-71.5896,41.6101],[-71.6119,41.6313],[-71.6293,41.6549],[-71.6415,41.6803],[-71.6481,41.7068],[-71.6489,41.7337],[-71.6438,41.7605],[-71.6331,41.7862],[-71.6169,41.8103],[-71.5958,41.8322],[-71.5702,41.8512],[-71.5408,41.8668],[-71.5084,41.8787],[-71.4739,41.8866],[-71.4405,41.89],[-71.4044,41.8895],[-71.3689,41.8847]]]}},{"type":"Feature","properties":{"name":"RALEIGH-DURHAM INTL AIRPORT CLASS C","class":"C","lower":"0","lower_code":"SFC","upper":"4400"},"geometry":{"type":"Polygon","coordinates":[[[-78.7875,35.9611],[-78.7675,35.9595],[-78.7483,35.9548],[-78.7305,35.9471],[-78.7149,35.9367],[-78.7022,35.924],[-78.6927,35.9096],[-78.6869,35.894],[-78.6849,35.8777],[-78.6869,35.8614],[-78.6928,35.8457],[-78.7022,35.8313],[-78.715,35.8186],[-78.7306,35.8082],[-78.7483,35.8005],[-78.7676,35.7958],[-78.7875,35.7942],[-78.8075,35.7958],[-78.8267,35.8006],[-78.8445,35.8083],[-78.86,35.8187],[-78.8728,35.8314],[-78.8822,35.8458],[-78.8881,35.8615],[-78.89,35.8777],[-78.888,35.8941],[-78.8822,35.9097],[-78.8727,35.9241],[-78.8599,35.9367],[-78.8444,35.9471],[-78.8267,35.9548],[-78.8075,35.9595],[-78.7875,35.9611]]]}},{"type":"Feature","properties":{"name":"RALEIGH-DURHAM INTL AIRPORT CLASS C","class":"C","lower":"1700","lower_code":"MSL","upper":"4400"},"geometry":{"type":"Polygon","coordinates":[[[-78.7875,36.0445],[-78.7474,36.0413],[-78.709,36.0319],[-78.6735,36.0165],[-78.6424,35.9957],[-78.6169,35.9705],[-78.598,35.9417],[-78.5863,35.9104],[-78.5824,35.8778],[-78.5863,35.8453],[-78.598,35.8138],[-78.6169,35.785],[-78.6425,35.7597],[-78.6735,35.7389],[-78.709,35.7235],[-78.7475,35.7139],[-78.7876,35.7107],[-78.8276,35.714],[-78.8661,35.7235],[-78.9016,35.739],[-78.9326,35.7598],[-78.9581,35.7852],[-78.977,35.814],[-78.9887,35.8454],[-78.9926,35.8779],[-78.9886,35.9104],[-78.977,35.9417],[-78.958,35.9705],[-78.9325,35.9957],[-78.9015,36.0164],[-78.866,36.0319],[-78.8275,36.0413],[-78.7875,36.0445]]]}},{"type":"Feature","properties":{"name":"HONOLULU CLASS B","class":"B","lower":"4000","lower_code":"MSL","upper":"9000"},"geometry":{"type":"Polygon","coordinates":[[[-157.5773,21.2594],[-157.5875,21.2157],[-157.7246,21.2529],[-157.7186,21.2785],[-157.7163,21.3047],[-157.5735,21.3021],[-157.5773,21.2594]]]}},{"type":"Feature","properties":{"name":"HONOLULU CLASS B","class":"B","lower":"1000","lower_code":"MSL","upper":"9000"},"geometry":{"type":"Polygon","coordinates":[[[-157.7436,21.1287],[-157.7809,21.1002],[-157.8805,21.239],[-157.8688,21.2478],[-157.8588,21.2584],[-157.85,21.272],[-157.8446,21.2852],[-157.6732,21.2389],[-157.6897,21.1985],[-157.7135,21.1614],[-157.7436,21.1287]]]}},{"type":"Feature","properties":{"name":"HOUSTON CLASS B","class":"B","lower":"3000","lower_code":"MSL","upper":"10000"},"geometry":{"type":"Polygon","coordinates":[[[-95.4266,29.4354],[-95.4756,29.3637],[-95.5014,29.3785],[-95.5257,29.395],[-95.5485,29.4132],[-95.5694,29.4329],[-95.5886,29.4541],[-95.6057,29.4765],[-95.6206,29.5001],[-95.6334,29.5246],[-95.5548,29.5809],[-95.5462,29.5589],[-95.5353,29.5376],[-95.5222,29.5174],[-95.5071,29.4982],[-95.4899,29.4804],[-95.471,29.4641],[-95.4504,29.4493],[-95.4266,29.4354]]]}},{"type":"Feature","properties":{"name":"LAS VEGAS CLASS B","class":"B","lower":"6500","lower_code":"MSL","upper":"10000"},"geometry":{"type":"Polygon","coordinates":[[[-114.7181,35.9432],[-114.7321,35.9167],[-114.8621,35.9665],[-114.8453,36.0016],[-114.8349,36.0384],[-114.8309,36.0759],[-114.8331,36.1118],[-114.6901,36.1256],[-114.6875,36.1004],[-114.6869,36.0734],[-114.6887,36.0464],[-114.6929,36.0196],[-114.6988,35.9949],[-114.7074,35.9688],[-114.7181,35.9432]]]}},{"type":"Feature","properties":{"name":"HOUSTON CLASS B","class":"B","lower":"3000","lower_code":"MSL","upper":"10000"},"geometry":{"type":"Polygon","coordinates":[[[-95.2816,29.4832],[-95.2406,29.4866],[-95.2015,29.4976],[-95.1627,29.4213],[-95.1954,29.4106],[-95.2292,29.4035],[-95.2639,29.4],[-95.2966,29.4001],[-95.3312,29.4038],[-95.365,29.4112],[-95.3976,29.422],[-95.4266,29.4354],[-95.3775,29.507],[-95.3556,29.4971],[-95.3323,29.4898],[-95.3082,29.4851],[-95.2816,29.4832]]]}},{"type":"Feature","properties":{"name":"PHOENIX CLASS B","class":"B","lower":"2700","lower_code":"MSL","upper":"9000"},"geometry":{"type":"Polygon","coordinates":[[[-111.7931,33.357],[-111.8925,33.3569],[-111.8763,33.3711],[-111.8628,33.3892],[-111.8541,33.4093],[-111.8508,33.4287],[-111.8524,33.45],[-111.8586,33.4689],[-111.869,33.4864],[-111.8833,33.5019],[-111.7889,33.5022],[-111.7884,33.4097],[-111.775,33.4006],[-111.7823,33.3782],[-111.7931,33.357]]]}},{"type":"Feature","properties":{"name":"PHOENIX CLASS B","class":"B","lower":"5000","lower_code":"MSL","upper":"9000"},"geometry":{"type":"Polygon","coordinates":[[[-111.9089,33.5019],[-111.9831,33.4581],[-112.0081,33.4594],[-112.018,33.4621],[-112.0375,33.4622],[-112.1125,33.5094],[-112.1119,33.5575],[-112.1164,33.565],[-112.1167,33.5833],[-111.8911,33.5833],[-111.8913,33.5019],[-111.9089,33.5019]]]}},{"type":"Feature","properties":{"name":"PHOENIX CLASS B","class":"B","lower":"5000","lower_code":"MSL","upper":"9000"},"geometry":{"type":"Polygon","coordinates":[[[-111.8111,33.2667],[-112.1931,33.2667],[-112.1971,33.2789],[-112.1971,33.2895],[-112.194,33.2984],[-112.2007,33.305],[-112.1056,33.3625],[-112.0369,33.4094],[-111.9772,33.4103],[-111.8111,33.2667]]]}},{"type":"Feature","properties":{"name":"PHOENIX CLASS B","class":"B","lower":"4000","lower_code":"MSL","upper":"9000"},"geometry":{"type":"Polygon","coordinates":[[[-112.2664,33.4],[-112.4664,33.4],[-112.4678,33.4468],[-112.463,33.4934],[-112.4522,33.5391],[-112.4353,33.5833],[-112.1167,33.5833],[-112.1164,33.565],[-112.1119,33.5575],[-112.1125,33.5094],[-112.2553,33.5083],[-112.2633,33.4823],[-112.2679,33.4556],[-112.269,33.4287],[-112.2664,33.4]]]}},{"type":"Feature","properties":{"name":"PHILADELPHIA CLASS B","class":"B","lower":"0","lower_code":"SFC","upper":"7000"},"geometry":{"type":"Polygon","coordinates":[[[-75.2031,39.9372],[-75.1419,39.9278],[-75.0892,39.9368],[-75.0755,39.912],[-75.0697,39.8928],[-75.0677,39.8731],[-75.0694,39.8533],[-75.0756,39.8323],[-75.0851,39.8139],[-75.098,39.7968],[-75.1141,39.7814],[-75.1347,39.7668],[-75.1581,39.755],[-75.1859,39.7457],[-75.213,39.7405],[-75.2409,39.7388],[-75.2711,39.8415],[-75.2734,39.8537],[-75.3096,39.8548],[-75.3168,39.8598],[-75.3246,39.8593],[-75.3289,39.8559],[-75.3352,39.8562],[-75.3506,39.8503],[-75.3552,39.8454],[-75.3634,39.8432],[-75.4005,39.8205],[-75.4097,39.8427],[-75.4137,39.864],[-75.4132,39.8855],[-75.4083,39.9066],[-75.398,39.9285],[-75.3842,39.9472],[-75.3667,39.964],[-75.3459,39.9784],[-75.3203,39.9908],[-75.2923,39.9997],[-75.2627,40.0046],[-75.2348,40.0056],[-75.2031,39.9372]]]}},{"type":"Feature","properties":{"name":"PHILADELPHIA CLASS B","class":"B","lower":"300","lower_code":"MSL","upper":"7000"},"geometry":{"type":"Polygon","coordinates":[[[-75.3168,39.8598],[-75.3096,39.8548],[-75.2734,39.8537],[-75.2711,39.8415],[-75.2795,39.8398],[-75.2961,39.8448],[-75.3597,39.8434],[-75.3552,39.8454],[-75.3506,39.8503],[-75.3395,39.8548],[-75.3289,39.8559],[-75.3256,39.859],[-75.3168,39.8598]]]}},{"type":"Feature","properties":{"name":"CHARLOTTE CLASS B","class":"B","lower":"5000","lower_code":"MSL","upper":"10000"},"geometry":{"type":"Polygon","coordinates":[[[-81.3214,35.1518],[-81.3528,35.1356],[-81.3553,35.1498],[-81.3582,35.1803],[-81.3577,35.2109],[-81.3547,35.236],[-81.3499,35.2591],[-81.3343,35.3041],[-81.3123,35.3453],[-81.2849,35.3822],[-81.2505,35.4172],[-81.2122,35.4469],[-81.2068,35.4316],[-81.2112,35.4218],[-81.2096,35.3966],[-81.2031,35.381],[-81.2022,35.3573],[-81.1947,35.3449],[-81.1871,35.3226],[-81.1887,35.2825],[-81.1877,35.2549],[-81.194,35.2354],[-81.2001,35.2249],[-81.2037,35.2118],[-81.2112,35.2037],[-81.2125,35.2004],[-81.2114,35.1978],[-81.2291,35.1931],[-81.3214,35.1518]]]}},{"type":"Feature","properties":{"name":"PHOENIX CLASS B","class":"B","lower":"7000","lower_code":"MSL","upper":"9000"},"geometry":{"type":"Polygon","coordinates":[[[-111.7816,33.7273],[-111.8919,33.6442],[-111.9008,33.653],[-111.9512,33.6635],[-111.973,33.673],[-112.0003,33.6728],[-112.012,33.7651],[-111.952,33.7666],[-111.8923,33.7605],[-111.8345,33.747],[-111.7816,33.7273]]]}},{"type":"Feature","properties":{"name":"PHOENIX CLASS B","class":"B","lower":"7000","lower_code":"MSL","upper":"9000"},"geometry":{"type":"Polygon","coordinates":[[[-111.505,33.5833],[-111.6143,33.5833],[-111.6299,33.6067],[-111.6463,33.6276],[-111.6647,33.6474],[-111.6847,33.666],[-111.708,33.6845],[-111.7312,33.7003],[-111.7817,33.7272],[-111.7044,33.7864],[-111.6726,33.7682],[-111.641,33.7467],[-111.6131,33.7245],[-111.586,33.6992],[-111.5625,33.6736],[-111.5404,33.6448],[-111.5213,33.6147],[-111.505,33.5833]]]}},{"type":"Feature","properties":{"name":"KNOXVILLE MCGHEE TYSON AIRPORT CLASS C","class":"C","lower":"0","lower_code":"SFC","upper":"5000"},"geometry":{"type":"Polygon","coordinates":[[[-83.959,35.8688],[-83.9505,35.8699],[-83.9449,35.8725],[-83.9395,35.8779],[-83.9375,35.8829],[-83.9235,35.8741],[-83.9116,35.8636],[-83.902,35.8515],[-83.8952,35.8383],[-83.8903,35.8171],[-83.8923,35.7957],[-83.9009,35.7754],[-83.9155,35.7575],[-83.9317,35.7454],[-83.9527,35.7356],[-83.9759,35.7301],[-83.9979,35.729],[-84.0217,35.7323],[-84.042,35.7392],[-84.0601,35.7494],[-84.075,35.7626],[-84.0843,35.7748],[-84.0909,35.7881],[-84.0946,35.8021],[-84.0953,35.8165],[-84.0929,35.8307],[-84.0876,35.8444],[-84.0795,35.8571],[-84.0689,35.8686],[-84.0524,35.8805],[-84.0332,35.8893],[-84.0143,35.8942],[-83.9924,35.8961],[-83.9749,35.8948],[-83.9783,35.8866],[-83.9762,35.8781],[-83.9691,35.8716],[-83.959,35.8688]]]}},{"type":"Feature","properties":{"name":"KNOXVILLE MCGHEE TYSON AIRPORT CLASS C","class":"C","lower":"2500","lower_code":"MSL","upper":"5000"},"geometry":{"type":"Polygon","coordinates":[[[-83.8158,35.8966],[-83.804,35.8773],[-83.7953,35.8569],[-83.79,35.8357],[-83.7879,35.8124],[-83.8902,35.8125],[-83.8917,35.8267],[-83.8961,35.8405],[-83.9044,35.855],[-83.9145,35.8665],[-83.9252,35.8754],[-83.9375,35.8829],[-83.9406,35.8764],[-83.9485,35.8706],[-83.959,35.8688],[-83.9672,35.8707],[-83.9739,35.8751],[-83.9777,35.8814],[-83.9781,35.8883],[-83.9749,35.8947],[-84.0013,35.8956],[-84.025,35.8916],[-84.047,35.8832],[-84.0674,35.8696],[-84.0807,35.8552],[-84.0905,35.8372],[-84.0949,35.8178],[-84.0936,35.7981],[-84.0874,35.7809],[-84.0757,35.7637],[-84.0593,35.7492],[-84.0392,35.7382],[-84.0856,35.6638],[-84.1046,35.6728],[-84.1224,35.6835],[-84.152,35.7077],[-84.1748,35.7363],[-84.1839,35.7527],[-84.1901,35.768],[-84.1968,35.7981],[-84.1966,35.8287],[-84.1896,35.8587],[-84.177,35.8855],[-84.1575,35.9117],[-84.1325,35.9345],[-84.1028,35.9532],[-84.0715,35.9665],[-84.0356,35.9756],[-84.0005,35.9792],[-83.9629,35.9775],[-83.9285,35.9709],[-83.896,35.9595],[-83.8647,35.9427],[-83.8376,35.9215],[-83.8158,35.8966]]]}},{"type":"Feature","properties":{"name":"LUBBOCK INTERNATIONAL CLASS C","class":"C","lower":"0","lower_code":"SFC","upper":"7300"},"geometry":{"type":"Polygon","coordinates":[[[-101.8216,33.5802],[-101.843,33.582],[-101.8615,33.5868],[-101.8785,33.5945],[-101.8934,33.6048],[-101.9057,33.6173],[-101.9148,33.6316],[-101.9205,33.6471],[-101.9225,33.6632],[-101.9207,33.6793],[-101.9153,33.6949],[-101.9064,33.7092],[-101.8943,33.7219],[-101.8795,33.7324],[-101.8625,33.7402],[-101.8441,33.7452],[-101.8248,33.7472],[-101.8055,33.7459],[-101.7868,33.7416],[-101.7695,33.7344],[-101.7541,33.7244],[-101.7414,33.7122],[-101.7317,33.6982],[-101.7255,33.6829],[-101.7228,33.665],[-101.7244,33.6489],[-101.7297,33.6333],[-101.7385,33.6188],[-101.7504,33.6061],[-101.7651,33.5955],[-101.7819,33.5875],[-101.8023,33.582],[-101.8216,33.5802]]]}},{"type":"Feature","properties":{"name":"LUBBOCK INTERNATIONAL CLASS C","class":"C","lower":"4500","lower_code":"MSL","upper":"7300"},"geometry":{"type":"Polygon","coordinates":[[[-101.8205,33.4967],[-101.8612,33.4999],[-101.8982,33.5091],[-101.9324,33.5243],[-101.9625,33.5446],[-101.9874,33.5694],[-102.0061,33.5978],[-102.0179,33.6286],[-102.0223,33.6608],[-102.0193,33.6931],[-102.0088,33.7243],[-101.9913,33.7532],[-101.9674,33.7788],[-101.9381,33.8],[-101.9044,33.8161],[-101.8676,33.8264],[-101.8291,33.8306],[-101.7904,33.8285],[-101.7529,33.8202],[-101.718,33.8059],[-101.6855,33.7851],[-101.6601,33.7607],[-101.6407,33.7326],[-101.6283,33.702],[-101.6247,33.686],[-101.623,33.668],[-101.6258,33.6357],[-101.636,33.6045],[-101.6532,33.5755],[-101.6783,33.5484],[-101.7076,33.5273],[-101.7432,33.5105],[-101.78,33.5006],[-101.8205,33.4967]]]}},{"type":"Feature","properties":{"name":"KNOXVILLE MCGHEE TYSON AIRPORT CLASS C","class":"C","lower":"3500","lower_code":"MSL","upper":"5000"},"geometry":{"type":"Polygon","coordinates":[[[-83.8146,35.73],[-83.8359,35.705],[-83.8642,35.6825],[-83.8973,35.6648],[-83.9339,35.6526],[-83.9726,35.6463],[-84.0122,35.6462],[-84.051,35.6524],[-84.0856,35.6637],[-84.0392,35.7381],[-84.0166,35.7313],[-83.9904,35.729],[-83.9643,35.7323],[-83.9401,35.7408],[-83.9195,35.7541],[-83.9036,35.7713],[-83.8936,35.7912],[-83.8902,35.8125],[-83.7877,35.8124],[-83.7895,35.7909],[-83.7946,35.7698],[-83.803,35.7494],[-83.8146,35.73]]]}},{"type":"Feature","properties":{"name":"DALLAS CLASS B","class":"B","lower":"4000","lower_code":"MSL","upper":"10000"},"geometry":{"type":"Polygon","coordinates":[[[-96.6369,33.2433],[-97.4494,33.2194],[-97.4215,33.2417],[-97.3935,33.2612],[-97.3624,33.2803],[-97.3317,33.2967],[-97.298,33.3124],[-97.265,33.3254],[-97.1966,33.3463],[-96.9039,33.3558],[-96.8685,33.3485],[-96.8318,33.3388],[-96.7958,33.3271],[-96.7608,33.3135],[-96.7289,33.2989],[-96.6962,33.2817],[-96.665,33.2628],[-96.6369,33.2433]]]}},{"type":"Feature","properties":{"name":"DALLAS CLASS B","class":"B","lower":"6000","lower_code":"MSL","upper":"11000"},"geometry":{"type":"Polygon","coordinates":[[[-97.5268,32.6221],[-97.5406,32.6156],[-97.5509,32.6313],[-97.5688,32.6621],[-97.5826,32.6904],[-97.5944,32.7194],[-97.604,32.7489],[-97.6111,32.7772],[-97.6195,32.8344],[-97.6201,32.8921],[-97.6127,32.9494],[-97.5976,33.0056],[-97.5749,33.06],[-97.5025,33.0345],[-97.5212,32.9904],[-97.5345,32.9431],[-97.5413,32.8967],[-97.542,32.8481],[-97.5366,32.8015],[-97.5248,32.7539],[-97.5068,32.7078],[-97.4828,32.6636],[-97.4944,32.6564],[-97.5016,32.6483],[-97.5145,32.6385],[-97.5268,32.6221]]]}},{"type":"Feature","properties":{"name":"LAS VEGAS CLASS B","class":"B","lower":"6000","lower_code":"MSL","upper":"10000"},"geometry":{"type":"Polygon","coordinates":[[[-114.7106,36.1236],[-114.8536,36.1098],[-114.8574,36.1293],[-114.8637,36.1503],[-114.881,36.1872],[-114.9066,36.2229],[-114.9374,36.2534],[-114.8334,36.3343],[-114.8098,36.3128],[-114.7871,36.2884],[-114.7682,36.2641],[-114.7507,36.2371],[-114.7368,36.2106],[-114.725,36.1817],[-114.7165,36.1538],[-114.7106,36.1236]]]}},{"type":"Feature","properties":{"name":"LAS VEGAS CLASS B","class":"B","lower":"4500","lower_code":"MSL","upper":"10000"},"geometry":{"type":"Polygon","coordinates":[[[-115.1798,36.1724],[-115.1927,36.1706],[-115.208,36.172],[-115.2341,36.1597],[-115.2544,36.144],[-115.2859,36.1655],[-115.2986,36.1514],[-115.309,36.136],[-115.3463,36.1501],[-115.325,36.1792],[-115.2985,36.203],[-115.2668,36.2222],[-115.2312,36.2362],[-115.2411,36.2511],[-115.2161,36.2575],[-115.1925,36.2614],[-115.1663,36.2632],[-115.14,36.2626],[-115.1477,36.1975],[-115.1525,36.1894],[-115.1593,36.1825],[-115.1678,36.1769],[-115.1798,36.1724]]]}},{"type":"Feature","properties":{"name":"LAS VEGAS CLASS B","class":"B","lower":"5000","lower_code":"MSL","upper":"10000"},"geometry":{"type":"Polygon","coordinates":[[[-115.1328,36.3291],[-115.14,36.2626],[-115.1663,36.2632],[-115.1925,36.2614],[-115.2161,36.2575],[-115.2411,36.2511],[-115.2919,36.306],[-115.2529,36.3184],[-115.2143,36.3261],[-115.1748,36.3298],[-115.1328,36.3291]]]}},{"type":"Feature","properties":{"name":"OKLAHOMA CITY WILEY POST AIRPORT CLASS D","class":"D","lower":"0","lower_code":"SFC","upper":"3800"},"geometry":{"type":"Polygon","coordinates":[[[-97.595,35.4764],[-97.6119,35.476],[-97.627,35.4737],[-97.6415,35.4696],[-97.6568,35.4628],[-97.6823,35.4684],[-97.7061,35.4811],[-97.7165,35.4903],[-97.7248,35.5009],[-97.7307,35.5125],[-97.7341,35.5247],[-97.7348,35.5373],[-97.7328,35.5497],[-97.7282,35.5617],[-97.7222,35.5713],[-97.7101,35.5841],[-97.6949,35.5944],[-97.6772,35.6016],[-97.658,35.6054],[-97.6405,35.6057],[-97.621,35.6027],[-97.603,35.5962],[-97.5871,35.5866],[-97.5755,35.5758],[-97.5659,35.5617],[-97.5605,35.5462],[-97.5594,35.5301],[-97.5627,35.5142],[-97.5703,35.4993],[-97.5818,35.4862],[-97.595,35.4764]]]}},{"type":"Feature","properties":{"name":"LOS ANGELES CLASS B","class":"B","lower":"7000","lower_code":"MSL","upper":"10000"},"geometry":{"type":"Polygon","coordinates":[[[-117.8997,33.5978],[-118.0531,33.5261],[-118.1511,33.6322],[-118.1481,33.7778],[-117.9611,33.7897],[-117.8997,33.5978]]]}},{"type":"Feature","properties":{"name":"LAS VEGAS CLASS B","class":"B","lower":"6500","lower_code":"MSL","upper":"10000"},"geometry":{"type":"Polygon","coordinates":[[[-114.9351,36.3594],[-115.054,36.3149],[-115.0837,36.3223],[-115.1142,36.3273],[-115.143,36.3297],[-115.1741,36.3298],[-115.2028,36.3276],[-115.2334,36.3229],[-115.2632,36.3156],[-115.2919,36.306],[-115.3636,36.3697],[-115.3116,36.39],[-115.2588,36.4037],[-115.2041,36.4115],[-115.1486,36.4133],[-115.0934,36.4091],[-115.0372,36.3983],[-114.9855,36.3821],[-114.9351,36.3594]]]}},{"type":"Feature","properties":{"name":"LOS ANGELES CLASS B","class":"B","lower":"4000","lower_code":"MSL","upper":"10000"},"geometry":{"type":"Polygon","coordinates":[[[-117.9097,33.9011],[-118.0311,33.8956],[-118.0303,33.9778],[-118.0608,34.0342],[-118.1897,34.1],[-117.9008,34.0125],[-117.8931,33.9611],[-117.9097,33.9011]]]}},{"type":"Feature","properties":{"name":"LOS ANGELES CLASS B","class":"B","lower":"7000","lower_code":"MSL","upper":"10000"},"geometry":{"type":"Polygon","coordinates":[[[-117.795,33.9064],[-117.9097,33.9011],[-117.8931,33.9611],[-117.9008,34.0125],[-117.9897,34.0394],[-117.8333,34.045],[-117.795,33.9064]]]}},{"type":"Feature","properties":{"name":"LOS ANGELES CLASS B","class":"B","lower":"8000","lower_code":"MSL","upper":"10000"},"geometry":{"type":"Polygon","coordinates":[[[-117.7458,33.9086],[-117.795,33.9064],[-117.8333,34.045],[-117.7544,34.0492],[-117.7458,33.9086]]]}},{"type":"Feature","properties":{"name":"LOS ANGELES CLASS B","class":"B","lower":"9000","lower_code":"MSL","upper":"10000"},"geometry":{"type":"Polygon","coordinates":[[[-117.6967,33.9108],[-117.7458,33.9086],[-117.7544,34.0492],[-117.7414,34.0497],[-117.6817,34.0122],[-117.6967,33.9108]]]}},{"type":"Feature","properties":{"name":"LOS ANGELES CLASS B","class":"B","lower":"5000","lower_code":"MSL","upper":"10000"},"geometry":{"type":"Polygon","coordinates":[[[-118.2311,33.93],[-118.1806,33.8881],[-118.0311,33.8956],[-118.0547,33.7833],[-118.4503,33.7594],[-118.4347,33.9308],[-118.2311,33.93]]]}},{"type":"Feature","properties":{"name":"LOS ANGELES CLASS B","class":"B","lower":"6000","lower_code":"MSL","upper":"10000"},"geometry":{"type":"Polygon","coordinates":[[[-117.9611,33.7897],[-118.0547,33.7833],[-118.0311,33.8956],[-117.9097,33.9011],[-117.9611,33.7897]]]}},{"type":"Feature","properties":{"name":"SPOKANE INTERNATIONAL AIRPORT CLASS C","class":"C","lower":"4200","lower_code":"MSL","upper":"6400"},"geometry":{"type":"Polygon","coordinates":[[[-117.3679,47.497],[-117.4037,47.4787],[-117.4687,47.5494],[-117.4519,47.5579],[-117.4375,47.5682],[-117.4259,47.58],[-117.4174,47.593],[-117.4123,47.6067],[-117.4107,47.6209],[-117.4127,47.635],[-117.4174,47.6471],[-117.3007,47.674],[-117.291,47.648],[-117.2875,47.6195],[-117.2909,47.5927],[-117.3015,47.565],[-117.3176,47.5405],[-117.3409,47.5166],[-117.3679,47.497]]]}},{"type":"Feature","properties":{"name":"WASHINGTON-TRI AREA CLASS B","class":"B","lower":"3000","lower_code":"MSL","upper":"10000"},"geometry":{"type":"Polygon","coordinates":[[[-77.4685,38.6843],[-77.4296,38.686],[-77.3912,38.6913],[-77.3539,38.7003],[-77.3183,38.7128],[-77.3217,38.6117],[-77.3308,38.6183],[-77.3743,38.6089],[-77.4187,38.603],[-77.4258,38.6167],[-77.5386,38.6306],[-77.5683,38.6167],[-77.5683,38.6106],[-77.6012,38.618],[-77.6333,38.6275],[-77.6642,38.6389],[-77.692,38.6514],[-77.6361,38.7222],[-77.5976,38.7062],[-77.5567,38.6944],[-77.5142,38.6871],[-77.4685,38.6843]]]}},{"type":"Feature","properties":{"name":"WASHINGTON-TRI AREA CLASS B","class":"B","lower":"3000","lower_code":"MSL","upper":"10000"},"geometry":{"type":"Polygon","coordinates":[[[-77.3472,39.2756],[-77.3033,39.15],[-77.3419,39.1652],[-77.3833,39.1763],[-77.4241,39.1827],[-77.4678,39.1849],[-77.5092,39.1827],[-77.5522,39.1759],[-77.5935,39.1645],[-77.6325,39.1489],[-77.6875,39.2203],[-77.655,39.2341],[-77.6233,39.245],[-77.5883,39.2544],[-77.5546,39.261],[-77.5158,39.2659],[-77.4766,39.2681],[-77.4372,39.2674],[-77.3958,39.2636],[-77.3472,39.2756]]]}},{"type":"Feature","properties":{"name":"WASHINGTON-TRI AREA CLASS B","class":"B","lower":"2500","lower_code":"MSL","upper":"10000"},"geometry":{"type":"Polygon","coordinates":[[[-76.3508,39.1061],[-76.3643,39.0754],[-76.3838,39.0448],[-76.4071,39.018],[-76.4363,38.9925],[-76.4678,38.9713],[-76.5045,38.9527],[-76.5441,38.9381],[-76.5858,38.9278],[-76.5727,38.9068],[-76.5621,38.8849],[-76.5543,38.8623],[-76.5491,38.8393],[-76.5467,38.816],[-76.5471,38.7926],[-76.5503,38.7694],[-76.5562,38.7465],[-76.5648,38.7241],[-76.5761,38.7025],[-76.5899,38.6817],[-76.6061,38.6621],[-76.6245,38.6437],[-76.645,38.6268],[-76.6675,38.6114],[-76.6916,38.5977],[-76.7153,38.5867],[-76.7422,38.5766],[-76.7679,38.5691],[-76.7967,38.563],[-76.826,38.5589],[-76.8534,38.5571],[-76.8809,38.5572],[-76.9105,38.5593],[-76.9531,38.5663],[-76.992,38.5771],[-77.0288,38.5917],[-77.0628,38.6099],[-77.1103,38.6159],[-77.1541,38.6267],[-77.1895,38.6397],[-77.2244,38.657],[-77.2094,39.0839],[-77.2008,39.0742],[-77.1704,39.0867],[-77.1384,39.0966],[-77.1053,39.1038],[-77.0713,39.1081],[-77.0209,39.1093],[-76.9708,39.1044],[-76.9805,39.1433],[-76.9824,39.1631],[-76.9823,39.1829],[-76.9801,39.2026],[-76.976,39.2221],[-76.9626,39.2585],[-76.9411,39.2944],[-76.9127,39.3272],[-76.8779,39.3561],[-76.8395,39.3794],[-76.7971,39.3979],[-76.7515,39.4113],[-76.7039,39.4191],[-76.6552,39.4213],[-76.6067,39.4178],[-76.5595,39.4086],[-76.5146,39.3939],[-76.473,39.3742],[-76.4358,39.3498],[-76.4038,39.3214],[-76.3777,39.2895],[-76.358,39.255],[-76.3453,39.2185],[-76.3399,39.1809],[-76.3417,39.1432],[-76.3508,39.1061]]]}},{"type":"Feature","properties":{"name":"WASHINGTON-TRI AREA CLASS B","class":"B","lower":"3500","lower_code":"MSL","upper":"10000"},"geometry":{"type":"Polygon","coordinates":[[[-76.3784,39.4223],[-76.3405,39.3931],[-76.3077,39.3605],[-76.2803,39.325],[-76.258,39.2854],[-76.243,39.2457],[-76.2342,39.203],[-76.2326,39.1617],[-76.2379,39.1186],[-76.2489,39.08],[-76.2658,39.0426],[-76.4786,38.6692],[-76.493,38.6467],[-76.5108,38.6236],[-76.5295,38.6032],[-76.5517,38.5825],[-76.5844,38.5573],[-76.6222,38.534],[-76.661,38.515],[-76.7044,38.4987],[-76.7476,38.4868],[-76.7944,38.4784],[-76.8422,38.4741],[-76.8879,38.474],[-76.9402,38.4786],[-76.9936,38.4888],[-77.049,38.5059],[-77.1028,38.5297],[-77.1495,38.5376],[-77.1969,38.5502],[-77.2321,38.5629],[-77.2637,38.5771],[-77.2937,38.5934],[-77.3217,38.6116],[-77.318,38.713],[-77.302,38.72],[-77.2784,38.6957],[-77.2511,38.6739],[-77.2263,38.658],[-77.1895,38.6397],[-77.1606,38.6288],[-77.1283,38.6197],[-77.0948,38.6134],[-77.063,38.6101],[-77.0328,38.5938],[-77.0025,38.581],[-76.9707,38.5709],[-76.9377,38.5634],[-76.9038,38.5589],[-76.8696,38.5571],[-76.8353,38.5583],[-76.8013,38.5624],[-76.7681,38.5693],[-76.736,38.5789],[-76.7055,38.5912],[-76.6768,38.606],[-76.6536,38.6208],[-76.6339,38.6358],[-76.6145,38.6535],[-76.5985,38.6711],[-76.5834,38.6913],[-76.5717,38.7108],[-76.5614,38.7327],[-76.5543,38.7536],[-76.5492,38.7766],[-76.547,38.7981],[-76.5472,38.8215],[-76.55,38.8429],[-76.5555,38.8659],[-76.5631,38.8866],[-76.5739,38.9084],[-76.5861,38.9277],[-76.5358,38.9405],[-76.4869,38.9607],[-76.4643,38.9731],[-76.4432,38.9871],[-76.4236,39.0024],[-76.4058,39.0189],[-76.39,39.0366],[-76.3761,39.0553],[-76.3643,39.0748],[-76.3547,39.0951],[-76.3474,39.1159],[-76.3424,39.1372],[-76.3398,39.1587],[-76.3395,39.1785],[-76.3417,39.2018],[-76.3462,39.2231],[-76.3538,39.2457],[-76.3632,39.2661],[-76.3758,39.2873],[-76.3897,39.306],[-76.4057,39.3237],[-76.4235,39.3402],[-76.4449,39.3568],[-76.4662,39.3706],[-76.5132,39.3936],[-76.5406,39.4034],[-76.5669,39.4106],[-76.6213,39.4196],[-76.6606,39.4216],[-76.7,39.4197],[-76.7388,39.4142],[-76.7764,39.405],[-76.8122,39.3923],[-76.8458,39.3763],[-76.8766,39.3573],[-76.9042,39.3354],[-76.9281,39.3111],[-76.9481,39.2848],[-76.9637,39.2567],[-76.9748,39.2274],[-76.9812,39.1972],[-76.9828,39.1666],[-76.9793,39.1344],[-76.9711,39.1045],[-77.0006,39.1082],[-77.0303,39.1097],[-77.0602,39.109],[-77.0898,39.1062],[-77.1189,39.1013],[-77.1474,39.0943],[-77.1748,39.0852],[-77.2008,39.0743],[-77.2222,39.0966],[-77.246,39.1162],[-77.2741,39.1347],[-77.3028,39.1497],[-77.3472,39.2756],[-77.0189,39.3556],[-76.9927,39.3831],[-76.9647,39.4071],[-76.932,39.4301],[-76.8984,39.4493],[-76.8604,39.4668],[-76.8225,39.4804],[-76.783,39.4911],[-76.7424,39.4988],[-76.694,39.5039],[-76.6452,39.5046],[-76.5966,39.5011],[-76.5489,39.4933],[-76.5026,39.4813],[-76.4584,39.4653],[-76.4168,39.4456],[-76.3784,39.4223]]]}},{"type":"Feature","properties":{"name":"FORT LEWIS/TACOMA CLASS D","class":"D","lower":"0","lower_code":"SFC","upper":"2800"},"geometry":{"type":"Polygon","coordinates":[[[-122.5546,47.1434],[-122.5686,47.1447],[-122.5806,47.1458],[-122.5675,47.1452],[-122.5546,47.1434]]]}},{"type":"Feature","properties":{"name":"WASHINGTON-TRI AREA CLASS B","class":"B","lower":"3000","lower_code":"MSL","upper":"10000"},"geometry":{"type":"Polygon","coordinates":[[[-77.2098,39.0839],[-77.2247,38.6569],[-77.248,38.6715],[-77.2678,38.6864],[-77.286,38.7026],[-77.3022,38.72],[-77.3184,38.7128],[-77.3031,39.1494],[-77.2781,39.1366],[-77.2531,39.1208],[-77.2303,39.1032],[-77.2098,39.0839]]]}},{"type":"Feature","properties":{"name":"PRESCOTT CLASS D","class":"D","lower":"0","lower_code":"SFC","upper":"7500"},"geometry":{"type":"Polygon","coordinates":[[[-112.4192,34.7549],[-112.3955,34.753],[-112.3728,34.7473],[-112.3519,34.738],[-112.3334,34.7255],[-112.3184,34.7104],[-112.3072,34.6931],[-112.3003,34.6743],[-112.2979,34.6547],[-112.3003,34.6352],[-112.3072,34.6164],[-112.3184,34.5991],[-112.3335,34.5839],[-112.3518,34.5714],[-112.3728,34.5622],[-112.3956,34.5565],[-112.4192,34.5546],[-112.4428,34.5565],[-112.4656,34.5622],[-112.4866,34.5715],[-112.5049,34.5839],[-112.52,34.5992],[-112.5312,34.6165],[-112.5381,34.6353],[-112.5404,34.6548],[-112.538,34.6744],[-112.5311,34.6932],[-112.5199,34.7105],[-112.5048,34.7256],[-112.4865,34.738],[-112.4655,34.7473],[-112.4428,34.753],[-112.4192,34.7549]]]}},{"type":"Feature","properties":{"name":"WASHINGTON-TRI AREA CLASS B","class":"B","lower":"1900","lower_code":"MSL","upper":"10000"},"geometry":{"type":"Polygon","coordinates":[[[-77.5855,38.7932],[-77.5379,38.7949],[-77.4986,38.7358],[-77.5389,38.7424],[-77.5752,38.7531],[-77.609,38.768],[-77.6395,38.7869],[-77.6045,38.7955],[-77.5855,38.7932]]]}},{"type":"Feature","properties":{"name":"WASHINGTON-TRI AREA CLASS B","class":"B","lower":"4500","lower_code":"MSL","upper":"10000"},"geometry":{"type":"Polygon","coordinates":[[[-77.6364,38.7222],[-77.6922,38.6514],[-77.7262,38.6698],[-77.7577,38.6906],[-77.7866,38.7138],[-77.8111,38.7376],[-77.8327,38.763],[-77.8514,38.7899],[-77.8676,38.8197],[-77.8794,38.8488],[-77.8878,38.8786],[-77.8927,38.909],[-77.894,38.9323],[-77.8933,38.9557],[-77.8904,38.9789],[-77.8855,39.002],[-77.8785,39.0247],[-77.8695,39.047],[-77.8466,39.0883],[-77.8154,39.1282],[-77.779,39.163],[-77.735,39.1948],[-77.6876,39.2204],[-77.6327,39.1491],[-77.6686,39.1296],[-77.7007,39.1063],[-77.7285,39.0798],[-77.7524,39.049],[-77.7696,39.0176],[-77.7811,38.9847],[-77.7868,38.9508],[-77.7864,38.9148],[-77.7813,38.8863],[-77.7721,38.8585],[-77.7588,38.8316],[-77.7406,38.8046],[-77.7197,38.7809],[-77.6954,38.7593],[-77.6682,38.7399],[-77.6364,38.7222]]]}},{"type":"Feature","properties":{"name":"WASHINGTON-TRI AREA CLASS B","class":"B","lower":"4500","lower_code":"MSL","upper":"10000"},"geometry":{"type":"Polygon","coordinates":[[[-76.2678,38.7375],[-76.4767,38.6725],[-76.2697,39.0361],[-76.2053,38.9475],[-76.2678,38.7375]]]}},{"type":"Feature","properties":{"name":"BLACKSTONE CLASS D","class":"D","lower":"0","lower_code":"SFC","upper":"2500"},"geometry":{"type":"Polygon","coordinates":[[[-77.9567,37.1448],[-77.9396,37.1435],[-77.9232,37.1395],[-77.9081,37.133],[-77.8949,37.1243],[-77.884,37.1137],[-77.8759,37.1017],[-77.8709,37.0885],[-77.8692,37.0747],[-77.8709,37.0611],[-77.8758,37.048],[-77.8839,37.0359],[-77.8948,37.0252],[-77.9081,37.0165],[-77.9231,37.01],[-77.9395,37.006],[-77.9567,37.0046],[-77.9737,37.006],[-77.9901,37.01],[-78.0053,37.0165],[-78.0185,37.0252],[-78.0295,37.0359],[-78.0375,37.048],[-78.0425,37.0612],[-78.0441,37.0748],[-78.0425,37.0885],[-78.0375,37.1016],[-78.0294,37.1137],[-78.0185,37.1243],[-78.0053,37.133],[-77.9902,37.1395],[-77.9738,37.1435],[-77.9567,37.1448]]]}},{"type":"Feature","properties":{"name":"SAVANNAH INTL AIRPORT CLASS C","class":"C","lower":"1300","lower_code":"MSL","upper":"4100"},"geometry":{"type":"Polygon","coordinates":[[[-81.3262,31.9982],[-81.3234,32.0158],[-81.3318,32.0185],[-81.3329,32.0244],[-81.3362,32.0277],[-81.3426,32.0313],[-81.3496,32.0327],[-81.3529,32.0397],[-81.3607,32.0424],[-81.3679,32.0541],[-81.3665,32.0597],[-81.3693,32.0616],[-81.3704,32.0663],[-81.3747,32.0711],[-81.3874,32.0727],[-81.3953,32.098],[-81.3984,32.1239],[-81.3977,32.1419],[-81.3948,32.1597],[-81.3896,32.1772],[-81.3823,32.194],[-81.3728,32.2101],[-81.3614,32.2253],[-81.3481,32.2393],[-81.3332,32.2519],[-81.3167,32.2632],[-81.2988,32.273],[-81.2601,32.2872],[-81.2185,32.294],[-81.1763,32.2931],[-81.1353,32.2846],[-81.1157,32.2776],[-81.0972,32.2688],[-81.0801,32.2584],[-81.0642,32.2465],[-81.0499,32.2331],[-81.0375,32.2186],[-81.0212,32.1925],[-81.0106,32.1643],[-81.0061,32.1351],[-81.0076,32.1056],[-81.0152,32.0768],[-81.0287,32.0496],[-81.0475,32.0248],[-81.0712,32.0032],[-81.0989,31.9856],[-81.1299,31.9723],[-81.1631,31.9639],[-81.1977,31.9606],[-81.2323,31.9626],[-81.2659,31.9696],[-81.2975,31.9817],[-81.3262,31.9982]]]}},{"type":"Feature","properties":{"name":"DENVER CLASS B","class":"B","lower":"7000","lower_code":"MSL","upper":"12000"},"geometry":{"type":"Polygon","coordinates":[[[-104.4767,40.1138],[-104.5226,40.0386],[-104.5619,40.0502],[-104.598,40.0574],[-104.6374,40.0614],[-104.6771,40.0618],[-104.7166,40.0584],[-104.7552,40.0513],[-104.7924,40.0406],[-104.8276,40.0265],[-104.8837,40.0979],[-104.8359,40.117],[-104.7854,40.1314],[-104.7352,40.1405],[-104.6816,40.1451],[-104.6277,40.1445],[-104.5767,40.1391],[-104.5246,40.1285],[-104.4767,40.1138]]]}},{"type":"Feature","properties":{"name":"PORTLAND CLASS D","class":"D","lower":"0","lower_code":"SFC","upper":"2500"},"geometry":{"type":"Polygon","coordinates":[[[-122.4959,45.545],[-122.4831,45.565],[-122.4793,45.5772],[-122.4782,45.5884],[-122.472,45.5938],[-122.458,45.6028],[-122.4419,45.6096],[-122.4241,45.6141],[-122.4054,45.6159],[-122.3866,45.6152],[-122.3683,45.6119],[-122.3514,45.6061],[-122.3364,45.598],[-122.324,45.5881],[-122.3146,45.5766],[-122.3087,45.564],[-122.3064,45.5508],[-122.3078,45.538],[-122.3126,45.5256],[-122.3208,45.5141],[-122.332,45.5038],[-122.3458,45.4953],[-122.3615,45.4888],[-122.3789,45.4846],[-122.397,45.4828],[-122.4154,45.4834],[-122.4332,45.4866],[-122.4498,45.4921],[-122.4645,45.4997],[-122.4769,45.5092],[-122.4865,45.5202],[-122.4929,45.5322],[-122.4959,45.545]]]}},{"type":"Feature","properties":{"name":"FLAGSTAFF CLASS D","class":"D","lower":"0","lower_code":"SFC","upper":"9500"},"geometry":{"type":"Polygon","coordinates":[[[-111.6692,35.2121],[-111.6522,35.2107],[-111.6358,35.2066],[-111.6207,35.2],[-111.6074,35.1911],[-111.5966,35.1802],[-111.5885,35.1678],[-111.5835,35.1544],[-111.5819,35.1403],[-111.5835,35.1264],[-111.5885,35.1129],[-111.5966,35.1005],[-111.6075,35.0896],[-111.6207,35.0806],[-111.6358,35.074],[-111.6523,35.0699],[-111.6693,35.0685],[-111.6864,35.0699],[-111.7027,35.074],[-111.7178,35.0806],[-111.7311,35.0896],[-111.7419,35.1005],[-111.75,35.1129],[-111.7549,35.1263],[-111.7566,35.1403],[-111.7549,35.1544],[-111.75,35.1678],[-111.7419,35.1802],[-111.7311,35.1911],[-111.7178,35.2],[-111.7027,35.2066],[-111.6863,35.2107],[-111.6692,35.2121]]]}},{"type":"Feature","properties":{"name":"GAINESVILLE CLASS D","class":"D","lower":"0","lower_code":"SFC","upper":"2700"},"geometry":{"type":"Polygon","coordinates":[[[-82.2718,29.7719],[-82.2534,29.7703],[-82.2358,29.7657],[-82.2197,29.7581],[-82.2055,29.748],[-82.1938,29.7356],[-82.1852,29.7214],[-82.1798,29.7061],[-82.178,29.6901],[-82.1798,29.6741],[-82.1852,29.6587],[-82.1938,29.6446],[-82.2055,29.6322],[-82.2197,29.622],[-82.2359,29.6144],[-82.2536,29.6097],[-82.2718,29.6082],[-82.2901,29.6098],[-82.3077,29.6144],[-82.3239,29.622],[-82.3381,29.6322],[-82.3498,29.6447],[-82.3584,29.6588],[-82.3637,29.6741],[-82.3655,29.6901],[-82.3637,29.7061],[-82.3584,29.7214],[-82.3497,29.7356],[-82.3381,29.7479],[-82.3238,29.7582],[-82.3076,29.7657],[-82.2901,29.7704],[-82.2718,29.7719]]]}},{"type":"Feature","properties":{"name":"YOUNGSTOWN/WARREN CLASS D","class":"D","lower":"0","lower_code":"SFC","upper":"3700"},"geometry":{"type":"Polygon","coordinates":[[[-80.6804,41.3366],[-80.661,41.3352],[-80.6423,41.3309],[-80.6251,41.324],[-80.61,41.3147],[-80.5977,41.3033],[-80.5885,41.2903],[-80.5828,41.2763],[-80.5809,41.2616],[-80.5828,41.247],[-80.5885,41.2329],[-80.5977,41.2199],[-80.6101,41.2085],[-80.6251,41.1992],[-80.6424,41.1923],[-80.6611,41.188],[-80.6804,41.1865],[-80.6998,41.188],[-80.7184,41.1923],[-80.7357,41.1992],[-80.7507,41.2086],[-80.7631,41.22],[-80.7723,41.2329],[-80.7779,41.2471],[-80.7798,41.2617],[-80.7779,41.2764],[-80.7722,41.2904],[-80.763,41.3033],[-80.7507,41.3147],[-80.7356,41.324],[-80.7184,41.3309],[-80.6998,41.3352],[-80.6804,41.3366]]]}},{"type":"Feature","properties":{"name":"SANTA BARBARA MUNICIPAL AIRPORT CLASS C","class":"C","lower":"0","lower_code":"SFC","upper":"4000"},"geometry":{"type":"Polygon","coordinates":[[[-119.8415,34.5097],[-119.8219,34.5081],[-119.803,34.5033],[-119.7856,34.4956],[-119.7702,34.4852],[-119.7577,34.4726],[-119.7484,34.4582],[-119.7427,34.4426],[-119.7408,34.4262],[-119.7427,34.41],[-119.7484,34.3942],[-119.7577,34.3798],[-119.7703,34.3672],[-119.7855,34.3568],[-119.803,34.3491],[-119.8219,34.3443],[-119.8415,34.3427],[-119.8611,34.3443],[-119.8801,34.3491],[-119.8974,34.3568],[-119.9127,34.3672],[-119.9253,34.3799],[-119.9346,34.3943],[-119.9403,34.41],[-119.9422,34.4263],[-119.9403,34.4426],[-119.9345,34.4582],[-119.9252,34.4726],[-119.9127,34.4853],[-119.8974,34.4956],[-119.88,34.5033],[-119.8611,34.5081],[-119.8415,34.5097]]]}},{"type":"Feature","properties":{"name":"SANTA BARBARA MUNICIPAL AIRPORT CLASS C","class":"C","lower":"1500","lower_code":"MSL","upper":"4000"},"geometry":{"type":"Polygon","coordinates":[[[-119.9328,34.4614],[-119.9399,34.4443],[-119.9422,34.4263],[-119.9399,34.4083],[-119.9329,34.3912],[-119.9217,34.3757],[-119.9067,34.3626],[-119.8886,34.3524],[-119.8683,34.3457],[-119.8455,34.3428],[-119.8224,34.3442],[-119.8004,34.35],[-119.7805,34.3598],[-119.7639,34.373],[-119.7513,34.3891],[-119.7434,34.4071],[-119.7408,34.4262],[-119.64,34.426],[-119.6436,34.3952],[-119.6485,34.3785],[-119.6554,34.3623],[-119.6644,34.3468],[-119.6753,34.3319],[-119.7022,34.3057],[-119.735,34.2845],[-119.7724,34.2694],[-119.8127,34.261],[-119.8542,34.2596],[-119.8952,34.2653],[-119.9224,34.2733],[-119.9479,34.2844],[-119.9711,34.2985],[-119.9918,34.3151],[-120.0093,34.3339],[-120.0235,34.3547],[-120.0339,34.3769],[-120.0405,34.4002],[-120.043,34.4248],[-120.041,34.4494],[-120.0348,34.4735],[-120.0242,34.4966],[-119.9328,34.4614]]]}},{"type":"Feature","properties":{"name":"SAVANNAH INTL AIRPORT CLASS C","class":"C","lower":"0","lower_code":"SFC","upper":"4100"},"geometry":{"type":"Polygon","coordinates":[[[-81.2021,32.2111],[-81.183,32.2095],[-81.1646,32.2047],[-81.1477,32.1971],[-81.1327,32.1866],[-81.1205,32.174],[-81.1115,32.1596],[-81.1059,32.144],[-81.104,32.1276],[-81.1059,32.1113],[-81.1115,32.0956],[-81.1205,32.0812],[-81.1328,32.0685],[-81.1477,32.0581],[-81.1646,32.0504],[-81.183,32.0457],[-81.2022,32.0441],[-81.2214,32.0457],[-81.2397,32.0504],[-81.2567,32.0582],[-81.2716,32.0686],[-81.2838,32.0813],[-81.2928,32.0957],[-81.2984,32.1114],[-81.3003,32.1277],[-81.2984,32.144],[-81.2928,32.1597],[-81.2837,32.1741],[-81.2715,32.1867],[-81.2566,32.197],[-81.2397,32.2047],[-81.2213,32.2095],[-81.2021,32.2111]]]}},{"type":"Feature","properties":{"name":"SPRINGFIELD-BRANSON NATIONAL AIRPORT CLASS C","class":"C","lower":"0","lower_code":"SFC","upper":"5300"},"geometry":{"type":"Polygon","coordinates":[[[-93.4407,37.318],[-93.4379,37.3116],[-93.4322,37.3066],[-93.4245,37.3038],[-93.4161,37.3036],[-93.4071,37.3069],[-93.4009,37.3131],[-93.399,37.3208],[-93.4018,37.3284],[-93.3727,37.3281],[-93.3557,37.3248],[-93.3395,37.3193],[-93.3247,37.3116],[-93.3117,37.3021],[-93.301,37.291],[-93.2927,37.2786],[-93.2871,37.2652],[-93.2845,37.2513],[-93.2848,37.2372],[-93.2881,37.2233],[-93.2942,37.2101],[-93.303,37.198],[-93.3184,37.1839],[-93.3373,37.173],[-93.3588,37.1657],[-93.3817,37.1624],[-93.405,37.1633],[-93.4274,37.1682],[-93.448,37.177],[-93.4655,37.1893],[-93.4793,37.2044],[-93.4885,37.2215],[-93.4927,37.2398],[-93.4918,37.2585],[-93.4856,37.2765],[-93.4747,37.2929],[-93.4595,37.307],[-93.4407,37.318]]]}},{"type":"Feature","properties":{"name":"SPRINGFIELD-BRANSON NATIONAL AIRPORT CLASS C","class":"C","lower":"2500","lower_code":"MSL","upper":"5300"},"geometry":{"type":"Polygon","coordinates":[[[-93.3886,37.4125],[-93.3479,37.4093],[-93.3087,37.3998],[-93.2726,37.3845],[-93.241,37.3637],[-93.2151,37.3385],[-93.1958,37.3097],[-93.1839,37.2784],[-93.1809,37.2623],[-93.1799,37.2458],[-93.1839,37.2133],[-93.1958,37.1819],[-93.2151,37.1531],[-93.2411,37.1277],[-93.2726,37.107],[-93.3087,37.0915],[-93.3479,37.082],[-93.3887,37.0788],[-93.4295,37.082],[-93.4687,37.0916],[-93.5048,37.1071],[-93.5363,37.1278],[-93.5623,37.1532],[-93.5815,37.182],[-93.5934,37.2134],[-93.5974,37.2459],[-93.5933,37.2784],[-93.5815,37.3097],[-93.5622,37.3385],[-93.5363,37.3637],[-93.5047,37.3844],[-93.4686,37.3998],[-93.4294,37.4093],[-93.3886,37.4125]]]}},{"type":"Feature","properties":{"name":"SPRINGFIELD CAPITAL AIRPORT CLASS C","class":"C","lower":"0","lower_code":"SFC","upper":"4600"},"geometry":{"type":"Polygon","coordinates":[[[-89.6775,39.928],[-89.6565,39.9264],[-89.6361,39.9216],[-89.6174,39.9139],[-89.601,39.9036],[-89.5876,39.891],[-89.5776,39.8766],[-89.5714,39.861],[-89.5694,39.8446],[-89.5714,39.8284],[-89.5776,39.8127],[-89.5876,39.7983],[-89.6011,39.7856],[-89.6174,39.7753],[-89.6362,39.7676],[-89.6564,39.7628],[-89.6776,39.7612],[-89.6987,39.7628],[-89.719,39.7676],[-89.7377,39.7753],[-89.7541,39.7857],[-89.7675,39.7984],[-89.7775,39.8128],[-89.7837,39.8285],[-89.7857,39.8447],[-89.7836,39.861],[-89.7775,39.8766],[-89.7675,39.891],[-89.754,39.9036],[-89.7376,39.914],[-89.7189,39.9217],[-89.6987,39.9264],[-89.6775,39.928]]]}},{"type":"Feature","properties":{"name":"SPRINGFIELD CAPITAL AIRPORT CLASS C","class":"C","lower":"1800","lower_code":"MSL","upper":"4600"},"geometry":{"type":"Polygon","coordinates":[[[-89.6775,40.0114],[-89.6353,40.0082],[-89.5947,39.9987],[-89.5573,39.9833],[-89.5245,39.9626],[-89.4976,39.9374],[-89.4776,39.9086],[-89.4705,39.8932],[-89.4653,39.8774],[-89.4622,39.8612],[-89.4612,39.8447],[-89.4622,39.8284],[-89.4653,39.8122],[-89.4705,39.7964],[-89.4777,39.7808],[-89.4976,39.7521],[-89.5246,39.7267],[-89.5573,39.706],[-89.5947,39.6905],[-89.6354,39.681],[-89.6776,39.6778],[-89.7199,39.681],[-89.7605,39.6906],[-89.7979,39.7061],[-89.8306,39.7268],[-89.8575,39.7522],[-89.8775,39.781],[-89.8847,39.7965],[-89.8898,39.8124],[-89.8929,39.8285],[-89.8939,39.8448],[-89.8929,39.8612],[-89.8898,39.8773],[-89.8846,39.8932],[-89.8775,39.9086],[-89.8575,39.9374],[-89.8306,39.9626],[-89.7979,39.9833],[-89.7604,39.9987],[-89.7198,40.0082],[-89.6775,40.0114]]]}},{"type":"Feature","properties":{"name":"AURORA CLASS D","class":"D","lower":"0","lower_code":"SFC","upper":"7500"},"geometry":{"type":"Polygon","coordinates":[[[-104.6708,39.74],[-104.6602,39.7208],[-104.657,39.7001],[-104.6614,39.6795],[-104.6732,39.6607],[-104.64,39.6143],[-104.7111,39.5839],[-104.8534,39.67],[-104.8536,39.7747],[-104.8038,39.7698],[-104.7551,39.7534],[-104.7347,39.7417],[-104.7284,39.7399],[-104.6708,39.74]]]}},{"type":"Feature","properties":{"name":"GUERNSEY CLASS D","class":"D","lower":"0","lower_code":"SFC","upper":"6900"},"geometry":{"type":"Polygon","coordinates":[[[-104.7335,42.3434],[-104.7116,42.3422],[-104.6932,42.3389],[-104.675,42.3331],[-104.6586,42.3251],[-104.6442,42.315],[-104.6324,42.303],[-104.6236,42.2898],[-104.6181,42.2756],[-104.6161,42.2608],[-104.6176,42.2461],[-104.6226,42.2317],[-104.6311,42.2182],[-104.6425,42.2061],[-104.6566,42.1956],[-104.673,42.1872],[-104.6913,42.181],[-104.7147,42.177],[-104.7387,42.1767],[-104.7622,42.1803],[-104.7842,42.1875],[-104.8037,42.198],[-104.8197,42.2114],[-104.8315,42.227],[-104.8385,42.244],[-104.8404,42.2555],[-104.8401,42.267],[-104.8377,42.2783],[-104.8332,42.2893],[-104.8184,42.3095],[-104.7966,42.3259],[-104.81,42.353],[-104.7466,42.3701],[-104.7335,42.3434]]]}},{"type":"Feature","properties":{"name":"DENVER CLASS D","class":"D","lower":"0","lower_code":"SFC","upper":"8000"},"geometry":{"type":"Polygon","coordinates":[[[-104.8492,39.4634],[-104.8744,39.4651],[-104.8987,39.4704],[-104.8871,39.4938],[-104.9143,39.5057],[-104.9258,39.5138],[-104.9357,39.5232],[-104.9438,39.5336],[-104.9497,39.5448],[-104.9534,39.5565],[-104.9549,39.5686],[-104.9537,39.5823],[-104.9497,39.5955],[-104.9428,39.6082],[-104.9333,39.6197],[-104.9216,39.6297],[-104.9079,39.6381],[-104.8927,39.6446],[-104.8762,39.6492],[-104.8545,39.6706],[-104.7101,39.5833],[-104.7121,39.5813],[-104.7114,39.5684],[-104.7127,39.5555],[-104.7185,39.5362],[-104.7301,39.5164],[-104.7467,39.4988],[-104.7681,39.4839],[-104.7931,39.4727],[-104.8205,39.4657],[-104.8492,39.4634]]]}},{"type":"Feature","properties":{"name":"LYNDEN CLASS D","class":"D","lower":"0","lower_code":"SFC","upper":"2500"},"geometry":{"type":"Polygon","coordinates":[[[-122.3159,48.9664],[-122.5639,48.9664],[-122.5639,49.0014],[-122.2688,49.0014],[-122.2768,48.9907],[-122.2875,48.9811],[-122.3007,48.9729],[-122.3159,48.9664]]]}},{"type":"Feature","properties":{"name":"WASHINGTON-TRI AREA CLASS B","class":"B","lower":"0","lower_code":"SFC","upper":"10000"},"geometry":{"type":"Polygon","coordinates":[[[-76.6586,39.0543],[-76.6884,39.0562],[-76.7172,39.0627],[-76.7172,39.1096],[-76.7887,39.1096],[-76.7984,39.1239],[-76.8048,39.1374],[-76.8091,39.1514],[-76.8111,39.1657],[-76.8095,39.189],[-76.8028,39.2099],[-76.7901,39.231],[-76.7737,39.2485],[-76.7517,39.2643],[-76.7281,39.2757],[-76.7001,39.284],[-76.6727,39.2876],[-76.6427,39.2871],[-76.6134,39.2819],[-76.586,39.2723],[-76.5616,39.2587],[-76.5412,39.2415],[-76.5257,39.2216],[-76.5155,39.1996],[-76.5111,39.1765],[-76.5128,39.1532],[-76.5203,39.1306],[-76.5335,39.1096],[-76.5517,39.0911],[-76.5743,39.0758],[-76.6004,39.0643],[-76.6288,39.057],[-76.6586,39.0543]]]}},{"type":"Feature","properties":{"name":"GULF SHORES CLASS D","class":"D","lower":"0","lower_code":"SFC","upper":"2000"},"geometry":{"type":"Polygon","coordinates":[[[-87.6718,30.3615],[-87.6556,30.3601],[-87.6401,30.356],[-87.6258,30.3494],[-87.6132,30.3404],[-87.603,30.3296],[-87.5953,30.3172],[-87.5906,30.3037],[-87.589,30.2897],[-87.5906,30.2757],[-87.5953,30.2622],[-87.6029,30.2498],[-87.6133,30.2388],[-87.6258,30.2299],[-87.6401,30.2233],[-87.6557,30.2192],[-87.6718,30.2178],[-87.6879,30.2192],[-87.7035,30.2233],[-87.7178,30.23],[-87.7303,30.2389],[-87.7407,30.2498],[-87.7483,30.2622],[-87.753,30.2757],[-87.7546,30.2897],[-87.753,30.3037],[-87.7482,30.3172],[-87.7406,30.3296],[-87.7303,30.3404],[-87.7178,30.3494],[-87.7034,30.356],[-87.6879,30.3601],[-87.6718,30.3615]]]}},{"type":"Feature","properties":{"name":"SAN FRANCISCO CLASS B","class":"B","lower":"5000","lower_code":"MSL","upper":"10000"},"geometry":{"type":"Polygon","coordinates":[[[-121.9808,37.8547],[-121.9608,37.6972],[-122.1578,37.8864],[-121.9808,37.8547]]]}},{"type":"Feature","properties":{"name":"HAMMOND CLASS D","class":"D","lower":"0","lower_code":"SFC","upper":"2500"},"geometry":{"type":"Polygon","coordinates":[[[-90.4184,30.5902],[-90.403,30.5889],[-90.3881,30.585],[-90.3744,30.5786],[-90.3624,30.5701],[-90.3526,30.5598],[-90.3453,30.5479],[-90.3408,30.5351],[-90.3393,30.5217],[-90.3408,30.5084],[-90.3453,30.4955],[-90.3526,30.4837],[-90.3625,30.4733],[-90.3745,30.4647],[-90.3881,30.4584],[-90.4029,30.4545],[-90.4184,30.4532],[-90.4339,30.4545],[-90.4487,30.4584],[-90.4624,30.4648],[-90.4744,30.4733],[-90.4842,30.4837],[-90.4915,30.4955],[-90.496,30.5084],[-90.4975,30.5217],[-90.496,30.5351],[-90.4915,30.5479],[-90.4842,30.5598],[-90.4743,30.5701],[-90.4623,30.5787],[-90.4486,30.585],[-90.4338,30.5889],[-90.4184,30.5902]]]}},{"type":"Feature","properties":{"name":"MACDILL AFB CLASS D","class":"D","lower":"0","lower_code":"SFC","upper":"1200"},"geometry":{"type":"Polygon","coordinates":[[[-82.554,27.7802],[-82.6022,27.828],[-82.6054,27.8431],[-82.6052,27.8575],[-82.602,27.8716],[-82.5957,27.8849],[-82.5867,27.8969],[-82.5739,27.9082],[-82.5496,27.9041],[-82.5254,27.9058],[-82.5156,27.9081],[-82.4997,27.9222],[-82.4857,27.9177],[-82.4733,27.9115],[-82.4623,27.9036],[-82.4518,27.8926],[-82.4447,27.8817],[-82.4392,27.8682],[-82.4368,27.8557],[-82.437,27.8413],[-82.4403,27.8272],[-82.4465,27.8139],[-82.4543,27.8033],[-82.4654,27.7929],[-82.4785,27.7845],[-82.4933,27.7784],[-82.509,27.775],[-82.5231,27.7743],[-82.5392,27.776],[-82.554,27.7802]]]}},{"type":"Feature","properties":{"name":"WASHINGTON-TRI AREA CLASS B","class":"B","lower":"0","lower_code":"SFC","upper":"10000"},"geometry":{"type":"Polygon","coordinates":[[[-76.9259,38.9381],[-76.9081,38.9193],[-76.8833,38.9232],[-76.8557,38.9237],[-76.8329,38.921],[-76.8088,38.9149],[-76.7884,38.9068],[-76.768,38.895],[-76.7505,38.8808],[-76.7363,38.8644],[-76.7266,38.8481],[-76.7198,38.8291],[-76.7172,38.8094],[-76.7189,38.7897],[-76.7248,38.7705],[-76.7347,38.7523],[-76.7485,38.7358],[-76.7656,38.7212],[-76.7954,38.7046],[-76.812,38.6985],[-76.8317,38.6937],[-76.8681,38.6905],[-76.9067,38.6948],[-76.9067,38.7722],[-76.9914,38.7722],[-76.9914,38.7481],[-77.0137,38.744],[-77.0343,38.7427],[-77.0549,38.7436],[-77.0752,38.7467],[-77.0947,38.752],[-77.1111,38.7584],[-77.1282,38.7674],[-77.142,38.7769],[-77.1555,38.7891],[-77.1657,38.8011],[-77.1748,38.8156],[-77.1806,38.8292],[-77.1853,38.8505],[-77.1849,38.872],[-77.1794,38.8931],[-77.1701,38.9115],[-77.1556,38.9298],[-77.1387,38.9445],[-77.117,38.9578],[-77.0946,38.967],[-77.0706,38.9731],[-77.0432,38.9761],[-77.0157,38.9751],[-76.991,38.9707],[-76.9676,38.9631],[-76.9444,38.9515],[-76.9259,38.9381]]]}},{"type":"Feature","properties":{"name":"WASHINGTON-TRI AREA CLASS B","class":"B","lower":"1500","lower_code":"MSL","upper":"10000"},"geometry":{"type":"Polygon","coordinates":[[[-76.9118,38.995],[-76.8808,38.9737],[-76.8417,38.9729],[-76.8122,38.9685],[-76.7818,38.9603],[-76.7513,38.9476],[-76.7255,38.9325],[-76.7015,38.9131],[-76.6819,38.8909],[-76.6671,38.8665],[-76.658,38.8423],[-76.6535,38.8156],[-76.6546,38.7886],[-76.6612,38.7622],[-76.6732,38.7369],[-76.6903,38.7134],[-76.7119,38.6924],[-76.7375,38.6744],[-76.7566,38.6643],[-76.7789,38.6552],[-76.8003,38.6487],[-76.8247,38.6437],[-76.8497,38.641],[-76.8727,38.6405],[-76.8956,38.642],[-76.9203,38.6459],[-76.9486,38.6534],[-76.9752,38.6639],[-76.9997,38.6772],[-77.0217,38.6931],[-77.0514,38.6931],[-77.0809,38.6963],[-77.1116,38.7034],[-77.1387,38.7131],[-77.1638,38.7257],[-77.1847,38.7397],[-77.2032,38.7556],[-77.2202,38.7748],[-77.2139,38.9522],[-77.1909,38.9746],[-77.1652,38.9925],[-77.1321,39.0086],[-77.0957,39.0197],[-77.0574,39.0255],[-77.0183,39.0257],[-76.9821,39.0208],[-76.9454,39.0104],[-76.9118,38.995]]]}},{"type":"Feature","properties":{"name":"WASHINGTON-TRI AREA CLASS B","class":"B","lower":"1500","lower_code":"MSL","upper":"10000"},"geometry":{"type":"Polygon","coordinates":[[[-77.4645,38.7345],[-77.5148,38.7381],[-77.5632,38.7493],[-77.5861,38.7576],[-77.6079,38.7677],[-77.6455,38.7914],[-77.6627,38.8059],[-77.6781,38.8217],[-77.6913,38.8385],[-77.7015,38.8547],[-77.7105,38.8732],[-77.7171,38.8923],[-77.7213,38.9119],[-77.7229,38.9298],[-77.7223,38.9496],[-77.7192,38.9693],[-77.7136,38.9886],[-77.7057,39.0074],[-77.6953,39.0255],[-77.6827,39.0427],[-77.668,39.0588],[-77.6529,39.0724],[-77.6346,39.0861],[-77.6146,39.0983],[-77.5725,39.1171],[-77.5488,39.1244],[-77.5244,39.1298],[-77.4763,39.1348],[-77.4302,39.1329],[-77.3853,39.1246],[-77.343,39.1101],[-77.3047,39.09],[-77.3161,38.7728],[-77.3494,38.7568],[-77.3854,38.7449],[-77.4233,38.7374],[-77.4645,38.7345]]]}},{"type":"Feature","properties":{"name":"WASHINGTON-TRI AREA CLASS B","class":"B","lower":"1500","lower_code":"MSL","upper":"10000"},"geometry":{"type":"Polygon","coordinates":[[[-76.595,38.9775],[-76.6244,38.9729],[-76.9106,39.1219],[-76.9175,39.1539],[-76.9178,39.1862],[-76.9114,39.2182],[-76.8984,39.2489],[-76.8792,39.2777],[-76.8544,39.3036],[-76.8244,39.3261],[-76.7921,39.3436],[-76.7654,39.3543],[-76.7394,39.362],[-76.7124,39.3675],[-76.6849,39.3706],[-76.6571,39.3714],[-76.6294,39.3699],[-76.602,39.3661],[-76.5731,39.3594],[-76.5476,39.351],[-76.5233,39.3404],[-76.5007,39.3279],[-76.4783,39.3123],[-76.4598,39.2961],[-76.4437,39.2786],[-76.4301,39.2597],[-76.4184,39.2382],[-76.4106,39.2174],[-76.4057,39.1962],[-76.4037,39.1747],[-76.405,39.1513],[-76.4093,39.13],[-76.4165,39.1091],[-76.4265,39.089],[-76.4404,39.0683],[-76.4559,39.0504],[-76.4737,39.0339],[-76.4938,39.019],[-76.5177,39.0048],[-76.5414,38.9938],[-76.5666,38.9848],[-76.595,38.9775]]]}},{"type":"Feature","properties":{"name":"WASHINGTON-TRI AREA CLASS B","class":"B","lower":"2500","lower_code":"MSL","upper":"10000"},"geometry":{"type":"Polygon","coordinates":[[[-77.3027,39.1498],[-77.3047,39.09],[-77.3369,39.1075],[-77.3722,39.1209],[-77.412,39.1303],[-77.4509,39.1346],[-77.4925,39.1339],[-77.5311,39.1285],[-77.5683,39.1186],[-77.605,39.1034],[-77.6293,39.0896],[-77.6529,39.0724],[-77.6722,39.0545],[-77.6899,39.0334],[-77.7031,39.0124],[-77.7136,38.9886],[-77.72,38.9657],[-77.7229,38.9406],[-77.722,38.9172],[-77.7171,38.8923],[-77.709,38.8698],[-77.6966,38.8465],[-77.6819,38.8262],[-77.6627,38.8059],[-77.6405,38.7877],[-77.6155,38.7718],[-77.582,38.756],[-77.5459,38.7443],[-77.5057,38.7368],[-77.4668,38.7345],[-77.4278,38.7368],[-77.3876,38.7443],[-77.3494,38.7568],[-77.3161,38.7728],[-77.3181,38.7131],[-77.3451,38.7032],[-77.3732,38.6953],[-77.4021,38.6896],[-77.4316,38.6859],[-77.4613,38.6845],[-77.4934,38.6853],[-77.523,38.6883],[-77.5521,38.6935],[-77.5804,38.7008],[-77.6078,38.7101],[-77.6339,38.7213],[-77.6586,38.7345],[-77.6817,38.7493],[-77.7029,38.7658],[-77.722,38.7837],[-77.7389,38.803],[-77.7524,38.8218],[-77.7639,38.8415],[-77.7731,38.8618],[-77.7795,38.8809],[-77.7843,38.9022],[-77.7867,38.9219],[-77.787,38.9434],[-77.7851,38.9632],[-77.7808,38.9845],[-77.7749,39.0037],[-77.7662,39.0242],[-77.7562,39.0424],[-77.7433,39.0615],[-77.7296,39.0781],[-77.6958,39.1099],[-77.6756,39.1247],[-77.6538,39.1381],[-77.6083,39.1593],[-77.5589,39.1745],[-77.507,39.183],[-77.4539,39.1848],[-77.4012,39.1798],[-77.3504,39.168],[-77.3027,39.1498]]]}},{"type":"Feature","properties":{"name":"WASHINGTON-TRI AREA CLASS B","class":"B","lower":"0","lower_code":"SFC","upper":"10000"},"geometry":{"type":"Polygon","coordinates":[[[-77.4644,38.818],[-77.4941,38.8199],[-77.5206,38.8258],[-77.5472,38.8364],[-77.569,38.8496],[-77.5886,38.8672],[-77.6024,38.8858],[-77.6122,38.9079],[-77.616,38.9292],[-77.6145,38.9525],[-77.6078,38.9734],[-77.5951,38.9946],[-77.5788,39.012],[-77.5569,39.0279],[-77.5334,39.0392],[-77.5054,39.0475],[-77.4782,39.0512],[-77.4483,39.0506],[-77.4191,39.0454],[-77.3918,39.0358],[-77.3675,39.0222],[-77.3472,39.005],[-77.3317,38.9851],[-77.3216,38.9631],[-77.3173,38.94],[-77.319,38.9167],[-77.3265,38.8941],[-77.3397,38.8732],[-77.3579,38.8547],[-77.3804,38.8394],[-77.4064,38.8279],[-77.4347,38.8206],[-77.4644,38.818]]]}},{"type":"Feature","properties":{"name":"SAN FRANCISCO CLASS B","class":"B","lower":"7000","lower_code":"MSL","upper":"10000"},"geometry":{"type":"Polygon","coordinates":[[[-121.7639,37.4422],[-121.8681,37.3753],[-121.9322,37.4033],[-121.8236,37.4736],[-121.8525,37.5483],[-121.7803,37.5647],[-121.7511,37.4861],[-121.7639,37.4422]]]}},{"type":"Feature","properties":{"name":"SAN FRANCISCO CLASS B","class":"B","lower":"6000","lower_code":"MSL","upper":"10000"},"geometry":{"type":"Polygon","coordinates":[[[-122.3267,37.3828],[-122.1297,37.3344],[-121.9636,37.4719],[-121.9328,37.5425],[-121.8847,37.5408],[-121.8525,37.5483],[-121.8236,37.4736],[-122.0636,37.3178],[-122.0083,37.1767],[-122.415,37.2522],[-122.4186,37.2483],[-122.4147,37.2336],[-122.4083,37.2261],[-122.4072,37.2217],[-122.4086,37.2172],[-122.4083,37.2003],[-122.3992,37.19],[-122.3983,37.1861],[-122.3939,37.1836],[-122.3819,37.1831],[-122.3658,37.1697],[-122.8381,37.2561],[-122.8547,37.6589],[-122.4547,37.4936],[-122.3267,37.3828]]]}},{"type":"Feature","properties":{"name":"SAN FRANCISCO CLASS B","class":"B","lower":"8000","lower_code":"MSL","upper":"10000"},"geometry":{"type":"Polygon","coordinates":[[[-122.415,37.2522],[-122.0083,37.1767],[-121.9772,37.0972],[-122.3658,37.1697],[-122.3819,37.1831],[-122.3939,37.1836],[-122.3983,37.1861],[-122.3992,37.19],[-122.4083,37.2003],[-122.4086,37.2172],[-122.4072,37.2217],[-122.4083,37.2261],[-122.4147,37.2336],[-122.4186,37.2483],[-122.415,37.2522]]]}},{"type":"Feature","properties":{"name":"SAN FRANCISCO CLASS B","class":"B","lower":"7000","lower_code":"MSL","upper":"10000"},"geometry":{"type":"Polygon","coordinates":[[[-121.8547,37.7006],[-121.9608,37.6972],[-121.9867,37.9017],[-121.9328,37.8569],[-121.8547,37.7006]]]}},{"type":"Feature","properties":{"name":"SAN FRANCISCO CLASS B","class":"B","lower":"8000","lower_code":"MSL","upper":"10000"},"geometry":{"type":"Polygon","coordinates":[[[-121.6292,37.5839],[-121.6197,37.5172],[-121.7119,37.3922],[-121.8681,37.3753],[-121.7639,37.4422],[-121.7511,37.4861],[-121.7803,37.5647],[-121.8847,37.5408],[-121.9328,37.5425],[-121.9608,37.6972],[-121.8547,37.7006],[-121.6292,37.5839]]]}},{"type":"Feature","properties":{"name":"RIVERSIDE MARCH FIELD CLASS C","class":"C","lower":"3900","lower_code":"MSL","upper":"5500"},"geometry":{"type":"Polygon","coordinates":[[[-117.2373,33.8004],[-117.1862,33.7264],[-117.21,33.7201],[-117.2346,33.7162],[-117.2595,33.715],[-117.2844,33.7163],[-117.3089,33.7203],[-117.3327,33.7267],[-117.3553,33.7356],[-117.3765,33.7468],[-117.3178,33.8144],[-117.2995,33.8056],[-117.2793,33.8002],[-117.2583,33.7985],[-117.2373,33.8004]]]}},{"type":"Feature","properties":{"name":"RIVERSIDE MARCH FIELD CLASS D","class":"D","lower":"0","lower_code":"SFC","upper":"4000"},"geometry":{"type":"Polygon","coordinates":[[[-117.259,33.9654],[-117.2395,33.9638],[-117.2207,33.9591],[-117.2034,33.9513],[-117.1882,33.941],[-117.1758,33.9283],[-117.1665,33.9139],[-117.1609,33.8983],[-117.1589,33.882],[-117.1608,33.8657],[-117.1666,33.85],[-117.1758,33.8356],[-117.1883,33.8229],[-117.2034,33.8125],[-117.2208,33.8048],[-117.2395,33.8001],[-117.2591,33.7985],[-117.2786,33.8001],[-117.2974,33.8048],[-117.3146,33.8125],[-117.3298,33.823],[-117.3423,33.8356],[-117.3515,33.8501],[-117.3572,33.8658],[-117.3591,33.882],[-117.3572,33.8984],[-117.3515,33.914],[-117.3422,33.9284],[-117.3298,33.941],[-117.3146,33.9514],[-117.2973,33.9591],[-117.2785,33.9638],[-117.259,33.9654]]]}},{"type":"Feature","properties":{"name":"RICHARD EVELYN BYRD INTL AIRPORT CLASS C","class":"C","lower":"0","lower_code":"SFC","upper":"4200"},"geometry":{"type":"Polygon","coordinates":[[[-77.3197,37.5886],[-77.2993,37.587],[-77.2797,37.5823],[-77.2616,37.5746],[-77.2457,37.5642],[-77.2326,37.5516],[-77.223,37.5372],[-77.217,37.5215],[-77.215,37.5052],[-77.217,37.489],[-77.223,37.4733],[-77.2327,37.4589],[-77.2457,37.4462],[-77.2616,37.4358],[-77.2797,37.4281],[-77.2993,37.4234],[-77.3198,37.4217],[-77.3403,37.4234],[-77.3598,37.4281],[-77.378,37.4359],[-77.3938,37.4462],[-77.4069,37.4589],[-77.4165,37.4733],[-77.4225,37.489],[-77.4245,37.5053],[-77.4224,37.5216],[-77.4165,37.5372],[-77.4068,37.5516],[-77.3938,37.5642],[-77.3779,37.5746],[-77.3598,37.5823],[-77.3402,37.587],[-77.3197,37.5886]]]}},{"type":"Feature","properties":{"name":"RIVERSIDE MARCH FIELD CLASS C","class":"C","lower":"0","lower_code":"SFC","upper":"5500"},"geometry":{"type":"Polygon","coordinates":[[[-117.259,33.9654],[-117.2395,33.9638],[-117.2207,33.9591],[-117.2034,33.9513],[-117.1882,33.941],[-117.1758,33.9283],[-117.1665,33.9139],[-117.1609,33.8983],[-117.1589,33.882],[-117.1608,33.8657],[-117.1666,33.85],[-117.1758,33.8356],[-117.1883,33.8229],[-117.2034,33.8125],[-117.2208,33.8048],[-117.2395,33.8001],[-117.2591,33.7985],[-117.2786,33.8001],[-117.2974,33.8048],[-117.3146,33.8125],[-117.3298,33.823],[-117.3423,33.8356],[-117.3515,33.8501],[-117.3572,33.8658],[-117.3591,33.882],[-117.3572,33.8984],[-117.3515,33.914],[-117.3422,33.9284],[-117.3298,33.941],[-117.3146,33.9514],[-117.2973,33.9591],[-117.2785,33.9638],[-117.259,33.9654]]]}},{"type":"Feature","properties":{"name":"RIVERSIDE MARCH FIELD CLASS C","class":"C","lower":"3900","lower_code":"MSL","upper":"5500"},"geometry":{"type":"Polygon","coordinates":[[[-117.0598,33.8989],[-117.0589,33.8791],[-117.0607,33.8594],[-117.0653,33.8401],[-117.0726,33.8212],[-117.0825,33.8034],[-117.0949,33.7864],[-117.1097,33.7709],[-117.1265,33.7569],[-117.1785,33.8324],[-117.1673,33.8485],[-117.1607,33.8663],[-117.159,33.8849],[-117.1622,33.9033],[-117.0598,33.8989]]]}},{"type":"Feature","properties":{"name":"TUPELO CLASS D","class":"D","lower":"0","lower_code":"SFC","upper":"2800"},"geometry":{"type":"Polygon","coordinates":[[[-88.77,34.3365],[-88.7539,34.3352],[-88.7384,34.3313],[-88.7242,34.325],[-88.7117,34.3165],[-88.7014,34.3061],[-88.6938,34.2943],[-88.6891,34.2815],[-88.6875,34.2681],[-88.6891,34.2548],[-88.6938,34.2419],[-88.7014,34.2301],[-88.7117,34.2196],[-88.7242,34.2112],[-88.7385,34.2048],[-88.754,34.2009],[-88.77,34.1996],[-88.7862,34.2009],[-88.8016,34.2048],[-88.8158,34.2111],[-88.8283,34.2197],[-88.8386,34.2301],[-88.8462,34.2419],[-88.8509,34.2547],[-88.8525,34.2681],[-88.8509,34.2815],[-88.8462,34.2943],[-88.8386,34.3061],[-88.8283,34.3165],[-88.8158,34.325],[-88.8015,34.3313],[-88.7861,34.3352],[-88.77,34.3365]]]}},{"type":"Feature","properties":{"name":"TYNDALL AFB CLASS D","class":"D","lower":"0","lower_code":"SFC","upper":"2500"},"geometry":{"type":"Polygon","coordinates":[[[-85.575,30.1593],[-85.5548,30.1575],[-85.5353,30.1524],[-85.5174,30.1441],[-85.5016,30.1328],[-85.4887,30.1192],[-85.4792,30.1036],[-85.4733,30.0867],[-85.4713,30.0691],[-85.4732,30.0515],[-85.4792,30.0345],[-85.4887,30.019],[-85.5017,30.0052],[-85.5174,29.994],[-85.5353,29.9857],[-85.5547,29.9806],[-85.575,29.9788],[-85.5953,29.9806],[-85.6147,29.9857],[-85.6326,29.994],[-85.6484,30.0053],[-85.6613,30.019],[-85.6708,30.0346],[-85.6767,30.0516],[-85.6787,30.0692],[-85.6767,30.0868],[-85.6708,30.1037],[-85.6612,30.1193],[-85.6483,30.1329],[-85.6326,30.1441],[-85.6147,30.1524],[-85.5952,30.1575],[-85.575,30.1593]]]}},{"type":"Feature","properties":{"name":"WARNER ROBINS CLASS D","class":"D","lower":"0","lower_code":"SFC","upper":"2900"},"geometry":{"type":"Polygon","coordinates":[[[-83.7005,32.6398],[-83.5825,32.7317],[-83.5627,32.7286],[-83.544,32.7226],[-83.5269,32.7137],[-83.512,32.7023],[-83.4998,32.6888],[-83.4908,32.6737],[-83.4853,32.6574],[-83.4834,32.6405],[-83.4854,32.6226],[-83.4915,32.6054],[-83.5014,32.5895],[-83.5149,32.5755],[-83.5313,32.564],[-83.55,32.5554],[-83.5703,32.5502],[-83.5915,32.5483],[-83.6127,32.55],[-83.6331,32.5552],[-83.6519,32.5636],[-83.6684,32.575],[-83.682,32.5889],[-83.6921,32.6048],[-83.6983,32.6219],[-83.7005,32.6398]]]}},{"type":"Feature","properties":{"name":"MACON CLASS D","class":"D","lower":"0","lower_code":"SFC","upper":"2900"},"geometry":{"type":"Polygon","coordinates":[[[-83.5621,32.7285],[-83.5825,32.7317],[-83.6384,32.6882],[-83.7005,32.6398],[-83.6984,32.6224],[-83.7136,32.6318],[-83.7264,32.6435],[-83.7362,32.657],[-83.7428,32.6719],[-83.7457,32.6868],[-83.7454,32.7018],[-83.7418,32.7166],[-83.7352,32.7305],[-83.7255,32.7432],[-83.7133,32.7542],[-83.6989,32.763],[-83.6829,32.7696],[-83.6657,32.7735],[-83.648,32.7747],[-83.6303,32.7731],[-83.6131,32.7688],[-83.5973,32.7619],[-83.5831,32.7526],[-83.5713,32.7414],[-83.5621,32.7285]]]}},{"type":"Feature","properties":{"name":"DENVER CLASS B","class":"B","lower":"10000","lower_code":"MSL","upper":"12000"},"geometry":{"type":"Polygon","coordinates":[[[-105.0358,39.6539],[-105.0243,39.6519],[-105.0117,39.6536],[-104.9916,39.6531],[-104.987,39.6511],[-104.9729,39.6514],[-104.9694,39.6531],[-104.9186,39.6524],[-104.8756,39.5785],[-104.8698,39.5506],[-104.8672,39.5194],[-104.8744,39.5025],[-104.8726,39.4722],[-104.8757,39.4422],[-104.8786,39.4361],[-104.8792,39.4294],[-104.8658,39.4092],[-104.8595,39.3939],[-104.8612,39.3781],[-104.8754,39.3404],[-104.9331,39.3585],[-104.9902,39.3818],[-105.0423,39.4083],[-105.0948,39.4407],[-105.095,39.4944],[-105.0932,39.4947],[-105.0924,39.5031],[-105.0885,39.5138],[-105.0947,39.5268],[-105.0953,39.5318],[-105.0826,39.5565],[-105.0828,39.5722],[-105.0913,39.59],[-105.0912,39.624],[-105.0821,39.6364],[-105.0809,39.6525],[-105.0358,39.6539]]]}},{"type":"Feature","properties":{"name":"MILWAUKEE, GENERAL MITCHELL INTERNATIONAL AIRPORT CLASS C","class":"C","lower":"1900","lower_code":"MSL","upper":"4700"},"geometry":{"type":"Polygon","coordinates":[[[-87.7866,42.8014],[-87.7948,42.8072],[-87.8247,42.8375],[-87.8283,42.8459],[-87.8252,42.8468],[-87.8265,42.8491],[-87.8293,42.8483],[-87.8325,42.8513],[-87.8427,42.8738],[-87.8271,42.8813],[-87.8134,42.8907],[-87.8019,42.9015],[-87.7931,42.9136],[-87.7871,42.9266],[-87.784,42.94],[-87.784,42.9538],[-87.787,42.9672],[-87.7931,42.9804],[-87.8021,42.9926],[-87.8138,43.0036],[-87.8277,43.0129],[-87.8436,43.0205],[-87.861,43.026],[-87.8794,43.0293],[-87.8983,43.0303],[-87.897,43.0366],[-87.8953,43.0367],[-87.895,43.0381],[-87.8965,43.0381],[-87.8951,43.0421],[-87.8884,43.043],[-87.8878,43.0447],[-87.8899,43.046],[-87.8871,43.0528],[-87.882,43.0511],[-87.8828,43.0527],[-87.8756,43.0577],[-87.8739,43.0615],[-87.8685,43.0644],[-87.8637,43.0708],[-87.8638,43.0742],[-87.8669,43.0746],[-87.87,43.08],[-87.8706,43.0866],[-87.8765,43.0989],[-87.8929,43.1136],[-87.8559,43.1109],[-87.8201,43.1038],[-87.7864,43.0925],[-87.7557,43.0774],[-87.7287,43.0588],[-87.7062,43.0373],[-87.6888,43.0133],[-87.6769,42.9876],[-87.6709,42.9608],[-87.6709,42.9335],[-87.6769,42.9067],[-87.6888,42.8809],[-87.7062,42.8569],[-87.7288,42.8352],[-87.7558,42.8165],[-87.7866,42.8014]]]}},{"type":"Feature","properties":{"name":"SAN JUAN LUIS MUNOZ MARIN INTERNATIONAL AIRPORT CLASS C","class":"C","lower":"2800","lower_code":"MSL","upper":"4000"},"geometry":{"type":"Polygon","coordinates":[[[-65.866,18.3341],[-65.8815,18.318],[-65.8991,18.304],[-65.9185,18.2923],[-65.9394,18.2832],[-65.9613,18.2767],[-65.9838,18.273],[-66.0068,18.2721],[-66.0295,18.2741],[-66.0158,18.3568],[-65.993,18.3562],[-65.9707,18.3613],[-65.9506,18.3717],[-65.934,18.3867],[-65.866,18.3341]]]}},{"type":"Feature","properties":{"name":"CHARLESTON AFB/INTL AIRPORT CLASS C","class":"C","lower":"1200","lower_code":"MSL","upper":"4000"},"geometry":{"type":"Polygon","coordinates":[[[-80.0406,33.0659],[-80.0019,33.0627],[-79.9648,33.0532],[-79.9306,33.0378],[-79.9006,33.0171],[-79.876,32.9918],[-79.8577,32.963],[-79.8464,32.9317],[-79.8426,32.899],[-79.8464,32.8665],[-79.8577,32.8351],[-79.8759,32.8063],[-79.9006,32.7809],[-79.9305,32.7601],[-79.9648,32.7446],[-80.002,32.7351],[-80.0406,32.7319],[-80.0793,32.7351],[-80.1163,32.7446],[-80.1506,32.7601],[-80.1805,32.7808],[-80.2052,32.8062],[-80.2234,32.8351],[-80.2347,32.8665],[-80.2385,32.899],[-80.2347,32.9317],[-80.2234,32.963],[-80.2051,32.9918],[-80.1805,33.017],[-80.1506,33.0378],[-80.1163,33.0532],[-80.0792,33.0627],[-80.0406,33.0659]]]}},{"type":"Feature","properties":{"name":"SAN JUAN LUIS MUNOZ MARIN INTERNATIONAL AIRPORT CLASS C","class":"C","lower":"1700","lower_code":"MSL","upper":"4000"},"geometry":{"type":"Polygon","coordinates":[[[-66.0158,18.3568],[-66.0295,18.2741],[-66.0591,18.2812],[-66.0871,18.2931],[-66.1123,18.3093],[-66.1344,18.3296],[-66.0683,18.3845],[-66.0573,18.3744],[-66.0446,18.3662],[-66.0306,18.3603],[-66.0158,18.3568]]]}},{"type":"Feature","properties":{"name":"CHAMPAIGN-URBANA, UNIVERSITY OF ILLINOIS-WILLARD AIRPORT CLASS C","class":"C","lower":"0","lower_code":"SFC","upper":"4800"},"geometry":{"type":"Polygon","coordinates":[[[-88.2765,40.122],[-88.2553,40.1203],[-88.2349,40.1156],[-88.2162,40.1079],[-88.1998,40.0975],[-88.1863,40.0849],[-88.1763,40.0705],[-88.1701,40.0549],[-88.168,40.0386],[-88.1701,40.0223],[-88.1763,40.0066],[-88.1863,39.9923],[-88.1999,39.9796],[-88.2163,39.9692],[-88.2351,39.9615],[-88.2555,39.9568],[-88.2766,39.9552],[-88.2978,39.9568],[-88.3181,39.9615],[-88.3369,39.9693],[-88.3533,39.9796],[-88.3668,39.9923],[-88.3768,40.0067],[-88.383,40.0224],[-88.385,40.0386],[-88.3829,40.055],[-88.3767,40.0706],[-88.3667,40.085],[-88.3532,40.0976],[-88.3368,40.1079],[-88.3181,40.1156],[-88.2977,40.1204],[-88.2765,40.122]]]}},{"type":"Feature","properties":{"name":"CHARLESTON YEAGER AIRPORT CLASS C","class":"C","lower":"0","lower_code":"SFC","upper":"5000"},"geometry":{"type":"Polygon","coordinates":[[[-81.5931,38.4565],[-81.5724,38.4549],[-81.5525,38.4501],[-81.5341,38.4424],[-81.5181,38.432],[-81.5049,38.4194],[-81.4952,38.405],[-81.4891,38.3894],[-81.4871,38.3731],[-81.4891,38.3568],[-81.4952,38.3411],[-81.505,38.3267],[-81.5182,38.3141],[-81.5342,38.3037],[-81.5526,38.296],[-81.5725,38.2912],[-81.5931,38.2896],[-81.6138,38.2913],[-81.6336,38.296],[-81.652,38.3037],[-81.668,38.3141],[-81.6812,38.3268],[-81.691,38.3412],[-81.697,38.3569],[-81.699,38.3731],[-81.697,38.3895],[-81.6909,38.4051],[-81.6811,38.4195],[-81.668,38.4321],[-81.6519,38.4424],[-81.6336,38.4501],[-81.6137,38.4549],[-81.5931,38.4565]]]}},{"type":"Feature","properties":{"name":"CHARLESTON YEAGER AIRPORT CLASS C","class":"C","lower":"2800","lower_code":"MSL","upper":"5000"},"geometry":{"type":"Polygon","coordinates":[[[-81.5931,38.5399],[-81.5517,38.5367],[-81.5119,38.5272],[-81.4753,38.5118],[-81.4432,38.4911],[-81.4168,38.4659],[-81.3973,38.4371],[-81.3852,38.4058],[-81.3821,38.3897],[-81.3811,38.3732],[-81.3821,38.3568],[-81.3852,38.3407],[-81.3973,38.3093],[-81.4168,38.2805],[-81.4433,38.2551],[-81.4753,38.2344],[-81.5119,38.2189],[-81.5518,38.2094],[-81.5931,38.2062],[-81.6345,38.2094],[-81.6743,38.219],[-81.711,38.2345],[-81.743,38.2552],[-81.7694,38.2806],[-81.7889,38.3094],[-81.8009,38.3408],[-81.804,38.357],[-81.805,38.3733],[-81.804,38.3896],[-81.8009,38.4058],[-81.7889,38.437],[-81.7693,38.4658],[-81.743,38.4911],[-81.7109,38.5118],[-81.6742,38.5272],[-81.6345,38.5367],[-81.5931,38.5399]]]}},{"type":"Feature","properties":{"name":"SAN JUAN LUIS MUNOZ MARIN INTERNATIONAL AIRPORT CLASS C","class":"C","lower":"0","lower_code":"SFC","upper":"4000"},"geometry":{"type":"Polygon","coordinates":[[[-66.0021,18.3557],[-66.0192,18.3573],[-66.0356,18.3621],[-66.0508,18.3698],[-66.0641,18.3802],[-66.075,18.393],[-66.0831,18.4074],[-66.0881,18.4231],[-66.0898,18.4393],[-66.0896,18.4447],[-66.0594,18.445],[-66.0545,18.5065],[-66.0426,18.5136],[-66.0297,18.5188],[-66.0161,18.522],[-66.0022,18.5231],[-65.9851,18.5215],[-65.9687,18.5167],[-65.9536,18.509],[-65.9402,18.4986],[-65.9293,18.486],[-65.9212,18.4716],[-65.9162,18.4559],[-65.9145,18.4395],[-65.9161,18.4232],[-65.9211,18.4075],[-65.9292,18.393],[-65.9401,18.3803],[-65.9534,18.3699],[-65.9685,18.3621],[-65.9849,18.3574],[-66.0021,18.3557]]]}},{"type":"Feature","properties":{"name":"CHAMPAIGN-URBANA, UNIVERSITY OF ILLINOIS-WILLARD AIRPORT CLASS C","class":"C","lower":"2400","lower_code":"MSL","upper":"4800"},"geometry":{"type":"Polygon","coordinates":[[[-88.0884,40.1218],[-88.1825,40.0802],[-88.1933,40.0921],[-88.2067,40.1024],[-88.2222,40.1108],[-88.2394,40.1169],[-88.2576,40.1207],[-88.2765,40.122],[-88.2954,40.1207],[-88.3137,40.1169],[-88.3509,40.1953],[-88.3142,40.2028],[-88.2766,40.2054],[-88.2389,40.2028],[-88.2022,40.1953],[-88.1679,40.183],[-88.1368,40.1663],[-88.11,40.1456],[-88.0884,40.1218]]]}},{"type":"Feature","properties":{"name":"CHAMPAIGN-URBANA, UNIVERSITY OF ILLINOIS-WILLARD AIRPORT CLASS C","class":"C","lower":"2000","lower_code":"MSL","upper":"4800"},"geometry":{"type":"Polygon","coordinates":[[[-88.3137,40.1169],[-88.3385,40.107],[-88.3593,40.0926],[-88.3745,40.0745],[-88.3832,40.054],[-88.3847,40.0325],[-88.3791,40.0114],[-88.3666,39.9921],[-88.3481,39.9759],[-88.3334,39.9676],[-88.3171,39.9612],[-88.2996,39.9571],[-88.2815,39.9552],[-88.2632,39.9558],[-88.2453,39.9587],[-88.2282,39.9639],[-88.2125,39.9712],[-88.1977,39.9813],[-88.1854,39.9933],[-88.1762,40.0068],[-88.1704,40.0214],[-88.1681,40.0365],[-88.1694,40.0516],[-88.1742,40.0664],[-88.1825,40.0802],[-88.0884,40.1218],[-88.0764,40.1031],[-88.0675,40.0834],[-88.0619,40.0631],[-88.0596,40.0423],[-88.0607,40.0215],[-88.0652,40.0009],[-88.073,39.981],[-88.084,39.9618],[-88.0965,39.9456],[-88.1113,39.9306],[-88.1282,39.9169],[-88.1471,39.9047],[-88.1677,39.8943],[-88.1896,39.8858],[-88.2125,39.8792],[-88.2364,39.8746],[-88.2609,39.8722],[-88.2853,39.8719],[-88.3099,39.8737],[-88.3338,39.8777],[-88.3572,39.8837],[-88.3793,39.8917],[-88.4002,39.9016],[-88.4196,39.9133],[-88.4429,39.9316],[-88.4623,39.9525],[-88.4773,39.9754],[-88.4875,39.9998],[-88.4928,40.0252],[-88.493,40.0508],[-88.488,40.0762],[-88.4781,40.1005],[-88.4685,40.1164],[-88.4569,40.1315],[-88.4432,40.1455],[-88.4277,40.1583],[-88.4105,40.1698],[-88.3919,40.1799],[-88.3509,40.1953],[-88.3137,40.1169]]]}},{"type":"Feature","properties":{"name":"CHARLESTON AFB/INTL AIRPORT CLASS C","class":"C","lower":"0","lower_code":"SFC","upper":"4000"},"geometry":{"type":"Polygon","coordinates":[[[-80.0406,32.9824],[-80.0213,32.9808],[-80.0027,32.976],[-79.9856,32.9683],[-79.9706,32.9579],[-79.9583,32.9453],[-79.9491,32.9309],[-79.9435,32.9153],[-79.9416,32.8989],[-79.9435,32.8827],[-79.9491,32.8669],[-79.9583,32.8525],[-79.9706,32.8398],[-79.9856,32.8294],[-80.0027,32.8217],[-80.0212,32.817],[-80.0406,32.8154],[-80.0599,32.817],[-80.0785,32.8218],[-80.0956,32.8295],[-80.1106,32.8399],[-80.1229,32.8526],[-80.132,32.867],[-80.1376,32.8827],[-80.1395,32.899],[-80.1376,32.9153],[-80.132,32.931],[-80.1228,32.9454],[-80.1105,32.958],[-80.0955,32.9683],[-80.0784,32.976],[-80.0599,32.9808],[-80.0406,32.9824]]]}},{"type":"Feature","properties":{"name":"SAN JUAN LUIS MUNOZ MARIN INTERNATIONAL AIRPORT CLASS C","class":"C","lower":"1200","lower_code":"MSL","upper":"4000"},"geometry":{"type":"Polygon","coordinates":[[[-65.866,18.3341],[-65.934,18.3867],[-65.926,18.3979],[-65.9201,18.4101],[-65.9162,18.423],[-65.9145,18.4364],[-65.9152,18.4498],[-65.918,18.463],[-65.9231,18.4755],[-65.9302,18.4872],[-65.9444,18.5024],[-65.9622,18.5139],[-65.9823,18.5209],[-66.0036,18.523],[-66.0172,18.5218],[-66.0304,18.5186],[-66.043,18.5134],[-66.0545,18.5065],[-66.0594,18.445],[-66.0896,18.4447],[-66.089,18.4285],[-66.0852,18.4126],[-66.0782,18.3978],[-66.0683,18.3845],[-66.1344,18.3296],[-66.1513,18.3515],[-66.1643,18.376],[-66.173,18.4021],[-66.1771,18.4292],[-66.1765,18.4566],[-66.1713,18.4834],[-66.1615,18.5092],[-66.1475,18.5329],[-66.1249,18.5589],[-66.0973,18.58],[-66.0659,18.5953],[-66.0319,18.6043],[-65.9967,18.6066],[-65.9616,18.6022],[-65.9282,18.5911],[-65.8978,18.5739],[-65.8717,18.5513],[-65.8509,18.524],[-65.8362,18.4934],[-65.8282,18.4605],[-65.8273,18.4267],[-65.8336,18.3935],[-65.8466,18.3622],[-65.866,18.3341]]]}},{"type":"Feature","properties":{"name":"WALLOPS ISLAND CLASS D","class":"D","lower":"0","lower_code":"SFC","upper":"2500"},"geometry":{"type":"Polygon","coordinates":[[[-75.4663,37.8668],[-75.4823,37.8679],[-75.4977,37.8711],[-75.5124,37.8765],[-75.5255,37.8837],[-75.537,37.8926],[-75.5463,37.903],[-75.5532,37.9144],[-75.5575,37.9266],[-75.5591,37.9381],[-75.5583,37.9495],[-75.5554,37.9607],[-75.5503,37.9714],[-75.5418,37.9829],[-75.5308,37.993],[-75.5176,38.0014],[-75.5029,38.0077],[-75.5026,38.0191],[-75.4267,38.0181],[-75.427,38.0066],[-75.4084,37.9975],[-75.3931,37.9852],[-75.3819,37.9704],[-75.3753,37.9539],[-75.3737,37.9379],[-75.3766,37.9219],[-75.3838,37.9068],[-75.395,37.8934],[-75.4096,37.8822],[-75.4269,37.8738],[-75.4461,37.8686],[-75.4663,37.8668]]]}},{"type":"Feature","properties":{"name":"SAN JUAN CLASS D","class":"D","lower":"0","lower_code":"SFC","upper":"1200"},"geometry":{"type":"Polygon","coordinates":[[[-66.0545,18.5065],[-66.0594,18.445],[-66.0896,18.4447],[-66.0894,18.4317],[-66.0871,18.4189],[-66.0827,18.4065],[-66.0764,18.395],[-66.0893,18.3921],[-66.1025,18.3916],[-66.1155,18.3936],[-66.1279,18.3979],[-66.1416,18.4061],[-66.1529,18.4173],[-66.1612,18.4307],[-66.1658,18.4456],[-66.1926,18.4478],[-66.1895,18.4812],[-66.1628,18.4789],[-66.1569,18.4907],[-66.1486,18.5012],[-66.1382,18.5099],[-66.1263,18.5164],[-66.1079,18.5214],[-66.0887,18.5214],[-66.0702,18.5162],[-66.0545,18.5065]]]}},{"type":"Feature","properties":{"name":"BEAUMONT/PORT ARTHUR CLASS D","class":"D","lower":"0","lower_code":"SFC","upper":"2500"},"geometry":{"type":"Polygon","coordinates":[[[-94.0207,30.0344],[-94.002,30.0328],[-93.9839,30.028],[-93.9674,30.0203],[-93.9529,30.0099],[-93.9409,29.9973],[-93.9321,29.9829],[-93.9266,29.9672],[-93.9248,29.9509],[-93.9266,29.9346],[-93.9321,29.9189],[-93.9409,29.9045],[-93.9529,29.8918],[-93.9675,29.8813],[-93.984,29.8736],[-94.0021,29.8689],[-94.0207,29.8673],[-94.0395,29.8689],[-94.0574,29.8737],[-94.074,29.8814],[-94.0886,29.8918],[-94.1005,29.9045],[-94.1093,29.9189],[-94.1148,29.9346],[-94.1166,29.9508],[-94.1148,29.9672],[-94.1093,29.9828],[-94.1005,29.9973],[-94.0886,30.0099],[-94.074,30.0203],[-94.0574,30.028],[-94.0394,30.0328],[-94.0207,30.0344]]]}},{"type":"Feature","properties":{"name":"HARRISBURG CLASS D","class":"D","lower":"0","lower_code":"SFC","upper":"1600"},"geometry":{"type":"Polygon","coordinates":[[[-76.8314,40.2369],[-76.8247,40.2316],[-76.8204,40.225],[-76.8187,40.2176],[-76.82,40.2102],[-76.8897,40.2369],[-76.9346,40.2366],[-76.9295,40.2465],[-76.9225,40.2556],[-76.9033,40.2707],[-76.8789,40.2804],[-76.8517,40.2839],[-76.8249,40.2807],[-76.8006,40.2713],[-76.8284,40.2596],[-76.8404,40.2515],[-76.8507,40.2422],[-76.8405,40.2407],[-76.8314,40.2369]]]}},{"type":"Feature","properties":{"name":"BILLINGS CLASS C","class":"C","lower":"0","lower_code":"SFC","upper":"7700"},"geometry":{"type":"Polygon","coordinates":[[[-108.5435,45.8912],[-108.5183,45.8893],[-108.4941,45.8837],[-108.4722,45.8746],[-108.4536,45.8625],[-108.439,45.8479],[-108.4293,45.8314],[-108.4247,45.8139],[-108.4256,45.7961],[-108.4319,45.7789],[-108.4432,45.763],[-108.4591,45.7491],[-108.479,45.7379],[-108.5018,45.7298],[-108.5264,45.7254],[-108.5518,45.7247],[-108.5769,45.7279],[-108.5967,45.7333],[-108.6148,45.7411],[-108.6307,45.7511],[-108.6437,45.7627],[-108.6536,45.7759],[-108.6599,45.7901],[-108.6626,45.8049],[-108.6615,45.8197],[-108.6566,45.8342],[-108.6481,45.8478],[-108.6363,45.8602],[-108.6216,45.8708],[-108.6043,45.8795],[-108.5851,45.8859],[-108.5647,45.8898],[-108.5435,45.8912]]]}},{"type":"Feature","properties":{"name":"BILLINGS CLASS C","class":"C","lower":"4900","lower_code":"MSL","upper":"7700"},"geometry":{"type":"Polygon","coordinates":[[[-108.5435,45.9745],[-108.493,45.9707],[-108.4448,45.9595],[-108.4224,45.9514],[-108.4011,45.9415],[-108.3817,45.9302],[-108.3639,45.9174],[-108.3483,45.9035],[-108.3348,45.8884],[-108.3238,45.8725],[-108.3152,45.8557],[-108.3093,45.8386],[-108.306,45.8209],[-108.3054,45.8031],[-108.3075,45.7853],[-108.3123,45.7678],[-108.3198,45.7508],[-108.3298,45.7344],[-108.3423,45.7189],[-108.357,45.7043],[-108.3739,45.691],[-108.3927,45.679],[-108.4132,45.6685],[-108.4352,45.6595],[-108.4584,45.6523],[-108.5074,45.6432],[-108.5581,45.6415],[-108.6081,45.6475],[-108.6481,45.6582],[-108.6844,45.6736],[-108.7165,45.6934],[-108.7429,45.7167],[-108.763,45.7432],[-108.776,45.7715],[-108.7816,45.8012],[-108.7795,45.831],[-108.7699,45.86],[-108.7531,45.8873],[-108.7295,45.9122],[-108.7001,45.9335],[-108.6656,45.951],[-108.6271,45.9639],[-108.5859,45.9718],[-108.5435,45.9745]]]}},{"type":"Feature","properties":{"name":"BOISE CLASS C","class":"C","lower":"0","lower_code":"SFC","upper":"6900"},"geometry":{"type":"Polygon","coordinates":[[[-116.2229,43.6477],[-116.2005,43.6461],[-116.179,43.6414],[-116.1592,43.6337],[-116.1418,43.6233],[-116.1276,43.6107],[-116.117,43.5964],[-116.1105,43.5808],[-116.1082,43.5645],[-116.1104,43.5482],[-116.117,43.5325],[-116.1275,43.5181],[-116.1418,43.5055],[-116.1591,43.4951],[-116.179,43.4874],[-116.2005,43.4826],[-116.2228,43.481],[-116.2452,43.4826],[-116.2666,43.4873],[-116.2865,43.4951],[-116.3038,43.5054],[-116.3181,43.5181],[-116.3287,43.5324],[-116.3353,43.5481],[-116.3375,43.5644],[-116.3353,43.5807],[-116.3288,43.5963],[-116.3182,43.6107],[-116.304,43.6233],[-116.2865,43.6337],[-116.2667,43.6414],[-116.2452,43.6461],[-116.2229,43.6477]]]}},{"type":"Feature","properties":{"name":"BOISE CLASS C","class":"C","lower":"4600","lower_code":"MSL","upper":"6900"},"geometry":{"type":"Polygon","coordinates":[[[-116.2289,43.4811],[-116.2076,43.4818],[-116.187,43.4852],[-116.1675,43.4914],[-116.15,43.5],[-116.1349,43.5109],[-116.1229,43.5236],[-116.1143,43.5377],[-116.1094,43.5527],[-115.9959,43.5409],[-116.0024,43.5188],[-116.0131,43.4973],[-116.0275,43.4773],[-116.0457,43.4587],[-116.0671,43.4422],[-116.0914,43.4279],[-116.118,43.4162],[-116.1468,43.4071],[-116.1902,43.3994],[-116.2348,43.3979],[-116.2289,43.4811]]]}},{"type":"Feature","properties":{"name":"BOISE CLASS C","class":"C","lower":"4200","lower_code":"MSL","upper":"6900"},"geometry":{"type":"Polygon","coordinates":[[[-116.2467,43.6459],[-116.2659,43.6416],[-116.2836,43.635],[-116.2996,43.6263],[-116.3132,43.6157],[-116.324,43.6036],[-116.3319,43.5902],[-116.3364,43.5761],[-116.3374,43.5615],[-116.3347,43.5462],[-116.3282,43.5315],[-116.3181,43.518],[-116.3046,43.506],[-116.2884,43.496],[-116.2699,43.4884],[-116.2498,43.4833],[-116.2289,43.4811],[-116.2348,43.3979],[-116.2768,43.4024],[-116.317,43.4124],[-116.354,43.4277],[-116.3862,43.4476],[-116.4131,43.4715],[-116.4335,43.4987],[-116.4466,43.5282],[-116.452,43.5587],[-116.451,43.5812],[-116.4459,43.6032],[-116.4367,43.6247],[-116.4237,43.6449],[-116.407,43.6638],[-116.387,43.6808],[-116.3641,43.6957],[-116.3387,43.7083],[-116.3058,43.7198],[-116.2707,43.7274],[-116.2467,43.6459]]]}},{"type":"Feature","properties":{"name":"BOISE CLASS C","class":"C","lower":"5200","lower_code":"MSL","upper":"6900"},"geometry":{"type":"Polygon","coordinates":[[[-116.2069,43.6469],[-116.2269,43.6477],[-116.2467,43.6459],[-116.2707,43.7274],[-116.2308,43.731],[-116.1909,43.7294],[-116.2069,43.6469]]]}},{"type":"Feature","properties":{"name":"HARRISBURG CLASS C","class":"C","lower":"2100","lower_code":"MSL","upper":"4400"},"geometry":{"type":"Polygon","coordinates":[[[-76.8897,40.2369],[-77.0841,40.2364],[-77.077,40.2604],[-77.067,40.2836],[-77.054,40.306],[-77.0382,40.3274],[-77.0198,40.3474],[-76.9989,40.366],[-76.9757,40.3829],[-76.9503,40.398],[-76.4364,40.1971],[-76.4381,40.1682],[-76.4468,40.1308],[-76.4627,40.095],[-76.6786,40.0292],[-76.8392,40.0922],[-76.8103,40.2064],[-76.8897,40.2369]]]}},{"type":"Feature","properties":{"name":"LAKE CHARLES CLASS D","class":"D","lower":"0","lower_code":"SFC","upper":"2500"},"geometry":{"type":"Polygon","coordinates":[[[-93.2234,30.2096],[-93.2047,30.208],[-93.1867,30.2033],[-93.1701,30.1956],[-93.1555,30.1852],[-93.1435,30.1725],[-93.1346,30.1581],[-93.1292,30.1425],[-93.1273,30.1261],[-93.1292,30.1098],[-93.1346,30.0941],[-93.1435,30.0797],[-93.1555,30.067],[-93.1701,30.0566],[-93.1867,30.0489],[-93.2047,30.0442],[-93.2235,30.0425],[-93.2422,30.0442],[-93.2602,30.0489],[-93.2769,30.0567],[-93.2914,30.0671],[-93.3034,30.0798],[-93.3122,30.0942],[-93.3177,30.1098],[-93.3195,30.1261],[-93.3177,30.1424],[-93.3122,30.1581],[-93.3033,30.1725],[-93.2914,30.1851],[-93.2768,30.1956],[-93.2602,30.2033],[-93.2422,30.208],[-93.2234,30.2096]]]}},{"type":"Feature","properties":{"name":"LAKE CHARLES CLASS D","class":"D","lower":"0","lower_code":"SFC","upper":"2500"},"geometry":{"type":"Polygon","coordinates":[[[-93.1283,30.1382],[-93.1325,30.1531],[-93.1397,30.1671],[-93.1497,30.1797],[-93.1623,30.1905],[-93.1769,30.1992],[-93.193,30.2053],[-93.2102,30.2088],[-93.2278,30.2095],[-93.2263,30.2245],[-93.2213,30.2388],[-93.211,30.2546],[-93.1966,30.2676],[-93.1985,30.2708],[-93.1639,30.2855],[-93.162,30.2822],[-93.143,30.2841],[-93.124,30.2822],[-93.1096,30.2781],[-93.0963,30.2718],[-93.0836,30.2628],[-93.0731,30.2518],[-93.0653,30.2393],[-93.0603,30.2257],[-93.0586,30.2111],[-93.0601,30.1964],[-93.065,30.1824],[-93.073,30.1695],[-93.0838,30.1582],[-93.0971,30.149],[-93.1121,30.1422],[-93.1283,30.1382]]]}},{"type":"Feature","properties":{"name":"COVINGTON CLASS B","class":"B","lower":"4000","lower_code":"MSL","upper":"10000"},"geometry":{"type":"Polygon","coordinates":[[[-84.5,39.4436],[-84.5,39.3549],[-84.5385,39.3656],[-84.5781,39.3733],[-84.6185,39.378],[-84.6596,39.3797],[-84.7005,39.3784],[-84.7414,39.374],[-84.7811,39.3667],[-84.82,39.3563],[-84.82,39.4447],[-84.7808,39.4528],[-84.7411,39.4586],[-84.7005,39.4621],[-84.6601,39.4631],[-84.6198,39.4618],[-84.5792,39.4581],[-84.5391,39.452],[-84.5,39.4436]]]}},{"type":"Feature","properties":{"name":"COVINGTON CLASS B","class":"B","lower":"4000","lower_code":"MSL","upper":"10000"},"geometry":{"type":"Polygon","coordinates":[[[-84.5,38.6488],[-84.5386,38.6404],[-84.5782,38.6342],[-84.6184,38.6305],[-84.6582,38.6291],[-84.698,38.63],[-84.7382,38.6333],[-84.778,38.639],[-84.8167,38.6469],[-84.8167,38.7351],[-84.7781,38.725],[-84.7386,38.7178],[-84.6986,38.7137],[-84.6581,38.7125],[-84.6173,38.7143],[-84.5774,38.7191],[-84.5381,38.7269],[-84.5,38.7375],[-84.5,38.6488]]]}},{"type":"Feature","properties":{"name":"COVINGTON CLASS B","class":"B","lower":"3500","lower_code":"MSL","upper":"10000"},"geometry":{"type":"Polygon","coordinates":[[[-84.3733,38.9375],[-84.5,38.9375],[-84.4756,38.9646],[-84.4608,38.9901],[-84.4513,39.0183],[-84.4483,39.0472],[-84.4518,39.0764],[-84.4618,39.1047],[-84.4781,39.1311],[-84.5,39.155],[-84.3731,39.155],[-84.3596,39.1298],[-84.3498,39.1037],[-84.3437,39.0768],[-84.3413,39.0496],[-84.3428,39.0224],[-84.3481,38.9954],[-84.3571,38.9691],[-84.3697,38.9437],[-84.3733,38.9375]]]}},{"type":"Feature","properties":{"name":"COVINGTON CLASS B","class":"B","lower":"3500","lower_code":"MSL","upper":"10000"},"geometry":{"type":"Polygon","coordinates":[[[-84.82,39.1033],[-84.8415,39.0893],[-84.8462,39.0856],[-84.8435,39.0848],[-84.8462,39.085],[-84.8549,39.0771],[-84.8845,39.0636],[-84.8893,39.0599],[-84.892,39.0552],[-84.8909,39.0505],[-84.8853,39.043],[-84.8661,39.0287],[-84.8574,39.0177],[-84.8398,39.0009],[-84.829,38.9831],[-84.8264,38.9748],[-84.8281,38.9599],[-84.8535,38.9375],[-84.9511,38.9375],[-84.965,38.9636],[-84.975,38.9905],[-84.9811,39.0184],[-84.9831,39.0463],[-84.9811,39.0745],[-84.9751,39.1022],[-84.9651,39.1291],[-84.9514,39.155],[-84.82,39.155],[-84.82,39.1033]]]}},{"type":"Feature","properties":{"name":"COVINGTON CLASS B","class":"B","lower":"5000","lower_code":"MSL","upper":"10000"},"geometry":{"type":"Polygon","coordinates":[[[-84.2122,39.2723],[-84.3014,39.226],[-84.2858,39.2054],[-84.2722,39.1839],[-84.2606,39.162],[-84.2511,39.1391],[-84.2437,39.1161],[-84.2384,39.0925],[-84.2353,39.0686],[-84.2344,39.0446],[-84.2357,39.0206],[-84.2392,38.9967],[-84.2449,38.9731],[-84.2528,38.9499],[-84.2628,38.9272],[-84.2748,38.9051],[-84.2889,38.8837],[-84.3048,38.8632],[-84.2086,38.826],[-84.2354,38.7955],[-84.2653,38.7672],[-84.2982,38.7411],[-84.3343,38.7171],[-84.3725,38.6959],[-84.4134,38.6772],[-84.4558,38.6616],[-84.5,38.6488],[-84.5,38.9375],[-84.3733,38.9375],[-84.3595,38.9634],[-84.3495,38.9905],[-84.3434,39.0184],[-84.3413,39.0466],[-84.3433,39.0746],[-84.3494,39.1022],[-84.3593,39.1291],[-84.3731,39.155],[-84.5,39.155],[-84.5,39.4436],[-84.4563,39.4312],[-84.4144,39.416],[-84.3744,39.398],[-84.3366,39.3774],[-84.3012,39.3544],[-84.2685,39.329],[-84.2388,39.3016],[-84.2122,39.2723]]]}},{"type":"Feature","properties":{"name":"COVINGTON CLASS B","class":"B","lower":"3500","lower_code":"MSL","upper":"10000"},"geometry":{"type":"Polygon","coordinates":[[[-84.6467,38.7127],[-84.6467,38.7962],[-84.6082,38.7994],[-84.5706,38.8063],[-84.5343,38.8167],[-84.5,38.8303],[-84.5,38.7375],[-84.5353,38.7275],[-84.5719,38.72],[-84.6093,38.715],[-84.6467,38.7127]]]}},{"type":"Feature","properties":{"name":"COVINGTON CLASS B","class":"B","lower":"5000","lower_code":"MSL","upper":"10000"},"geometry":{"type":"Polygon","coordinates":[[[-85.1454,38.8683],[-85.0473,38.9013],[-85.0639,38.9318],[-85.0765,38.9634],[-85.0851,38.996],[-85.0895,39.0289],[-85.0897,39.0619],[-85.0857,39.0947],[-85.0775,39.1271],[-85.0652,39.1588],[-85.1615,39.1966],[-85.1518,39.215],[-85.126,39.2548],[-85.0947,39.2922],[-85.0585,39.3268],[-85.0181,39.358],[-84.9732,39.3858],[-84.9252,39.4095],[-84.8737,39.4294],[-84.82,39.4447],[-84.82,39.155],[-84.9514,39.155],[-84.9651,39.1291],[-84.9752,39.1019],[-84.9812,39.074],[-84.9831,39.0458],[-84.981,39.0179],[-84.9749,38.9903],[-84.9649,38.9634],[-84.9511,38.9375],[-84.8535,38.9375],[-84.8684,38.9248],[-84.8733,38.9178],[-84.8734,38.9103],[-84.8662,38.9029],[-84.8609,38.9006],[-84.8195,38.8998],[-84.7987,38.8939],[-84.7893,38.8897],[-84.7816,38.8822],[-84.7816,38.871],[-84.7875,38.8559],[-84.8121,38.8412],[-84.8224,38.8325],[-84.8253,38.8272],[-84.8237,38.8194],[-84.8125,38.8068],[-84.8083,38.7995],[-84.8066,38.7913],[-84.8085,38.7844],[-84.8167,38.7813],[-84.8167,38.6469],[-84.8691,38.6617],[-84.9194,38.6807],[-84.9669,38.7037],[-85.0111,38.7305],[-85.0515,38.7607],[-85.0873,38.7938],[-85.1189,38.8299],[-85.1454,38.8683]]]}},{"type":"Feature","properties":{"name":"COVINGTON CLASS B","class":"B","lower":"0","lower_code":"SFC","upper":"10000"},"geometry":{"type":"Polygon","coordinates":[[[-84.6622,39.1295],[-84.6414,39.1279],[-84.6213,39.1232],[-84.6028,39.1155],[-84.5866,39.1051],[-84.5733,39.0925],[-84.5634,39.0781],[-84.5573,39.0625],[-84.5553,39.0461],[-84.5573,39.0299],[-84.5634,39.0142],[-84.5733,38.9998],[-84.5866,38.9871],[-84.6028,38.9768],[-84.6213,38.969],[-84.6414,38.9643],[-84.6623,38.9627],[-84.6832,38.9643],[-84.7032,38.9691],[-84.7217,38.9768],[-84.7379,38.9872],[-84.7512,38.9999],[-84.7611,39.0143],[-84.7671,39.03],[-84.7692,39.0462],[-84.7671,39.0625],[-84.761,39.0781],[-84.7511,39.0925],[-84.7378,39.1051],[-84.7216,39.1155],[-84.7031,39.1232],[-84.6831,39.1279],[-84.6622,39.1295]]]}},{"type":"Feature","properties":{"name":"COVINGTON CLASS B","class":"B","lower":"3000","lower_code":"MSL","upper":"10000"},"geometry":{"type":"Polygon","coordinates":[[[-84.5,39.2621],[-84.5,39.155],[-84.483,39.1374],[-84.4693,39.1183],[-84.4787,39.1144],[-84.4961,39.0963],[-84.5041,39.0917],[-84.5248,39.0892],[-84.5369,39.095],[-84.5464,39.0971],[-84.5539,39.0948],[-84.5612,39.0858],[-84.56,39.0853],[-84.5656,39.082],[-84.5796,39.0991],[-84.5985,39.1131],[-84.5495,39.1585],[-84.5548,39.1618],[-84.5587,39.1617],[-84.5665,39.1578],[-84.5715,39.1586],[-84.5909,39.1787],[-84.5998,39.1838],[-84.6078,39.1856],[-84.6396,39.1877],[-84.6442,39.1894],[-84.652,39.1956],[-84.6605,39.1972],[-84.6712,39.1963],[-84.6743,39.1992],[-84.6769,39.2116],[-84.6829,39.2148],[-84.7095,39.2064],[-84.739,39.2203],[-84.7573,39.2113],[-84.7631,39.2065],[-84.7721,39.1912],[-84.7756,39.1878],[-84.7821,39.1852],[-84.7934,39.1844],[-84.7976,39.1822],[-84.8045,39.168],[-84.8159,39.1576],[-84.817,39.1495],[-84.82,39.1459],[-84.82,39.3563],[-84.7782,39.3673],[-84.735,39.3749],[-84.6911,39.379],[-84.6468,39.3795],[-84.6468,39.2961],[-84.6084,39.2928],[-84.5708,39.286],[-84.5345,39.2757],[-84.5,39.2621]]]}},{"type":"Feature","properties":{"name":"COVINGTON CLASS B","class":"B","lower":"3500","lower_code":"MSL","upper":"10000"},"geometry":{"type":"Polygon","coordinates":[[[-84.5,39.3549],[-84.5,39.2621],[-84.5366,39.2764],[-84.5751,39.287],[-84.6106,39.2931],[-84.6468,39.2961],[-84.6468,39.3795],[-84.6095,39.3772],[-84.5722,39.3723],[-84.5356,39.3649],[-84.5,39.3549]]]}},{"type":"Feature","properties":{"name":"COVINGTON CLASS B","class":"B","lower":"3000","lower_code":"MSL","upper":"10000"},"geometry":{"type":"Polygon","coordinates":[[[-84.5,38.8303],[-84.5343,38.8167],[-84.5706,38.8063],[-84.6082,38.7994],[-84.6467,38.7962],[-84.6467,38.7127],[-84.682,38.7128],[-84.7168,38.7152],[-84.7512,38.7198],[-84.785,38.7266],[-84.8167,38.7351],[-84.8167,38.7813],[-84.8085,38.7844],[-84.8066,38.7913],[-84.8083,38.7995],[-84.8125,38.8068],[-84.8237,38.8194],[-84.8253,38.8272],[-84.8224,38.8325],[-84.8121,38.8412],[-84.7875,38.8559],[-84.7816,38.871],[-84.7816,38.8822],[-84.7893,38.8897],[-84.7987,38.8939],[-84.8195,38.8998],[-84.8523,38.9001],[-84.8642,38.9016],[-84.8734,38.9103],[-84.8733,38.9178],[-84.8593,38.9336],[-84.8376,38.9507],[-84.8205,38.934],[-84.8007,38.919],[-84.7786,38.9062],[-84.7546,38.8957],[-84.7292,38.8877],[-84.7026,38.8823],[-84.6753,38.8796],[-84.6478,38.8797],[-84.606,38.8852],[-84.5666,38.8969],[-84.5307,38.9146],[-84.5,38.9375],[-84.5,38.8303]]]}},{"type":"Feature","properties":{"name":"COVINGTON CLASS B","class":"B","lower":"2100","lower_code":"MSL","upper":"10000"},"geometry":{"type":"Polygon","coordinates":[[[-84.7118,39.2069],[-84.7063,39.2066],[-84.6863,39.2143],[-84.6803,39.2144],[-84.6769,39.2116],[-84.6743,39.1992],[-84.6712,39.1963],[-84.6605,39.1972],[-84.652,39.1956],[-84.6442,39.1894],[-84.6396,39.1877],[-84.6078,39.1856],[-84.5998,39.1838],[-84.5909,39.1787],[-84.5715,39.1586],[-84.5665,39.1578],[-84.5587,39.1617],[-84.5548,39.1618],[-84.5495,39.1585],[-84.5985,39.1131],[-84.6172,39.1218],[-84.6377,39.1273],[-84.6593,39.1295],[-84.681,39.1282],[-84.7019,39.1236],[-84.7211,39.1158],[-84.7379,39.1051],[-84.7517,39.0919],[-84.7621,39.076],[-84.7679,39.0588],[-84.769,39.041],[-84.7651,39.0234],[-84.7566,39.0069],[-84.7437,38.9921],[-84.7271,38.9798],[-84.7076,38.9706],[-84.6793,38.9638],[-84.6498,38.9633],[-84.6211,38.9691],[-84.5957,38.9808],[-84.5835,38.9896],[-84.5733,38.9998],[-84.5652,39.0111],[-84.5594,39.0232],[-84.5558,39.038],[-84.5556,39.053],[-84.559,39.0679],[-84.5656,39.082],[-84.56,39.0853],[-84.5612,39.0858],[-84.5539,39.0948],[-84.5464,39.0971],[-84.5411,39.0963],[-84.5248,39.0892],[-84.5041,39.0917],[-84.4961,39.0963],[-84.4787,39.1144],[-84.4693,39.1183],[-84.4566,39.0923],[-84.4496,39.065],[-84.4486,39.0374],[-84.4535,39.0098],[-84.4641,38.9834],[-84.4802,38.9586],[-84.5014,38.9362],[-84.527,38.9169],[-84.5637,38.8981],[-84.6046,38.8855],[-84.6478,38.8797],[-84.6917,38.8809],[-84.7343,38.8891],[-84.7739,38.9039],[-84.8088,38.9247],[-84.824,38.9371],[-84.8376,38.9507],[-84.8281,38.9599],[-84.8263,38.9685],[-84.8264,38.9748],[-84.8329,38.9905],[-84.8398,39.0009],[-84.8574,39.0177],[-84.8661,39.0287],[-84.8853,39.043],[-84.8909,39.0505],[-84.892,39.0552],[-84.8893,39.0599],[-84.8845,39.0636],[-84.8549,39.0771],[-84.8462,39.085],[-84.8435,39.0848],[-84.8462,39.0856],[-84.8415,39.0893],[-84.82,39.1033],[-84.82,39.1459],[-84.817,39.1495],[-84.8159,39.1576],[-84.8045,39.168],[-84.7976,39.1822],[-84.7934,39.1844],[-84.7821,39.1852],[-84.7756,39.1878],[-84.7607,39.209],[-84.739,39.2203],[-84.7118,39.2069]]]}},{"type":"Feature","properties":{"name":"BANGOR CLASS C","class":"C","lower":"700","lower_code":"MSL","upper":"4200"},"geometry":{"type":"Polygon","coordinates":[[[-68.7613,44.7391],[-68.7719,44.7719],[-68.7686,44.7786],[-68.7492,44.7856],[-68.7212,44.7737],[-68.7379,44.7544],[-68.7613,44.7391]]]}},{"type":"Feature","properties":{"name":"BANGOR CLASS C","class":"C","lower":"2000","lower_code":"MSL","upper":"4200"},"geometry":{"type":"Polygon","coordinates":[[[-68.712,44.7974],[-68.6012,44.7669],[-68.6113,44.7448],[-68.6256,44.724],[-68.6438,44.7048],[-68.6656,44.6876],[-68.6904,44.6728],[-68.7179,44.6605],[-68.7477,44.651],[-68.7789,44.6445],[-68.8196,44.6409],[-68.8606,44.6424],[-68.9006,44.649],[-68.9383,44.6605],[-68.9727,44.6765],[-69.0027,44.6965],[-69.0272,44.72],[-69.0457,44.7461],[-68.945,44.8023],[-68.9407,44.7847],[-68.9313,44.7681],[-68.9171,44.7533],[-68.8987,44.741],[-68.8771,44.7318],[-68.8534,44.7261],[-68.8284,44.7241],[-68.8035,44.726],[-68.7861,44.7297],[-68.7698,44.7352],[-68.7548,44.7425],[-68.7417,44.7513],[-68.7306,44.7614],[-68.7218,44.7727],[-68.7155,44.7848],[-68.712,44.7974]]]}},{"type":"Feature","properties":{"name":"BANGOR CLASS C","class":"C","lower":"1500","lower_code":"MSL","upper":"4200"},"geometry":{"type":"Polygon","coordinates":[[[-68.6012,44.7669],[-68.712,44.7974],[-68.7114,44.8133],[-68.715,44.829],[-68.7228,44.8438],[-68.7344,44.8574],[-68.7494,44.8691],[-68.7672,44.8786],[-68.7873,44.8855],[-68.8088,44.8896],[-68.8341,44.8907],[-68.8593,44.8878],[-68.883,44.8811],[-68.9041,44.8709],[-68.9225,44.8568],[-68.9359,44.84],[-68.9435,44.8215],[-68.945,44.8023],[-69.0457,44.7461],[-69.0542,44.7643],[-69.0597,44.7832],[-69.0621,44.8025],[-69.0614,44.8218],[-69.0581,44.839],[-69.0523,44.8556],[-69.0442,44.8718],[-69.0338,44.8872],[-69.0212,44.9019],[-69.0065,44.9155],[-68.99,44.928],[-68.9717,44.9392],[-68.9307,44.9573],[-68.8854,44.9691],[-68.8376,44.974],[-68.7893,44.9718],[-68.7428,44.9627],[-68.6999,44.947],[-68.6625,44.9253],[-68.6463,44.9126],[-68.6321,44.8987],[-68.62,44.8839],[-68.6101,44.8682],[-68.6025,44.852],[-68.5973,44.8352],[-68.5945,44.8182],[-68.5942,44.8008],[-68.5965,44.7838],[-68.6012,44.7669]]]}},{"type":"Feature","properties":{"name":"BANGOR CLASS C","class":"C","lower":"0","lower_code":"SFC","upper":"4200"},"geometry":{"type":"Polygon","coordinates":[[[-68.7212,44.7737],[-68.7492,44.7856],[-68.7686,44.7786],[-68.7719,44.7719],[-68.7614,44.739],[-68.7787,44.7319],[-68.7985,44.7268],[-68.8191,44.7244],[-68.8401,44.7246],[-68.8606,44.7274],[-68.8802,44.7328],[-68.898,44.7406],[-68.9137,44.7506],[-68.9265,44.7623],[-68.9363,44.7756],[-68.9425,44.7898],[-68.9451,44.8047],[-68.944,44.8196],[-68.9377,44.8368],[-68.9265,44.8526],[-68.9109,44.8664],[-68.8915,44.8775],[-68.8692,44.8855],[-68.845,44.8899],[-68.8201,44.8906],[-68.7955,44.8875],[-68.7725,44.8808],[-68.7519,44.8707],[-68.7349,44.8578],[-68.722,44.8426],[-68.714,44.8259],[-68.7111,44.8082],[-68.7135,44.7906],[-68.7212,44.7737]]]}},{"type":"Feature","properties":{"name":"MILWAUKEE, GENERAL MITCHELL INTERNATIONAL AIRPORT CLASS C","class":"C","lower":"2200","lower_code":"MSL","upper":"4700"},"geometry":{"type":"Polygon","coordinates":[[[-87.8929,43.1136],[-87.8765,43.0989],[-87.8706,43.0866],[-87.87,43.08],[-87.8669,43.0746],[-87.8638,43.0742],[-87.8637,43.0708],[-87.8685,43.0644],[-87.8739,43.0615],[-87.8756,43.0577],[-87.8828,43.0527],[-87.882,43.0511],[-87.8871,43.0528],[-87.8899,43.046],[-87.8878,43.0447],[-87.8884,43.043],[-87.8951,43.0421],[-87.8965,43.0381],[-87.895,43.0381],[-87.8953,43.0367],[-87.897,43.0366],[-87.8983,43.0303],[-87.9243,43.0279],[-87.9489,43.0211],[-87.9708,43.0103],[-87.9886,42.9962],[-88.001,42.9804],[-88.0084,42.963],[-88.0105,42.9448],[-88.0071,42.9267],[-87.998,42.909],[-87.9837,42.8932],[-87.965,42.8802],[-87.9426,42.8706],[-87.918,42.865],[-87.8921,42.8637],[-87.8667,42.8666],[-87.8427,42.8738],[-87.8325,42.8513],[-87.8293,42.8483],[-87.8265,42.8491],[-87.8252,42.8468],[-87.8283,42.8459],[-87.8247,42.8375],[-87.7948,42.8072],[-87.7866,42.8014],[-87.8232,42.7893],[-87.862,42.7822],[-87.9021,42.7803],[-87.9419,42.7835],[-87.982,42.7924],[-88.0193,42.8065],[-88.0525,42.8256],[-88.0802,42.8487],[-88.1018,42.8752],[-88.1163,42.9041],[-88.1233,42.9345],[-88.1226,42.9653],[-88.1143,42.9955],[-88.0984,43.024],[-88.0757,43.0499],[-88.047,43.0721],[-88.0131,43.0903],[-87.9753,43.1034],[-87.9347,43.1113],[-87.8929,43.1136]]]}},{"type":"Feature","properties":{"name":"MILWAUKEE, GENERAL MITCHELL INTERNATIONAL AIRPORT CLASS C","class":"C","lower":"0","lower_code":"SFC","upper":"4700"},"geometry":{"type":"Polygon","coordinates":[[[-87.8971,43.0303],[-87.8749,43.0287],[-87.8537,43.024],[-87.834,43.0162],[-87.8168,43.0059],[-87.8027,42.9933],[-87.7922,42.9789],[-87.7858,42.9633],[-87.7836,42.9469],[-87.7858,42.9307],[-87.7923,42.915],[-87.8027,42.9006],[-87.8169,42.888],[-87.834,42.8776],[-87.8537,42.8699],[-87.8749,42.8652],[-87.8971,42.8636],[-87.9192,42.8652],[-87.9405,42.8699],[-87.9602,42.8777],[-87.9773,42.888],[-87.9914,42.9007],[-88.0019,42.9151],[-88.0084,42.9308],[-88.0105,42.947],[-88.0083,42.9633],[-88.0019,42.9789],[-87.9914,42.9933],[-87.9773,43.0059],[-87.9601,43.0163],[-87.9405,43.0239],[-87.9192,43.0287],[-87.8971,43.0303]]]}},{"type":"Feature","properties":{"name":"LATROBE CLASS D","class":"D","lower":"0","lower_code":"SFC","upper":"3700"},"geometry":{"type":"Polygon","coordinates":[[[-79.4103,40.3565],[-79.389,40.3549],[-79.3686,40.3501],[-79.3498,40.3424],[-79.3333,40.3321],[-79.3198,40.3194],[-79.3097,40.3051],[-79.3035,40.2894],[-79.3015,40.2731],[-79.3035,40.2569],[-79.3098,40.2412],[-79.3198,40.2268],[-79.3334,40.2141],[-79.3499,40.2038],[-79.3687,40.196],[-79.3892,40.1913],[-79.4104,40.1897],[-79.4317,40.1913],[-79.452,40.1961],[-79.4709,40.2038],[-79.4873,40.2142],[-79.5009,40.2268],[-79.5109,40.2412],[-79.5171,40.2569],[-79.5192,40.2732],[-79.5171,40.2895],[-79.5109,40.3051],[-79.5008,40.3195],[-79.4873,40.3321],[-79.4708,40.3425],[-79.452,40.3502],[-79.4316,40.3549],[-79.4103,40.3565]]]}},{"type":"Feature","properties":{"name":"HARRISBURG CLASS C","class":"C","lower":"2600","lower_code":"MSL","upper":"4400"},"geometry":{"type":"Polygon","coordinates":[[[-77.0841,40.2364],[-76.8897,40.2369],[-76.8103,40.2064],[-76.8392,40.0922],[-77.0888,40.1884],[-77.0879,40.2124],[-77.0841,40.2364]]]}},{"type":"Feature","properties":{"name":"HARRISBURG CLASS C","class":"C","lower":"2600","lower_code":"MSL","upper":"4400"},"geometry":{"type":"Polygon","coordinates":[[[-76.5761,39.9881],[-76.6786,40.0292],[-76.4627,40.095],[-76.4835,40.064],[-76.5096,40.0356],[-76.5407,40.01],[-76.5761,39.9881]]]}},{"type":"Feature","properties":{"name":"HARRISBURG CLASS C","class":"C","lower":"1600","lower_code":"MSL","upper":"4400"},"geometry":{"type":"Polygon","coordinates":[[[-76.8314,40.2369],[-76.8247,40.2316],[-76.8204,40.225],[-76.8187,40.2176],[-76.82,40.2102],[-76.8897,40.2369],[-76.9727,40.2367],[-76.9626,40.259],[-76.9485,40.2799],[-76.9308,40.2991],[-76.9097,40.3161],[-76.7981,40.272],[-76.8133,40.267],[-76.8274,40.2602],[-76.8399,40.2519],[-76.8507,40.2422],[-76.8405,40.2407],[-76.8314,40.2369]]]}},{"type":"Feature","properties":{"name":"HARRISBURG CLASS C","class":"C","lower":"1600","lower_code":"MSL","upper":"4400"},"geometry":{"type":"Polygon","coordinates":[[[-76.5466,40.1741],[-76.5545,40.145],[-76.569,40.1173],[-76.5898,40.0921],[-76.6159,40.0702],[-76.728,40.1141],[-76.7089,40.1207],[-76.6917,40.13],[-76.6771,40.1417],[-76.6658,40.1553],[-76.6581,40.1703],[-76.6543,40.1862],[-76.6545,40.2024],[-76.6588,40.2181],[-76.5466,40.1741]]]}},{"type":"Feature","properties":{"name":"HARRISBURG CLASS C","class":"C","lower":"0","lower_code":"SFC","upper":"4400"},"geometry":{"type":"Polygon","coordinates":[[[-76.8302,40.1279],[-76.8103,40.2064],[-76.82,40.2102],[-76.8187,40.2164],[-76.8195,40.2225],[-76.8267,40.2335],[-76.8375,40.2398],[-76.8507,40.2422],[-76.83,40.2587],[-76.8092,40.2686],[-76.786,40.2746],[-76.7616,40.2766],[-76.7374,40.2743],[-76.7143,40.2679],[-76.6938,40.2578],[-76.6767,40.2443],[-76.6639,40.2283],[-76.6577,40.2152],[-76.6544,40.2015],[-76.6541,40.1876],[-76.6569,40.1738],[-76.6626,40.1606],[-76.671,40.1483],[-76.682,40.1372],[-76.6954,40.1277],[-76.7105,40.12],[-76.7271,40.1144],[-76.7446,40.1109],[-76.7628,40.1098],[-76.7808,40.111],[-76.7985,40.1145],[-76.815,40.1201],[-76.8302,40.1279]]]}},{"type":"Feature","properties":{"name":"HARRISBURG CLASS D","class":"D","lower":"0","lower_code":"SFC","upper":"2600"},"geometry":{"type":"Polygon","coordinates":[[[-76.8236,40.1539],[-76.847,40.1505],[-76.8706,40.1521],[-76.8929,40.1585],[-76.912,40.1693],[-76.9266,40.1837],[-76.9356,40.2005],[-76.9384,40.2186],[-76.9346,40.2366],[-76.8897,40.2369],[-76.8103,40.2064],[-76.8236,40.1539]]]}},{"type":"Feature","properties":{"name":"LYNDEN CLASS D","class":"D","lower":"1500","lower_code":"MSL","upper":"2500"},"geometry":{"type":"Polygon","coordinates":[[[-122.5639,48.9664],[-122.7868,48.9664],[-122.7662,49.0014],[-122.5639,49.0014],[-122.5639,48.9664]]]}},{"type":"Feature","properties":{"name":"RIVERSIDE MARCH FIELD CLASS C","class":"C","lower":"2900","lower_code":"MSL","upper":"5500"},"geometry":{"type":"Polygon","coordinates":[[[-117.1265,33.7569],[-117.1548,33.7394],[-117.1862,33.7264],[-117.2373,33.8004],[-117.2203,33.805],[-117.2045,33.8119],[-117.1904,33.8212],[-117.1785,33.8324],[-117.1265,33.7569]]]}},{"type":"Feature","properties":{"name":"RICHARD EVELYN BYRD INTL AIRPORT CLASS C","class":"C","lower":"1400","lower_code":"MSL","upper":"4200"},"geometry":{"type":"Polygon","coordinates":[[[-77.3197,37.672],[-77.2789,37.6688],[-77.2396,37.6594],[-77.2033,37.644],[-77.1716,37.6232],[-77.1456,37.598],[-77.1262,37.5692],[-77.1143,37.538],[-77.1113,37.5218],[-77.1103,37.5053],[-77.1113,37.489],[-77.1143,37.4728],[-77.1263,37.4414],[-77.1456,37.4126],[-77.1717,37.3872],[-77.2033,37.3665],[-77.2396,37.351],[-77.2789,37.3415],[-77.3198,37.3383],[-77.3607,37.3415],[-77.4001,37.3511],[-77.4363,37.3666],[-77.4679,37.3873],[-77.494,37.4127],[-77.5133,37.4415],[-77.5252,37.4729],[-77.5282,37.4891],[-77.5292,37.5054],[-77.5282,37.5218],[-77.5252,37.5379],[-77.5133,37.5692],[-77.4939,37.598],[-77.4679,37.6232],[-77.4362,37.6439],[-77.4,37.6593],[-77.3607,37.6688],[-77.3197,37.672]]]}},{"type":"Feature","properties":{"name":"LEWISBURG CLASS D","class":"D","lower":"0","lower_code":"SFC","upper":"4800"},"geometry":{"type":"Polygon","coordinates":[[[-80.3995,37.925],[-80.3831,37.9238],[-80.3673,37.92],[-80.3528,37.9138],[-80.3399,37.9055],[-80.3295,37.8954],[-80.3217,37.8839],[-80.3169,37.8714],[-80.3153,37.8583],[-80.3169,37.8453],[-80.3217,37.8328],[-80.3295,37.8213],[-80.34,37.8111],[-80.3528,37.8028],[-80.3673,37.7966],[-80.3831,37.7928],[-80.3995,37.7916],[-80.4159,37.7928],[-80.4317,37.7967],[-80.4463,37.8029],[-80.459,37.8111],[-80.4695,37.8213],[-80.4773,37.8328],[-80.482,37.8453],[-80.4837,37.8583],[-80.482,37.8714],[-80.4773,37.8839],[-80.4695,37.8954],[-80.459,37.9055],[-80.4462,37.9138],[-80.4317,37.92],[-80.4159,37.9238],[-80.3995,37.925]]]}},{"type":"Feature","properties":{"name":"GREENSBORO, PIEDMONT TRIAD INTERNATIONAL AIRPORT CLASS C","class":"C","lower":"2100","lower_code":"MSL","upper":"5000"},"geometry":{"type":"Polygon","coordinates":[[[-79.9372,36.2644],[-79.8971,36.2612],[-79.8585,36.2517],[-79.8229,36.2363],[-79.7918,36.2156],[-79.7662,36.1903],[-79.7472,36.1615],[-79.7355,36.1303],[-79.7316,36.0976],[-79.7355,36.0651],[-79.7473,36.0337],[-79.7662,36.0049],[-79.7918,35.9795],[-79.8229,35.9588],[-79.8585,35.9433],[-79.8971,35.9338],[-79.9373,35.9306],[-79.9775,35.9338],[-80.0161,35.9434],[-80.0517,35.9589],[-80.0827,35.9796],[-80.1083,36.005],[-80.1273,36.0338],[-80.139,36.0653],[-80.1429,36.0978],[-80.1389,36.1303],[-80.1272,36.1615],[-80.1082,36.1903],[-80.0827,36.2156],[-80.0515,36.2363],[-80.016,36.2517],[-79.9774,36.2612],[-79.9372,36.2644]]]}},{"type":"Feature","properties":{"name":"INDIANAPOLIS INTERNATIONAL AIRPORT CLASS C","class":"C","lower":"0","lower_code":"SFC","upper":"4800"},"geometry":{"type":"Polygon","coordinates":[[[-86.359,39.7821],[-86.3512,39.7823],[-86.344,39.7845],[-86.3379,39.789],[-86.3345,39.7949],[-86.3283,39.7971],[-86.3109,39.8013],[-86.2928,39.8033],[-86.2745,39.8028],[-86.2566,39.8001],[-86.2396,39.795],[-86.224,39.7878],[-86.2101,39.7786],[-86.1984,39.7678],[-86.1893,39.7556],[-86.1829,39.7424],[-86.1795,39.7286],[-86.1792,39.7145],[-86.1819,39.7006],[-86.1877,39.6872],[-86.1995,39.6711],[-86.2157,39.6573],[-86.2355,39.6467],[-86.2579,39.6397],[-86.2817,39.6367],[-86.3058,39.6379],[-86.3288,39.6431],[-86.3498,39.6522],[-86.3678,39.6647],[-86.3816,39.6799],[-86.3908,39.6972],[-86.3948,39.7155],[-86.3934,39.7341],[-86.3867,39.7519],[-86.3751,39.7683],[-86.359,39.7821]]]}},{"type":"Feature","properties":{"name":"INDIANAPOLIS INTERNATIONAL AIRPORT CLASS C","class":"C","lower":"1700","lower_code":"MSL","upper":"4800"},"geometry":{"type":"Polygon","coordinates":[[[-86.359,39.7821],[-86.3473,39.7892],[-86.3345,39.7949],[-86.3377,39.7892],[-86.3435,39.7848],[-86.3509,39.7823],[-86.359,39.7821]]]}},{"type":"Feature","properties":{"name":"INDIANAPOLIS INTERNATIONAL AIRPORT CLASS C","class":"C","lower":"2100","lower_code":"MSL","upper":"4800"},"geometry":{"type":"Polygon","coordinates":[[[-86.2869,39.8868],[-86.2448,39.8836],[-86.2042,39.8741],[-86.1669,39.8587],[-86.1342,39.838],[-86.1073,39.8128],[-86.0874,39.784],[-86.0802,39.7686],[-86.0751,39.7527],[-86.072,39.7366],[-86.0709,39.7201],[-86.072,39.7038],[-86.0751,39.6876],[-86.0802,39.6718],[-86.0874,39.6562],[-86.1074,39.6274],[-86.1343,39.6021],[-86.1669,39.5814],[-86.2043,39.5659],[-86.2449,39.5564],[-86.287,39.5532],[-86.3292,39.5564],[-86.3698,39.566],[-86.4071,39.5815],[-86.4397,39.6022],[-86.4666,39.6276],[-86.4865,39.6564],[-86.4937,39.6719],[-86.4988,39.6877],[-86.5019,39.7039],[-86.5029,39.7202],[-86.5019,39.7366],[-86.4988,39.7527],[-86.4937,39.7686],[-86.4865,39.784],[-86.4666,39.8127],[-86.4398,39.838],[-86.407,39.8587],[-86.3697,39.8741],[-86.3291,39.8836],[-86.2869,39.8868]]]}},{"type":"Feature","properties":{"name":"COLUMBUS CLASS D","class":"D","lower":"0","lower_code":"SFC","upper":"2700"},"geometry":{"type":"Polygon","coordinates":[[[-84.9135,32.2715],[-84.8944,32.2483],[-84.9266,32.2292],[-84.9457,32.2524],[-84.9727,32.2458],[-85.0008,32.2457],[-85.0279,32.2521],[-85.0519,32.2646],[-85.0649,32.2754],[-85.0754,32.2879],[-85.0831,32.3018],[-85.0879,32.3166],[-85.0894,32.332],[-85.0878,32.3473],[-85.083,32.3621],[-85.0753,32.3759],[-85.0621,32.3909],[-85.0455,32.4031],[-85.0262,32.4121],[-85.005,32.4173],[-84.9831,32.4186],[-84.9613,32.4158],[-84.9407,32.4092],[-84.9223,32.399],[-84.9088,32.3876],[-84.898,32.3744],[-84.8902,32.3596],[-84.8859,32.3439],[-84.8853,32.3243],[-84.8899,32.305],[-84.8995,32.2871],[-84.9135,32.2715]]]}},{"type":"Feature","properties":{"name":"COLUMBUS CLASS D","class":"D","lower":"0","lower_code":"SFC","upper":"2900"},"geometry":{"type":"Polygon","coordinates":[[[-84.9389,32.5898],[-84.922,32.5884],[-84.9056,32.5842],[-84.8906,32.5774],[-84.8775,32.5683],[-84.8668,32.5572],[-84.8587,32.5445],[-84.8538,32.5307],[-84.8521,32.5164],[-84.8538,32.5021],[-84.8587,32.4882],[-84.8667,32.4755],[-84.8776,32.4644],[-84.8907,32.4552],[-84.9057,32.4484],[-84.9219,32.4443],[-84.9389,32.4429],[-84.9559,32.4443],[-84.9721,32.4485],[-84.9871,32.4553],[-85.0002,32.4644],[-85.011,32.4756],[-85.019,32.4883],[-85.0239,32.502],[-85.0256,32.5163],[-85.0239,32.5307],[-85.019,32.5445],[-85.011,32.5572],[-85.0002,32.5683],[-84.987,32.5775],[-84.972,32.5842],[-84.9558,32.5884],[-84.9389,32.5898]]]}},{"type":"Feature","properties":{"name":"GREATER ROCHESTER INTL AIRPORT CLASS C","class":"C","lower":"0","lower_code":"SFC","upper":"4600"},"geometry":{"type":"Polygon","coordinates":[[[-77.6719,43.2025],[-77.6497,43.2009],[-77.6283,43.1962],[-77.6087,43.1885],[-77.5914,43.1781],[-77.5772,43.1655],[-77.5667,43.1511],[-77.5603,43.1355],[-77.5581,43.1192],[-77.5603,43.1029],[-77.5668,43.0872],[-77.5773,43.0729],[-77.5915,43.0602],[-77.6087,43.0498],[-77.6284,43.0421],[-77.6498,43.0374],[-77.6719,43.0358],[-77.6942,43.0374],[-77.7154,43.0422],[-77.7351,43.0499],[-77.7523,43.0602],[-77.7665,43.0729],[-77.777,43.0873],[-77.7835,43.103],[-77.7857,43.1192],[-77.7834,43.1355],[-77.777,43.1511],[-77.7664,43.1655],[-77.7523,43.1781],[-77.7351,43.1885],[-77.7154,43.1962],[-77.6941,43.2009],[-77.6719,43.2025]]]}},{"type":"Feature","properties":{"name":"GREATER ROCHESTER INTL AIRPORT CLASS C","class":"C","lower":"2100","lower_code":"MSL","upper":"4600"},"geometry":{"type":"Polygon","coordinates":[[[-77.6719,43.2858],[-77.6274,43.2826],[-77.5847,43.2732],[-77.5454,43.2578],[-77.5109,43.2371],[-77.4826,43.2118],[-77.4711,43.1978],[-77.4616,43.1831],[-77.4541,43.1677],[-77.4487,43.1518],[-77.4454,43.1357],[-77.4443,43.1194],[-77.4454,43.1031],[-77.4487,43.0869],[-77.4541,43.0711],[-77.4616,43.0555],[-77.4711,43.0408],[-77.4827,43.0266],[-77.5111,43.0013],[-77.5454,42.9806],[-77.5848,42.9652],[-77.6275,42.9556],[-77.672,42.9524],[-77.7164,42.9557],[-77.7591,42.9652],[-77.7985,42.9807],[-77.8328,43.0014],[-77.8611,43.0267],[-77.8821,43.0555],[-77.8897,43.071],[-77.8951,43.0869],[-77.8983,43.103],[-77.8994,43.1194],[-77.8983,43.1357],[-77.8951,43.1518],[-77.8897,43.1677],[-77.8822,43.183],[-77.8726,43.1978],[-77.8612,43.2118],[-77.8329,43.237],[-77.7984,43.2578],[-77.7591,43.2732],[-77.7163,43.2826],[-77.6719,43.2858]]]}},{"type":"Feature","properties":{"name":"DES MOINES INTL AIRPORT CLASS C","class":"C","lower":"0","lower_code":"SFC","upper":"5000"},"geometry":{"type":"Polygon","coordinates":[[[-93.6631,41.6173],[-93.6413,41.6157],[-93.6205,41.611],[-93.6014,41.6033],[-93.5846,41.5929],[-93.5708,41.5803],[-93.5606,41.5659],[-93.5542,41.5503],[-93.5521,41.534],[-93.5542,41.5177],[-93.5606,41.5021],[-93.5708,41.4877],[-93.5847,41.475],[-93.6014,41.4647],[-93.6207,41.4569],[-93.6414,41.4522],[-93.6631,41.4506],[-93.6848,41.4522],[-93.7056,41.457],[-93.7248,41.4647],[-93.7415,41.4751],[-93.7554,41.4877],[-93.7656,41.5021],[-93.7719,41.5178],[-93.774,41.5341],[-93.7719,41.5504],[-93.7656,41.566],[-93.7553,41.5804],[-93.7415,41.593],[-93.7247,41.6033],[-93.7055,41.611],[-93.6847,41.6157],[-93.6631,41.6173]]]}},{"type":"Feature","properties":{"name":"DES MOINES INTL AIRPORT CLASS C","class":"C","lower":"2200","lower_code":"MSL","upper":"5000"},"geometry":{"type":"Polygon","coordinates":[[[-93.6631,41.7007],[-93.6197,41.6975],[-93.5781,41.688],[-93.5397,41.6726],[-93.5061,41.6519],[-93.4785,41.6267],[-93.458,41.5979],[-93.4507,41.5825],[-93.4454,41.5667],[-93.4422,41.5505],[-93.4411,41.5342],[-93.4422,41.5179],[-93.4454,41.5017],[-93.4506,41.4859],[-93.458,41.4704],[-93.4786,41.4414],[-93.5062,41.4161],[-93.5398,41.3954],[-93.5782,41.3799],[-93.6198,41.3704],[-93.6632,41.3672],[-93.7065,41.3705],[-93.7481,41.38],[-93.7865,41.3955],[-93.82,41.4162],[-93.8477,41.4416],[-93.8681,41.4703],[-93.8755,41.4859],[-93.8807,41.5017],[-93.8839,41.5179],[-93.885,41.5342],[-93.8839,41.5505],[-93.8807,41.5667],[-93.8755,41.5825],[-93.8681,41.5979],[-93.8477,41.6267],[-93.8201,41.6519],[-93.7865,41.6726],[-93.7481,41.688],[-93.7064,41.6975],[-93.6631,41.7007]]]}},{"type":"Feature","properties":{"name":"CHARLOTTE AMALIE ST THOMAS CLASS C","class":"C","lower":"0","lower_code":"SFC","upper":"4000"},"geometry":{"type":"Polygon","coordinates":[[[-64.9733,18.421],[-64.9563,18.4194],[-64.9398,18.4146],[-64.9246,18.4069],[-64.9114,18.3965],[-64.9005,18.3838],[-64.8924,18.3693],[-64.8874,18.3536],[-64.8857,18.3373],[-64.8874,18.321],[-64.8924,18.3053],[-64.9005,18.2908],[-64.9114,18.2781],[-64.9246,18.2678],[-64.9398,18.26],[-64.9563,18.2552],[-64.9734,18.2536],[-64.9904,18.2553],[-65.0069,18.26],[-65.0221,18.2678],[-65.0353,18.2782],[-65.0462,18.2909],[-65.0543,18.3054],[-65.0593,18.321],[-65.0609,18.3373],[-65.0592,18.3537],[-65.0543,18.3694],[-65.0462,18.3838],[-65.0353,18.3965],[-65.022,18.4069],[-65.0068,18.4146],[-64.9904,18.4194],[-64.9733,18.421]]]}},{"type":"Feature","properties":{"name":"CHARLOTTE AMALIE ST THOMAS CLASS C","class":"C","lower":"1900","lower_code":"MSL","upper":"4000"},"geometry":{"type":"Polygon","coordinates":[[[-64.9434,18.4159],[-64.9572,18.4195],[-64.9715,18.4209],[-64.9858,18.4201],[-64.9998,18.4171],[-65.013,18.4119],[-65.0253,18.4047],[-65.0361,18.3957],[-65.0452,18.3851],[-65.0524,18.3733],[-65.0575,18.3605],[-65.0603,18.3471],[-65.0608,18.3334],[-65.059,18.3198],[-65.0549,18.3067],[-65.0485,18.2944],[-65.0402,18.2832],[-65.0304,18.2738],[-65.0191,18.266],[-65.0067,18.2599],[-64.9933,18.2559],[-64.9796,18.2539],[-64.9656,18.254],[-64.9519,18.2562],[-64.9386,18.2605],[-64.9249,18.2676],[-64.9127,18.2769],[-64.9025,18.2881],[-64.8945,18.3009],[-64.889,18.3148],[-64.8861,18.3294],[-64.886,18.3443],[-64.8887,18.3589],[-64.8041,18.3805],[-64.7988,18.3526],[-64.7987,18.3242],[-64.8035,18.2961],[-64.8133,18.2693],[-64.8306,18.2403],[-64.8538,18.215],[-64.8817,18.1947],[-64.9134,18.1801],[-64.9474,18.1718],[-64.9825,18.1702],[-65.0172,18.1753],[-65.0502,18.1869],[-65.0788,18.2037],[-65.1035,18.2254],[-65.1235,18.2512],[-65.138,18.2801],[-65.1464,18.3112],[-65.1484,18.3432],[-65.1441,18.375],[-65.1334,18.4054],[-65.1222,18.4256],[-65.1081,18.4442],[-65.0916,18.4608],[-65.0729,18.475],[-65.0523,18.4867],[-65.0304,18.4955],[-65.0073,18.5014],[-64.9835,18.5043],[-64.948,18.5029],[-64.9134,18.4945],[-64.9434,18.4159]]]}},{"type":"Feature","properties":{"name":"ROANOKE REGIONAL/WOODRUM FLD CLASS C","class":"C","lower":"3800","lower_code":"MSL","upper":"5200"},"geometry":{"type":"Polygon","coordinates":[[[-79.7728,37.2849],[-79.8741,37.3052],[-79.871,37.3232],[-79.8729,37.3414],[-79.8796,37.3588],[-79.8909,37.3745],[-79.9062,37.388],[-79.9247,37.3984],[-79.9457,37.4055],[-79.9681,37.4087],[-79.9608,37.4919],[-79.916,37.4855],[-79.8945,37.4793],[-79.874,37.4714],[-79.8547,37.4617],[-79.8368,37.4504],[-79.8206,37.4376],[-79.8062,37.4235],[-79.7939,37.4082],[-79.7837,37.392],[-79.7758,37.3749],[-79.7703,37.3573],[-79.7672,37.3393],[-79.7665,37.3209],[-79.7684,37.3028],[-79.7728,37.2849]]]}},{"type":"Feature","properties":{"name":"AUSTIN CLASS C","class":"C","lower":"0","lower_code":"SFC","upper":"4500"},"geometry":{"type":"Polygon","coordinates":[[[-97.6699,30.2781],[-97.6511,30.2765],[-97.6331,30.2717],[-97.6165,30.264],[-97.6019,30.2536],[-97.5899,30.241],[-97.581,30.2265],[-97.5756,30.2109],[-97.5737,30.1946],[-97.5756,30.1783],[-97.581,30.1626],[-97.5899,30.1482],[-97.6019,30.1355],[-97.6164,30.1251],[-97.6331,30.1173],[-97.6511,30.1126],[-97.6699,30.111],[-97.6886,30.1126],[-97.7067,30.1174],[-97.7233,30.1251],[-97.7379,30.1355],[-97.7499,30.1482],[-97.7587,30.1626],[-97.7642,30.1783],[-97.766,30.1945],[-97.7642,30.2109],[-97.7587,30.2265],[-97.7498,30.2409],[-97.7379,30.2536],[-97.7233,30.264],[-97.7067,30.2717],[-97.6886,30.2765],[-97.6699,30.2781]]]}},{"type":"Feature","properties":{"name":"ROANOKE REGIONAL/WOODRUM FLD CLASS C","class":"C","lower":"0","lower_code":"SFC","upper":"5200"},"geometry":{"type":"Polygon","coordinates":[[[-79.9754,37.4089],[-79.955,37.4073],[-79.9355,37.4026],[-79.9173,37.3948],[-79.9015,37.3845],[-79.8885,37.3718],[-79.8789,37.3574],[-79.873,37.3418],[-79.8709,37.3255],[-79.8729,37.3092],[-79.8789,37.2935],[-79.8886,37.2791],[-79.9016,37.2665],[-79.9174,37.2561],[-79.9355,37.2484],[-79.955,37.2436],[-79.9755,37.242],[-79.9958,37.2436],[-80.0154,37.2484],[-80.0334,37.2561],[-80.0493,37.2665],[-80.0623,37.2792],[-80.072,37.2936],[-80.0779,37.3093],[-80.0799,37.3256],[-80.0779,37.3419],[-80.0719,37.3575],[-80.0622,37.3719],[-80.0493,37.3845],[-80.0334,37.3949],[-80.0154,37.4026],[-79.9958,37.4073],[-79.9754,37.4089]]]}},{"type":"Feature","properties":{"name":"AUSTIN CLASS C","class":"C","lower":"2100","lower_code":"MSL","upper":"4500"},"geometry":{"type":"Polygon","coordinates":[[[-97.6699,30.3616],[-97.6324,30.3584],[-97.5963,30.3489],[-97.563,30.3335],[-97.5339,30.3128],[-97.51,30.2875],[-97.4922,30.2587],[-97.4813,30.2274],[-97.4776,30.1947],[-97.4812,30.1622],[-97.4922,30.1307],[-97.5099,30.1019],[-97.5339,30.0765],[-97.5629,30.0557],[-97.5962,30.0402],[-97.6324,30.0307],[-97.67,30.0275],[-97.7073,30.0307],[-97.7435,30.0402],[-97.7768,30.0557],[-97.8058,30.0764],[-97.8298,30.1018],[-97.8475,30.1307],[-97.8585,30.1621],[-97.8622,30.1947],[-97.8585,30.2274],[-97.8475,30.2586],[-97.8298,30.2875],[-97.8059,30.3127],[-97.7767,30.3335],[-97.7435,30.3489],[-97.7074,30.3584],[-97.6699,30.3616]]]}},{"type":"Feature","properties":{"name":"LOUISVILLE STANDIFORD FIELD AIRPORT CLASS C","class":"C","lower":"0","lower_code":"SFC","upper":"4500"},"geometry":{"type":"Polygon","coordinates":[[[-85.6836,38.2463],[-85.7003,38.1911],[-85.6319,38.1862],[-85.6312,38.1675],[-85.6357,38.1491],[-85.6453,38.132],[-85.6595,38.1169],[-85.6776,38.1048],[-85.6988,38.0962],[-85.7217,38.0915],[-85.7454,38.091],[-85.7687,38.0946],[-85.7904,38.1023],[-85.8094,38.1137],[-85.8246,38.128],[-85.8331,38.1403],[-85.8389,38.1535],[-85.8418,38.1673],[-85.8418,38.1812],[-85.8388,38.195],[-85.833,38.2081],[-85.8244,38.2204],[-85.8135,38.2313],[-85.8003,38.2406],[-85.7854,38.2481],[-85.7691,38.2534],[-85.7519,38.2566],[-85.7343,38.2575],[-85.7166,38.256],[-85.6996,38.2523],[-85.6836,38.2463]]]}},{"type":"Feature","properties":{"name":"LOUISVILLE STANDIFORD FIELD AIRPORT CLASS C","class":"C","lower":"1700","lower_code":"MSL","upper":"4500"},"geometry":{"type":"Polygon","coordinates":[[[-85.9478,38.171],[-85.8422,38.1726],[-85.8398,38.1564],[-85.8334,38.1408],[-85.8233,38.1266],[-85.81,38.1141],[-85.7938,38.104],[-85.7754,38.0965],[-85.7555,38.092],[-85.735,38.0907],[-85.7125,38.0928],[-85.6912,38.0987],[-85.672,38.108],[-85.6557,38.1204],[-85.6431,38.1351],[-85.6347,38.1517],[-85.631,38.1693],[-85.6321,38.1871],[-85.5277,38.2],[-85.5251,38.1757],[-85.526,38.1595],[-85.5288,38.1433],[-85.5404,38.112],[-85.5595,38.083],[-85.5853,38.0576],[-85.6169,38.0366],[-85.6531,38.0208],[-85.6924,38.0109],[-85.7334,38.0073],[-85.7745,38.01],[-85.8142,38.019],[-85.8509,38.0339],[-85.8833,38.0541],[-85.9101,38.079],[-85.9302,38.1075],[-85.943,38.1386],[-85.9464,38.1547],[-85.9478,38.171]]]}},{"type":"Feature","properties":{"name":"LOUISVILLE STANDIFORD FIELD AIRPORT CLASS C","class":"C","lower":"2200","lower_code":"MSL","upper":"4500"},"geometry":{"type":"Polygon","coordinates":[[[-85.5534,38.2575],[-85.5371,38.2297],[-85.5277,38.2],[-85.6321,38.1871],[-85.7003,38.1911],[-85.6836,38.2463],[-85.7136,38.2555],[-85.7457,38.2572],[-85.7652,38.2544],[-85.7837,38.2487],[-85.8005,38.2405],[-85.8151,38.2299],[-85.8268,38.2174],[-85.8355,38.2033],[-85.8407,38.1882],[-85.8422,38.1726],[-85.9478,38.171],[-85.9456,38.1984],[-85.9378,38.2252],[-85.9244,38.2506],[-85.9061,38.2738],[-85.883,38.2944],[-85.8561,38.3117],[-85.8258,38.3253],[-85.7932,38.3348],[-85.759,38.34],[-85.7242,38.3406],[-85.6899,38.3368],[-85.6566,38.3286],[-85.6256,38.3162],[-85.5975,38.2999],[-85.5732,38.2801],[-85.5534,38.2575]]]}},{"type":"Feature","properties":{"name":"ALBUQUERQUE CLASS D","class":"D","lower":"0","lower_code":"SFC","upper":"7500"},"geometry":{"type":"Polygon","coordinates":[[[-106.7269,35.2294],[-106.6987,35.2053],[-106.7233,35.186],[-106.7144,35.1726],[-106.7091,35.157],[-106.7081,35.1408],[-106.7115,35.1249],[-106.7171,35.1132],[-106.7252,35.1024],[-106.7354,35.093],[-106.7474,35.0852],[-106.763,35.0786],[-106.782,35.0743],[-106.8016,35.0737],[-106.821,35.0767],[-106.8391,35.0832],[-106.8533,35.0916],[-106.8664,35.1036],[-106.8751,35.1161],[-106.8801,35.128],[-106.8825,35.1405],[-106.8822,35.1531],[-106.8792,35.1655],[-106.8736,35.1772],[-106.8656,35.1879],[-106.8554,35.1974],[-106.8434,35.2052],[-106.8216,35.2137],[-106.8001,35.217],[-106.7757,35.2152],[-106.7536,35.2084],[-106.7269,35.2294]]]}},{"type":"Feature","properties":{"name":"HOBBS CLASS D","class":"D","lower":"0","lower_code":"SFC","upper":"6200"},"geometry":{"type":"Polygon","coordinates":[[[-103.1613,32.7654],[-103.125,32.7347],[-103.1433,32.7193],[-103.1382,32.7089],[-103.1353,32.6984],[-103.1352,32.6769],[-103.1388,32.6646],[-103.1449,32.6531],[-103.1534,32.6427],[-103.1655,32.6327],[-103.1799,32.6249],[-103.1978,32.6193],[-103.2168,32.6174],[-103.2338,32.6188],[-103.252,32.6238],[-103.2666,32.6312],[-103.2792,32.6409],[-103.2891,32.6525],[-103.2954,32.664],[-103.2991,32.6762],[-103.3002,32.6888],[-103.2985,32.7013],[-103.2943,32.7134],[-103.2876,32.7247],[-103.2786,32.7347],[-103.2693,32.7421],[-103.2492,32.7522],[-103.2265,32.7572],[-103.2024,32.7565],[-103.1796,32.75],[-103.1613,32.7654]]]}},{"type":"Feature","properties":{"name":"KISSIMMEE CLASS D","class":"D","lower":"0","lower_code":"SFC","upper":"1600"},"geometry":{"type":"Polygon","coordinates":[[[-81.4371,28.3567],[-81.4224,28.3554],[-81.4082,28.3516],[-81.3952,28.3454],[-81.3837,28.3371],[-81.3743,28.327],[-81.3673,28.3154],[-81.363,28.3029],[-81.3616,28.2898],[-81.363,28.2768],[-81.3673,28.2642],[-81.3743,28.2527],[-81.3837,28.2425],[-81.3951,28.2342],[-81.4082,28.228],[-81.4223,28.2242],[-81.4371,28.223],[-81.4518,28.2242],[-81.466,28.2281],[-81.479,28.2342],[-81.4905,28.2426],[-81.4999,28.2527],[-81.5069,28.2643],[-81.5112,28.2768],[-81.5126,28.2898],[-81.5111,28.3029],[-81.5068,28.3154],[-81.4999,28.327],[-81.4905,28.3371],[-81.4791,28.3454],[-81.466,28.3516],[-81.4518,28.3554],[-81.4371,28.3567]]]}},{"type":"Feature","properties":{"name":"LAWTON CLASS D","class":"D","lower":"0","lower_code":"SFC","upper":"3700"},"geometry":{"type":"Polygon","coordinates":[[[-98.3709,34.6287],[-98.3594,34.6217],[-98.3494,34.6131],[-98.3413,34.6034],[-98.3352,34.5926],[-98.3314,34.5812],[-98.3299,34.5693],[-98.3307,34.5575],[-98.334,34.5459],[-98.3427,34.5302],[-98.3556,34.5167],[-98.3721,34.5061],[-98.3911,34.4991],[-98.3868,34.4836],[-98.43,34.4754],[-98.4363,34.4978],[-98.4542,34.503],[-98.4703,34.5113],[-98.4839,34.5224],[-98.4942,34.5355],[-98.5002,34.5485],[-98.5032,34.5621],[-98.5028,34.576],[-98.4993,34.5896],[-98.4913,34.6044],[-98.4794,34.6173],[-98.4642,34.6278],[-98.4467,34.6351],[-98.4395,34.637],[-98.434,34.6293],[-98.4263,34.623],[-98.4168,34.6187],[-98.4063,34.6166],[-98.3963,34.6168],[-98.3867,34.619],[-98.3781,34.623],[-98.3709,34.6287]]]}},{"type":"Feature","properties":{"name":"LOUISVILLE BOWMAN FIELD CLASS D","class":"D","lower":"0","lower_code":"SFC","upper":"2200"},"geometry":{"type":"Polygon","coordinates":[[[-85.5925,38.192],[-85.6321,38.1871],[-85.7003,38.1911],[-85.669,38.2946],[-85.6458,38.2932],[-85.624,38.2869],[-85.6052,38.2762],[-85.5908,38.2618],[-85.5819,38.2449],[-85.5792,38.2267],[-85.5828,38.2087],[-85.5925,38.192]]]}},{"type":"Feature","properties":{"name":"MILLINGTON CLASS D","class":"D","lower":"0","lower_code":"SFC","upper":"2800"},"geometry":{"type":"Polygon","coordinates":[[[-89.8694,35.439],[-89.8495,35.4374],[-89.8304,35.4326],[-89.8128,35.4249],[-89.7974,35.4146],[-89.7847,35.4019],[-89.7753,35.3875],[-89.7695,35.3719],[-89.7676,35.3556],[-89.7695,35.3393],[-89.7753,35.3236],[-89.7847,35.3092],[-89.7974,35.2965],[-89.8129,35.2861],[-89.8305,35.2784],[-89.8497,35.2737],[-89.8695,35.2721],[-89.8894,35.2737],[-89.9085,35.2785],[-89.9261,35.2862],[-89.9415,35.2966],[-89.9542,35.3093],[-89.9636,35.3237],[-89.9694,35.3394],[-89.9713,35.3556],[-89.9693,35.372],[-89.9635,35.3876],[-89.9541,35.402],[-89.9414,35.4146],[-89.926,35.425],[-89.9084,35.4327],[-89.8893,35.4374],[-89.8694,35.439]]]}},{"type":"Feature","properties":{"name":"NAPLES CLASS D","class":"D","lower":"0","lower_code":"SFC","upper":"2500"},"geometry":{"type":"Polygon","coordinates":[[[-81.7063,26.1331],[-81.7138,26.1303],[-81.7193,26.1247],[-81.7215,26.1176],[-81.7202,26.1103],[-81.7295,26.1021],[-81.7402,26.0955],[-81.7529,26.0905],[-81.7663,26.0878],[-81.7801,26.0874],[-81.7936,26.0894],[-81.8065,26.0937],[-81.8183,26.1001],[-81.8285,26.1085],[-81.8368,26.1183],[-81.8429,26.1295],[-81.8465,26.1414],[-81.8475,26.1538],[-81.8459,26.1661],[-81.8415,26.1786],[-81.8343,26.1901],[-81.8248,26.2],[-81.8132,26.208],[-81.8001,26.2137],[-81.7859,26.217],[-81.7714,26.2176],[-81.757,26.2156],[-81.7433,26.211],[-81.731,26.204],[-81.7204,26.1949],[-81.7121,26.1841],[-81.7064,26.172],[-81.7034,26.1592],[-81.7034,26.146],[-81.7063,26.1331]]]}},{"type":"Feature","properties":{"name":"NEW IBERIA CLASS D","class":"D","lower":"0","lower_code":"SFC","upper":"2500"},"geometry":{"type":"Polygon","coordinates":[[[-91.9645,30.0392],[-91.9294,30.0458],[-91.8964,30.058],[-91.8666,30.0753],[-91.841,30.0972],[-91.8251,30.0858],[-91.8131,30.0713],[-91.8056,30.0547],[-91.8033,30.0369],[-91.8059,30.0199],[-91.8133,30.0038],[-91.8284,29.9868],[-91.8489,29.9746],[-91.8472,29.9677],[-91.8847,29.9607],[-91.8864,29.9676],[-91.9026,29.9695],[-91.9181,29.9742],[-91.9322,29.9816],[-91.9443,29.9912],[-91.9532,30.0018],[-91.9596,30.0136],[-91.9634,30.0262],[-91.9645,30.0392]]]}},{"type":"Feature","properties":{"name":"TYLER CLASS D","class":"D","lower":"0","lower_code":"SFC","upper":"3000"},"geometry":{"type":"Polygon","coordinates":[[[-95.4025,32.4246],[-95.3864,32.4232],[-95.3709,32.4193],[-95.3566,32.4128],[-95.3441,32.404],[-95.3338,32.3934],[-95.3262,32.3813],[-95.3215,32.3682],[-95.3199,32.3545],[-95.3214,32.3408],[-95.3262,32.3276],[-95.3338,32.3155],[-95.3441,32.3048],[-95.3567,32.2961],[-95.3709,32.2896],[-95.3864,32.2857],[-95.4025,32.2843],[-95.4186,32.2856],[-95.4342,32.2897],[-95.4485,32.2962],[-95.461,32.3049],[-95.4713,32.3156],[-95.4789,32.3277],[-95.4836,32.3408],[-95.4851,32.3545],[-95.4835,32.3682],[-95.4788,32.3813],[-95.4712,32.3934],[-95.461,32.404],[-95.4484,32.4128],[-95.4341,32.4193],[-95.4186,32.4232],[-95.4025,32.4246]]]}},{"type":"Feature","properties":{"name":"NEW SMYRNA BEACH CLASS D","class":"D","lower":"0","lower_code":"SFC","upper":"1200"},"geometry":{"type":"Polygon","coordinates":[[[-80.9489,29.1092],[-80.9371,29.1081],[-80.9257,29.1051],[-80.9151,29.1001],[-80.9059,29.0935],[-80.8983,29.0854],[-80.8927,29.0762],[-80.8892,29.0662],[-80.8881,29.0557],[-80.8892,29.0453],[-80.8927,29.0352],[-80.8983,29.026],[-80.9059,29.0179],[-80.9151,29.0112],[-80.9256,29.0063],[-80.9371,29.0032],[-80.9489,29.0022],[-80.9608,29.0033],[-80.9722,29.0063],[-80.9828,29.0113],[-80.992,29.0179],[-80.9995,29.026],[-81.0052,29.0353],[-81.0086,29.0453],[-81.0098,29.0557],[-81.0086,29.0662],[-81.0051,29.0762],[-80.9995,29.0854],[-80.992,29.0935],[-80.9827,29.1001],[-80.9722,29.1051],[-80.9608,29.1081],[-80.9489,29.1092]]]}},{"type":"Feature","properties":{"name":"NORMAN CLASS D","class":"D","lower":"0","lower_code":"SFC","upper":"3700"},"geometry":{"type":"Polygon","coordinates":[[[-97.4721,35.3157],[-97.4555,35.3143],[-97.4395,35.3103],[-97.4246,35.3038],[-97.4117,35.2951],[-97.4011,35.2845],[-97.3932,35.2724],[-97.3883,35.2593],[-97.3867,35.2456],[-97.3883,35.2319],[-97.3932,35.2187],[-97.4011,35.2066],[-97.4117,35.196],[-97.4247,35.1872],[-97.4395,35.1808],[-97.4555,35.1768],[-97.4722,35.1754],[-97.4888,35.1768],[-97.5049,35.1808],[-97.5196,35.1873],[-97.5326,35.196],[-97.5432,35.2066],[-97.5511,35.2188],[-97.556,35.2319],[-97.5576,35.2456],[-97.556,35.2593],[-97.5511,35.2724],[-97.5432,35.2845],[-97.5326,35.2951],[-97.5196,35.3039],[-97.5048,35.3103],[-97.4888,35.3143],[-97.4721,35.3157]]]}},{"type":"Feature","properties":{"name":"SAN ANGELO CLASS D","class":"D","lower":"0","lower_code":"SFC","upper":"4400"},"geometry":{"type":"Polygon","coordinates":[[[-100.4367,31.4323],[-100.415,31.4149],[-100.4007,31.4207],[-100.3793,31.3813],[-100.4165,31.3664],[-100.4169,31.3483],[-100.4228,31.331],[-100.4338,31.3155],[-100.4492,31.303],[-100.4639,31.2958],[-100.4802,31.2915],[-100.4971,31.2901],[-100.514,31.2919],[-100.53,31.2967],[-100.5445,31.3043],[-100.5568,31.3145],[-100.5663,31.3265],[-100.5719,31.3379],[-100.575,31.3498],[-100.5755,31.3621],[-100.5736,31.3742],[-100.5691,31.3859],[-100.5622,31.3966],[-100.5533,31.4062],[-100.5425,31.4142],[-100.5217,31.4234],[-100.4985,31.4271],[-100.4751,31.4248],[-100.4536,31.4167],[-100.4367,31.4323]]]}},{"type":"Feature","properties":{"name":"TULSA CLASS D","class":"D","lower":"0","lower_code":"SFC","upper":"3100"},"geometry":{"type":"Polygon","coordinates":[[[-95.9838,35.9728],[-95.9848,35.9694],[-96.0248,35.9769],[-96.0236,35.9808],[-96.0425,35.9922],[-96.0567,36.0075],[-96.0641,36.0228],[-96.0668,36.0391],[-96.0654,36.0521],[-96.0608,36.0646],[-96.0534,36.0762],[-96.0433,36.0863],[-96.031,36.0947],[-96.0169,36.101],[-96.0016,36.1049],[-95.9856,36.1063],[-95.9695,36.1052],[-95.954,36.1016],[-95.9397,36.0955],[-95.927,36.0873],[-95.9167,36.0773],[-95.9089,36.0657],[-95.9041,36.0532],[-95.9024,36.0401],[-95.9038,36.0273],[-95.9082,36.0149],[-95.9155,36.0034],[-95.9254,35.9933],[-95.9369,35.9852],[-95.9501,35.979],[-95.9665,35.9745],[-95.9838,35.9728]]]}},{"type":"Feature","properties":{"name":"MCALLEN CLASS D","class":"D","lower":"0","lower_code":"SFC","upper":"2600"},"geometry":{"type":"Polygon","coordinates":[[[-98.2714,26.1137],[-98.266,26.1172],[-98.2663,26.1205],[-98.2756,26.116],[-98.2884,26.1238],[-98.3024,26.1384],[-98.3114,26.1558],[-98.3143,26.1699],[-98.314,26.1841],[-98.3104,26.198],[-98.3037,26.2109],[-98.2942,26.2223],[-98.2823,26.2316],[-98.2685,26.2386],[-98.2534,26.2428],[-98.2377,26.2441],[-98.222,26.2424],[-98.2071,26.2379],[-98.1935,26.2307],[-98.1831,26.2223],[-98.1745,26.2123],[-98.1681,26.2011],[-98.1641,26.1889],[-98.1627,26.1764],[-98.1638,26.1638],[-98.1674,26.1516],[-98.1735,26.1402],[-98.1818,26.1301],[-98.192,26.1214],[-98.2039,26.1146],[-98.2168,26.1099],[-98.2305,26.1074],[-98.2445,26.1072],[-98.2583,26.1094],[-98.2714,26.1137]]]}},{"type":"Feature","properties":{"name":"LAREDO CLASS D","class":"D","lower":"0","lower_code":"SFC","upper":"3000"},"geometry":{"type":"Polygon","coordinates":[[[-99.4821,27.4753],[-99.4793,27.4794],[-99.4811,27.488],[-99.4926,27.4976],[-99.497,27.4999],[-99.5029,27.5003],[-99.5136,27.4994],[-99.5214,27.4967],[-99.5274,27.5034],[-99.5253,27.5104],[-99.5218,27.5443],[-99.5188,27.5532],[-99.5141,27.5567],[-99.5111,27.5644],[-99.5153,27.5714],[-99.5308,27.5814],[-99.5222,27.5919],[-99.5116,27.6009],[-99.4994,27.6081],[-99.4859,27.6132],[-99.4716,27.616],[-99.457,27.6165],[-99.4426,27.6146],[-99.4287,27.6104],[-99.4156,27.6039],[-99.4041,27.5953],[-99.3946,27.585],[-99.3874,27.5732],[-99.3827,27.5605],[-99.3808,27.5472],[-99.3817,27.5339],[-99.3853,27.5209],[-99.3916,27.5087],[-99.4003,27.4978],[-99.4111,27.4885],[-99.4237,27.4812],[-99.4375,27.4761],[-99.4523,27.4733],[-99.4673,27.473],[-99.4821,27.4753]]]}},{"type":"Feature","properties":{"name":"ROANOKE REGIONAL/WOODRUM FLD CLASS C","class":"C","lower":"3400","lower_code":"MSL","upper":"5200"},"geometry":{"type":"Polygon","coordinates":[[[-79.8741,37.3052],[-79.7728,37.2849],[-79.7831,37.2603],[-79.7983,37.2371],[-79.8178,37.216],[-79.8411,37.1977],[-79.8677,37.1825],[-79.897,37.1708],[-79.9282,37.1629],[-79.9605,37.159],[-79.9974,37.1595],[-80.0336,37.1652],[-80.0679,37.1759],[-80.0994,37.1912],[-80.127,37.2107],[-80.15,37.2339],[-80.1674,37.2598],[-80.1789,37.2878],[-80.0796,37.3312],[-80.0788,37.3134],[-80.0732,37.2962],[-80.0632,37.2802],[-80.0492,37.2664],[-80.0318,37.2552],[-80.0118,37.2473],[-79.9902,37.2429],[-79.968,37.2422],[-79.9518,37.2442],[-79.9363,37.2481],[-79.9216,37.254],[-79.9083,37.2616],[-79.8966,37.2707],[-79.8868,37.2812],[-79.8793,37.2928],[-79.8741,37.3052]]]}},{"type":"Feature","properties":{"name":"SANTA ANA CLASS C","class":"C","lower":"0","lower_code":"SFC","upper":"4400"},"geometry":{"type":"Polygon","coordinates":[[[-117.8682,33.7591],[-117.8488,33.7575],[-117.83,33.7528],[-117.8127,33.7451],[-117.7976,33.7347],[-117.7852,33.7221],[-117.776,33.7077],[-117.7703,33.692],[-117.7684,33.6757],[-117.7703,33.6594],[-117.776,33.6437],[-117.7852,33.6293],[-117.7977,33.6166],[-117.8128,33.6063],[-117.8301,33.5985],[-117.8487,33.5938],[-117.8683,33.5922],[-117.8877,33.5938],[-117.9065,33.5985],[-117.9238,33.6063],[-117.9389,33.6167],[-117.9513,33.6294],[-117.9605,33.6438],[-117.9662,33.6595],[-117.9681,33.6758],[-117.9661,33.6921],[-117.9604,33.7077],[-117.9512,33.7221],[-117.9388,33.7347],[-117.9237,33.7451],[-117.9064,33.7528],[-117.8877,33.7575],[-117.8682,33.7591]]]}},{"type":"Feature","properties":{"name":"SANTA ANA CLASS C","class":"C","lower":"1500","lower_code":"MSL","upper":"5400"},"geometry":{"type":"Polygon","coordinates":[[[-118.0235,33.5707],[-117.9473,33.6247],[-117.9371,33.6152],[-117.9252,33.6071],[-117.912,33.6006],[-117.8978,33.5959],[-117.8676,33.5922],[-117.8375,33.5962],[-117.8465,33.5097],[-117.8715,33.5087],[-117.8963,33.5104],[-117.9207,33.5146],[-117.9443,33.5213],[-117.9667,33.5304],[-117.9875,33.5418],[-118.0065,33.5553],[-118.0235,33.5707]]]}},{"type":"Feature","properties":{"name":"DENVER CLASS B","class":"B","lower":"9000","lower_code":"MSL","upper":"12000"},"geometry":{"type":"Polygon","coordinates":[[[-104.6629,39.4784],[-104.6166,39.4801],[-104.5707,39.4857],[-104.5259,39.495],[-104.4848,39.5073],[-104.3978,39.3548],[-104.4538,39.3379],[-104.5138,39.3246],[-104.5728,39.3162],[-104.6349,39.3119],[-104.6972,39.3123],[-104.7592,39.3174],[-104.8203,39.327],[-104.8754,39.3403],[-104.8612,39.3781],[-104.8596,39.3908],[-104.8603,39.3967],[-104.8658,39.4092],[-104.8783,39.4275],[-104.8794,39.4314],[-104.8757,39.4422],[-104.8726,39.4722],[-104.8744,39.5025],[-104.8674,39.5193],[-104.8214,39.5023],[-104.7685,39.4889],[-104.7161,39.4811],[-104.6629,39.4784]]]}},{"type":"Feature","properties":{"name":"DENVER CLASS B","class":"B","lower":"10000","lower_code":"MSL","upper":"12000"},"geometry":{"type":"Polygon","coordinates":[[[-104.3543,39.3718],[-104.398,39.3551],[-104.4849,39.5075],[-104.4298,39.5307],[-104.3811,39.5584],[-104.3363,39.5924],[-104.2996,39.6296],[-104.2827,39.6511],[-104.2689,39.6719],[-104.2571,39.6935],[-104.2472,39.7156],[-104.2388,39.74],[-104.2332,39.7629],[-104.2297,39.7862],[-104.2283,39.8096],[-104.2291,39.8348],[-104.2322,39.858],[-104.2373,39.8811],[-104.2445,39.9038],[-104.2546,39.9278],[-104.266,39.9495],[-104.2947,39.9907],[-104.3132,40.0115],[-104.3321,40.0298],[-104.3748,40.0631],[-104.4232,40.0915],[-104.4764,40.1144],[-104.3839,40.2654],[-104.3442,40.2497],[-104.3041,40.231],[-104.2659,40.2102],[-104.2297,40.1873],[-104.1974,40.1637],[-104.1658,40.1371],[-104.1368,40.1088],[-104.1106,40.079],[-104.0883,40.0494],[-104.0678,40.017],[-104.0503,39.9837],[-104.0361,39.9494],[-104.0256,39.9162],[-104.0177,39.8807],[-104.0132,39.8449],[-104.012,39.8089],[-104.014,39.7747],[-104.0193,39.739],[-104.028,39.7036],[-104.0399,39.6688],[-104.055,39.6348],[-104.0733,39.6017],[-104.0945,39.5696],[-104.1186,39.5389],[-104.1441,39.511],[-104.1735,39.4831],[-104.2054,39.4569],[-104.2396,39.4326],[-104.276,39.4102],[-104.3143,39.3899],[-104.3543,39.3718]]]}},{"type":"Feature","properties":{"name":"DENVER CLASS B","class":"B","lower":"10000","lower_code":"MSL","upper":"12000"},"geometry":{"type":"Polygon","coordinates":[[[-104.9806,40.0003],[-105.1026,40.0008],[-105.1028,40.0044],[-105.1024,40.179],[-105.0523,40.2113],[-104.9962,40.2406],[-104.8837,40.0979],[-104.9349,40.07],[-104.9804,40.0367],[-104.9806,40.0003]]]}},{"type":"Feature","properties":{"name":"FORT WORTH CLASS D","class":"D","lower":"0","lower_code":"SFC","upper":"3200"},"geometry":{"type":"Polygon","coordinates":[[[-97.4003,32.7426],[-97.4003,32.8969],[-97.3738,32.9027],[-97.3466,32.9022],[-97.3206,32.8954],[-97.2976,32.8829],[-97.2856,32.8723],[-97.2759,32.8601],[-97.2688,32.8467],[-97.2647,32.8324],[-97.2636,32.8177],[-97.2656,32.8031],[-97.2705,32.7891],[-97.2784,32.7759],[-97.2888,32.7641],[-97.3014,32.7541],[-97.316,32.7461],[-97.3321,32.7403],[-97.349,32.737],[-97.3664,32.7363],[-97.3837,32.7382],[-97.4003,32.7426]]]}},{"type":"Feature","properties":{"name":"TRI-CITIES CLASS D","class":"D","lower":"0","lower_code":"SFC","upper":"4000"},"geometry":{"type":"Polygon","coordinates":[[[-82.4075,36.547],[-82.3902,36.5457],[-82.3735,36.5416],[-82.3581,36.5349],[-82.3447,36.526],[-82.3336,36.5152],[-82.3254,36.5028],[-82.3204,36.4893],[-82.3186,36.4753],[-82.3203,36.4613],[-82.3254,36.4478],[-82.3336,36.4354],[-82.3447,36.4245],[-82.3581,36.4156],[-82.3735,36.409],[-82.3902,36.4049],[-82.4075,36.4035],[-82.4249,36.4049],[-82.4415,36.409],[-82.4569,36.4156],[-82.4704,36.4246],[-82.4814,36.4355],[-82.4896,36.4479],[-82.4947,36.4614],[-82.4964,36.4754],[-82.4946,36.4894],[-82.4896,36.5028],[-82.4813,36.5152],[-82.4703,36.5261],[-82.4568,36.535],[-82.4415,36.5416],[-82.4248,36.5457],[-82.4075,36.547]]]}},{"type":"Feature","properties":{"name":"NAPA CLASS D","class":"D","lower":"0","lower_code":"SFC","upper":"2500"},"geometry":{"type":"Polygon","coordinates":[[[-122.2808,38.2834],[-122.2635,38.2821],[-122.2469,38.2781],[-122.2315,38.2716],[-122.218,38.2629],[-122.207,38.2523],[-122.1988,38.2402],[-122.1937,38.2271],[-122.192,38.2134],[-122.1937,38.1997],[-122.1988,38.1865],[-122.207,38.1744],[-122.2181,38.1638],[-122.2316,38.155],[-122.2469,38.1486],[-122.2636,38.1446],[-122.2809,38.1433],[-122.2981,38.1446],[-122.3149,38.1486],[-122.3302,38.1551],[-122.3437,38.1638],[-122.3547,38.1745],[-122.3629,38.1866],[-122.368,38.1998],[-122.3697,38.2134],[-122.3679,38.2271],[-122.3629,38.2402],[-122.3546,38.2523],[-122.3436,38.2629],[-122.3302,38.2716],[-122.3148,38.2781],[-122.2982,38.2821],[-122.2808,38.2834]]]}},{"type":"Feature","properties":{"name":"BROWNSVILLE CLASS D","class":"D","lower":"0","lower_code":"SFC","upper":"2500"},"geometry":{"type":"Polygon","coordinates":[[[-97.3633,25.951],[-97.3488,25.9555],[-97.3389,25.9295],[-97.3428,25.929],[-97.3482,25.931],[-97.3512,25.9241],[-97.3554,25.9194],[-97.3609,25.9163],[-97.3686,25.915],[-97.3695,25.9091],[-97.3738,25.9091],[-97.3749,25.9075],[-97.3742,25.9059],[-97.3666,25.9028],[-97.3657,25.9011],[-97.3672,25.8941],[-97.3661,25.8907],[-97.357,25.8884],[-97.3581,25.8865],[-97.3672,25.8849],[-97.3737,25.8805],[-97.3739,25.879],[-97.3719,25.8783],[-97.365,25.878],[-97.3595,25.8797],[-97.3591,25.8728],[-97.3571,25.8682],[-97.3585,25.8662],[-97.3604,25.8694],[-97.3626,25.8683],[-97.3697,25.8581],[-97.3758,25.8561],[-97.3758,25.8542],[-97.3666,25.8536],[-97.3642,25.8502],[-97.3705,25.8498],[-97.3733,25.84],[-97.3811,25.8396],[-97.3871,25.8436],[-97.389,25.84],[-97.3933,25.8375],[-97.4014,25.8389],[-97.406,25.838],[-97.407,25.8397],[-97.4006,25.8418],[-97.3989,25.8504],[-97.4007,25.8521],[-97.4027,25.8517],[-97.4061,25.8453],[-97.4079,25.8453],[-97.4105,25.8498],[-97.4083,25.8554],[-97.408,25.8608],[-97.4095,25.8621],[-97.4125,25.8599],[-97.4139,25.856],[-97.4145,25.8479],[-97.4123,25.8426],[-97.413,25.8411],[-97.4249,25.8406],[-97.4354,25.8494],[-97.4437,25.8486],[-97.4456,25.851],[-97.445,25.8561],[-97.4527,25.854],[-97.454,25.8553],[-97.4514,25.859],[-97.4487,25.8594],[-97.4447,25.8673],[-97.4476,25.8717],[-97.4499,25.8719],[-97.4537,25.8674],[-97.4568,25.8685],[-97.4549,25.8786],[-97.4558,25.8839],[-97.465,25.881],[-97.4699,25.8754],[-97.4738,25.8764],[-97.4746,25.8789],[-97.4683,25.8842],[-97.4687,25.8885],[-97.4857,25.8785],[-97.4874,25.88],[-97.4865,25.8835],[-97.4879,25.8853],[-97.4951,25.8797],[-97.4974,25.881],[-97.4965,25.8962],[-97.4978,25.8986],[-97.504,25.8927],[-97.5056,25.9047],[-97.5049,25.9167],[-97.502,25.9284],[-97.4969,25.9396],[-97.4899,25.9498],[-97.4811,25.9588],[-97.4708,25.9664],[-97.4592,25.9723],[-97.4467,25.9764],[-97.4336,25.9785],[-97.4203,25.9786],[-97.4071,25.9767],[-97.3945,25.9729],[-97.3828,25.9672],[-97.3723,25.9599],[-97.3633,25.951]]]}},{"type":"Feature","properties":{"name":"SANTA ANA CLASS C","class":"C","lower":"3500","lower_code":"MSL","upper":"5400"},"geometry":{"type":"Polygon","coordinates":[[[-117.9473,33.6247],[-118.0235,33.5707],[-118.0428,33.5947],[-118.0569,33.6212],[-118.0214,33.6708],[-118.0008,33.6548],[-117.9473,33.6247]]]}},{"type":"Feature","properties":{"name":"SANTA ANA CLASS C","class":"C","lower":"2500","lower_code":"MSL","upper":"5400"},"geometry":{"type":"Polygon","coordinates":[[[-117.9593,33.71],[-117.9669,33.6885],[-117.9674,33.666],[-117.9607,33.6442],[-117.9473,33.6247],[-118.0008,33.6548],[-118.0214,33.6708],[-117.9809,33.7274],[-117.9593,33.71]]]}},{"type":"Feature","properties":{"name":"SANTA ANA CLASS C","class":"C","lower":"2500","lower_code":"MSL","upper":"4400"},"geometry":{"type":"Polygon","coordinates":[[[-117.9593,33.71],[-117.9809,33.7274],[-117.8995,33.8406],[-117.8682,33.8426],[-117.8682,33.7591],[-117.8964,33.7557],[-117.9224,33.7458],[-117.9439,33.7302],[-117.9593,33.71]]]}},{"type":"Feature","properties":{"name":"SANTA ANA CLASS C","class":"C","lower":"2000","lower_code":"MSL","upper":"4400"},"geometry":{"type":"Polygon","coordinates":[[[-117.7949,33.7323],[-117.8103,33.7437],[-117.8282,33.7522],[-117.8478,33.7574],[-117.8682,33.7591],[-117.8682,33.8426],[-117.8415,33.8411],[-117.8152,33.8366],[-117.7493,33.8512],[-117.7167,33.8472],[-117.7221,33.7836],[-117.7949,33.7323]]]}},{"type":"Feature","properties":{"name":"SANTA ANA CLASS C","class":"C","lower":"3500","lower_code":"MSL","upper":"4400"},"geometry":{"type":"Polygon","coordinates":[[[-117.6663,33.841],[-117.6176,33.7448],[-117.7311,33.676],[-117.7419,33.5464],[-117.7655,33.5325],[-117.791,33.5217],[-117.8182,33.514],[-117.8465,33.5097],[-117.8375,33.5962],[-117.8136,33.6058],[-117.7935,33.6203],[-117.7787,33.6388],[-117.7702,33.6598],[-117.7685,33.6794],[-117.7722,33.6986],[-117.7812,33.7166],[-117.7949,33.7323],[-117.7221,33.7836],[-117.7167,33.8472],[-117.6663,33.841]]]}},{"type":"Feature","properties":{"name":"BINGHAMTON CLASS D","class":"D","lower":"0","lower_code":"SFC","upper":"4100"},"geometry":{"type":"Polygon","coordinates":[[[-75.9796,42.2801],[-75.9608,42.2788],[-75.9427,42.2747],[-75.926,42.268],[-75.9114,42.2591],[-75.8994,42.2483],[-75.8905,42.2359],[-75.885,42.2225],[-75.8832,42.2085],[-75.885,42.1945],[-75.8905,42.181],[-75.8994,42.1686],[-75.9115,42.1577],[-75.926,42.1488],[-75.9428,42.1422],[-75.9608,42.1381],[-75.9797,42.1367],[-75.9984,42.1381],[-76.0165,42.1422],[-76.0332,42.1488],[-76.0478,42.1578],[-76.0598,42.1687],[-76.0687,42.1811],[-76.0742,42.1946],[-76.076,42.2085],[-76.0742,42.2226],[-76.0687,42.236],[-76.0598,42.2483],[-76.0478,42.2592],[-76.0332,42.2681],[-76.0165,42.2747],[-75.9984,42.2788],[-75.9796,42.2801]]]}},{"type":"Feature","properties":{"name":"TETERBORO CLASS D","class":"D","lower":"0","lower_code":"SFC","upper":"2500"},"geometry":{"type":"Polygon","coordinates":[[[-74.0608,40.9201],[-74.0429,40.9188],[-74.0256,40.9148],[-74.0096,40.9084],[-73.9956,40.8996],[-73.9841,40.889],[-73.9756,40.8769],[-73.9704,40.8638],[-73.9686,40.8501],[-73.9704,40.8365],[-73.9756,40.8233],[-73.9841,40.8112],[-73.9956,40.8006],[-74.0096,40.7919],[-74.0256,40.7854],[-74.0428,40.7814],[-74.0609,40.7801],[-74.0788,40.7814],[-74.0962,40.7854],[-74.1121,40.7919],[-74.1261,40.8006],[-74.1376,40.8113],[-74.1461,40.8234],[-74.1513,40.8365],[-74.1531,40.8502],[-74.1513,40.8639],[-74.146,40.877],[-74.1375,40.8891],[-74.126,40.8997],[-74.1121,40.9084],[-74.0961,40.9148],[-74.0788,40.9188],[-74.0608,40.9201]]]}},{"type":"Feature","properties":{"name":"LANSING CLASS D","class":"D","lower":"0","lower_code":"SFC","upper":"3400"},"geometry":{"type":"Polygon","coordinates":[[[-84.5862,42.862],[-84.5641,42.8604],[-84.5429,42.8557],[-84.5234,42.848],[-84.5061,42.8376],[-84.4921,42.825],[-84.4816,42.8106],[-84.4752,42.795],[-84.473,42.7786],[-84.4752,42.7624],[-84.4817,42.7467],[-84.4921,42.7323],[-84.5062,42.7197],[-84.5233,42.7093],[-84.543,42.7016],[-84.5641,42.6969],[-84.5862,42.6953],[-84.6082,42.6969],[-84.6295,42.7016],[-84.6491,42.7094],[-84.6662,42.7197],[-84.6803,42.7324],[-84.6907,42.7468],[-84.6972,42.7625],[-84.6994,42.7787],[-84.6972,42.795],[-84.6907,42.8106],[-84.6803,42.825],[-84.6662,42.8376],[-84.6491,42.848],[-84.6295,42.8557],[-84.6083,42.8604],[-84.5862,42.862]]]}},{"type":"Feature","properties":{"name":"LANSING CLASS C","class":"C","lower":"0","lower_code":"SFC","upper":"4900"},"geometry":{"type":"Polygon","coordinates":[[[-84.5862,42.862],[-84.5641,42.8604],[-84.5429,42.8557],[-84.5234,42.848],[-84.5061,42.8376],[-84.4921,42.825],[-84.4816,42.8106],[-84.4752,42.795],[-84.473,42.7786],[-84.4752,42.7624],[-84.4817,42.7467],[-84.4921,42.7323],[-84.5062,42.7197],[-84.5233,42.7093],[-84.543,42.7016],[-84.5641,42.6969],[-84.5862,42.6953],[-84.6082,42.6969],[-84.6295,42.7016],[-84.6491,42.7094],[-84.6662,42.7197],[-84.6803,42.7324],[-84.6907,42.7468],[-84.6972,42.7625],[-84.6994,42.7787],[-84.6972,42.795],[-84.6907,42.8106],[-84.6803,42.825],[-84.6662,42.8376],[-84.6491,42.848],[-84.6295,42.8557],[-84.6083,42.8604],[-84.5862,42.862]]]}},{"type":"Feature","properties":{"name":"HAMPTON CLASS D","class":"D","lower":"0","lower_code":"SFC","upper":"2500"},"geometry":{"type":"Polygon","coordinates":[[[-76.3605,37.1563],[-76.3427,37.1549],[-76.3255,37.1507],[-76.3096,37.1439],[-76.2957,37.1348],[-76.2843,37.1237],[-76.2759,37.111],[-76.2707,37.0973],[-76.2689,37.0829],[-76.2707,37.0686],[-76.2759,37.0548],[-76.2843,37.0421],[-76.2958,37.031],[-76.3096,37.0218],[-76.3255,37.015],[-76.3427,37.0109],[-76.3606,37.0095],[-76.3784,37.0109],[-76.3956,37.0151],[-76.4115,37.0219],[-76.4254,37.031],[-76.4368,37.0422],[-76.4452,37.0548],[-76.4504,37.0687],[-76.4522,37.083],[-76.4504,37.0973],[-76.4452,37.1111],[-76.4367,37.1238],[-76.4253,37.1349],[-76.4114,37.144],[-76.3956,37.1507],[-76.3784,37.1549],[-76.3605,37.1563]]]}},{"type":"Feature","properties":{"name":"FORT STEWART (HINESVILLE) CLASS D","class":"D","lower":"0","lower_code":"SFC","upper":"2500"},"geometry":{"type":"Polygon","coordinates":[[[-81.5616,31.9618],[-81.5448,31.9604],[-81.5286,31.9562],[-81.5137,31.9494],[-81.5007,31.9403],[-81.49,31.9292],[-81.482,31.9165],[-81.4771,31.9027],[-81.4755,31.8883],[-81.4771,31.874],[-81.482,31.8602],[-81.49,31.8475],[-81.5007,31.8363],[-81.5138,31.8272],[-81.5287,31.8204],[-81.5448,31.8162],[-81.5616,31.8148],[-81.5785,31.8162],[-81.5946,31.8204],[-81.6095,31.8272],[-81.6225,31.8364],[-81.6333,31.8476],[-81.6412,31.8602],[-81.6461,31.874],[-81.6477,31.8883],[-81.6461,31.9027],[-81.6412,31.9165],[-81.6332,31.9291],[-81.6225,31.9403],[-81.6094,31.9494],[-81.5946,31.9562],[-81.5784,31.9604],[-81.5616,31.9618]]]}},{"type":"Feature","properties":{"name":"VALDOSTA MOODY AFB CLASS D","class":"D","lower":"0","lower_code":"SFC","upper":"2700"},"geometry":{"type":"Polygon","coordinates":[[[-83.1931,31.0513],[-83.1741,31.0497],[-83.1559,31.0449],[-83.1392,31.0372],[-83.1245,31.0268],[-83.1125,31.0142],[-83.1035,30.9998],[-83.098,30.9842],[-83.0961,30.9678],[-83.098,30.9515],[-83.1035,30.9358],[-83.1125,30.9214],[-83.1245,30.9087],[-83.1392,30.8983],[-83.156,30.8906],[-83.1742,30.8858],[-83.1931,30.8843],[-83.212,30.8859],[-83.2302,30.8906],[-83.247,30.8984],[-83.2616,30.9088],[-83.2737,30.9215],[-83.2826,30.9359],[-83.2881,30.9515],[-83.29,30.9678],[-83.2881,30.9841],[-83.2826,30.9998],[-83.2737,31.0142],[-83.2616,31.0268],[-83.247,31.0372],[-83.2301,31.045],[-83.212,31.0497],[-83.1931,31.0513]]]}},{"type":"Feature","properties":{"name":"POUGHKEEPSIE CLASS D","class":"D","lower":"0","lower_code":"SFC","upper":"2700"},"geometry":{"type":"Polygon","coordinates":[[[-73.8842,41.7],[-73.8651,41.6985],[-73.8468,41.6944],[-73.8299,41.6876],[-73.8151,41.6785],[-73.8029,41.6674],[-73.7939,41.6548],[-73.7883,41.641],[-73.7864,41.6267],[-73.7883,41.6124],[-73.7938,41.5986],[-73.8028,41.5859],[-73.815,41.5747],[-73.8299,41.5656],[-73.8467,41.5588],[-73.8651,41.5546],[-73.8841,41.5532],[-73.9032,41.5546],[-73.9215,41.5588],[-73.9385,41.5656],[-73.9533,41.5747],[-73.9655,41.5858],[-73.9745,41.5985],[-73.9801,41.6123],[-73.982,41.6266],[-73.9801,41.6409],[-73.9745,41.6547],[-73.9655,41.6674],[-73.9534,41.6785],[-73.9386,41.6876],[-73.9216,41.6944],[-73.9033,41.6985],[-73.8842,41.7]]]}},{"type":"Feature","properties":{"name":"GOLDSBORO CLASS D","class":"D","lower":"0","lower_code":"SFC","upper":"2600"},"geometry":{"type":"Polygon","coordinates":[[[-77.9606,35.4345],[-77.938,35.4327],[-77.9162,35.4273],[-77.8961,35.4185],[-77.8784,35.4067],[-77.864,35.3923],[-77.8533,35.3758],[-77.8467,35.358],[-77.8445,35.3394],[-77.8467,35.3209],[-77.8533,35.303],[-77.8641,35.2866],[-77.8785,35.2721],[-77.8961,35.2603],[-77.9162,35.2515],[-77.9381,35.246],[-77.9606,35.2442],[-77.9832,35.2461],[-78.0051,35.2515],[-78.0251,35.2603],[-78.0427,35.2721],[-78.0572,35.2866],[-78.0679,35.303],[-78.0745,35.321],[-78.0767,35.3395],[-78.0745,35.3581],[-78.0678,35.3759],[-78.0571,35.3923],[-78.0427,35.4067],[-78.0251,35.4185],[-78.005,35.4273],[-77.9833,35.4327],[-77.9606,35.4345]]]}},{"type":"Feature","properties":{"name":"TITUSVILLE, NASA SHUTTLE LANDING FACILITY CLASS D","class":"D","lower":"0","lower_code":"SFC","upper":"1900"},"geometry":{"type":"Polygon","coordinates":[[[-80.7242,28.5233],[-80.7273,28.5357],[-80.7331,28.5474],[-80.7413,28.5578],[-80.7515,28.5667],[-80.7836,28.6336],[-80.7913,28.6568],[-80.7801,28.6728],[-80.7656,28.6865],[-80.7482,28.6974],[-80.7289,28.7051],[-80.7081,28.7094],[-80.6868,28.7099],[-80.6659,28.7068],[-80.6459,28.7],[-80.629,28.6907],[-80.6144,28.6789],[-80.6024,28.6648],[-80.5936,28.649],[-80.5882,28.6322],[-80.5864,28.6146],[-80.5883,28.5971],[-80.5938,28.5802],[-80.6027,28.5646],[-80.6148,28.5506],[-80.6295,28.5387],[-80.6465,28.5295],[-80.6651,28.5232],[-80.6847,28.52],[-80.7046,28.5201],[-80.7242,28.5233]]]}},{"type":"Feature","properties":{"name":"VALDOSTA REGIONAL AIRPORT CLASS D","class":"D","lower":"0","lower_code":"SFC","upper":"2700"},"geometry":{"type":"Polygon","coordinates":[[[-83.2769,30.8527],[-83.2611,30.8513],[-83.2459,30.8473],[-83.2318,30.8408],[-83.2195,30.8321],[-83.2094,30.8215],[-83.2019,30.8094],[-83.1973,30.7963],[-83.1957,30.7825],[-83.1972,30.7689],[-83.2019,30.7557],[-83.2094,30.7436],[-83.2195,30.7329],[-83.2318,30.7242],[-83.2459,30.7177],[-83.2611,30.7137],[-83.277,30.7123],[-83.2929,30.7137],[-83.3081,30.7177],[-83.3221,30.7242],[-83.3344,30.7329],[-83.3446,30.7436],[-83.352,30.7557],[-83.3566,30.7689],[-83.3582,30.7825],[-83.3566,30.7962],[-83.352,30.8094],[-83.3445,30.8215],[-83.3344,30.8321],[-83.3221,30.8408],[-83.308,30.8473],[-83.2928,30.8513],[-83.2769,30.8527]]]}},{"type":"Feature","properties":{"name":"TITUSVILLE CLASS D","class":"D","lower":"0","lower_code":"SFC","upper":"1900"},"geometry":{"type":"Polygon","coordinates":[[[-80.7992,28.5816],[-80.7845,28.5804],[-80.7703,28.5766],[-80.7572,28.5704],[-80.7457,28.5621],[-80.7363,28.552],[-80.7293,28.5404],[-80.725,28.5279],[-80.7235,28.5148],[-80.725,28.5018],[-80.7293,28.4892],[-80.7363,28.4777],[-80.7457,28.4675],[-80.7572,28.4592],[-80.7703,28.453],[-80.7845,28.4492],[-80.7993,28.448],[-80.814,28.4492],[-80.8282,28.4531],[-80.8413,28.4593],[-80.8528,28.4676],[-80.8622,28.4777],[-80.8692,28.4893],[-80.8734,28.5018],[-80.8749,28.5148],[-80.8734,28.5279],[-80.8691,28.5404],[-80.8621,28.552],[-80.8527,28.5621],[-80.8412,28.5704],[-80.8282,28.5766],[-80.814,28.5804],[-80.7992,28.5816]]]}},{"type":"Feature","properties":{"name":"JACKSON CLASS D","class":"D","lower":"0","lower_code":"SFC","upper":"8900"},"geometry":{"type":"Polygon","coordinates":[[[-110.7381,43.6783],[-110.7188,43.677],[-110.7003,43.6729],[-110.6833,43.6663],[-110.6683,43.6574],[-110.6561,43.6466],[-110.647,43.6342],[-110.6413,43.6208],[-110.6394,43.6068],[-110.6413,43.5928],[-110.6469,43.5793],[-110.656,43.5669],[-110.6683,43.556],[-110.6832,43.5471],[-110.7003,43.5405],[-110.7187,43.5364],[-110.738,43.535],[-110.7572,43.5364],[-110.7757,43.5404],[-110.7928,43.5471],[-110.8077,43.556],[-110.8201,43.5669],[-110.8292,43.5792],[-110.8348,43.5927],[-110.8367,43.6067],[-110.8348,43.6207],[-110.8292,43.6341],[-110.8201,43.6465],[-110.8078,43.6573],[-110.7929,43.6662],[-110.7758,43.6729],[-110.7573,43.677],[-110.7381,43.6783]]]}},{"type":"Feature","properties":{"name":"WICHITA CLASS D","class":"D","lower":"0","lower_code":"SFC","upper":"3900"},"geometry":{"type":"Polygon","coordinates":[[[-97.2358,37.6956],[-97.2338,37.6866],[-97.2261,37.6798],[-97.2145,37.6772],[-97.203,37.6802],[-97.1995,37.6775],[-97.186,37.6641],[-97.1766,37.6487],[-97.1718,37.6319],[-97.1717,37.6148],[-97.1764,37.598],[-97.1857,37.5826],[-97.1991,37.5691],[-97.2159,37.5583],[-97.2352,37.5508],[-97.2562,37.5469],[-97.2778,37.5468],[-97.2988,37.5505],[-97.3183,37.5578],[-97.3353,37.5684],[-97.3473,37.5799],[-97.3564,37.593],[-97.3398,37.6117],[-97.3302,37.6333],[-97.3284,37.6561],[-97.3344,37.6785],[-97.313,37.6909],[-97.2882,37.6981],[-97.2617,37.6997],[-97.2358,37.6956]]]}},{"type":"Feature","properties":{"name":"WICHITA CLASS D","class":"D","lower":"0","lower_code":"SFC","upper":"2700"},"geometry":{"type":"Polygon","coordinates":[[[-97.2999,37.7228],[-97.1301,37.7231],[-97.1256,37.7127],[-97.1231,37.7019],[-97.1226,37.6909],[-97.1242,37.68],[-97.1303,37.6645],[-97.1406,37.6503],[-97.1545,37.6384],[-97.1714,37.6291],[-97.1775,37.6507],[-97.1912,37.67],[-97.203,37.6802],[-97.2152,37.6772],[-97.2272,37.6804],[-97.2341,37.6871],[-97.2358,37.6956],[-97.2536,37.6991],[-97.2719,37.6998],[-97.29,37.6978],[-97.3073,37.6931],[-97.3055,37.7082],[-97.2999,37.7228]]]}},{"type":"Feature","properties":{"name":"WICHITA CLASS C","class":"C","lower":"0","lower_code":"SFC","upper":"5300"},"geometry":{"type":"Polygon","coordinates":[[[-97.433,37.7334],[-97.4126,37.7318],[-97.3929,37.727],[-97.3748,37.7194],[-97.3588,37.7089],[-97.3458,37.6963],[-97.3361,37.6819],[-97.3301,37.6663],[-97.3281,37.65],[-97.3301,37.6337],[-97.3361,37.618],[-97.3458,37.6036],[-97.3589,37.5909],[-97.3748,37.5806],[-97.3929,37.5729],[-97.4126,37.5681],[-97.4331,37.5665],[-97.4536,37.5681],[-97.4732,37.5729],[-97.4914,37.5806],[-97.5073,37.591],[-97.5203,37.6037],[-97.53,37.6181],[-97.536,37.6338],[-97.538,37.65],[-97.5359,37.6664],[-97.53,37.682],[-97.5203,37.6964],[-97.5072,37.709],[-97.4913,37.7193],[-97.4732,37.727],[-97.4535,37.7318],[-97.433,37.7334]]]}},{"type":"Feature","properties":{"name":"WICHITA CLASS C","class":"C","lower":"2700","lower_code":"MSL","upper":"5300"},"geometry":{"type":"Polygon","coordinates":[[[-97.433,37.8168],[-97.3921,37.8136],[-97.3527,37.8041],[-97.3164,37.7887],[-97.2846,37.768],[-97.2585,37.7428],[-97.2392,37.714],[-97.2272,37.6827],[-97.2242,37.6666],[-97.2232,37.6501],[-97.2242,37.6337],[-97.2272,37.6176],[-97.2392,37.5862],[-97.2586,37.5574],[-97.2847,37.532],[-97.3164,37.5113],[-97.3527,37.4958],[-97.3921,37.4863],[-97.4331,37.4831],[-97.4741,37.4863],[-97.5135,37.4959],[-97.5498,37.5114],[-97.5815,37.5321],[-97.6076,37.5575],[-97.627,37.5863],[-97.6389,37.6177],[-97.6419,37.6339],[-97.6429,37.6502],[-97.6419,37.6665],[-97.6389,37.6827],[-97.6269,37.7139],[-97.6076,37.7427],[-97.5815,37.768],[-97.5497,37.7887],[-97.5134,37.8041],[-97.474,37.8136],[-97.433,37.8168]]]}},{"type":"Feature","properties":{"name":"WEST PALM BEACH CLASS C","class":"C","lower":"0","lower_code":"SFC","upper":"4000"},"geometry":{"type":"Polygon","coordinates":[[[-80.0525,26.6091],[-80.059,26.6169],[-80.0678,26.6227],[-80.0781,26.6259],[-80.0889,26.6263],[-80.0995,26.6239],[-80.1088,26.6188],[-80.1161,26.6115],[-80.1207,26.6027],[-80.1362,26.608],[-80.1503,26.6156],[-80.1628,26.6254],[-80.1732,26.637],[-80.1812,26.6506],[-80.1864,26.6651],[-80.1886,26.6803],[-80.1876,26.6956],[-80.1835,26.7105],[-80.1765,26.7244],[-80.1668,26.737],[-80.1546,26.7478],[-80.1384,26.7574],[-80.1204,26.7637],[-80.1012,26.7666],[-80.0818,26.7658],[-80.063,26.7614],[-80.0456,26.7536],[-80.0304,26.7428],[-80.018,26.7293],[-80.009,26.7138],[-80.0038,26.697],[-80.0026,26.6796],[-80.0055,26.6624],[-80.0123,26.646],[-80.0227,26.6312],[-80.0363,26.6188],[-80.0525,26.6091]]]}},{"type":"Feature","properties":{"name":"WEST PALM BEACH CLASS C","class":"C","lower":"1600","lower_code":"MSL","upper":"4000"},"geometry":{"type":"Polygon","coordinates":[[[-80.0955,26.516],[-80.1349,26.5198],[-80.1727,26.5311],[-80.1736,26.5904],[-80.1207,26.6027],[-80.1146,26.6134],[-80.1047,26.6214],[-80.0923,26.6258],[-80.0789,26.626],[-80.0635,26.6203],[-80.0525,26.6091],[-80.0583,26.5194],[-80.0955,26.516]]]}},{"type":"Feature","properties":{"name":"WEST PALM BEACH CLASS C","class":"C","lower":"1200","lower_code":"MSL","upper":"4000"},"geometry":{"type":"Polygon","coordinates":[[[-80.0583,26.5194],[-80.0525,26.6091],[-80.0326,26.6216],[-80.0171,26.6383],[-80.0069,26.658],[-80.0027,26.6794],[-80.0048,26.7015],[-80.0133,26.7222],[-80.0276,26.7402],[-80.0466,26.7542],[-80.0639,26.7618],[-80.0826,26.7659],[-80.1017,26.7666],[-80.1207,26.7636],[-80.1385,26.7573],[-80.1546,26.7478],[-80.1681,26.7355],[-80.1785,26.721],[-80.1858,26.7038],[-80.1886,26.6855],[-80.1869,26.6672],[-80.1808,26.6496],[-80.1705,26.6336],[-80.1566,26.6201],[-80.1397,26.6096],[-80.1207,26.6027],[-80.1736,26.5904],[-80.1727,26.5311],[-80.1909,26.5396],[-80.2078,26.5499],[-80.2236,26.5619],[-80.2376,26.5752],[-80.25,26.59],[-80.2605,26.6058],[-80.269,26.6227],[-80.2754,26.6402],[-80.2812,26.6713],[-80.2804,26.7028],[-80.273,26.7337],[-80.2593,26.7627],[-80.2398,26.7889],[-80.2151,26.8114],[-80.1861,26.8292],[-80.1541,26.8419],[-80.117,26.8492],[-80.0792,26.8497],[-80.042,26.8432],[-80.0071,26.8302],[-79.9759,26.8112],[-79.9495,26.7867],[-79.9292,26.7581],[-79.9158,26.7263],[-79.9098,26.6929],[-79.9115,26.6589],[-79.9208,26.6259],[-79.9374,26.5952],[-79.9605,26.5683],[-79.9892,26.5461],[-80.0223,26.5296],[-80.0583,26.5194]]]}},{"type":"Feature","properties":{"name":"SYRACUSE HANCOCK INTL AIRPORT CLASS C","class":"C","lower":"0","lower_code":"SFC","upper":"4400"},"geometry":{"type":"Polygon","coordinates":[[[-76.1063,43.1945],[-76.0841,43.1929],[-76.0628,43.1882],[-76.0431,43.1805],[-76.0259,43.1702],[-76.0118,43.1576],[-76.0012,43.1432],[-75.9948,43.1276],[-75.9926,43.1113],[-75.9947,43.095],[-76.0012,43.0794],[-76.0117,43.065],[-76.0259,43.0523],[-76.0431,43.0419],[-76.0627,43.0342],[-76.0841,43.0294],[-76.1063,43.0278],[-76.1284,43.0294],[-76.1498,43.0342],[-76.1694,43.0418],[-76.1867,43.0522],[-76.2009,43.0649],[-76.2114,43.0793],[-76.2179,43.0949],[-76.2201,43.1112],[-76.2179,43.1275],[-76.2114,43.1431],[-76.201,43.1575],[-76.1868,43.1701],[-76.1696,43.1805],[-76.1499,43.1882],[-76.1285,43.1929],[-76.1063,43.1945]]]}},{"type":"Feature","properties":{"name":"SYRACUSE HANCOCK INTL AIRPORT CLASS C","class":"C","lower":"1600","lower_code":"MSL","upper":"4400"},"geometry":{"type":"Polygon","coordinates":[[[-75.9057,43.0327],[-76.0059,43.072],[-75.9968,43.0886],[-75.9928,43.1063],[-75.9939,43.1241],[-76.0003,43.1414],[-76.0115,43.1573],[-76.0271,43.1711],[-76.0464,43.182],[-76.0684,43.1898],[-76.0962,43.1942],[-76.1245,43.1935],[-76.1516,43.1876],[-76.1761,43.177],[-76.1897,43.1679],[-76.2011,43.1574],[-76.21,43.1455],[-76.2162,43.1328],[-76.2195,43.1196],[-76.2199,43.1061],[-76.2173,43.0927],[-76.2118,43.0799],[-76.3171,43.0485],[-76.3272,43.0713],[-76.3327,43.0948],[-76.3336,43.1188],[-76.3299,43.1425],[-76.324,43.1599],[-76.3157,43.1767],[-76.3048,43.1928],[-76.2918,43.2079],[-76.2765,43.222],[-76.2593,43.2347],[-76.2403,43.246],[-76.2198,43.2557],[-76.1978,43.2638],[-76.175,43.2701],[-76.127,43.2772],[-76.0781,43.2766],[-76.0305,43.2684],[-76.0079,43.2615],[-75.9865,43.253],[-75.9665,43.2428],[-75.9479,43.231],[-75.9314,43.2179],[-75.9167,43.2035],[-75.9043,43.1881],[-75.8942,43.1717],[-75.8866,43.1548],[-75.8815,43.1372],[-75.879,43.1194],[-75.8792,43.1014],[-75.882,43.0835],[-75.8874,43.066],[-75.8953,43.049],[-75.9057,43.0327]]]}},{"type":"Feature","properties":{"name":"PORTLAND INTL JETPORT CLASS C","class":"C","lower":"0","lower_code":"SFC","upper":"4100"},"geometry":{"type":"Polygon","coordinates":[[[-70.3086,43.729],[-70.2862,43.7274],[-70.2647,43.7227],[-70.2449,43.715],[-70.2274,43.7046],[-70.2132,43.692],[-70.2026,43.6776],[-70.1961,43.662],[-70.1938,43.6457],[-70.1961,43.6294],[-70.2026,43.6137],[-70.2132,43.5994],[-70.2275,43.5867],[-70.2449,43.5764],[-70.2648,43.5686],[-70.2863,43.5639],[-70.3087,43.5623],[-70.3311,43.5639],[-70.3526,43.5687],[-70.3724,43.5764],[-70.3898,43.5867],[-70.4041,43.5994],[-70.4147,43.6138],[-70.4212,43.6295],[-70.4234,43.6457],[-70.4212,43.662],[-70.4146,43.6776],[-70.404,43.692],[-70.3898,43.7046],[-70.3724,43.715],[-70.3525,43.7227],[-70.331,43.7274],[-70.3086,43.729]]]}},{"type":"Feature","properties":{"name":"PORTLAND INTL JETPORT CLASS C","class":"C","lower":"1500","lower_code":"MSL","upper":"4100"},"geometry":{"type":"Polygon","coordinates":[[[-70.3086,43.8123],[-70.2638,43.8091],[-70.2207,43.7997],[-70.181,43.7843],[-70.1462,43.7636],[-70.1177,43.7383],[-70.1061,43.7243],[-70.0965,43.7096],[-70.0889,43.6942],[-70.0835,43.6783],[-70.0802,43.6622],[-70.0791,43.6459],[-70.0802,43.6296],[-70.0835,43.6134],[-70.0889,43.5976],[-70.0966,43.582],[-70.1062,43.5673],[-70.1178,43.5531],[-70.1464,43.5278],[-70.1811,43.5071],[-70.2208,43.4917],[-70.2639,43.4822],[-70.3087,43.479],[-70.3535,43.4822],[-70.3966,43.4917],[-70.4363,43.5072],[-70.4709,43.5279],[-70.4995,43.5532],[-70.5111,43.5673],[-70.5207,43.582],[-70.5283,43.5975],[-70.5338,43.6134],[-70.5371,43.6295],[-70.5382,43.6458],[-70.5371,43.6622],[-70.5338,43.6783],[-70.5283,43.6942],[-70.5207,43.7095],[-70.5111,43.7243],[-70.4996,43.7383],[-70.471,43.7635],[-70.4363,43.7842],[-70.3966,43.7996],[-70.3535,43.8091],[-70.3086,43.8123]]]}},{"type":"Feature","properties":{"name":"LANSING CLASS C","class":"C","lower":"2100","lower_code":"MSL","upper":"4900"},"geometry":{"type":"Polygon","coordinates":[[[-84.5862,42.9454],[-84.542,42.9422],[-84.4995,42.9327],[-84.4604,42.9173],[-84.4261,42.8966],[-84.398,42.8713],[-84.3771,42.8426],[-84.3696,42.8272],[-84.3642,42.8113],[-84.361,42.7952],[-84.3599,42.7789],[-84.361,42.7626],[-84.3642,42.7464],[-84.3696,42.7306],[-84.3771,42.715],[-84.3866,42.7003],[-84.3981,42.6861],[-84.4263,42.6608],[-84.4605,42.6401],[-84.4996,42.6246],[-84.5421,42.6151],[-84.5863,42.6119],[-84.6305,42.6152],[-84.6729,42.6247],[-84.7121,42.6402],[-84.7462,42.6609],[-84.7744,42.6862],[-84.7953,42.715],[-84.8028,42.7305],[-84.8082,42.7464],[-84.8114,42.7625],[-84.8125,42.7789],[-84.8114,42.7952],[-84.8082,42.8113],[-84.8028,42.8272],[-84.7953,42.8425],[-84.7745,42.8713],[-84.7463,42.8966],[-84.712,42.9173],[-84.6729,42.9327],[-84.6304,42.9421],[-84.5862,42.9454]]]}},{"type":"Feature","properties":{"name":"QUANTICO CLASS D","class":"D","lower":"0","lower_code":"SFC","upper":"2500"},"geometry":{"type":"Polygon","coordinates":[[[-77.305,38.4135],[-77.3336,38.4164],[-77.3606,38.4248],[-77.3462,38.4452],[-77.3643,38.4558],[-77.3782,38.4697],[-77.3869,38.486],[-77.39,38.5036],[-77.3883,38.5166],[-77.3835,38.5291],[-77.3757,38.5407],[-77.3652,38.5508],[-77.3523,38.5591],[-77.3377,38.5652],[-77.3218,38.5691],[-77.3052,38.5704],[-77.2886,38.5691],[-77.2727,38.5653],[-77.258,38.5592],[-77.2451,38.5509],[-77.2345,38.5408],[-77.2266,38.5293],[-77.2218,38.5168],[-77.2201,38.5037],[-77.2213,38.4924],[-77.2249,38.4815],[-77.2309,38.4711],[-77.239,38.4617],[-77.249,38.4535],[-77.2606,38.4467],[-77.2874,38.4383],[-77.2812,38.4155],[-77.305,38.4135]]]}},{"type":"Feature","properties":{"name":"WILMINGTON CLASS D","class":"D","lower":"0","lower_code":"SFC","upper":"2500"},"geometry":{"type":"Polygon","coordinates":[[[-77.9025,34.3543],[-77.8829,34.3527],[-77.864,34.348],[-77.8467,34.3403],[-77.8314,34.3299],[-77.8189,34.3172],[-77.8096,34.3028],[-77.8039,34.2872],[-77.8019,34.2709],[-77.8039,34.2546],[-77.8096,34.2389],[-77.8189,34.2245],[-77.8314,34.2118],[-77.8466,34.2014],[-77.8641,34.1937],[-77.8829,34.189],[-77.9025,34.1874],[-77.9221,34.189],[-77.941,34.1937],[-77.9584,34.2015],[-77.9736,34.2118],[-77.9862,34.2245],[-77.9954,34.239],[-78.0011,34.2547],[-78.0031,34.2709],[-78.0011,34.2873],[-77.9954,34.3029],[-77.9861,34.3173],[-77.9736,34.3299],[-77.9583,34.3403],[-77.941,34.348],[-77.9221,34.3527],[-77.9025,34.3543]]]}},{"type":"Feature","properties":{"name":"STATE COLLEGE CLASS D","class":"D","lower":"0","lower_code":"SFC","upper":"3500"},"geometry":{"type":"Polygon","coordinates":[[[-77.8486,40.9242],[-77.8293,40.9228],[-77.8108,40.9185],[-77.7937,40.9116],[-77.7787,40.9022],[-77.7664,40.8909],[-77.7573,40.8779],[-77.7517,40.8639],[-77.7498,40.8492],[-77.7517,40.8346],[-77.7573,40.8204],[-77.7664,40.8075],[-77.7788,40.7961],[-77.7937,40.7868],[-77.8108,40.7798],[-77.8294,40.7755],[-77.8487,40.7741],[-77.8679,40.7756],[-77.8865,40.7798],[-77.9036,40.7868],[-77.9185,40.7961],[-77.9308,40.8075],[-77.9399,40.8205],[-77.9456,40.8346],[-77.9474,40.8492],[-77.9455,40.8639],[-77.9399,40.878],[-77.9308,40.8909],[-77.9185,40.9023],[-77.9035,40.9116],[-77.8864,40.9185],[-77.8679,40.9228],[-77.8486,40.9242]]]}},{"type":"Feature","properties":{"name":"CHATTANOOGA, LOVELL FIELD CLASS C","class":"C","lower":"0","lower_code":"SFC","upper":"4700"},"geometry":{"type":"Polygon","coordinates":[[[-85.2039,35.1187],[-85.1841,35.1171],[-85.1651,35.1124],[-85.1475,35.1047],[-85.1321,35.0943],[-85.1195,35.0817],[-85.1101,35.0673],[-85.1044,35.0516],[-85.1024,35.0353],[-85.1044,35.019],[-85.1102,35.0033],[-85.1195,34.9889],[-85.1322,34.9762],[-85.1476,34.9658],[-85.1651,34.9582],[-85.1841,34.9534],[-85.2039,34.9518],[-85.2238,34.9534],[-85.2428,34.9582],[-85.2603,34.9659],[-85.2757,34.9763],[-85.2883,34.989],[-85.2977,35.0034],[-85.3034,35.0191],[-85.3054,35.0354],[-85.3034,35.0517],[-85.2976,35.0673],[-85.2882,35.0817],[-85.2756,35.0943],[-85.2602,35.1047],[-85.2427,35.1124],[-85.2237,35.1171],[-85.2039,35.1187]]]}},{"type":"Feature","properties":{"name":"CHATTANOOGA, LOVELL FIELD CLASS C","class":"C","lower":"2200","lower_code":"MSL","upper":"4700"},"geometry":{"type":"Polygon","coordinates":[[[-85.1178,35.0795],[-85.1267,35.0895],[-85.1372,35.0982],[-85.1626,35.1115],[-85.1915,35.1181],[-85.2215,35.1175],[-85.2392,35.1997],[-85.2093,35.2022],[-85.1791,35.201],[-85.1496,35.1962],[-85.1212,35.1877],[-85.0947,35.176],[-85.0705,35.1611],[-85.0493,35.1436],[-85.0316,35.1236],[-85.1178,35.0795]]]}},{"type":"Feature","properties":{"name":"CHATTANOOGA, LOVELL FIELD CLASS C","class":"C","lower":"2600","lower_code":"MSL","upper":"4700"},"geometry":{"type":"Polygon","coordinates":[[[-85.2859,34.9862],[-85.2749,34.9757],[-85.2619,34.9668],[-85.2474,34.9599],[-85.2316,34.955],[-85.215,34.9523],[-85.1981,34.9519],[-85.1813,34.9539],[-85.1653,34.9581],[-85.1459,34.9668],[-85.1294,34.9787],[-85.1162,34.9933],[-85.1073,35.0098],[-85.1029,35.0275],[-85.1032,35.0455],[-85.1082,35.0631],[-85.1178,35.0795],[-85.0316,35.1236],[-85.0181,35.1027],[-85.0084,35.0802],[-85.0018,35.0505],[-85.0018,35.0202],[-85.0085,34.9904],[-85.0216,34.962],[-85.0406,34.9362],[-85.0651,34.9135],[-85.0942,34.8949],[-85.1268,34.8809],[-85.1588,34.8725],[-85.1923,34.8686],[-85.2261,34.8693],[-85.259,34.8746],[-85.2907,34.8844],[-85.3197,34.8983],[-85.3458,34.916],[-85.3679,34.937],[-85.2859,34.9862]]]}},{"type":"Feature","properties":{"name":"CHATTANOOGA, LOVELL FIELD CLASS C","class":"C","lower":"3300","lower_code":"MSL","upper":"4700"},"geometry":{"type":"Polygon","coordinates":[[[-85.2215,35.1175],[-85.246,35.1112],[-85.2678,35.1002],[-85.2855,35.0849],[-85.298,35.0666],[-85.3045,35.0462],[-85.3046,35.0251],[-85.2983,35.0047],[-85.2859,34.9862],[-85.3679,34.937],[-85.3842,34.9588],[-85.3962,34.9821],[-85.4038,35.0067],[-85.4068,35.0319],[-85.4051,35.0574],[-85.3987,35.0822],[-85.3879,35.1059],[-85.3728,35.128],[-85.3467,35.154],[-85.315,35.175],[-85.2786,35.1905],[-85.2392,35.1997],[-85.2215,35.1175]]]}},{"type":"Feature","properties":{"name":"LAKELAND CLASS D","class":"D","lower":"0","lower_code":"SFC","upper":"2600"},"geometry":{"type":"Polygon","coordinates":[[[-82.0303,27.9114],[-82.0214,27.9184],[-82.0164,27.928],[-82.0163,27.9385],[-82.0212,27.9481],[-82.0283,27.9542],[-82.0373,27.9577],[-82.0471,27.9583],[-82.0565,27.9558],[-82.0644,27.9506],[-82.0699,27.9434],[-82.0721,27.9349],[-82.071,27.9262],[-82.0879,27.9411],[-82.0996,27.9596],[-82.1052,27.9801],[-82.1042,28.0013],[-82.0994,28.0162],[-82.0913,28.0299],[-82.0803,28.0419],[-82.0668,28.0518],[-82.0513,28.059],[-82.0345,28.0633],[-82.0171,28.0645],[-81.9997,28.0626],[-81.9841,28.058],[-81.9697,28.0509],[-81.9571,28.0415],[-81.9468,28.0301],[-81.939,28.0172],[-81.9342,28.0032],[-81.9324,27.9887],[-81.9338,27.9741],[-81.9382,27.96],[-81.9456,27.9469],[-81.9556,27.9353],[-81.9679,27.9256],[-81.982,27.9181],[-81.9975,27.9132],[-82.0138,27.9109],[-82.0303,27.9114]]]}},{"type":"Feature","properties":{"name":"BURNS FLAT CLASS D","class":"D","lower":"0","lower_code":"SFC","upper":"4400"},"geometry":{"type":"Polygon","coordinates":[[[-99.2005,35.4266],[-99.1798,35.425],[-99.16,35.42],[-99.1416,35.412],[-99.1256,35.4012],[-99.1124,35.3881],[-99.1026,35.3731],[-99.0966,35.3569],[-99.0946,35.3399],[-99.0966,35.323],[-99.1026,35.3066],[-99.1124,35.2916],[-99.1256,35.2784],[-99.1416,35.2677],[-99.16,35.2596],[-99.1799,35.2547],[-99.2005,35.253],[-99.2213,35.2547],[-99.2411,35.2597],[-99.2594,35.2677],[-99.2754,35.2785],[-99.2886,35.2917],[-99.2984,35.3067],[-99.3044,35.323],[-99.3064,35.3399],[-99.3044,35.3569],[-99.2983,35.3732],[-99.2885,35.3881],[-99.2754,35.4013],[-99.2593,35.412],[-99.241,35.42],[-99.2212,35.425],[-99.2005,35.4266]]]}},{"type":"Feature","properties":{"name":"CALDWELL CLASS D","class":"D","lower":"0","lower_code":"SFC","upper":"2700"},"geometry":{"type":"Polygon","coordinates":[[[-74.3278,40.8167],[-74.3338,40.829],[-74.3428,40.8403],[-74.3545,40.85],[-74.3685,40.8579],[-74.3709,40.8675],[-74.3708,40.8831],[-74.3661,40.8984],[-74.357,40.9124],[-74.344,40.9244],[-74.3276,40.9339],[-74.3089,40.9403],[-74.2887,40.9434],[-74.2681,40.9429],[-74.2483,40.9388],[-74.2301,40.9315],[-74.2146,40.9212],[-74.2026,40.9085],[-74.1966,40.8984],[-74.1927,40.8876],[-74.1913,40.8764],[-74.1922,40.8652],[-74.1956,40.8543],[-74.2012,40.844],[-74.209,40.8345],[-74.2188,40.8261],[-74.243,40.8134],[-74.2712,40.8073],[-74.3006,40.8084],[-74.3278,40.8167]]]}},{"type":"Feature","properties":{"name":"FORT WORTH CLASS D","class":"D","lower":"0","lower_code":"SFC","upper":"3000"},"geometry":{"type":"Polygon","coordinates":[[[-97.2493,33.0584],[-97.252,33.049],[-97.2482,33.0399],[-97.2381,33.0339],[-97.2258,33.034],[-97.2216,33.0269],[-97.2145,33.0081],[-97.2125,32.9884],[-97.2127,32.9845],[-97.2259,32.991],[-97.2412,32.991],[-97.2524,32.9862],[-97.2603,32.9779],[-97.2628,32.9714],[-97.2632,32.9646],[-97.2614,32.958],[-97.2576,32.952],[-97.245,32.9436],[-97.2291,32.942],[-97.2398,32.9301],[-97.2527,32.9198],[-97.2725,32.9093],[-97.2945,32.9026],[-97.3178,32.9001],[-97.341,32.902],[-97.3634,32.9081],[-97.3835,32.9181],[-97.3933,32.9251],[-97.3922,32.934],[-97.3967,32.9421],[-97.4044,32.9468],[-97.4138,32.9478],[-97.4211,32.9622],[-97.4253,32.9774],[-97.4264,32.993],[-97.4242,33.0085],[-97.4189,33.0235],[-97.4107,33.0375],[-97.3996,33.0501],[-97.3862,33.0608],[-97.3708,33.0694],[-97.3537,33.0757],[-97.3357,33.0794],[-97.3172,33.0805],[-97.2988,33.0788],[-97.2809,33.0744],[-97.2643,33.0676],[-97.2493,33.0584]]]}},{"type":"Feature","properties":{"name":"FORT WORTH CLASS D","class":"D","lower":"0","lower_code":"SFC","upper":"3000"},"geometry":{"type":"Polygon","coordinates":[[[-97.4003,32.8613],[-97.4003,32.677],[-97.4295,32.6712],[-97.4596,32.6718],[-97.4884,32.679],[-97.5141,32.6921],[-97.5287,32.7038],[-97.5408,32.7174],[-97.5498,32.7326],[-97.5556,32.7488],[-97.5581,32.7657],[-97.5571,32.7826],[-97.5526,32.7992],[-97.5449,32.8148],[-97.533,32.8126],[-97.5218,32.8168],[-97.517,32.8222],[-97.5152,32.8289],[-97.5166,32.8356],[-97.5211,32.8412],[-97.5033,32.8528],[-97.483,32.8613],[-97.4627,32.8661],[-97.4417,32.8677],[-97.4206,32.8661],[-97.4003,32.8613]]]}},{"type":"Feature","properties":{"name":"MORRISTOWN CLASS D","class":"D","lower":"0","lower_code":"SFC","upper":"2700"},"geometry":{"type":"Polygon","coordinates":[[[-74.4149,40.8677],[-74.3973,40.8664],[-74.3805,40.8625],[-74.3649,40.8562],[-74.3512,40.8477],[-74.3401,40.8373],[-74.3318,40.8255],[-74.3266,40.8127],[-74.3249,40.7994],[-74.3266,40.786],[-74.3318,40.7732],[-74.3401,40.7614],[-74.3513,40.751],[-74.3649,40.7425],[-74.3805,40.7362],[-74.3973,40.7323],[-74.4149,40.731],[-74.4324,40.7323],[-74.4493,40.7362],[-74.4649,40.7425],[-74.4785,40.751],[-74.4897,40.7614],[-74.498,40.7732],[-74.5032,40.7861],[-74.5049,40.7994],[-74.5031,40.8128],[-74.498,40.8256],[-74.4897,40.8374],[-74.4785,40.8477],[-74.4649,40.8562],[-74.4493,40.8625],[-74.4324,40.8664],[-74.4149,40.8677]]]}},{"type":"Feature","properties":{"name":"ELKHART CLASS D","class":"D","lower":"0","lower_code":"SFC","upper":"3300"},"geometry":{"type":"Polygon","coordinates":[[[-86.0089,41.6412],[-86.0023,41.651],[-86.002,41.662],[-86.008,41.672],[-86.0192,41.6791],[-86.0354,41.682],[-86.0514,41.6786],[-86.0633,41.6699],[-86.0667,41.6641],[-86.0681,41.6579],[-86.0861,41.6716],[-86.0978,41.686],[-86.1051,41.7018],[-86.1078,41.7185],[-86.1057,41.7353],[-86.0988,41.7513],[-86.0875,41.7658],[-86.0723,41.7782],[-86.054,41.7879],[-86.0333,41.7945],[-86.0112,41.7975],[-85.9888,41.797],[-85.967,41.7929],[-85.9503,41.787],[-85.9351,41.7789],[-85.9222,41.769],[-85.9118,41.7575],[-85.9042,41.7448],[-85.8998,41.7313],[-85.8987,41.7174],[-85.9008,41.7035],[-85.9061,41.6903],[-85.9146,41.6779],[-85.9258,41.6668],[-85.9394,41.6573],[-85.9551,41.6498],[-85.9723,41.6445],[-85.9904,41.6416],[-86.0089,41.6412]]]}},{"type":"Feature","properties":{"name":"HICKORY CLASS D","class":"D","lower":"0","lower_code":"SFC","upper":"3700"},"geometry":{"type":"Polygon","coordinates":[[[-81.3436,35.6741],[-81.3658,35.6669],[-81.3895,35.6644],[-81.4132,35.6668],[-81.4355,35.6741],[-81.4532,35.664],[-81.5002,35.7187],[-81.4825,35.7288],[-81.4836,35.7445],[-81.4809,35.7599],[-81.4743,35.7746],[-81.4642,35.7879],[-81.4498,35.8002],[-81.4324,35.8095],[-81.4129,35.8155],[-81.3923,35.8179],[-81.3716,35.8165],[-81.3516,35.8114],[-81.3336,35.8029],[-81.3183,35.7914],[-81.3065,35.7774],[-81.2988,35.7617],[-81.2955,35.7449],[-81.2968,35.7279],[-81.3026,35.7116],[-81.3127,35.6967],[-81.3266,35.684],[-81.3436,35.6741]]]}},{"type":"Feature","properties":{"name":"KINSTON CLASS D","class":"D","lower":"0","lower_code":"SFC","upper":"2600"},"geometry":{"type":"Polygon","coordinates":[[[-77.6088,35.3999],[-77.5926,35.3986],[-77.5768,35.3947],[-77.5624,35.3883],[-77.5498,35.3798],[-77.5394,35.3695],[-77.5317,35.3577],[-77.5269,35.3449],[-77.5253,35.3315],[-77.5269,35.3181],[-77.5317,35.3052],[-77.5394,35.2934],[-77.5498,35.283],[-77.5624,35.2745],[-77.5769,35.2682],[-77.5926,35.2643],[-77.6089,35.263],[-77.6251,35.2643],[-77.6408,35.2682],[-77.6553,35.2746],[-77.6679,35.2831],[-77.6783,35.2935],[-77.686,35.3053],[-77.6907,35.3181],[-77.6923,35.3314],[-77.6907,35.3448],[-77.686,35.3577],[-77.6783,35.3695],[-77.6679,35.3798],[-77.6552,35.3884],[-77.6408,35.3947],[-77.6251,35.3986],[-77.6088,35.3999]]]}},{"type":"Feature","properties":{"name":"DOVER CLASS D","class":"D","lower":"0","lower_code":"SFC","upper":"2500"},"geometry":{"type":"Polygon","coordinates":[[[-75.466,39.2113],[-75.4455,39.2097],[-75.4258,39.2051],[-75.4077,39.1975],[-75.3917,39.1873],[-75.3787,39.175],[-75.369,39.1609],[-75.363,39.1456],[-75.361,39.1296],[-75.363,39.1136],[-75.369,39.0983],[-75.3787,39.0842],[-75.3918,39.0717],[-75.4078,39.0615],[-75.4259,39.054],[-75.4456,39.0494],[-75.466,39.0478],[-75.4864,39.0494],[-75.5061,39.054],[-75.5242,39.0616],[-75.5402,39.0718],[-75.5533,39.0842],[-75.5629,39.0983],[-75.5689,39.1137],[-75.5709,39.1296],[-75.5689,39.1456],[-75.5629,39.1609],[-75.5532,39.175],[-75.5401,39.1874],[-75.5242,39.1975],[-75.5061,39.2051],[-75.4864,39.2097],[-75.466,39.2113]]]}},{"type":"Feature","properties":{"name":"APPLETON CLASS D","class":"D","lower":"0","lower_code":"SFC","upper":"3400"},"geometry":{"type":"Polygon","coordinates":[[[-88.5191,44.3314],[-88.4992,44.33],[-88.48,44.3259],[-88.4624,44.3191],[-88.4469,44.3099],[-88.4342,44.2988],[-88.4248,44.2862],[-88.419,44.2725],[-88.417,44.2581],[-88.419,44.2438],[-88.4248,44.23],[-88.4342,44.2174],[-88.447,44.2062],[-88.4624,44.1971],[-88.4801,44.1903],[-88.4992,44.1862],[-88.5191,44.1848],[-88.539,44.1862],[-88.5581,44.1904],[-88.5757,44.1971],[-88.5912,44.2063],[-88.604,44.2174],[-88.6134,44.2301],[-88.6192,44.2439],[-88.6211,44.2582],[-88.6191,44.2725],[-88.6133,44.2862],[-88.6039,44.2989],[-88.5912,44.31],[-88.5757,44.3191],[-88.5581,44.3259],[-88.539,44.33],[-88.5191,44.3314]]]}},{"type":"Feature","properties":{"name":"BEDFORD CLASS D","class":"D","lower":"0","lower_code":"SFC","upper":"2600"},"geometry":{"type":"Polygon","coordinates":[[[-71.289,42.5483],[-71.2684,42.5468],[-71.2485,42.5424],[-71.2302,42.5351],[-71.2141,42.5254],[-71.201,42.5135],[-71.1912,42.5],[-71.1852,42.4853],[-71.1832,42.47],[-71.1852,42.4547],[-71.1912,42.44],[-71.201,42.4264],[-71.2142,42.4145],[-71.2302,42.4048],[-71.2486,42.3975],[-71.2684,42.3931],[-71.289,42.3916],[-71.3096,42.3931],[-71.3295,42.3976],[-71.3479,42.4048],[-71.3639,42.4146],[-71.377,42.4265],[-71.3868,42.44],[-71.3928,42.4548],[-71.3948,42.47],[-71.3928,42.4854],[-71.3868,42.5],[-71.377,42.5135],[-71.3638,42.5254],[-71.3478,42.5351],[-71.3295,42.5423],[-71.3097,42.5468],[-71.289,42.5483]]]}},{"type":"Feature","properties":{"name":"JACKSONVILLE CLASS D","class":"D","lower":"0","lower_code":"SFC","upper":"2500"},"geometry":{"type":"Polygon","coordinates":[[[-77.4397,34.7919],[-77.42,34.7903],[-77.401,34.7856],[-77.3836,34.7779],[-77.3682,34.7675],[-77.3556,34.7548],[-77.3463,34.7404],[-77.3405,34.7248],[-77.3386,34.7085],[-77.3405,34.6922],[-77.3463,34.6765],[-77.3556,34.6621],[-77.3682,34.6494],[-77.3836,34.639],[-77.401,34.6313],[-77.42,34.6266],[-77.4397,34.625],[-77.4595,34.6266],[-77.4784,34.6313],[-77.4959,34.6391],[-77.5112,34.6494],[-77.5238,34.6621],[-77.5331,34.6766],[-77.5388,34.6923],[-77.5407,34.7085],[-77.5388,34.7249],[-77.533,34.7405],[-77.5237,34.7549],[-77.5111,34.7675],[-77.4958,34.7779],[-77.4783,34.7856],[-77.4594,34.7903],[-77.4397,34.7919]]]}},{"type":"Feature","properties":{"name":"NANTUCKET CLASS D","class":"D","lower":"0","lower_code":"SFC","upper":"2500"},"geometry":{"type":"Polygon","coordinates":[[[-70.151,41.2802],[-70.1441,41.2825],[-70.1432,41.2859],[-70.1455,41.289],[-70.1323,41.3028],[-70.1192,41.3118],[-70.1042,41.3189],[-70.0876,41.3238],[-70.0702,41.3263],[-70.0525,41.3264],[-70.0351,41.3241],[-70.0185,41.3195],[-70.0033,41.3127],[-69.99,41.3039],[-69.979,41.2933],[-69.9708,41.2816],[-69.9655,41.2688],[-69.9633,41.2556],[-69.9644,41.2422],[-69.9696,41.2273],[-69.9788,41.2136],[-69.9915,41.2016],[-70.0074,41.1919],[-70.0255,41.1848],[-70.0453,41.1808],[-70.0656,41.18],[-70.0858,41.1825],[-70.1049,41.188],[-70.1219,41.1964],[-70.1363,41.2074],[-70.1474,41.2203],[-70.1546,41.2348],[-70.1576,41.25],[-70.1564,41.2654],[-70.151,41.2802]]]}},{"type":"Feature","properties":{"name":"NEW BERN CLASS D","class":"D","lower":"0","lower_code":"SFC","upper":"2500"},"geometry":{"type":"Polygon","coordinates":[[[-77.043,35.1446],[-77.026,35.1433],[-77.0096,35.1392],[-76.9945,35.1325],[-76.9813,35.1236],[-76.9704,35.1128],[-76.9624,35.1004],[-76.9574,35.0869],[-76.9557,35.0729],[-76.9574,35.0589],[-76.9624,35.0454],[-76.9704,35.033],[-76.9813,35.0221],[-76.9945,35.0132],[-77.0096,35.0065],[-77.0261,35.0024],[-77.0431,35.0011],[-77.0601,35.0025],[-77.0765,35.0066],[-77.0916,35.0132],[-77.1048,35.0221],[-77.1157,35.0331],[-77.1237,35.0454],[-77.1287,35.0589],[-77.1303,35.0729],[-77.1286,35.0869],[-77.1237,35.1004],[-77.1156,35.1127],[-77.1048,35.1236],[-77.0915,35.1326],[-77.0764,35.1392],[-77.0601,35.1433],[-77.043,35.1446]]]}}]}