{"type":"FeatureCollection","features":[{"type":"Feature","properties":{},"geometry":{"type":"LineString","coordinates":[[-81.32231,24.68506],[-81.42007,24.75],[-81.37905,24.66626],[-81.37905,24.63628],[-81.3648,24.62993],[-81.33481,24.65049],[-81.32231,24.68506]]}},{"type":"Feature","properties":{},"geometry":{"type":"LineString","coordinates":[[-80.79941,24.84629],[-80.83887,24.81787],[-80.84834,24.80366],[-80.78677,24.82105],[-80.79941,24.84629]]}},{"type":"Feature","properties":{},"geometry":{"type":"LineString","coordinates":[[-80.62568,24.94111],[-80.66514,24.89844],[-80.63828,24.90317],[-80.6146,24.93794],[-80.62568,24.94111]]}},{"type":"Feature","properties":{},"geometry":{"type":"LineString","coordinates":[[-168.99605,63.34731],[-169.42759,63.34834],[-169.55454,63.37349],[-169.62412,63.43057],[-170.01738,63.49175],[-170.12183,63.61753],[-170.29936,63.68062],[-170.43042,63.69883],[-170.67251,63.66885],[-170.87461,63.59399],[-171.03486,63.5855],[-171.19692,63.60913],[-171.44785,63.61567],[-171.46304,63.64004],[-171.64648,63.727],[-171.74639,63.70308],[-171.81792,63.52983],[-171.81939,63.47725],[-171.79097,63.42471],[-171.63184,63.35122],[-171.51914,63.33198],[-171.40117,63.33926],[-171.06123,63.4459],[-170.95405,63.45293],[-170.5271,63.3793],[-170.27271,63.28428],[-170.24311,63.23228],[-170.1896,63.19634],[-169.98848,63.17314],[-169.8186,63.12236],[-169.77778,63.09375],[-169.71982,62.99009],[-169.67637,62.9561],[-169.57129,62.99678],[-169.55928,63.0582],[-169.47085,63.12129],[-169.3647,63.17114],[-169.10903,63.18491],[-168.85239,63.17124],[-168.76133,63.21377],[-168.71602,63.3106],[-168.99605,63.34731]]}},{"type":"Feature","properties":{},"geometry":{"type":"LineString","coordinates":[[-165.63057,60.02837],[-165.71235,60.06934],[-165.7144,60.17285],[-165.68936,60.22412],[-165.6958,60.28154],[-165.72969,60.31421],[-165.84092,60.34624],[-166.04365,60.33394],[-166.18496,60.39678],[-166.36387,60.36475],[-166.47568,60.38276],[-166.59897,60.33877],[-166.73096,60.31626],[-166.78438,60.29644],[-166.83633,60.21699],[-167.25171,60.23354],[-167.43643,60.20664],[-167.29512,60.0957],[-167.13887,60.00854],[-166.98506,59.98389],[-166.62764,59.86465],[-166.26162,59.81489],[-166.14873,59.76411],[-166.10669,59.77544],[-166.1312,59.81977],[-166.09985,59.84961],[-165.94673,59.89004],[-165.5918,59.91313],[-165.63057,60.02837]]}},{"type":"Feature","properties":{},"geometry":{"type":"LineString","coordinates":[[-163.27451,54.76558],[-163.33691,54.7832],[-163.37895,54.81553],[-163.47602,54.98071],[-163.55303,55.03784],[-163.60747,55.05083],[-163.80713,55.04907],[-164.14507,54.95513],[-164.27368,54.90005],[-164.47861,54.90684],[-164.52979,54.88086],[-164.7062,54.69199],[-164.88765,54.60781],[-164.90395,54.54478],[-164.86616,54.46138],[-164.82344,54.41909],[-164.59082,54.40435],[-164.40352,54.44785],[-164.23462,54.57134],[-164.17129,54.60303],[-164.07329,54.621],[-163.58301,54.62568],[-163.53086,54.63833],[-163.3581,54.73569],[-163.08325,54.66899],[-163.13506,54.72329],[-163.27451,54.76558]]}},{"type":"Feature","properties":{},"geometry":{"type":"MultiLineString","coordinates":[[[-76.34985,18.15186],[-76.70073,18.25718],[-76.79326,18.3043],[-76.9082,18.39043],[-77.13955,18.42148],[-77.26148,18.45742],[-77.45161,18.46704],[-77.87344,18.52222],[-77.97817,18.46782],[-78.09453,18.44482],[-78.2167,18.4481],[-78.32598,18.34976],[-78.3395,18.28721],[-78.29409,18.21807],[-78.07363,18.19116],[-78.04448,18.17383],[-77.96299,18.04756],[-77.86205,18.0]],[[-76.25191,18.0],[-76.34985,18.15186]]]}},{"type":"Feature","properties":{},"geometry":{"type":"LineString","coordinates":[[-66.0,18.45976],[-66.09268,18.46899],[-66.06841,18.42803],[-66.09849,18.42519],[-66.15308,18.47065],[-66.18857,18.47578],[-66.81289,18.49253],[-67.05962,18.52217],[-67.15864,18.49922],[-67.17178,18.43579],[-67.26406,18.3646],[-67.17246,18.22422],[-67.19605,18.0]]}},{"type":"Feature","properties":{},"geometry":{"type":"LineString","coordinates":[[-152.41147,57.64609],[-152.48262,57.70332],[-152.4854,57.73442],[-152.41914,57.78232],[-152.41191,57.80591],[-152.42876,57.82568],[-152.51157,57.85146],[-152.61602,57.84888],[-152.89082,57.76899],[-152.89805,57.82393],[-152.85039,57.89678],[-152.94326,57.93603],[-153.16045,57.97197],[-153.22593,57.95762],[-153.16885,57.91065],[-153.1752,57.87886],[-153.20102,57.86328],[-153.20029,57.82002],[-153.21748,57.79575],[-153.39043,57.79839],[-153.48794,57.73096],[-153.52446,57.73101],[-153.66265,57.85781],[-153.69561,57.87124],[-153.80581,57.8751],[-153.90444,57.81987],[-153.9061,57.79077],[-153.87944,57.75718],[-153.69316,57.66343],[-153.69014,57.64072],[-153.83813,57.63584],[-153.81836,57.5956],[-153.7978,57.44326],[-153.75693,57.36685],[-153.68769,57.30513],[-153.80542,57.3582],[-153.94736,57.53008],[-154.00791,57.55615],[-154.01587,57.5669],[-153.99502,57.58731],[-154.02983,57.63071],[-154.11616,57.65122],[-154.28144,57.63809],[-154.38706,57.59048],[-154.5353,57.55942],[-154.67319,57.44609],[-154.71221,57.36626],[-154.70596,57.33535],[-154.56934,57.20591],[-154.49878,57.03657],[-154.33897,56.9209],[-154.26094,56.91177],[-154.18433,57.00532],[-154.19082,57.03613],[-154.23921,57.08687],[-154.26953,57.09946],[-154.3811,57.09653],[-154.32441,57.13179],[-154.24375,57.14302],[-154.03506,57.12183],[-154.02544,57.1085],[-154.10298,57.02124],[-153.99937,57.04995],[-153.87974,57.00352],[-153.79321,56.9895],[-154.07085,56.82065],[-154.05078,56.78848],[-153.9727,56.77422],[-153.75723,56.85835],[-153.64331,56.96074],[-153.63145,56.98369],[-153.64653,57.02959],[-153.73257,57.05234],[-153.58828,57.07769],[-153.52441,57.10308],[-153.50356,57.13799],[-153.4437,57.16719],[-153.27436,57.22637],[-153.05161,57.23765],[-152.99028,57.28198],[-152.87905,57.3208],[-152.78911,57.32065],[-152.67905,57.34512],[-152.71953,57.41084],[-152.78135,57.45342],[-152.99746,57.46894],[-152.94077,57.4981],[-152.83115,57.50288],[-152.41221,57.45479],[-152.33667,57.48223],[-152.21621,57.577],[-152.21528,57.5977],[-152.23652,57.61489],[-152.41147,57.64609]]}},{"type":"Feature","properties":{},"geometry":{"type":"LineString","coordinates":[[-152.16548,58.17827],[-152.10908,58.16113],[-152.0689,58.17793],[-151.98252,58.24434],[-151.97437,58.30986],[-152.07852,58.31235],[-152.12524,58.37427],[-152.19795,58.36309],[-152.31626,58.41348],[-152.34302,58.41162],[-152.38076,58.3521],[-152.54355,58.42817],[-152.67466,58.45059],[-152.84111,58.41641],[-152.84394,58.39561],[-152.7687,58.3456],[-152.77187,58.27856],[-152.97612,58.29702],[-153.11582,58.23853],[-153.38135,58.08721],[-152.92842,57.9937],[-152.78154,58.01592],[-152.68306,58.06333],[-152.59824,58.1626],[-152.57134,58.16821],[-152.5582,58.1186],[-152.53765,58.10098],[-152.45161,58.12925],[-152.30923,58.13389],[-152.30523,58.15405],[-152.33437,58.20806],[-152.26836,58.25171],[-152.16548,58.17827]]}},{"type":"Feature","properties":{},"geometry":{"type":"LineString","coordinates":[[-130.9978,55.72764],[-131.12065,55.85664],[-131.23618,55.94897],[-131.26924,55.95537],[-131.62495,55.83169],[-131.64756,55.58555],[-131.84609,55.41626],[-131.81099,55.2231],[-131.7625,55.16582],[-131.64131,55.29893],[-131.52183,55.34106],[-131.44756,55.40879],[-131.42236,55.36841],[-131.45093,55.31631],[-131.4207,55.27588],[-131.31631,55.26851],[-131.26187,55.21977],[-131.18789,55.2063],[-131.08276,55.2668],[-131.01392,55.3793],[-130.97915,55.48916],[-130.96597,55.66953],[-130.9978,55.72764]]}},{"type":"Feature","properties":{},"geometry":{"type":"LineString","coordinates":[[-132.46865,54.93794],[-132.34131,54.90723],[-132.26631,54.80234],[-132.18926,54.73486],[-132.13433,54.71255],[-132.02168,54.72632],[-131.98086,54.80483],[-131.99658,54.90142],[-131.97759,54.96948],[-132.00039,55.03384],[-131.97642,55.20859],[-132.00508,55.23062],[-132.20669,55.22441],[-132.21489,55.23677],[-132.1584,55.2998],[-132.16025,55.323],[-132.21528,55.38354],[-132.27202,55.39863],[-132.41787,55.48291],[-132.5916,55.46435],[-132.6313,55.47319],[-132.58174,55.50264],[-132.52886,55.59048],[-132.51128,55.59394],[-132.2959,55.50747],[-132.17271,55.48062],[-132.28887,55.5581],[-132.43018,55.68701],[-132.49697,55.7981],[-132.59761,55.89502],[-132.75757,55.99502],[-133.09663,56.09004],[-133.07544,56.15586],[-133.08174,56.19419],[-133.1437,56.27856],[-133.20298,56.31982],[-133.37661,56.31777],[-133.56611,56.33921],[-133.59863,56.31626],[-133.59443,56.21636],[-133.54409,56.17651],[-133.53086,56.14565],[-133.75518,55.99946],[-133.74253,55.96484],[-133.68423,55.94277],[-133.53862,55.99927],[-133.37124,56.03589],[-133.28921,56.0187],[-133.2415,55.9208],[-133.3085,55.88647],[-133.32212,55.84463],[-133.41172,55.79834],[-133.58408,55.83652],[-133.68018,55.78516],[-133.55327,55.69116],[-133.36899,55.68897],[-133.29824,55.60688],[-133.24375,55.59541],[-133.08965,55.6126],[-133.0334,55.5897],[-133.07842,55.53491],[-133.08247,55.5041],[-132.95889,55.39556],[-132.9708,55.37617],[-133.10303,55.36025],[-133.11855,55.32764],[-133.0606,55.30093],[-132.9126,55.18848],[-132.78232,55.04849],[-132.70415,55.03008],[-132.68286,55.07393],[-132.70176,55.13052],[-132.66533,55.14678],[-132.62217,55.13594],[-132.62695,55.11006],[-132.58848,55.05234],[-132.59385,54.99575],[-132.54936,54.95259],[-132.46865,54.93794]]}},{"type":"Feature","properties":{},"geometry":{"type":"LineString","coordinates":[[-133.97944,57.00957],[-133.82305,56.92437],[-133.68096,56.79751],[-133.68818,56.71001],[-133.64927,56.5168],[-133.60278,56.46411],[-133.48418,56.45176],[-133.38276,56.47388],[-133.21265,56.4646],[-133.15815,56.49517],[-133.14473,56.52822],[-133.15664,56.61113],[-133.22725,56.68926],[-133.2397,56.72568],[-133.30908,56.78623],[-133.32896,56.83008],[-133.24399,56.79585],[-133.13237,56.68325],[-133.03491,56.62075],[-133.0041,56.62373],[-132.95918,56.67705],[-132.95415,56.88027],[-132.99624,56.93042],[-133.0708,56.97427],[-133.26352,57.00498],[-133.29971,56.97217],[-133.36621,57.00352],[-133.70772,57.06284],[-133.86597,57.0687],[-133.96235,57.04346],[-133.97944,57.00957]]}},{"type":"Feature","properties":{},"geometry":{"type":"LineString","coordinates":[[-134.88486,57.2417],[-134.96977,57.35142],[-135.06523,57.4167],[-135.13066,57.43164],[-135.34629,57.5331],[-135.44868,57.53437],[-135.4873,57.5165],[-135.56963,57.42471],[-135.58057,57.38999],[-135.62451,57.35439],[-135.78711,57.31728],[-135.82275,57.28042],[-135.82114,57.23042],[-135.76773,57.10039],[-135.81231,57.00952],[-135.66187,57.03374],[-135.60894,57.07144],[-135.50195,57.24385],[-135.45493,57.24941],[-135.37529,57.18843],[-135.34136,57.08159],[-135.26738,57.04888],[-135.21123,57.04492],[-135.19961,57.02734],[-135.31514,56.93184],[-135.33838,56.89399],[-135.33061,56.82187],[-135.28481,56.80034],[-135.16314,56.82412],[-135.14658,56.80234],[-135.15903,56.72539],[-135.01782,56.66016],[-134.88345,56.67905],[-134.8751,56.67046],[-134.96665,56.59614],[-134.98057,56.51895],[-134.95015,56.45684],[-134.80644,56.28125],[-134.68188,56.21616],[-134.654,56.22749],[-134.63003,56.30244],[-134.63169,56.43565],[-134.65708,56.52324],[-134.65171,56.55606],[-134.61055,56.60342],[-134.6207,56.71831],[-134.76851,57.0542],[-134.88486,57.2417]]}},{"type":"Feature","properties":{},"geometry":{"type":"LineString","coordinates":[[-134.10005,57.3001],[-133.92529,57.33677],[-133.91113,57.35254],[-133.90884,57.3687],[-133.97373,57.45137],[-133.92085,57.49199],[-133.93701,57.58159],[-134.26709,57.88452],[-134.30039,57.96343],[-134.30688,58.03437],[-134.24995,58.04917],[-134.18027,58.01113],[-134.17754,57.98218],[-134.10474,57.87935],[-134.03164,57.82061],[-133.925,57.6708],[-133.8269,57.61758],[-133.9041,57.78921],[-133.96553,57.87378],[-134.07017,57.99453],[-134.24009,58.14399],[-134.42612,58.13882],[-134.68027,58.16167],[-134.83696,58.32017],[-134.92349,58.35464],[-134.93311,58.32896],[-134.90767,58.26279],[-134.78149,58.07783],[-134.65986,57.63809],[-134.48677,57.48203],[-134.48921,57.42017],[-134.57588,57.23174],[-134.61953,57.19551],[-134.5915,57.09199],[-134.51602,57.04258],[-134.4353,57.05698],[-134.26016,57.14678],[-134.10005,57.3001]]}},{"type":"Feature","properties":{},"geometry":{"type":"LineString","coordinates":[[-135.69194,57.41992],[-135.61782,57.48037],[-135.60854,57.65073],[-135.56421,57.66641],[-135.49785,57.66226],[-135.22021,57.57363],[-135.08486,57.51103],[-134.93149,57.48115],[-134.8731,57.58921],[-134.89663,57.648],[-134.97886,57.72436],[-135.24956,57.73257],[-135.33848,57.76865],[-135.2312,57.81582],[-135.10259,57.79365],[-134.97065,57.81724],[-134.92798,57.95278],[-134.95469,58.01533],[-135.0021,58.05107],[-135.16284,58.09585],[-135.34663,58.12412],[-135.42119,58.10239],[-135.61323,57.99185],[-135.67114,58.01191],[-135.69312,58.03852],[-135.61538,58.05747],[-135.5875,58.14678],[-135.78706,58.26851],[-135.88174,58.24717],[-135.94741,58.20581],[-136.09438,58.19814],[-136.14233,58.15391],[-136.14375,58.09849],[-136.32197,58.2189],[-136.36953,58.14307],[-136.5123,58.096],[-136.5686,57.97217],[-136.45991,57.8731],[-136.07661,57.67456],[-135.99668,57.53486],[-135.91079,57.44658],[-135.69194,57.41992]]}},{"type":"Feature","properties":{},"geometry":{"type":"LineString","coordinates":[[-128.76646,52.59839],[-128.73555,52.46773],[-128.73091,52.35654],[-128.67896,52.28965],[-128.62402,52.33989],[-128.57681,52.45181],[-128.50991,52.5186],[-128.50654,52.6207],[-128.55244,52.93975],[-128.63267,53.1125],[-128.85772,53.22856],[-128.97021,53.27437],[-129.03325,53.27993],[-129.06035,53.24063],[-129.11108,53.09067],[-129.17769,53.01792],[-129.17593,52.96494],[-129.09487,52.89185],[-129.08472,52.82246],[-129.02285,52.75596],[-128.8998,52.67383],[-128.8312,52.67881],[-128.74634,52.76338],[-128.76646,52.59839]]}},{"type":"Feature","properties":{},"geometry":{"type":"LineString","coordinates":[[-132.34727,53.18921],[-132.01133,53.26519],[-131.95742,53.30869],[-131.92808,53.3792],[-131.92231,53.58789],[-131.88916,53.71397],[-131.82114,53.8415],[-131.70254,53.98638],[-131.66763,54.14136],[-131.69595,54.14316],[-131.81963,54.07734],[-131.94082,54.04199],[-132.13442,54.03428],[-132.11401,53.86016],[-132.15225,53.80698],[-132.18696,53.68481],[-132.53467,53.65171],[-132.56714,53.66396],[-132.56489,53.68765],[-132.2145,53.81475],[-132.15513,53.87519],[-132.16611,53.95522],[-132.26162,54.07632],[-132.34443,54.10605],[-132.56406,54.06865],[-132.65552,54.12749],[-133.04839,54.15894],[-133.06387,54.14404],[-133.09795,54.00561],[-133.07949,53.83701],[-133.05225,53.77813],[-132.91338,53.6292],[-132.898,53.56269],[-132.84502,53.50771],[-132.67017,53.45859],[-132.425,53.33696],[-132.69258,53.36787],[-132.74751,53.3105],[-132.52046,53.19404],[-132.34727,53.18921]]}},{"type":"Feature","properties":{},"geometry":{"type":"LineString","coordinates":[[-131.11616,52.21909],[-131.14263,52.29111],[-131.31992,52.30308],[-131.32705,52.31753],[-131.25996,52.39004],[-131.25972,52.41592],[-131.42998,52.42212],[-131.4439,52.45332],[-131.59058,52.57822],[-131.5728,52.62334],[-131.45523,52.70171],[-131.6106,52.74522],[-131.72729,52.7564],[-131.90439,52.8667],[-131.97178,52.87983],[-131.87969,52.91465],[-131.79526,52.88506],[-131.63467,52.92217],[-131.62217,53.02007],[-131.65234,53.10298],[-131.75371,53.19556],[-131.89311,53.23145],[-132.03594,53.17915],[-132.15391,53.1605],[-132.34541,53.13608],[-132.54678,53.1375],[-132.50483,53.08672],[-132.4687,53.07187],[-132.14375,52.99932],[-132.14492,52.95747],[-132.25811,52.93389],[-132.23857,52.8668],[-132.16509,52.7833],[-132.09224,52.75278],[-131.80967,52.5417],[-131.56206,52.39995],[-131.51113,52.32207],[-131.42188,52.23799],[-131.22153,52.15361],[-131.11616,52.21909]]}},{"type":"Feature","properties":{},"geometry":{"type":"LineString","coordinates":[[-72.1019,41.01504],[-72.15127,41.05147],[-72.18389,41.04678],[-72.28745,41.02407],[-72.5166,40.91479],[-72.58086,40.92134],[-72.27412,41.15303],[-72.37256,41.12554],[-72.6251,40.99185],[-73.03379,40.96597],[-73.18584,40.92983],[-73.27817,40.92422],[-73.3727,40.9438],[-73.57383,40.91963],[-73.64282,40.88125],[-73.65225,40.83804],[-73.69522,40.87002],[-73.87925,40.79165],[-73.96455,40.72534],[-74.03203,40.63867],[-74.01489,40.5812],[-73.929,40.59883],[-73.8752,40.65161],[-73.82266,40.65596],[-73.79917,40.64097],[-73.80132,40.62178],[-73.89956,40.57051],[-73.6209,40.5999],[-73.26553,40.66357],[-73.19429,40.6542],[-72.55557,40.82578],[-71.90322,41.06069],[-72.1019,41.01504]]}},{"type":"Feature","properties":{},"geometry":{"type":"LineString","coordinates":[[-74.51314,20.38457],[-74.73208,20.57319],[-74.88257,20.65064],[-74.95972,20.67266],[-75.21328,20.71387],[-75.33813,20.70161],[-75.64277,20.7335],[-75.72456,20.71455],[-75.75298,20.73618],[-75.7604,20.77554],[-75.74023,20.81196],[-75.59727,20.83765],[-75.66294,20.89814],[-75.5958,20.99468],[-75.63374,21.06133],[-75.72295,21.11104],[-76.07363,21.13345],[-76.25923,21.22739],[-76.45518,21.27363],[-76.64741,21.28452],[-76.68852,21.34043],[-76.72607,21.35889],[-76.76499,21.3624],[-76.86743,21.33042],[-76.83633,21.39951],[-77.09863,21.58901],[-77.20791,21.47886],[-77.25288,21.4835],[-77.26958,21.53789],[-77.36616,21.61265],[-77.18125,21.59766],[-77.14414,21.6436],[-77.29951,21.71226],[-77.49727,21.87163],[-77.58315,21.88926],[-77.49712,21.78833],[-77.54512,21.77461],[-77.63682,21.79736],[-77.86504,21.90059],[-78.14311,22.10942],[-78.68648,22.36685],[-78.71924,22.35806],[-78.9019,22.396],[-79.18301,22.38789],[-79.27568,22.40762],[-79.54922,22.57778],[-79.67666,22.74307],[-79.85073,22.8272],[-79.82026,22.88701],[-79.92354,22.86914],[-79.95991,22.8769],[-80.07524,22.94233],[-80.36489,22.94341],[-80.55049,23.0166],[-80.65015,23.10308],[-81.00767,23.08984],[-81.14463,23.05493],[-81.17861,23.05967],[-81.27163,23.12861],[-81.26235,23.15684],[-81.36362,23.12969],[-81.57544,23.1165],[-82.10137,23.19043],[-82.35054,23.15395],[-82.66582,23.04356],[-83.25781,22.96758],[-84.04492,22.66602],[-84.12178,22.61856],[-84.28135,22.47422],[-84.36128,22.37891],[-84.38301,22.25557],[-84.32637,22.07432],[-84.37314,22.03594],[-84.53276,22.03115],[-84.87725,21.89414],[-84.88721,21.85698],[-84.83823,21.82793],[-84.6269,21.92036],[-84.50137,21.93027],[-84.49092,21.8543],[-84.50259,21.77617],[-84.24067,21.89834],[-84.03096,21.94311],[-83.99805,21.98013],[-83.93272,22.14966],[-83.90073,22.17012],[-83.68662,22.17993],[-83.60151,22.20874],[-83.54404,22.20894],[-83.48594,22.18711],[-83.37964,22.223],[-83.29214,22.30322],[-83.14375,22.38648],[-83.00942,22.51401],[-82.86123,22.59512],[-82.73804,22.68926],[-81.83882,22.67246],[-81.74565,22.63291],[-81.70273,22.5919],[-81.68325,22.53481],[-81.71035,22.49668],[-81.75708,22.46675],[-82.07773,22.3877],[-81.97261,22.29087],[-81.84941,22.21367],[-81.81621,22.2002],[-81.44111,22.18379],[-81.35527,22.1041],[-81.28437,22.10942],[-81.22241,22.14292],[-81.1855,22.26797],[-81.14141,22.20693],[-81.11665,22.13423],[-81.03565,22.07358],[-80.96191,22.05288],[-80.49907,22.06352],[-80.48545,22.12344],[-80.31069,21.9334],[-80.23135,21.87217],[-79.9103,21.74258],[-79.35742,21.58516],[-79.18921,21.55283],[-78.82295,21.61895],[-78.72769,21.59273],[-78.63648,21.51553],[-78.57656,21.41382],[-78.53726,21.29683],[-78.49077,21.05371],[-78.40635,20.97388],[-78.31387,20.92749],[-78.11636,20.76187],[-77.99731,20.71538],[-77.46704,20.6895],[-77.22959,20.64375],[-77.18896,20.55996],[-77.10791,20.49165],[-77.09302,20.45293],[-77.10381,20.40752],[-77.14941,20.34727],[-77.21338,20.30039],[-77.55376,20.08213],[-77.71509,19.85547],[-77.46318,19.86138],[-77.21196,19.89375],[-76.99946,19.89282],[-76.77974,19.94019],[-76.15845,19.98975],[-75.76514,19.9604],[-75.55195,19.89111],[-75.29048,19.89312],[-75.21943,19.92363],[-75.1773,19.95938],[-75.15161,20.00835],[-75.12197,19.95391],[-75.11641,19.90142],[-75.00317,19.92856],[-74.85005,20.0023],[-74.63477,20.05815],[-74.25283,20.07969],[-74.15371,20.16856],[-74.13682,20.23193],[-74.16748,20.29219],[-74.19849,20.31148],[-74.23389,20.32642],[-74.2728,20.31738],[-74.38438,20.33047],[-74.51314,20.38457]]}},{"type":"Feature","properties":{},"geometry":{"type":"LineString","coordinates":[[-123.41548,48.69819],[-123.45796,48.67441],[-123.47285,48.60229],[-123.49702,48.58208],[-123.62656,48.82402],[-123.7523,48.95122],[-123.82002,49.0835],[-123.9958,49.22402],[-124.18589,49.30059],[-124.64287,49.42866],[-124.83061,49.53008],[-124.93066,49.64316],[-124.93242,49.67046],[-124.90464,49.68535],[-124.93467,49.73164],[-125.2332,50.01221],[-125.42046,50.25464],[-125.48208,50.3168],[-125.53433,50.34248],[-125.83916,50.38081],[-126.20386,50.45386],[-126.70093,50.51553],[-127.19731,50.64038],[-127.71304,50.82075],[-127.91807,50.86055],[-128.10132,50.85776],[-128.24155,50.82817],[-128.30083,50.79414],[-128.34605,50.74424],[-128.3499,50.69658],[-128.26743,50.60928],[-128.13565,50.52056],[-128.05835,50.49849],[-127.8647,50.49888],[-127.73115,50.53574],[-127.75146,50.60737],[-127.46592,50.58311],[-127.529,50.53677],[-127.48652,50.40464],[-127.57812,50.46494],[-127.64141,50.4791],[-127.83154,50.47104],[-127.90586,50.44521],[-127.96294,50.346],[-127.94668,50.32622],[-127.85083,50.31372],[-127.83916,50.29321],[-127.82817,50.21143],[-127.873,50.1501],[-127.86392,50.12773],[-127.77046,50.12114],[-127.67485,50.16333],[-127.46714,50.16343],[-127.34941,50.05195],[-127.29004,50.07085],[-127.26841,50.12935],[-127.2498,50.13799],[-127.21567,50.12148],[-127.17964,50.07314],[-127.20752,49.99243],[-127.1959,49.94917],[-127.11431,49.87974],[-126.9771,49.88281],[-126.90332,49.94414],[-126.6831,49.87647],[-126.59287,49.76411],[-126.52524,49.71958],[-126.46279,49.72022],[-126.40317,49.67773],[-126.34756,49.66084],[-126.13408,49.67231],[-126.15781,49.65015],[-126.44277,49.61929],[-126.54189,49.59048],[-126.56372,49.54326],[-126.54854,49.41895],[-126.49985,49.39995],[-126.44453,49.45112],[-126.4186,49.44902],[-126.30449,49.38203],[-126.27964,49.39219],[-126.26973,49.43189],[-126.2436,49.44268],[-126.16885,49.41519],[-126.09985,49.42129],[-126.02031,49.36802],[-125.9354,49.40147],[-125.98384,49.28789],[-125.95166,49.24805],[-125.83545,49.27666],[-125.72803,49.19985],[-125.64424,49.18579],[-125.7023,49.13921],[-125.82852,49.09185],[-125.6605,49.02915],[-125.54312,48.95283],[-125.48945,48.93379],[-125.4603,48.94106],[-125.36274,48.99824],[-125.16821,48.99102],[-124.92734,49.01421],[-124.86831,49.07852],[-124.81265,49.21265],[-124.80024,49.14155],[-124.84966,49.02827],[-125.13569,48.82241],[-125.1207,48.76079],[-125.01724,48.71148],[-124.6894,48.59731],[-124.11523,48.43643],[-123.57314,48.3228],[-123.4459,48.42725],[-123.33452,48.40649],[-123.31064,48.41103],[-123.28379,48.45518],[-123.41548,48.69819]]}},{"type":"Feature","properties":{},"geometry":{"type":"MultiLineString","coordinates":[[[-68.68477,18.90479],[-68.90137,18.98848],[-69.16304,19.02847],[-69.50835,19.10762],[-69.62363,19.11782],[-69.60596,19.20649],[-69.32275,19.20107],[-69.26426,19.22568],[-69.23247,19.27183],[-69.32495,19.32773],[-69.7394,19.29922],[-69.82344,19.36714],[-69.87832,19.47329],[-69.89121,19.58975],[-69.95684,19.67188],[-70.01406,19.67295],[-70.12944,19.63613],[-70.19385,19.63804],[-70.30474,19.67607],[-70.43643,19.77124],[-70.63618,19.77564],[-70.83389,19.88726],[-70.95415,19.91397],[-71.28135,19.84736],[-71.4417,19.89399],[-71.55776,19.89536],[-71.66738,19.84863],[-71.73511,19.73511],[-71.83472,19.69673],[-71.9543,19.72168],[-72.21982,19.74463],[-72.63701,19.90088],[-72.87651,19.92808],[-73.11777,19.90381],[-73.31533,19.85459],[-73.40054,19.80742],[-73.43838,19.72212],[-73.39634,19.65869],[-73.31553,19.63731],[-73.05273,19.61074],[-72.70322,19.44106],[-72.76797,19.24063],[-72.74121,19.13135],[-72.81108,19.07158],[-72.64912,18.89414],[-72.46523,18.74356],[-72.34766,18.67495],[-72.34673,18.62373],[-72.37607,18.57446],[-72.41812,18.55869],[-72.61807,18.55078],[-72.696,18.46821],[-72.78936,18.43481],[-73.5916,18.52236],[-73.68701,18.56533],[-73.8625,18.57544],[-74.22773,18.66269],[-74.3875,18.62471],[-74.47813,18.45],[-74.45996,18.39307],[-74.41904,18.34619],[-74.19463,18.26919],[-74.0854,18.21514],[-73.88496,18.0419],[-73.83916,18.0582],[-73.82471,18.12178],[-73.74731,18.19023],[-73.64404,18.22905],[-73.51484,18.24536],[-73.38516,18.25117],[-72.87666,18.15176],[-72.6333,18.17622],[-72.50356,18.21992],[-72.05986,18.22856],[-71.94609,18.18608],[-71.70833,18.0]],[[-71.15724,18.0],[-71.08262,18.12837],[-71.06997,18.25034],[-71.02783,18.27319],[-70.75884,18.3456],[-70.64468,18.33623],[-70.47993,18.21729],[-70.1831,18.25176],[-70.01831,18.37363],[-69.77065,18.44355],[-69.51943,18.41567],[-69.27451,18.43984],[-69.07227,18.39922],[-68.93496,18.40801],[-68.81953,18.33931],[-68.77847,18.26611],[-68.721,18.21841],[-68.65884,18.22202],[-68.61221,18.30625],[-68.56377,18.35547],[-68.49321,18.379],[-68.44482,18.41773],[-68.35928,18.53809],[-68.33916,18.61152],[-68.3814,18.67114],[-68.68477,18.90479]]]}},{"type":"Feature","properties":{},"geometry":{"type":"LineString","coordinates":[[-172.0,66.96774],[-171.79556,66.93174],[-171.56958,66.8187],[-171.3605,66.67676],[-171.14927,66.59273],[-170.92666,66.52974],[-170.4731,66.32026],[-170.60444,66.24893],[-170.36113,66.2979],[-170.30122,66.29404],[-170.24697,66.27187],[-170.19194,66.20127],[-170.24394,66.16929],[-169.88882,66.16348],[-169.77788,66.14311],[-169.72915,66.0581],[-169.83169,65.99893],[-170.00381,66.0335],[-170.15942,66.00806],[-170.40103,65.92852],[-170.54067,65.86543],[-170.56304,65.82358],[-170.54141,65.71025],[-170.56099,65.65625],[-170.66631,65.62153],[-171.00146,65.66489],[-171.23203,65.73686],[-171.37686,65.80396],[-171.42153,65.81035],[-171.45117,65.79424],[-171.30322,65.69849],[-171.13442,65.62808],[-171.05425,65.54995],[-171.10586,65.51104],[-171.21602,65.50278],[-171.46626,65.53311],[-171.90713,65.49595],[-171.94717,65.50796],[-171.95718,65.54209],[-172.0,65.5482]]}},{"type":"Feature","properties":{},"geometry":{"type":"LineString","coordinates":[[-120.35332,34.0606],[-120.36772,34.07329],[-120.44155,34.03291],[-120.30659,34.02485],[-120.35332,34.0606]]}},{"type":"Feature","properties":{},"geometry":{"type":"LineString","coordinates":[[-119.52515,33.28203],[-119.57519,33.27832],[-119.54365,33.22461],[-119.43804,33.21719],[-119.47881,33.27461],[-119.52515,33.28203]]}},{"type":"Feature","properties":{},"geometry":{"type":"LineString","coordinates":[[-73.1706,18.96729],[-73.27642,18.95405],[-73.28525,18.89673],[-73.07798,18.79092],[-72.82222,18.70713],[-72.80459,18.77769],[-72.91924,18.86147],[-73.1706,18.96729]]}},{"type":"Feature","properties":{},"geometry":{"type":"LineString","coordinates":[[-96.83975,28.08882],[-96.85742,28.13291],[-96.89932,28.11748],[-96.97866,28.01387],[-97.03603,27.89917],[-97.01435,27.90161],[-96.92134,28.01602],[-96.83975,28.08882]]}},{"type":"Feature","properties":{},"geometry":{"type":"LineString","coordinates":[[-88.94111,29.68023],[-88.9436,29.66025],[-88.88931,29.7126],[-88.87266,29.75298],[-88.94111,29.68023]]}},{"type":"Feature","properties":{},"geometry":{"type":"LineString","coordinates":[[-88.72285,30.26426],[-88.71309,30.24492],[-88.65923,30.22559],[-88.57065,30.20479],[-88.5581,30.21592],[-88.72285,30.26426]]}},{"type":"Feature","properties":{},"geometry":{"type":"LineString","coordinates":[[-88.10938,30.27373],[-88.26392,30.25474],[-88.31626,30.24043],[-88.15933,30.23091],[-88.07134,30.25234],[-88.10938,30.27373]]}},{"type":"Feature","properties":{},"geometry":{"type":"LineString","coordinates":[[-77.45127,25.08071],[-77.52734,25.05767],[-77.56191,25.03003],[-77.4605,24.99311],[-77.26914,25.04385],[-77.3291,25.08301],[-77.45127,25.08071]]}},{"type":"Feature","properties":{},"geometry":{"type":"LineString","coordinates":[[-81.08525,24.73418],[-81.13735,24.7105],[-81.08999,24.69311],[-80.93047,24.75947],[-81.08525,24.73418]]}},{"type":"Feature","properties":{},"geometry":{"type":"LineString","coordinates":[[-76.62227,34.69453],[-76.54624,34.65488],[-76.60781,34.66357],[-76.67393,34.70015],[-76.62227,34.69453]]}},{"type":"Feature","properties":{},"geometry":{"type":"LineString","coordinates":[[-122.85308,47.20474],[-122.87676,47.18613],[-122.91191,47.25435],[-122.88511,47.27471],[-122.85308,47.20474]]}},{"type":"Feature","properties":{},"geometry":{"type":"LineString","coordinates":[[-73.68745,45.56143],[-73.85293,45.51572],[-73.96055,45.44141],[-73.77534,45.46763],[-73.64356,45.44912],[-73.5665,45.46909],[-73.47607,45.70474],[-73.52246,45.70117],[-73.68745,45.56143]]}},{"type":"Feature","properties":{},"geometry":{"type":"LineString","coordinates":[[-73.69531,45.5855],[-73.57236,45.69448],[-73.72466,45.67183],[-73.85771,45.57358],[-73.81592,45.56489],[-73.69531,45.5855]]}},{"type":"Feature","properties":{},"geometry":{"type":"LineString","coordinates":[[-71.09497,46.89956],[-71.11665,46.86484],[-71.02573,46.87295],[-70.91348,46.91953],[-70.82578,46.99536],[-70.87964,46.99609],[-71.09497,46.89956]]}},{"type":"Feature","properties":{},"geometry":{"type":"LineString","coordinates":[[-66.32412,44.25732],[-66.27378,44.29228],[-66.21035,44.39204],[-66.25049,44.379],[-66.32412,44.25732]]}},{"type":"Feature","properties":{},"geometry":{"type":"LineString","coordinates":[[-68.69077,44.24873],[-68.70171,44.18267],[-68.66118,44.17627],[-68.62319,44.19604],[-68.65596,44.24233],[-68.69077,44.24873]]}},{"type":"Feature","properties":{},"geometry":{"type":"LineString","coordinates":[[-66.89707,44.62891],[-66.7625,44.68179],[-66.74541,44.79141],[-66.80215,44.80537],[-66.84473,44.76392],[-66.89707,44.62891]]}},{"type":"Feature","properties":{},"geometry":{"type":"LineString","coordinates":[[-68.29941,44.45649],[-68.34702,44.43037],[-68.40947,44.36426],[-68.41172,44.29434],[-68.31509,44.24971],[-68.30928,44.32148],[-68.24546,44.31299],[-68.18726,44.33247],[-68.19092,44.36436],[-68.23804,44.43838],[-68.29941,44.45649]]}},{"type":"Feature","properties":{},"geometry":{"type":"LineString","coordinates":[[-154.95259,19.64463],[-154.98901,19.73198],[-155.06592,19.74819],[-155.08608,19.87563],[-155.19878,19.99439],[-155.62207,20.16343],[-155.83164,20.27583],[-155.87427,20.25981],[-155.89277,20.16738],[-155.82031,20.01416],[-155.90889,19.89473],[-155.98843,19.83159],[-156.04868,19.74995],[-155.96582,19.59082],[-155.89072,19.38252],[-155.90562,19.12583],[-155.8813,19.07051],[-155.68076,18.96768],[-155.62563,18.96392],[-155.58135,19.01201],[-155.53525,19.10908],[-155.30962,19.26016],[-155.05347,19.31919],[-154.85029,19.4541],[-154.8042,19.52446],[-154.84136,19.56816],[-154.95259,19.64463]]}},{"type":"Feature","properties":{},"geometry":{"type":"LineString","coordinates":[[-156.91719,21.1773],[-156.95234,21.19971],[-157.0023,21.18794],[-157.24995,21.22978],[-157.25381,21.18057],[-157.29033,21.1126],[-157.0209,21.0978],[-156.85986,21.05635],[-156.7479,21.10356],[-156.71216,21.15508],[-156.91719,21.1773]]}},{"type":"Feature","properties":{},"geometry":{"type":"LineString","coordinates":[[-156.10352,20.84033],[-156.14834,20.8855],[-156.27754,20.95127],[-156.46084,20.91475],[-156.5854,21.03433],[-156.65688,21.02451],[-156.69775,20.94907],[-156.6897,20.90142],[-156.61543,20.82183],[-156.54385,20.78999],[-156.48008,20.80122],[-156.43823,20.61787],[-156.40879,20.60518],[-156.30996,20.59878],[-156.23477,20.62861],[-156.10713,20.64477],[-156.01357,20.71479],[-155.98984,20.75713],[-156.01865,20.79209],[-156.10352,20.84033]]}},{"type":"Feature","properties":{},"geometry":{"type":"LineString","coordinates":[[-160.2209,21.89727],[-160.24346,21.84307],[-160.23472,21.80366],[-160.20024,21.79688],[-160.15342,21.87876],[-160.08003,21.90742],[-160.07671,21.9581],[-160.04873,22.00464],[-160.10064,22.01523],[-160.2209,21.89727]]}},{"type":"Feature","properties":{},"geometry":{"type":"LineString","coordinates":[[-157.82959,21.47144],[-157.85435,21.51191],[-157.85151,21.55337],[-157.9625,21.70137],[-158.02036,21.6918],[-158.1231,21.60024],[-158.27314,21.58525],[-158.23867,21.53306],[-158.23911,21.48935],[-158.13784,21.37715],[-158.11035,21.3186],[-157.98096,21.31611],[-158.01728,21.36773],[-157.97842,21.37852],[-157.95845,21.3269],[-157.90176,21.34058],[-157.84932,21.29082],[-157.79878,21.2686],[-157.69087,21.27974],[-157.6354,21.30762],[-157.70552,21.37808],[-157.7209,21.45772],[-157.76499,21.45093],[-157.82959,21.47144]]}},{"type":"Feature","properties":{},"geometry":{"type":"LineString","coordinates":[[-159.5792,22.22314],[-159.72661,22.14019],[-159.78916,22.0418],[-159.748,21.98984],[-159.64639,21.95176],[-159.60884,21.90952],[-159.51187,21.90039],[-159.46069,21.87612],[-159.37275,21.93237],[-159.34375,21.97363],[-159.33018,22.05068],[-159.30068,22.10527],[-159.30479,22.15405],[-159.35205,22.21958],[-159.5792,22.22314]]}},{"type":"Feature","properties":{},"geometry":{"type":"LineString","coordinates":[[-156.9418,20.93003],[-157.05059,20.91245],[-156.98843,20.82568],[-156.97339,20.75752],[-156.90889,20.74448],[-156.84961,20.77266],[-156.80937,20.83115],[-156.88057,20.90483],[-156.9418,20.93003]]}},{"type":"Feature","properties":{},"geometry":{"type":"LineString","coordinates":[[-170.38662,57.20303],[-170.35801,57.1542],[-170.26401,57.13677],[-170.16055,57.18394],[-170.11616,57.2418],[-170.38662,57.20303]]}},{"type":"Feature","properties":{},"geometry":{"type":"LineString","coordinates":[[-160.49292,55.35234],[-160.51748,55.33384],[-160.34331,55.25879],[-160.3293,55.33769],[-160.3623,55.35698],[-160.49292,55.35234]]}},{"type":"Feature","properties":{},"geometry":{"type":"LineString","coordinates":[[-160.58315,55.30762],[-160.55278,55.38076],[-160.66973,55.31426],[-160.68491,55.31479],[-160.67217,55.3794],[-160.69565,55.39834],[-160.72393,55.40464],[-160.78921,55.38311],[-160.84653,55.31133],[-160.82549,55.17397],[-160.79507,55.14522],[-160.70181,55.17764],[-160.60908,55.15903],[-160.48755,55.18486],[-160.48267,55.19741],[-160.5312,55.2332],[-160.58315,55.30762]]}},{"type":"Feature","properties":{},"geometry":{"type":"LineString","coordinates":[[-162.43389,54.93154],[-162.39077,54.873],[-162.32192,54.84238],[-162.27256,54.86719],[-162.23374,54.93203],[-162.2646,54.9835],[-162.43389,54.93154]]}},{"type":"Feature","properties":{},"geometry":{"type":"LineString","coordinates":[[-162.82056,54.49453],[-162.81172,54.44438],[-162.7331,54.4023],[-162.64111,54.37954],[-162.55439,54.40137],[-162.64541,54.46206],[-162.82056,54.49453]]}},{"type":"Feature","properties":{},"geometry":{"type":"LineString","coordinates":[[-159.46191,55.05879],[-159.42134,54.97812],[-159.36201,54.97241],[-159.39043,55.04087],[-159.46191,55.05879]]}},{"type":"Feature","properties":{},"geometry":{"type":"LineString","coordinates":[[-159.89824,55.22129],[-159.87105,55.26357],[-159.88735,55.273],[-159.92046,55.26753],[-159.98164,55.19775],[-160.03877,55.19253],[-160.1022,55.13389],[-160.17207,55.12305],[-160.15361,55.03833],[-160.22705,54.92271],[-160.16958,54.9417],[-160.03843,55.04448],[-159.95308,55.07896],[-159.93394,55.10684],[-159.8541,55.14468],[-159.8394,55.18237],[-159.89824,55.22129]]}},{"type":"Feature","properties":{},"geometry":{"type":"LineString","coordinates":[[-159.51514,55.15185],[-159.54507,55.22598],[-159.57476,55.21773],[-159.59526,55.18203],[-159.59795,55.12568],[-159.63965,55.12398],[-159.64849,55.07456],[-159.61773,55.05732],[-159.56148,55.08091],[-159.53496,55.05962],[-159.52041,55.07217],[-159.51514,55.15185]]}},{"type":"Feature","properties":{},"geometry":{"type":"LineString","coordinates":[[-169.98257,52.85102],[-169.99185,52.82983],[-169.98057,52.80601],[-169.87734,52.81377],[-169.72275,52.79233],[-169.69194,52.84736],[-169.75488,52.88364],[-169.98257,52.85102]]}},{"type":"Feature","properties":{},"geometry":{"type":"LineString","coordinates":[[-170.68208,52.69756],[-170.82705,52.60073],[-170.81606,52.56152],[-170.79736,52.54976],[-170.7334,52.58149],[-170.64927,52.59311],[-170.58662,52.64243],[-170.58462,52.66758],[-170.60806,52.68506],[-170.68208,52.69756]]}},{"type":"Feature","properties":{},"geometry":{"type":"LineString","coordinates":[[-165.76445,54.1521],[-165.89287,54.20698],[-165.96641,54.21104],[-166.04126,54.19126],[-166.10581,54.14482],[-166.10283,54.11397],[-166.05664,54.05435],[-165.90986,54.04917],[-165.69287,54.0999],[-165.76445,54.1521]]}},{"type":"Feature","properties":{},"geometry":{"type":"LineString","coordinates":[[-165.44175,54.20801],[-165.4877,54.22187],[-165.55063,54.28452],[-165.65415,54.25332],[-165.60483,54.12915],[-165.40786,54.19683],[-165.44175,54.20801]]}},{"type":"Feature","properties":{},"geometry":{"type":"LineString","coordinates":[[-167.80469,53.48496],[-167.82808,53.50796],[-167.98569,53.5582],[-168.07329,53.55698],[-168.2877,53.50015],[-168.35723,53.45757],[-168.39644,53.40879],[-168.39727,53.32192],[-168.36299,53.30356],[-168.38042,53.28345],[-168.43662,53.25688],[-168.63901,53.25576],[-168.68984,53.22725],[-168.77778,53.14878],[-168.79585,53.04492],[-168.90918,52.95117],[-169.0731,52.86416],[-169.08892,52.83203],[-168.50562,53.04316],[-168.2707,53.23804],[-167.86514,53.3873],[-167.80469,53.48496]]}},{"type":"Feature","properties":{},"geometry":{"type":"LineString","coordinates":[[-166.52202,53.60967],[-166.30947,53.69751],[-166.33877,53.71768],[-166.38472,53.72051],[-166.54922,53.70098],[-166.5456,53.72646],[-166.48877,53.7855],[-166.23086,53.93262],[-166.37231,53.99898],[-166.49746,53.88354],[-166.57217,53.85347],[-166.61533,53.90093],[-166.62739,53.99565],[-166.73403,54.0022],[-166.97808,53.96294],[-167.09048,53.90566],[-167.11816,53.87261],[-167.10562,53.81338],[-167.02725,53.76914],[-166.8896,53.75859],[-166.74126,53.71294],[-166.80366,53.6854],[-166.80898,53.64614],[-166.83833,53.64805],[-166.89414,53.69712],[-167.01572,53.69839],[-167.04243,53.65459],[-167.09233,53.63594],[-167.13608,53.52647],[-167.53018,53.3937],[-167.71011,53.3709],[-167.80879,53.32378],[-167.66943,53.25996],[-167.52246,53.27622],[-167.42881,53.32568],[-167.30044,53.35049],[-167.15366,53.40786],[-166.77041,53.47602],[-166.7022,53.53667],[-166.52202,53.60967]]}},{"type":"Feature","properties":{},"geometry":{"type":"LineString","coordinates":[[-166.23438,53.78418],[-166.24941,53.74517],[-166.20977,53.72329],[-166.10269,53.83281],[-166.15454,53.83613],[-166.23438,53.78418]]}},{"type":"Feature","properties":{},"geometry":{"type":"LineString","coordinates":[[-126.11528,49.36504],[-126.20855,49.37978],[-126.23144,49.33906],[-126.22964,49.29565],[-126.06401,49.26362],[-126.09209,49.354],[-126.11528,49.36504]]}},{"type":"Feature","properties":{},"geometry":{"type":"LineString","coordinates":[[-122.50684,47.42168],[-122.50991,47.35801],[-122.46855,47.39023],[-122.45698,47.35933],[-122.39873,47.37251],[-122.39414,47.39526],[-122.4686,47.48999],[-122.48647,47.48877],[-122.50684,47.42168]]}},{"type":"Feature","properties":{},"geometry":{"type":"LineString","coordinates":[[-122.51724,47.69058],[-122.56011,47.69775],[-122.57593,47.61948],[-122.50264,47.57544],[-122.51724,47.69058]]}},{"type":"Feature","properties":{},"geometry":{"type":"LineString","coordinates":[[-122.91802,48.70698],[-123.00283,48.6522],[-122.98565,48.62671],[-122.89253,48.59448],[-122.90303,48.6647],[-122.8376,48.62656],[-122.76885,48.65098],[-122.78213,48.67271],[-122.91802,48.70698]]}},{"type":"Feature","properties":{},"geometry":{"type":"LineString","coordinates":[[-122.8689,48.54863],[-122.91221,48.53799],[-122.93228,48.48477],[-122.89004,48.43467],[-122.83657,48.42153],[-122.8146,48.45234],[-122.86191,48.50185],[-122.8689,48.54863]]}},{"type":"Feature","properties":{},"geometry":{"type":"LineString","coordinates":[[-123.11416,48.61328],[-123.16216,48.6064],[-123.16958,48.58672],[-123.13994,48.50796],[-122.98677,48.46802],[-123.02417,48.53848],[-123.11416,48.61328]]}},{"type":"Feature","properties":{},"geometry":{"type":"LineString","coordinates":[[-122.50283,48.08008],[-122.52383,48.02544],[-122.59761,48.20044],[-122.69702,48.22866],[-122.54243,48.29399],[-122.53555,48.32119],[-122.60352,48.38061],[-122.62861,48.38423],[-122.72451,48.28091],[-122.74873,48.23901],[-122.7415,48.22529],[-122.69038,48.17388],[-122.62266,48.15142],[-122.6063,48.12856],[-122.60317,48.05503],[-122.55752,47.99248],[-122.49228,47.9813],[-122.41143,47.91772],[-122.38315,47.92319],[-122.3666,47.93882],[-122.36675,47.98545],[-122.50283,48.08008]]}},{"type":"Feature","properties":{},"geometry":{"type":"LineString","coordinates":[[-124.49394,49.66748],[-124.36231,49.58818],[-124.1398,49.51035],[-124.30913,49.66728],[-124.42148,49.72778],[-124.54717,49.76494],[-124.62329,49.7751],[-124.64985,49.75835],[-124.63096,49.73569],[-124.49394,49.66748]]}},{"type":"Feature","properties":{},"geometry":{"type":"LineString","coordinates":[[-123.38481,48.87519],[-123.37793,48.90825],[-123.48232,48.95469],[-123.68926,49.09512],[-123.54102,48.94595],[-123.38481,48.87519]]}},{"type":"Feature","properties":{},"geometry":{"type":"LineString","coordinates":[[-123.46787,48.86738],[-123.58232,48.92578],[-123.51753,48.75015],[-123.47725,48.72876],[-123.40679,48.75606],[-123.42275,48.79336],[-123.48755,48.8457],[-123.46787,48.86738]]}},{"type":"Feature","properties":{},"geometry":{"type":"LineString","coordinates":[[-124.97773,50.02959],[-124.90747,50.08398],[-124.93784,50.16592],[-124.99082,50.21714],[-124.99565,50.1752],[-125.02598,50.13408],[-125.00156,50.02075],[-124.97773,50.02959]]}},{"type":"Feature","properties":{},"geometry":{"type":"LineString","coordinates":[[-126.73813,49.84365],[-126.82607,49.87236],[-126.92583,49.83774],[-126.89687,49.78291],[-126.95127,49.73569],[-126.81421,49.64209],[-126.74341,49.61348],[-126.64121,49.60581],[-126.62578,49.62681],[-126.62817,49.67515],[-126.6499,49.7458],[-126.73813,49.84365]]}},{"type":"Feature","properties":{},"geometry":{"type":"LineString","coordinates":[[-125.12646,50.32026],[-125.196,50.38975],[-125.26094,50.41782],[-125.30117,50.41406],[-125.35845,50.31152],[-125.25957,50.13003],[-125.19512,50.04434],[-125.18413,50.09712],[-125.07402,50.22065],[-125.12646,50.32026]]}},{"type":"Feature","properties":{},"geometry":{"type":"LineString","coordinates":[[-118.50747,32.95991],[-118.55708,33.03267],[-118.59019,33.01118],[-118.47319,32.83892],[-118.40859,32.81851],[-118.35039,32.82759],[-118.50747,32.95991]]}},{"type":"Feature","properties":{},"geometry":{"type":"LineString","coordinates":[[-118.31206,29.13052],[-118.3123,29.18286],[-118.36782,29.1876],[-118.40137,29.16274],[-118.4001,29.1123],[-118.2855,28.90376],[-118.24277,28.94194],[-118.24736,29.04336],[-118.26553,29.08643],[-118.31206,29.13052]]}},{"type":"Feature","properties":{},"geometry":{"type":"LineString","coordinates":[[-120.2519,34.01387],[-120.16714,33.91807],[-120.11392,33.90488],[-120.04355,33.91885],[-119.98394,33.97334],[-120.07183,34.02651],[-120.2519,34.01387]]}},{"type":"Feature","properties":{},"geometry":{"type":"LineString","coordinates":[[-119.67886,34.02847],[-119.88237,34.07969],[-119.91807,34.06782],[-119.8855,33.99492],[-119.80957,33.96777],[-119.56221,34.00659],[-119.54927,34.02817],[-119.56914,34.05298],[-119.67886,34.02847]]}},{"type":"Feature","properties":{},"geometry":{"type":"LineString","coordinates":[[-118.46934,33.35713],[-118.44629,33.31709],[-118.29746,33.31211],[-118.34795,33.38574],[-118.3917,33.41509],[-118.55483,33.4771],[-118.56943,33.46416],[-118.56333,33.43706],[-118.50732,33.427],[-118.46934,33.35713]]}},{"type":"Feature","properties":{},"geometry":{"type":"LineString","coordinates":[[-71.39307,41.46675],[-71.36533,41.48525],[-71.35449,41.54228],[-71.36431,41.57183],[-71.38398,41.57056],[-71.40342,41.51504],[-71.39307,41.46675]]}},{"type":"Feature","properties":{},"geometry":{"type":"LineString","coordinates":[[-74.25049,39.5294],[-74.1332,39.68076],[-74.10674,39.74644],[-74.25317,39.5585],[-74.25049,39.5294]]}},{"type":"Feature","properties":{},"geometry":{"type":"LineString","coordinates":[[-74.18818,40.6146],[-74.23589,40.5187],[-74.13853,40.54185],[-74.07969,40.58648],[-74.06875,40.64932],[-74.10049,40.65845],[-74.18818,40.6146]]}},{"type":"Feature","properties":{},"geometry":{"type":"LineString","coordinates":[[-70.67373,41.44853],[-70.7605,41.37358],[-70.8292,41.35898],[-70.7853,41.32744],[-70.50991,41.37632],[-70.52534,41.41479],[-70.61602,41.45723],[-70.67373,41.44853]]}},{"type":"Feature","properties":{},"geometry":{"type":"LineString","coordinates":[[-71.34624,41.46939],[-71.29092,41.4646],[-71.24141,41.49194],[-71.23203,41.6543],[-71.28018,41.62002],[-71.31816,41.5063],[-71.34624,41.46939]]}},{"type":"Feature","properties":{},"geometry":{"type":"LineString","coordinates":[[-70.0627,41.32847],[-70.08662,41.31758],[-70.23306,41.28633],[-70.05508,41.24946],[-69.97793,41.26558],[-70.04121,41.39746],[-70.0627,41.32847]]}},{"type":"Feature","properties":{},"geometry":{"type":"LineString","coordinates":[[-75.78193,35.19019],[-75.86494,35.17412],[-75.98418,35.1231],[-75.96367,35.11885],[-75.78193,35.19019]]}},{"type":"Feature","properties":{},"geometry":{"type":"LineString","coordinates":[[-75.65078,35.8356],[-75.63569,35.85591],[-75.64888,35.9104],[-75.71719,35.94614],[-75.65078,35.8356]]}},{"type":"Feature","properties":{},"geometry":{"type":"LineString","coordinates":[[-75.22598,38.07231],[-75.37852,37.87207],[-75.33306,37.88828],[-75.20322,38.07241],[-75.13623,38.18052],[-75.0979,38.2981],[-75.22598,38.07231]]}},{"type":"Feature","properties":{},"geometry":{"type":"LineString","coordinates":[[-75.50352,35.76914],[-75.48125,35.57212],[-75.48789,35.47949],[-75.53638,35.27861],[-75.69009,35.22158],[-75.67827,35.21284],[-75.54414,35.24009],[-75.50933,35.28032],[-75.46475,35.44863],[-75.45645,35.56416],[-75.47852,35.7165],[-75.50352,35.76914]]}},{"type":"Feature","properties":{},"geometry":{"type":"LineString","coordinates":[[-76.43701,34.75635],[-76.52856,34.63149],[-76.20737,34.93892],[-76.2562,34.9147],[-76.43701,34.75635]]}},{"type":"Feature","properties":{},"geometry":{"type":"LineString","coordinates":[[-96.51934,28.33345],[-96.68164,28.22969],[-96.75562,28.20244],[-96.80112,28.14844],[-96.7644,28.15259],[-96.41333,28.33779],[-96.40356,28.38159],[-96.45312,28.34058],[-96.51934,28.33345]]}},{"type":"Feature","properties":{},"geometry":{"type":"LineString","coordinates":[[-97.29502,27.5231],[-97.37622,27.32827],[-97.38481,27.24253],[-97.25088,27.54121],[-97.06055,27.82202],[-97.13003,27.77915],[-97.29502,27.5231]]}},{"type":"Feature","properties":{},"geometry":{"type":"LineString","coordinates":[[-95.08965,29.13633],[-95.0397,29.1459],[-94.86494,29.25288],[-94.76763,29.33906],[-94.82598,29.34131],[-94.87168,29.29014],[-95.08965,29.13633]]}},{"type":"Feature","properties":{},"geometry":{"type":"LineString","coordinates":[[-97.38599,27.19648],[-97.40718,27.10019],[-97.4021,26.82051],[-97.26733,26.32979],[-97.18452,26.11294],[-97.1707,26.15938],[-97.20225,26.2998],[-97.35122,26.80147],[-97.38599,27.19648]]}},{"type":"Feature","properties":{},"geometry":{"type":"LineString","coordinates":[[-85.04932,29.63779],[-85.11675,29.63281],[-85.00825,29.60664],[-84.73716,29.73242],[-84.81221,29.71763],[-85.00054,29.6272],[-85.04932,29.63779]]}},{"type":"Feature","properties":{},"geometry":{"type":"LineString","coordinates":[[-81.46348,30.72778],[-81.41899,30.97144],[-81.48462,30.89785],[-81.46348,30.72778]]}},{"type":"Feature","properties":{},"geometry":{"type":"LineString","coordinates":[[-89.18467,30.16865],[-89.31006,30.07871],[-89.34199,30.06284],[-89.26943,30.06074],[-89.22046,30.0376],[-89.22397,30.08408],[-89.18467,30.16865]]}},{"type":"Feature","properties":{},"geometry":{"type":"LineString","coordinates":[[-91.79648,29.59697],[-91.87524,29.64097],[-91.92505,29.64394],[-92.00664,29.6103],[-91.99624,29.5731],[-91.83086,29.48647],[-91.7937,29.50073],[-91.76191,29.53901],[-91.7543,29.56689],[-91.79648,29.59697]]}},{"type":"Feature","properties":{},"geometry":{"type":"LineString","coordinates":[[-88.82798,29.92837],[-88.85566,29.77588],[-88.82744,29.80772],[-88.8126,29.93335],[-88.82588,30.00039],[-88.86689,30.05674],[-88.82798,29.92837]]}},{"type":"Feature","properties":{},"geometry":{"type":"LineString","coordinates":[[-77.53189,23.9394],[-77.56152,24.13682],[-77.61538,24.21636],[-77.68325,24.11846],[-77.75527,24.16348],[-77.65615,24.22656],[-77.65771,24.24946],[-77.70146,24.28755],[-77.88359,24.24199],[-77.95005,24.25308],[-77.9999,24.21982],[-77.91406,24.09092],[-77.85225,24.04038],[-77.8063,23.88355],[-77.77578,23.86235],[-77.77129,23.75254],[-77.57373,23.73916],[-77.51875,23.86943],[-77.53189,23.9394]]}},{"type":"Feature","properties":{},"geometry":{"type":"LineString","coordinates":[[-77.77441,22.08296],[-77.91855,22.08809],[-77.9,22.03716],[-77.82319,21.98794],[-77.75503,21.96558],[-77.71006,21.92134],[-77.66899,21.95195],[-77.63369,22.054],[-77.77441,22.08296]]}},{"type":"Feature","properties":{},"geometry":{"type":"LineString","coordinates":[[-78.0271,22.28516],[-78.06167,22.30591],[-78.09414,22.38721],[-78.15059,22.43149],[-78.27353,22.42358],[-78.27002,22.40225],[-78.22612,22.37998],[-78.18003,22.32197],[-78.10166,22.30576],[-78.04751,22.26851],[-78.0271,22.28516]]}},{"type":"Feature","properties":{},"geometry":{"type":"LineString","coordinates":[[-78.28389,22.45547],[-78.35122,22.53862],[-78.39956,22.54746],[-78.49287,22.53105],[-78.63013,22.55225],[-78.69551,22.53398],[-78.67363,22.50884],[-78.54766,22.46401],[-78.42456,22.46011],[-78.38994,22.44512],[-78.28389,22.45547]]}},{"type":"Feature","properties":{},"geometry":{"type":"LineString","coordinates":[[-77.5106,26.846],[-77.32993,26.61836],[-77.23862,26.56113],[-77.20606,26.48897],[-77.23013,26.42471],[-77.22109,26.36177],[-77.24775,26.28906],[-77.24678,26.15635],[-77.29394,26.09551],[-77.40317,26.02471],[-77.33325,25.99561],[-77.24644,25.89546],[-77.19102,25.95547],[-77.16729,26.24033],[-77.03828,26.33345],[-77.06636,26.53018],[-77.16211,26.59727],[-77.25718,26.63882],[-77.26592,26.68882],[-77.36875,26.74761],[-77.53389,26.90342],[-77.86255,26.94009],[-77.94375,26.90356],[-77.796,26.90127],[-77.5106,26.846]]}},{"type":"Feature","properties":{},"geometry":{"type":"LineString","coordinates":[[-74.24224,22.71509],[-74.09858,22.66543],[-74.03477,22.70557],[-74.17539,22.75991],[-74.22148,22.81157],[-74.30703,22.8396],[-74.30312,22.76445],[-74.27461,22.71167],[-74.24224,22.71509]]}},{"type":"Feature","properties":{},"geometry":{"type":"LineString","coordinates":[[-74.42944,24.06807],[-74.45049,24.12549],[-74.5269,24.10508],[-74.55093,23.96895],[-74.50869,23.95972],[-74.42944,24.06807]]}},{"type":"Feature","properties":{},"geometry":{"type":"LineString","coordinates":[[-73.66103,20.9374],[-73.40078,20.9439],[-73.16455,20.97915],[-73.05874,21.11904],[-73.02685,21.19238],[-73.01167,21.29951],[-73.0585,21.31338],[-73.1373,21.20479],[-73.23535,21.15449],[-73.30156,21.15615],[-73.42451,21.20176],[-73.5231,21.19082],[-73.58506,21.12593],[-73.68037,21.10332],[-73.66782,21.06157],[-73.68682,21.00913],[-73.66103,20.9374]]}},{"type":"Feature","properties":{},"geometry":{"type":"LineString","coordinates":[[-73.91455,22.56802],[-73.9064,22.52744],[-73.93599,22.47773],[-73.99497,22.44922],[-74.12676,22.32339],[-74.26133,22.23555],[-74.2769,22.18369],[-74.20674,22.21377],[-74.09292,22.30625],[-73.97461,22.36118],[-73.83652,22.53843],[-73.87749,22.68076],[-73.84995,22.73106],[-73.9542,22.71553],[-73.97549,22.68228],[-73.97637,22.63506],[-73.91455,22.56802]]}},{"type":"Feature","properties":{},"geometry":{"type":"LineString","coordinates":[[-76.3438,25.33203],[-76.48423,25.37461],[-76.64883,25.4874],[-76.71084,25.56489],[-76.78066,25.42685],[-76.69277,25.44272],[-76.6207,25.43164],[-76.4999,25.34155],[-76.36929,25.3126],[-76.1604,25.11934],[-76.15254,25.02598],[-76.20435,24.93623],[-76.21377,24.82246],[-76.31997,24.81768],[-76.24121,24.75435],[-76.20518,24.68208],[-76.16953,24.64941],[-76.17466,24.75977],[-76.14053,24.88565],[-76.11494,25.09473],[-76.12661,25.14053],[-76.3438,25.33203]]}},{"type":"Feature","properties":{},"geometry":{"type":"LineString","coordinates":[[-75.94863,23.64741],[-76.01045,23.67139],[-76.03711,23.60278],[-75.95596,23.59229],[-75.78101,23.47065],[-75.70635,23.44424],[-75.66455,23.45015],[-75.75425,23.48999],[-75.94863,23.64741]]}},{"type":"Feature","properties":{},"geometry":{"type":"LineString","coordinates":[[-75.13057,23.26792],[-75.14111,23.20464],[-75.2044,23.19272],[-75.22334,23.16533],[-75.13213,23.11709],[-74.97334,23.06855],[-74.84687,22.8687],[-74.84561,22.9999],[-74.93711,23.08814],[-75.06421,23.1502],[-75.10879,23.33281],[-75.17529,23.43867],[-75.2166,23.54678],[-75.31597,23.66836],[-75.30981,23.58984],[-75.13057,23.26792]]}},{"type":"Feature","properties":{},"geometry":{"type":"LineString","coordinates":[[-75.52647,24.44951],[-75.65352,24.68086],[-75.70962,24.69751],[-75.72666,24.68935],[-75.74399,24.65469],[-75.66103,24.58984],[-75.63906,24.5294],[-75.59277,24.49126],[-75.4939,24.33042],[-75.40894,24.26577],[-75.4124,24.22095],[-75.48105,24.17388],[-75.50322,24.13906],[-75.36875,24.15947],[-75.30176,24.14917],[-75.3084,24.2],[-75.52647,24.44951]]}},{"type":"Feature","properties":{},"geometry":{"type":"LineString","coordinates":[[-77.8794,22.12754],[-77.84248,22.14898],[-77.89365,22.21455],[-77.96958,22.24067],[-77.98565,22.3021],[-77.99922,22.29873],[-78.00669,22.248],[-78.04165,22.20127],[-78.01191,22.16641],[-77.91235,22.12471],[-77.8794,22.12754]]}},{"type":"Feature","properties":{},"geometry":{"type":"LineString","coordinates":[[-82.20137,26.54805],[-82.18438,26.48096],[-82.14497,26.44668],[-82.07285,26.42754],[-82.03721,26.45361],[-82.11606,26.46094],[-82.20137,26.54805]]}},{"type":"Feature","properties":{},"geometry":{"type":"LineString","coordinates":[[-78.3665,24.54419],[-78.25762,24.48276],[-78.1916,24.46606],[-78.1458,24.49346],[-78.13574,24.41235],[-78.07583,24.36465],[-78.04492,24.28745],[-77.9832,24.33496],[-77.8812,24.36909],[-77.85342,24.40293],[-77.74522,24.46348],[-77.73511,24.49575],[-77.74385,24.70742],[-77.84014,24.79438],[-77.91894,24.94282],[-77.97339,25.00478],[-77.97529,25.08481],[-78.0333,25.14312],[-78.16279,25.20234],[-78.21138,25.19126],[-78.15933,25.02236],[-78.18408,24.91709],[-78.29883,24.75391],[-78.24272,24.65381],[-78.31899,24.59023],[-78.33892,24.64204],[-78.4353,24.62759],[-78.3665,24.54419]]}},{"type":"Feature","properties":{},"geometry":{"type":"LineString","coordinates":[[-81.5623,24.68916],[-81.57925,24.62939],[-81.63149,24.59004],[-81.53223,24.61416],[-81.53164,24.64248],[-81.5623,24.68916]]}},{"type":"Feature","properties":{},"geometry":{"type":"LineString","coordinates":[[-80.26245,27.37559],[-80.17051,27.20479],[-80.18677,27.27842],[-80.39575,27.79453],[-80.43691,27.85054],[-80.37607,27.64341],[-80.26245,27.37559]]}},{"type":"Feature","properties":{},"geometry":{"type":"LineString","coordinates":[[-82.68184,21.82114],[-82.71455,21.89028],[-82.75576,21.90952],[-82.99121,21.94272],[-83.07773,21.8335],[-83.08252,21.79141],[-82.97358,21.59229],[-83.05488,21.54941],[-83.18022,21.62305],[-83.18379,21.59346],[-83.1415,21.53188],[-83.06728,21.46938],[-82.95962,21.44131],[-82.85317,21.4439],[-82.65483,21.51865],[-82.56177,21.57168],[-82.56782,21.62183],[-82.6294,21.7669],[-82.68184,21.82114]]}},{"type":"Feature","properties":{},"geometry":{"type":"LineString","coordinates":[[-82.08521,26.4936],[-82.08379,26.55234],[-82.12114,26.66553],[-82.16914,26.70073],[-82.08521,26.4936]]}},{"type":"Feature","properties":{},"geometry":{"type":"LineString","coordinates":[[-79.38218,22.68135],[-79.57915,22.80674],[-79.62817,22.80523],[-79.52275,22.71113],[-79.3479,22.6377],[-79.34956,22.66392],[-79.38218,22.68135]]}},{"type":"Feature","properties":{},"geometry":{"type":"LineString","coordinates":[[-78.23389,26.63735],[-77.92612,26.66338],[-77.92246,26.69111],[-77.94394,26.74424],[-78.08867,26.71431],[-78.26792,26.72266],[-78.30684,26.7022],[-78.37173,26.69795],[-78.49287,26.72905],[-78.59712,26.79795],[-78.63296,26.72617],[-78.62114,26.70464],[-78.63325,26.65918],[-78.7125,26.59902],[-78.79805,26.58242],[-78.93579,26.67344],[-78.98565,26.6895],[-78.79922,26.52847],[-78.74365,26.50068],[-78.67095,26.50654],[-78.23389,26.63735]]}},{"type":"Feature","properties":{},"geometry":{"type":"LineString","coordinates":[[-80.25708,25.34761],[-80.35127,25.29697],[-80.35493,25.23364],[-80.40366,25.17935],[-80.45601,25.14932],[-80.58057,24.95425],[-80.38184,25.14229],[-80.25708,25.34761]]}},{"type":"Feature","properties":{},"geometry":{"type":"MultiLineString","coordinates":[[[-87.84853,18.14038],[-87.85894,18.15405],[-87.89834,18.15493],[-87.95349,18.0]],[[-87.91503,18.0],[-87.84853,18.14038]]]}},{"type":"Feature","properties":{},"geometry":{"type":"LineString","coordinates":[[-91.81611,18.67588],[-91.79614,18.6542],[-91.68369,18.67734],[-91.65425,18.71148],[-91.53672,18.76001],[-91.58911,18.77803],[-91.81611,18.67588]]}},{"type":"Feature","properties":{},"geometry":{"type":"LineString","coordinates":[[-81.28481,19.36255],[-81.29648,19.34136],[-81.33726,19.32949],[-81.39102,19.38491],[-81.41909,19.37476],[-81.40479,19.27842],[-81.30371,19.27188],[-81.22461,19.3041],[-81.10713,19.30518],[-81.13047,19.34678],[-81.28481,19.36255]]}},{"type":"Feature","properties":{},"geometry":{"type":"LineString","coordinates":[[-86.92783,20.55151],[-86.97798,20.4898],[-87.01943,20.38232],[-86.99141,20.27217],[-86.93965,20.30332],[-86.75503,20.55176],[-86.76328,20.57905],[-86.92783,20.55151]]}},{"type":"Feature","properties":{},"geometry":{"type":"LineString","coordinates":[[-72.98105,22.36924],[-72.88916,22.36025],[-72.78389,22.29062],[-72.74727,22.32739],[-72.83076,22.3856],[-73.12739,22.45532],[-73.16191,22.38071],[-72.98105,22.36924]]}},{"type":"Feature","properties":{},"geometry":{"type":"LineString","coordinates":[[-71.72178,21.79023],[-71.66538,21.75171],[-71.63691,21.78755],[-71.66836,21.83345],[-71.80615,21.8521],[-71.84766,21.84346],[-71.83042,21.79062],[-71.72178,21.79023]]}},{"type":"Feature","properties":{},"geometry":{"type":"LineString","coordinates":[[-72.91611,21.50669],[-72.99478,21.56162],[-73.0627,21.51533],[-73.04932,21.45762],[-72.91611,21.50669]]}},{"type":"Feature","properties":{},"geometry":{"type":"LineString","coordinates":[[-71.95547,21.8644],[-71.89746,21.82988],[-71.87993,21.84043],[-71.93154,21.9519],[-72.01064,21.95044],[-72.01904,21.91826],[-71.96377,21.89204],[-71.95547,21.8644]]}},{"type":"Feature","properties":{},"geometry":{"type":"LineString","coordinates":[[-72.19067,21.76977],[-72.14434,21.79273],[-72.14981,21.80449],[-72.21865,21.79629],[-72.33281,21.85137],[-72.33545,21.75801],[-72.19067,21.76977]]}},{"type":"Feature","properties":{},"geometry":{"type":"LineString","coordinates":[[-161.08457,58.67129],[-161.13149,58.66821],[-161.07026,58.56914],[-160.99238,58.56103],[-160.91899,58.5771],[-160.71514,58.79521],[-160.98623,58.73643],[-161.08457,58.67129]]}},{"type":"Feature","properties":{},"geometry":{"type":"LineString","coordinates":[[-153.15684,57.09394],[-152.93345,57.12925],[-152.9084,57.15244],[-152.93545,57.16733],[-153.2852,57.18506],[-153.35435,57.13193],[-153.37461,57.0519],[-153.29541,57.00044],[-153.2354,57.02861],[-153.15684,57.09394]]}},{"type":"Feature","properties":{},"geometry":{"type":"LineString","coordinates":[[-151.95972,60.50376],[-152.00449,60.40742],[-152.06904,60.35806],[-151.98691,60.37398],[-151.8873,60.4727],[-151.89941,60.49038],[-151.95972,60.50376]]}},{"type":"Feature","properties":{},"geometry":{"type":"LineString","coordinates":[[-152.51553,58.47861],[-152.39282,58.54087],[-152.36226,58.57085],[-152.36792,58.61108],[-152.46318,58.61851],[-152.63662,58.5417],[-152.51553,58.47861]]}},{"type":"Feature","properties":{},"geometry":{"type":"LineString","coordinates":[[-153.24062,57.8501],[-153.34697,57.93281],[-153.48105,57.97104],[-153.52007,57.95576],[-153.46504,57.90937],[-153.29497,57.82949],[-153.26855,57.82236],[-153.24062,57.8501]]}},{"type":"Feature","properties":{},"geometry":{"type":"LineString","coordinates":[[-155.73735,55.82979],[-155.72319,55.8022],[-155.60488,55.78955],[-155.56602,55.82119],[-155.57324,55.92109],[-155.62061,55.91309],[-155.73735,55.82979]]}},{"type":"Feature","properties":{},"geometry":{"type":"LineString","coordinates":[[-154.51753,56.60054],[-154.72935,56.50215],[-154.76094,56.47114],[-154.77393,56.42026],[-154.75122,56.41216],[-154.68281,56.43579],[-154.51118,56.52144],[-154.44487,56.57319],[-154.46338,56.59819],[-154.51753,56.60054]]}},{"type":"Feature","properties":{},"geometry":{"type":"LineString","coordinates":[[-154.21675,56.60874],[-154.32222,56.57061],[-154.33213,56.53901],[-154.25781,56.5127],[-154.20864,56.51489],[-154.10718,56.55781],[-154.1104,56.60293],[-154.21675,56.60874]]}},{"type":"Feature","properties":{},"geometry":{"type":"LineString","coordinates":[[-146.37168,60.42217],[-146.39395,60.44966],[-146.5603,60.48057],[-146.67026,60.43262],[-146.70288,60.39561],[-146.61831,60.27368],[-146.59531,60.26846],[-146.41919,60.32505],[-146.20239,60.36802],[-146.10225,60.41118],[-146.17954,60.42876],[-146.37168,60.42217]]}},{"type":"Feature","properties":{},"geometry":{"type":"LineString","coordinates":[[-145.28428,60.33682],[-145.15049,60.31265],[-145.11851,60.33711],[-145.10244,60.38823],[-145.12813,60.40112],[-145.28428,60.33682]]}},{"type":"Feature","properties":{},"geometry":{"type":"LineString","coordinates":[[-144.54155,59.87822],[-144.61357,59.81265],[-144.56563,59.81841],[-144.40322,59.92109],[-144.24898,59.98213],[-144.23574,60.01519],[-144.35396,59.99619],[-144.54155,59.87822]]}},{"type":"Feature","properties":{},"geometry":{"type":"LineString","coordinates":[[-147.01987,60.33223],[-147.12002,60.36309],[-147.18086,60.35825],[-147.20523,60.31133],[-147.33652,60.18535],[-147.46582,60.09702],[-147.76807,59.94375],[-147.87246,59.82837],[-147.84634,59.79883],[-147.73589,59.81323],[-147.66875,59.83154],[-147.64492,59.85361],[-147.54023,59.86753],[-147.49932,59.89019],[-147.44756,59.96025],[-147.37651,59.99116],[-147.31846,60.07529],[-146.98672,60.25435],[-146.95786,60.28887],[-147.01987,60.33223]]}},{"type":"Feature","properties":{},"geometry":{"type":"LineString","coordinates":[[-147.91421,60.09233],[-148.07959,60.15166],[-148.23066,60.11353],[-148.27187,60.05327],[-148.07417,60.03472],[-148.02178,60.06533],[-147.91421,60.09233]]}},{"type":"Feature","properties":{},"geometry":{"type":"LineString","coordinates":[[-147.8417,60.35127],[-147.85488,60.32144],[-147.89146,60.29941],[-147.87134,60.22978],[-147.80527,60.23066],[-147.82168,60.20273],[-147.81582,60.18516],[-147.78784,60.17793],[-147.73213,60.22207],[-147.65996,60.35249],[-147.69004,60.39888],[-147.65869,60.42412],[-147.65825,60.45049],[-147.68857,60.49141],[-147.76021,60.43877],[-147.77915,60.46606],[-147.79453,60.45986],[-147.8417,60.35127]]}},{"type":"Feature","properties":{},"geometry":{"type":"LineString","coordinates":[[-147.93071,60.82617],[-147.9644,60.90015],[-148.03774,60.92412],[-148.10166,60.91611],[-148.12378,60.84434],[-148.05742,60.81792],[-147.93071,60.82617]]}},{"type":"Feature","properties":{},"geometry":{"type":"LineString","coordinates":[[-132.67666,54.72622],[-132.64697,54.75615],[-132.61724,54.89243],[-132.77231,54.92607],[-132.83774,54.88096],[-132.98218,55.03301],[-132.99575,55.1106],[-133.06709,55.16621],[-133.09741,55.21372],[-133.29658,55.32573],[-133.42905,55.30381],[-133.45381,55.26035],[-133.41797,55.21069],[-133.25117,55.17515],[-133.1227,54.96982],[-133.08057,54.94941],[-133.07539,54.92134],[-133.00894,54.85483],[-132.8896,54.76265],[-132.80728,54.70913],[-132.70581,54.68418],[-132.67666,54.72622]]}},{"type":"Feature","properties":{},"geometry":{"type":"LineString","coordinates":[[-133.85527,56.58218],[-133.80903,56.61133],[-133.76728,56.6001],[-133.73838,56.65044],[-133.77812,56.72891],[-133.83086,56.7813],[-133.9248,56.77568],[-134.00059,56.86919],[-134.05181,56.89829],[-134.14326,56.93232],[-134.27441,56.91816],[-134.37368,56.83867],[-134.38442,56.72402],[-134.27837,56.61709],[-134.29023,56.58003],[-134.15049,56.51348],[-134.08437,56.45635],[-134.19546,56.41352],[-134.24507,56.20327],[-134.1896,56.07695],[-134.12241,56.07739],[-134.06748,56.13301],[-133.99399,56.10112],[-133.94971,56.12773],[-133.93852,56.19365],[-133.88462,56.29214],[-133.87046,56.38867],[-133.88359,56.4855],[-133.85527,56.58218]]}},{"type":"Feature","properties":{},"geometry":{"type":"LineString","coordinates":[[-133.63423,55.53926],[-133.73711,55.49692],[-133.63501,55.41333],[-133.65019,55.26929],[-133.46309,55.37666],[-133.42647,55.43144],[-133.28169,55.49785],[-133.30508,55.54375],[-133.34556,55.55908],[-133.45478,55.52231],[-133.63423,55.53926]]}},{"type":"Feature","properties":{},"geometry":{"type":"LineString","coordinates":[[-131.43135,54.99648],[-131.4561,54.93057],[-131.4457,54.90933],[-131.32954,54.88774],[-131.23203,54.90376],[-131.23745,54.94951],[-131.33975,55.07983],[-131.40464,55.21333],[-131.51265,55.26274],[-131.56543,55.26411],[-131.57783,55.20083],[-131.55601,55.1374],[-131.59512,55.09072],[-131.59224,55.02568],[-131.54004,55.04849],[-131.48174,55.03525],[-131.43135,54.99648]]}},{"type":"Feature","properties":{},"geometry":{"type":"LineString","coordinates":[[-132.90654,56.6374],[-132.94805,56.56724],[-132.93081,56.52446],[-132.88472,56.51245],[-132.75762,56.51103],[-132.71445,56.54253],[-132.56797,56.57583],[-132.59868,56.63574],[-132.65586,56.68472],[-132.84253,56.79478],[-132.87065,56.69639],[-132.90654,56.6374]]}},{"type":"Feature","properties":{},"geometry":{"type":"LineString","coordinates":[[-132.37983,56.49878],[-132.59873,56.24165],[-132.6752,56.22363],[-132.69902,56.19819],[-132.69136,56.13008],[-132.65991,56.07817],[-132.45117,56.05635],[-132.40606,56.02886],[-132.4206,55.97954],[-132.3686,55.93975],[-132.28731,55.92939],[-132.2103,55.95298],[-132.13296,55.94326],[-132.11235,56.10938],[-132.06689,56.24424],[-132.3165,56.4875],[-132.37983,56.49878]]}},{"type":"Feature","properties":{},"geometry":{"type":"LineString","coordinates":[[-132.9355,56.4418],[-133.01709,56.39199],[-133.03765,56.36484],[-133.03501,56.34092],[-132.89146,56.25942],[-132.77988,56.24727],[-132.66939,56.28731],[-132.64658,56.31318],[-132.65757,56.33931],[-132.6291,56.41191],[-132.64336,56.43516],[-132.90205,56.45376],[-132.9355,56.4418]]}},{"type":"Feature","properties":{},"geometry":{"type":"LineString","coordinates":[[-134.31274,58.22891],[-134.39888,58.28721],[-134.51997,58.33252],[-134.648,58.3124],[-134.66157,58.29092],[-134.59399,58.24312],[-134.45625,58.20654],[-134.31987,58.2041],[-134.31274,58.22891]]}},{"type":"Feature","properties":{},"geometry":{"type":"LineString","coordinates":[[-129.21504,52.80386],[-129.26352,52.80078],[-129.25049,52.72217],[-129.15103,52.60532],[-128.9687,52.46426],[-128.93687,52.51001],[-128.94033,52.60073],[-128.99399,52.66172],[-129.21504,52.80386]]}},{"type":"Feature","properties":{},"geometry":{"type":"LineString","coordinates":[[-130.92178,54.61489],[-130.95347,54.54185],[-130.95029,54.47778],[-130.80513,54.5438],[-130.75342,54.59971],[-130.77705,54.6189],[-130.90684,54.63179],[-130.92178,54.61489]]}},{"type":"Feature","properties":{},"geometry":{"type":"LineString","coordinates":[[-131.10713,52.13657],[-131.11733,52.10102],[-131.10342,52.01387],[-131.08052,51.98042],[-131.0293,51.96162],[-131.01065,52.09526],[-131.0981,52.15064],[-131.10713,52.13657]]}},{"type":"Feature","properties":{},"geometry":{"type":"LineString","coordinates":[[-130.31587,54.04692],[-130.39731,54.08569],[-130.49463,54.07417],[-130.6957,53.95127],[-130.70317,53.89224],[-130.68345,53.86348],[-130.6437,53.84453],[-130.64185,53.92114],[-130.62461,53.94141],[-130.58984,53.94028],[-130.47026,53.86177],[-130.38423,53.84394],[-130.33755,53.86626],[-130.23628,53.95855],[-130.31587,54.04692]]}},{"type":"Feature","properties":{},"geometry":{"type":"LineString","coordinates":[[-130.0354,53.4811],[-130.19502,53.54966],[-130.452,53.63115],[-130.51758,53.54424],[-130.41074,53.49082],[-130.30566,53.40737],[-130.15142,53.3457],[-129.93437,53.17666],[-129.84858,53.16792],[-129.76895,53.21728],[-129.75483,53.24477],[-129.94473,53.43638],[-130.0354,53.4811]]}},{"type":"Feature","properties":{},"geometry":{"type":"LineString","coordinates":[[-127.93252,51.60547],[-127.99868,51.70381],[-128.03174,51.7084],[-128.12275,51.6668],[-128.14878,51.62671],[-128.0918,51.51113],[-128.04453,51.47402],[-127.98125,51.45723],[-127.94126,51.45718],[-127.92466,51.47388],[-127.91636,51.58545],[-127.93252,51.60547]]}},{"type":"Feature","properties":{},"geometry":{"type":"LineString","coordinates":[[-128.29815,52.54824],[-128.24727,52.78437],[-128.36489,52.78189],[-128.4398,52.69639],[-128.43594,52.56035],[-128.4125,52.47285],[-128.44541,52.3875],[-128.36875,52.40088],[-128.34356,52.42607],[-128.29815,52.54824]]}},{"type":"Feature","properties":{},"geometry":{"type":"LineString","coordinates":[[-129.47144,53.18301],[-129.51475,53.17939],[-129.47778,53.09775],[-129.37002,52.99761],[-129.31372,52.99219],[-129.34351,53.05278],[-129.47144,53.18301]]}},{"type":"Feature","properties":{},"geometry":{"type":"LineString","coordinates":[[-129.16772,53.11787],[-129.177,53.25913],[-129.23818,53.33008],[-129.25308,53.2855],[-129.31436,53.21231],[-129.33125,53.17397],[-129.32388,53.14214],[-129.27686,53.11094],[-129.16772,53.11787]]}},{"type":"Feature","properties":{},"geometry":{"type":"LineString","coordinates":[[-139.29141,69.59785],[-139.12573,69.53931],[-139.04312,69.5769],[-138.87886,69.5897],[-138.93154,69.61694],[-139.1396,69.64961],[-139.29141,69.59785]]}},{"type":"Feature","properties":{},"geometry":{"type":"LineString","coordinates":[[-106.52383,21.65234],[-106.53643,21.67637],[-106.59736,21.71216],[-106.63935,21.69785],[-106.63418,21.61313],[-106.60703,21.56148],[-106.53135,21.52852],[-106.50225,21.61084],[-106.52383,21.65234]]}},{"type":"Feature","properties":{},"geometry":{"type":"LineString","coordinates":[[-110.9894,18.86313],[-111.03994,18.83013],[-111.06367,18.78164],[-110.97481,18.72036],[-110.91445,18.74145],[-110.9894,18.86313]]}},{"type":"Feature","properties":{},"geometry":{"type":"LineString","coordinates":[[-110.70342,25.04663],[-110.65742,24.96885],[-110.59019,24.90806],[-110.53887,24.89155],[-110.56738,25.00347],[-110.59521,25.04214],[-110.69023,25.08784],[-110.70342,25.04663]]}},{"type":"Feature","properties":{},"geometry":{"type":"LineString","coordinates":[[-109.89033,24.34482],[-109.90049,24.33091],[-109.87793,24.20063],[-109.82676,24.14756],[-109.80508,24.15107],[-109.7938,24.1834],[-109.89033,24.34482]]}},{"type":"Feature","properties":{},"geometry":{"type":"LineString","coordinates":[[-113.20215,29.30185],[-113.37383,29.33892],[-113.37583,29.41748],[-113.41592,29.48594],[-113.50796,29.55991],[-113.58721,29.57305],[-113.59439,29.4627],[-113.58061,29.41323],[-113.49634,29.30762],[-113.26475,29.09673],[-113.16279,29.03477],[-113.20215,29.30185]]}},{"type":"Feature","properties":{},"geometry":{"type":"LineString","coordinates":[[-114.78921,31.74741],[-114.72725,31.70137],[-114.69414,31.70562],[-114.68794,31.72422],[-114.70908,31.75689],[-114.77109,31.79409],[-114.78457,31.7898],[-114.78921,31.74741]]}},{"type":"Feature","properties":{},"geometry":{"type":"LineString","coordinates":[[-115.23355,28.36836],[-115.27397,28.34277],[-115.2604,28.22056],[-115.35293,28.10395],[-115.18428,28.03726],[-115.14853,28.17212],[-115.19697,28.32788],[-115.23355,28.36836]]}},{"type":"Feature","properties":{},"geometry":{"type":"LineString","coordinates":[[-111.85684,24.53799],[-111.94087,24.55112],[-112.01328,24.5334],[-111.71231,24.34639],[-111.69888,24.3936],[-111.85684,24.53799]]}},{"type":"Feature","properties":{},"geometry":{"type":"LineString","coordinates":[[-111.09087,26.07568],[-111.13926,26.06982],[-111.18291,26.04062],[-111.22466,25.83589],[-111.20449,25.84971],[-111.13525,25.99917],[-111.09443,25.97407],[-111.08774,25.98452],[-111.10029,26.0206],[-111.09087,26.07568]]}},{"type":"Feature","properties":{},"geometry":{"type":"LineString","coordinates":[[-112.20308,29.00532],[-112.28506,29.24043],[-112.42354,29.20366],[-112.46982,29.16773],[-112.53101,28.89399],[-112.51406,28.84761],[-112.35527,28.77314],[-112.27842,28.76934],[-112.20308,29.00532]]}},{"type":"Feature","properties":{},"geometry":{"type":"LineString","coordinates":[[-112.16377,24.79966],[-112.19502,24.84106],[-112.19839,24.88545],[-112.13169,25.22436],[-112.15942,25.28564],[-112.22231,24.95112],[-112.29678,24.78965],[-112.2105,24.76313],[-112.17549,24.72959],[-112.16289,24.65029],[-112.07734,24.53457],[-112.05728,24.5457],[-112.06748,24.58364],[-112.12627,24.654],[-112.13022,24.72959],[-112.16377,24.79966]]}},{"type":"Feature","properties":{},"geometry":{"type":"MultiLineString","coordinates":[[[-66.0,66.13],[-66.06372,66.13272],[-66.20859,66.2064],[-66.47695,66.27974],[-66.71231,66.46045],[-66.7874,66.55566],[-66.86289,66.59531],[-66.98633,66.62749],[-67.0148,66.62222],[-66.97041,66.58188],[-66.96899,66.54717],[-67.07685,66.52549],[-67.18965,66.53301],[-67.30732,66.56973],[-67.31768,66.52036],[-67.19175,66.43276],[-67.18975,66.32173],[-67.22539,66.31025],[-67.31123,66.30376],[-67.36885,66.31748],[-67.55977,66.40044],[-67.74077,66.4582],[-67.86846,66.49014],[-67.8834,66.46743],[-67.70449,66.2686],[-67.1832,66.03442],[-67.27266,65.95557],[-67.35044,65.92974],[-67.55078,65.92163],[-67.82803,65.96519],[-67.9582,66.01382],[-68.14727,66.12983],[-68.45991,66.24927],[-68.52778,66.24863],[-68.74893,66.20005],[-68.46709,66.17319],[-68.21719,66.07886],[-68.19834,66.03897],[-68.26069,65.99458],[-68.25684,65.93862],[-68.18672,65.871],[-68.11504,65.82778],[-67.89419,65.79326],[-67.86646,65.77368],[-67.95435,65.6231],[-67.96182,65.58193],[-67.93677,65.56489],[-67.71714,65.62534],[-67.56963,65.64356],[-67.39971,65.58838],[-67.34639,65.54936],[-67.30342,65.48291],[-67.11797,65.44038],[-67.13496,65.42051],[-67.33652,65.34658],[-67.17759,65.30381],[-67.0665,65.24409],[-66.99858,65.173],[-66.97036,65.08491],[-66.8875,65.09399],[-66.83091,65.07417],[-66.73276,64.86006],[-66.69741,64.81519],[-66.67715,64.81367],[-66.6667,64.97383],[-66.6355,65.00034],[-66.51777,64.97197],[-66.22373,64.8541],[-66.20972,64.82812],[-66.30151,64.77773],[-66.21465,64.72241],[-66.15249,64.73491],[-66.10752,64.79121],[-66.0,64.85948]],[[-66.0,63.00987],[-66.24922,63.10825],[-66.20107,63.00625],[-66.22866,62.99097],[-66.41445,63.0272],[-66.65498,63.26475],[-66.63643,63.08013],[-66.69746,63.06953],[-66.74854,63.11108],[-66.77324,63.16226],[-66.83145,63.20112],[-66.97471,63.25557],[-67.01792,63.3165],[-67.17978,63.30503],[-67.26094,63.34072],[-67.49502,63.48145],[-67.70923,63.63394],[-67.89326,63.73374],[-67.82144,63.63501],[-67.72256,63.42275],[-67.75879,63.41973],[-67.83789,63.44922],[-68.24356,63.63706],[-68.49375,63.72549],[-68.85894,63.75185],[-68.91108,63.70322],[-68.78926,63.59512],[-68.67056,63.51367],[-68.37393,63.3522],[-68.14126,63.17231],[-67.91533,63.11367],[-67.67598,63.09356],[-67.66489,63.07266],[-67.73696,63.00957],[-67.36665,62.91416],[-67.26851,62.85757],[-67.21269,62.84351],[-66.97954,62.70083],[-66.64487,62.60205],[-66.45874,62.46314],[-66.35728,62.3519],[-66.28125,62.30269],[-66.0,62.22085]],[[-66.0,62.1674],[-66.02695,62.13721],[-66.13315,62.10239],[-66.05644,61.96748],[-66.05889,61.91387],[-66.25669,61.86826],[-66.32373,61.87026],[-66.55132,61.92559],[-66.80312,62.0126],[-67.18106,62.07285],[-67.32202,62.10503],[-67.44014,62.15127],[-68.37861,62.23516],[-68.63364,62.2813],[-68.72437,62.31899],[-69.12559,62.42397],[-69.36602,62.57187],[-69.54517,62.74458],[-69.60474,62.76772],[-69.79951,62.79048],[-70.07095,62.75723],[-70.23613,62.76338],[-70.57134,62.86919],[-70.80142,62.9105],[-71.10576,63.00225],[-70.94604,63.1207],[-70.99268,63.11929],[-71.25371,63.04253],[-71.34727,63.06611],[-71.61714,63.18721],[-71.85547,63.35527],[-71.99224,63.41616],[-71.97305,63.42988],[-71.69653,63.43023],[-71.61426,63.44409],[-71.45586,63.51226],[-71.3874,63.55503],[-71.38086,63.58032],[-71.51348,63.58657],[-71.62676,63.6626],[-71.72529,63.70615],[-71.83755,63.72495],[-72.22295,63.70889],[-72.29014,63.72798],[-72.28877,63.75698],[-72.17246,63.87168],[-72.15937,63.88989],[-72.17427,63.89341],[-72.22647,63.89136],[-72.45,63.81811],[-72.49844,63.82349],[-72.58613,63.90078],[-72.63931,63.98906],[-72.67808,64.02002],[-72.72959,64.03047],[-72.91318,64.11719],[-73.27031,64.3335],[-73.45454,64.39927],[-73.44365,64.42349],[-73.27817,64.56025],[-73.27129,64.58252],[-73.41309,64.57417],[-73.62695,64.60254],[-73.72842,64.56826],[-73.91035,64.57812],[-73.95039,64.46582],[-73.9811,64.43774],[-74.0648,64.42466],[-74.09873,64.4437],[-74.13047,64.60781],[-74.20508,64.62812],[-74.46123,64.64468],[-74.51245,64.67017],[-74.63428,64.82393],[-74.6814,64.83066],[-74.81343,64.79624],[-74.91626,64.79199],[-74.91943,64.76553],[-74.72983,64.64736],[-74.64004,64.55708],[-74.69473,64.49658],[-75.06738,64.45669],[-75.32842,64.49043],[-75.48779,64.54077],[-75.71504,64.52437],[-75.7667,64.39194],[-76.11807,64.37632],[-76.40684,64.30317],[-76.56152,64.30161],[-76.72383,64.24204],[-76.85615,64.23765],[-77.02353,64.27085],[-77.28252,64.28037],[-77.40288,64.2999],[-77.62778,64.36348],[-77.79116,64.36709],[-78.04521,64.49927],[-78.17456,64.61772],[-78.19756,64.66465],[-78.1897,64.75181],[-78.14463,64.80772],[-78.09561,64.93926],[-78.05527,64.98291],[-77.87617,65.07295],[-77.44746,65.16157],[-77.36089,65.19653],[-77.36387,65.21977],[-77.46147,65.32817],[-77.4604,65.35591],[-77.32671,65.45312],[-77.25117,65.46289],[-77.09414,65.43086],[-76.77891,65.41387],[-76.48169,65.36973],[-75.82832,65.22705],[-75.64814,65.14082],[-75.51992,65.05601],[-75.50156,65.01309],[-75.59087,64.92769],[-75.58911,64.90503],[-75.4521,64.8416],[-75.42715,64.85586],[-75.43516,64.90078],[-75.41367,64.93852],[-75.36279,64.96904],[-75.35713,65.00874],[-75.4458,65.09971],[-75.77295,65.25703],[-75.79868,65.29751],[-75.70859,65.31572],[-75.31665,65.27481],[-75.16631,65.28394],[-75.04775,65.36396],[-74.98174,65.38144],[-74.84985,65.38906],[-74.66548,65.36694],[-74.49478,65.37168],[-74.39072,65.39756],[-74.23686,65.48389],[-73.9896,65.51699],[-73.55078,65.48525],[-73.56074,65.54292],[-73.74609,65.7667],[-74.03311,65.87705],[-74.27617,66.01274],[-74.40107,66.09697],[-74.43394,66.13901],[-74.41641,66.16709],[-74.3749,66.20815],[-73.93369,66.35806],[-73.58423,66.50693],[-73.28081,66.67495],[-73.03325,66.72817],[-72.98535,66.76538],[-72.94678,66.88325],[-72.78882,67.03061],[-72.66773,67.07046],[-72.48516,67.0981],[-72.36494,67.1334],[-72.22002,67.2543],[-72.23413,67.28442],[-72.35288,67.34189],[-72.57646,67.65864],[-72.72529,67.81162],[-72.90395,67.94478],[-73.06343,68.10698],[-73.32822,68.26675],[-73.33145,68.30898],[-73.28447,68.35698],[-73.30688,68.36782],[-73.58018,68.29775],[-73.64448,68.29453],[-73.82051,68.36294],[-73.87935,68.42939],[-73.87334,68.46416],[-73.78252,68.57803],[-73.78061,68.61929],[-73.79844,68.65864],[-73.85156,68.70137],[-74.073,68.71494],[-74.11797,68.70093],[-73.96606,68.57876],[-73.98926,68.54863],[-74.27012,68.54121],[-74.42241,68.57993],[-74.64795,68.70752],[-74.6958,68.75557],[-74.68052,68.79028],[-74.69995,68.80835],[-74.80835,68.7959],[-74.9104,68.82314],[-74.75239,68.89209],[-74.74326,68.91338],[-74.81611,68.93613],[-74.9251,68.94072],[-74.954,68.96108],[-74.7167,69.04551],[-74.85488,69.06582],[-75.10425,68.94058],[-75.21328,68.90937],[-75.36274,68.94829],[-75.45698,68.96128],[-75.52266,68.95273],[-75.62305,68.88774],[-76.23472,68.72803],[-76.40342,68.69233],[-76.58506,68.69873],[-76.61943,68.72139],[-76.61626,68.75986],[-76.57456,68.84668],[-76.58769,68.97446],[-76.55723,69.00947],[-76.38091,69.05244],[-76.08921,69.02617],[-75.95371,69.03081],[-75.76338,69.10293],[-75.66797,69.15884],[-75.64775,69.21255],[-75.78716,69.31865],[-76.04648,69.38638],[-76.40796,69.44111],[-76.52036,69.5166],[-76.51611,69.59092],[-76.46328,69.61997],[-76.23408,69.66211],[-76.51328,69.68394],[-76.74233,69.5729],[-77.08994,69.63511],[-77.12881,69.65273],[-76.8686,69.74517],[-76.85859,69.77539],[-77.01597,69.83613],[-77.23247,69.85459],[-77.49429,69.83623],[-77.59165,69.84561],[-77.66299,69.96572],[-77.72192,70.1708],[-77.77402,70.23852],[-77.84253,70.24707],[-78.15679,70.21914],[-78.28281,70.22915],[-78.62144,70.35342],[-78.77266,70.44531],[-78.83086,70.46318],[-78.97979,70.58135],[-79.06641,70.60356],[-79.25317,70.53472],[-79.34663,70.48189],[-79.39731,70.43726],[-79.40523,70.40073],[-79.34741,70.37231],[-79.01753,70.32519],[-78.93384,70.2937],[-78.86284,70.24189],[-78.80981,70.17856],[-78.77485,70.10361],[-78.77783,70.04766],[-78.8188,70.01045],[-78.88965,69.97749],[-79.09287,69.92534],[-79.30332,69.89482],[-79.51543,69.8876],[-80.16211,69.996],[-80.38682,70.01045],[-80.67031,70.0521],[-81.09829,70.09116],[-81.55957,70.11123],[-81.65195,70.09463],[-81.42173,70.02461],[-81.32949,70.02437],[-81.19683,69.98281],[-81.02373,69.9],[-80.84287,69.79165],[-80.84028,69.77139],[-80.92173,69.73091],[-81.5647,69.94272],[-82.13872,69.84121],[-82.29385,69.83691],[-83.14995,70.00908],[-83.53076,69.96479],[-83.85908,69.96274],[-84.52187,70.00522],[-84.76514,70.03364],[-84.90908,70.07822],[-85.43237,70.11138],[-85.78003,70.03667],[-86.19819,70.10513],[-86.32202,70.14541],[-86.4831,70.28857],[-86.4998,70.35039],[-86.46538,70.40625],[-86.39687,70.46533],[-86.70415,70.39072],[-87.12246,70.41196],[-87.17197,70.39985],[-87.15581,70.37744],[-87.07402,70.34482],[-87.06328,70.3251],[-87.23789,70.30972],[-87.61777,70.31875],[-87.83813,70.24658],[-87.90068,70.2519],[-88.17832,70.3686],[-88.4021,70.44248],[-88.66299,70.47085],[-88.84844,70.5229],[-89.2083,70.75972],[-89.25752,70.81069],[-89.37153,70.99614],[-89.45591,71.06172],[-88.69565,71.0456],[-88.51665,71.03057],[-88.30908,70.98433],[-88.03857,70.95132],[-87.84492,70.94438],[-87.18159,70.98755],[-87.14009,71.01162],[-87.57231,71.10757],[-87.87246,71.20855],[-88.06064,71.22725],[-88.5895,71.24028],[-89.07935,71.28794],[-89.41768,71.3522],[-89.80537,71.46231],[-89.84575,71.49228],[-89.97734,71.84805],[-90.01953,71.90181],[-90.02519,71.94878],[-89.97732,72.0]],[[-86.28115,72.0],[-86.21846,71.89912],[-86.03613,71.77095],[-85.53716,71.55542],[-85.07871,71.39849],[-85.02339,71.35322],[-85.1376,71.30342],[-85.40537,71.22676],[-85.94541,71.16265],[-86.17944,71.0959],[-86.58935,71.01079],[-86.54966,70.98877],[-86.32129,71.0168],[-85.64385,71.15244],[-85.09487,71.15195],[-85.00156,71.13745],[-85.06577,71.07861],[-84.98848,71.03174],[-84.87031,71.00181],[-84.82373,71.02861],[-84.7896,71.09326],[-84.65811,71.5146],[-84.65996,71.58613],[-84.69941,71.63144],[-84.84014,71.65864],[-85.13091,71.66123],[-85.33906,71.69727],[-85.59619,71.86641],[-85.91162,71.98652],[-85.8928,72.0]],[[-80.93688,72.0],[-80.92681,71.93809],[-80.9479,71.91655],[-80.92515,71.90767],[-80.80225,71.9292],[-80.68184,72.0]],[[-78.91938,72.0],[-78.77593,71.93037],[-78.58511,71.88062],[-78.62256,71.93496],[-78.74913,72.0]],[[-75.55381,72.0],[-75.7874,71.80308],[-75.9228,71.71724],[-75.89683,71.71372],[-75.82207,71.7459],[-75.5999,71.91846],[-75.37257,72.0]],[[-74.22994,72.0],[-74.20933,71.97866],[-74.2126,71.93867],[-74.31572,71.84268],[-74.89297,71.72554],[-75.20479,71.70913],[-75.19106,71.6916],[-74.95947,71.66748],[-74.70078,71.67559],[-74.70737,71.64692],[-74.82895,71.5709],[-74.86831,71.50474],[-74.83447,71.45059],[-74.84072,71.40659],[-75.03535,71.23052],[-74.99619,71.21811],[-74.75894,71.33813],[-74.69531,71.46943],[-74.59956,71.58486],[-74.48809,71.64839],[-74.4041,71.67251],[-74.13906,71.68223],[-73.99209,71.74961],[-73.81406,71.77144],[-73.70723,71.74634],[-73.71357,71.71987],[-73.8686,71.59937],[-74.19727,71.40415],[-74.06333,71.42646],[-73.71284,71.5876],[-73.62168,71.52554],[-73.48159,71.47925],[-73.3978,71.37344],[-73.18062,71.28286],[-73.19219,71.34985],[-73.31045,71.48428],[-73.27822,71.53799],[-72.90195,71.67778],[-72.58061,71.60679],[-72.3646,71.61099],[-72.1165,71.59277],[-71.64067,71.51626],[-71.45991,71.46372],[-71.33296,71.40347],[-71.25606,71.36182],[-71.18652,71.27871],[-71.21939,71.23882],[-71.49502,71.10513],[-71.59307,71.08638],[-71.85615,71.10479],[-71.93794,71.09429],[-72.2977,70.93882],[-72.63272,70.83076],[-72.31255,70.83252],[-72.22393,70.87017],[-72.15,70.94067],[-72.00918,71.01343],[-71.74253,71.04688],[-71.37085,70.97515],[-71.18623,70.97803],[-71.04536,71.05],[-70.82607,71.10874],[-70.67266,71.0522],[-70.63648,71.00659],[-70.63911,70.90244],[-70.65523,70.8709],[-70.76172,70.79224],[-71.02178,70.67412],[-71.1918,70.62978],[-71.58594,70.56587],[-71.72939,70.4877],[-71.89019,70.43154],[-71.77236,70.39419],[-71.72725,70.39521],[-71.56499,70.50566],[-71.42666,70.5521],[-71.3751,70.54844],[-71.27588,70.50029],[-71.27959,70.4252],[-71.42944,70.12778],[-71.40513,70.12866],[-71.31309,70.20933],[-70.97979,70.58106],[-70.85054,70.6436],[-70.56094,70.73828],[-70.08472,70.82954],[-69.9498,70.84502],[-69.7957,70.83457],[-69.69551,70.78589],[-69.28906,70.78345],[-68.44668,70.59409],[-68.35825,70.5229],[-68.36352,70.48125],[-68.41665,70.43999],[-68.48257,70.41484],[-68.64282,70.3832],[-68.84292,70.31445],[-69.43569,70.25312],[-69.69898,70.18931],[-70.06143,70.07085],[-70.05772,70.04263],[-69.91309,70.02905],[-69.79585,70.04692],[-69.63457,70.12876],[-69.48301,70.16006],[-68.91855,70.20698],[-68.77822,70.20356],[-68.75293,70.19917],[-68.72329,70.14565],[-68.77695,70.10103],[-68.83911,70.07993],[-69.0083,69.97895],[-68.89702,69.95273],[-68.74404,69.94141],[-68.65674,69.96846],[-68.57783,70.03047],[-68.48936,70.06484],[-68.30508,70.0874],[-68.23066,70.11221],[-68.21045,70.12842],[-68.3186,70.1606],[-68.3272,70.18018],[-68.20352,70.28149],[-68.12065,70.3146],[-68.05908,70.31724],[-67.85532,70.28179],[-67.36367,70.03442],[-67.1959,69.86069],[-67.17266,69.79946],[-67.19277,69.75684],[-67.25928,69.72129],[-67.33672,69.721],[-67.8062,69.77739],[-68.02041,69.77007],[-68.18945,69.73062],[-68.28979,69.6647],[-68.37207,69.64438],[-68.66992,69.64365],[-68.83711,69.62354],[-69.22769,69.54741],[-69.25078,69.51191],[-69.0749,69.51811],[-68.78525,69.56421],[-68.51304,69.5773],[-68.05815,69.47588],[-67.90825,69.46011],[-67.72451,69.47925],[-67.23696,69.46011],[-67.05269,69.42119],[-66.71675,69.31186],[-66.67627,69.25845],[-66.6793,69.19106],[-66.70742,69.16821],[-66.80288,69.15273],[-67.33164,69.18472],[-67.48379,69.16699],[-67.76504,69.20024],[-67.93848,69.24814],[-68.19819,69.20269],[-68.4063,69.23223],[-68.6189,69.20601],[-69.04063,69.098],[-68.99346,69.07935],[-68.41553,69.17207],[-68.12129,69.13262],[-67.75171,69.03867],[-67.75102,68.93384],[-67.79512,68.86333],[-67.8832,68.78398],[-68.32422,68.84404],[-68.45039,68.85083],[-68.72529,68.8102],[-69.21885,68.8728],[-69.34268,68.86938],[-68.87144,68.75996],[-68.3332,68.73257],[-68.2104,68.70298],[-68.15249,68.68106],[-68.14834,68.61611],[-68.03794,68.55073],[-67.93848,68.52417],[-67.65596,68.55073],[-67.45552,68.4979],[-67.20249,68.46587],[-66.8542,68.47163],[-66.71392,68.4457],[-66.99727,68.37417],[-67.03296,68.32607],[-66.83096,68.21563],[-66.83433,68.17988],[-66.9231,68.06572],[-66.729,68.129],[-66.70234,68.12056],[-66.68457,68.02925],[-66.66269,68.03442],[-66.60547,68.11001],[-66.63096,68.21064],[-66.53076,68.25034],[-66.2124,68.28042],[-66.26631,68.1227],[-66.27471,68.04077],[-66.41387,67.9043],[-66.52647,67.85117],[-66.39238,67.83193],[-66.34297,67.85327],[-66.22519,67.95874],[-66.0,68.06206]]]}},{"type":"Feature","properties":{},"geometry":{"type":"LineString","coordinates":[[-120.68184,69.56694],[-120.96245,69.6604],[-121.5311,69.77578],[-122.07007,69.81616],[-122.95669,69.81885],[-123.02578,69.81001],[-123.07661,69.78247],[-123.1104,69.73813],[-123.14448,69.63247],[-123.21367,69.5415],[-123.24898,69.52002],[-123.36147,69.49663],[-123.46045,69.42002],[-123.52842,69.38935],[-124.04966,69.37285],[-124.11172,69.35889],[-124.33809,69.36484],[-124.42617,69.37944],[-124.47207,69.40005],[-124.48135,69.42515],[-124.39839,69.49385],[-124.13848,69.65317],[-124.12461,69.68999],[-124.34937,69.73452],[-124.40693,69.76743],[-124.47192,69.91851],[-124.44448,70.1106],[-124.55503,70.15122],[-124.70635,70.11699],[-124.74512,70.08018],[-124.99038,70.02661],[-124.76792,69.99004],[-124.96826,69.89438],[-125.07959,69.81782],[-125.20117,69.82881],[-125.22788,69.75674],[-125.21939,69.73237],[-125.34551,69.66245],[-125.35693,69.62598],[-125.26157,69.56616],[-125.16685,69.47979],[-125.17188,69.42798],[-125.38677,69.34922],[-125.52495,69.35156],[-125.90742,69.41855],[-126.25044,69.54526],[-126.68491,69.7771],[-126.92681,70.06172],[-127.22598,70.29614],[-127.75283,70.51714],[-127.99102,70.57383],[-128.04048,70.56641],[-128.1273,70.52383],[-128.16807,70.47979],[-128.17012,70.41846],[-127.98892,70.36313],[-128.04365,70.32876],[-127.97402,70.29292],[-127.68379,70.26035],[-127.76494,70.22187],[-128.09585,70.16133],[-128.27861,70.1081],[-128.38672,69.96016],[-128.85303,69.75102],[-129.05435,69.70107],[-129.10171,69.71704],[-129.13623,69.75005],[-129.15791,69.8001],[-129.13833,69.83252],[-128.93862,69.875],[-128.88369,69.96348],[-128.89893,69.96616],[-129.10913,69.88193],[-129.57212,69.82671],[-130.11763,69.72007],[-130.35361,69.65581],[-130.51597,69.56968],[-130.66069,69.4813],[-130.87505,69.32002],[-130.97065,69.20908],[-130.98628,69.36289],[-131.01343,69.42871],[-131.06343,69.45068],[-131.16172,69.45498],[-131.2939,69.36372],[-131.32471,69.36118],[-131.30303,69.41509],[-131.34292,69.4354],[-131.56294,69.46138],[-131.78838,69.43198],[-131.82017,69.40161],[-131.78106,69.38887],[-131.78691,69.37129],[-131.91963,69.29053],[-132.35806,69.16694],[-132.54517,69.14062],[-132.71894,69.0792],[-132.77012,69.01216],[-132.73911,68.92246],[-132.70435,68.8959],[-132.54224,68.88994],[-132.53267,68.87564],[-132.57764,68.8478],[-132.70601,68.81489],[-133.304,68.84741],[-133.33667,68.83525],[-133.13804,68.74658],[-133.19683,68.73984],[-133.34839,68.76987],[-133.41831,68.84429],[-133.37895,68.88667],[-133.08945,69.02876],[-132.81748,69.20576],[-132.68672,69.25986],[-132.4812,69.27314],[-132.33076,69.30796],[-132.12876,69.40234],[-131.98877,69.51763],[-131.93779,69.53472],[-130.83208,69.65147],[-130.45884,69.77998],[-129.64829,69.99775],[-129.53818,70.07393],[-129.53843,70.10518],[-129.67563,70.19297],[-129.73008,70.19209],[-129.94497,70.09092],[-130.17495,70.08589],[-130.49844,70.14316],[-130.66548,70.12705],[-130.92617,70.05161],[-131.13638,69.90689],[-131.21587,69.90078],[-131.31895,69.92417],[-131.44092,69.91792],[-131.58184,69.88213],[-131.93413,69.75347],[-132.16343,69.70498],[-132.23242,69.70815],[-132.33398,69.75181],[-132.48848,69.73809],[-132.53755,69.72656],[-132.56836,69.69814],[-132.47896,69.69287],[-132.41274,69.67407],[-132.40391,69.65874],[-132.52681,69.64326],[-132.84033,69.65068],[-132.91533,69.62964],[-133.02827,69.50825],[-133.16314,69.43389],[-133.69404,69.36841],[-134.17432,69.25283],[-134.16504,69.28057],[-133.94746,69.42949],[-133.87978,69.50772],[-133.89995,69.52822],[-134.07749,69.55786],[-134.24204,69.66885],[-134.40894,69.68179],[-134.45147,69.66548],[-134.49536,69.57192],[-134.45684,69.47764],[-134.49385,69.46792],[-134.85288,69.48589],[-135.14082,69.46782],[-135.22978,69.4252],[-135.25498,69.32383],[-135.29282,69.30786],[-135.49956,69.33716],[-135.61494,69.29102],[-135.69145,69.31118],[-135.9102,69.11147],[-135.74263,69.04941],[-135.57554,69.02695],[-135.58999,69.00825],[-135.92476,68.99263],[-135.93901,68.97417],[-135.89473,68.92671],[-135.63799,68.89224],[-135.43457,68.84199],[-135.2312,68.69429],[-135.25884,68.68433],[-135.36216,68.69644],[-135.86665,68.83262],[-136.12236,68.88223],[-136.44375,68.89512]]}},{"type":"Feature","properties":{},"geometry":{"type":"MultiLineString","coordinates":[[[-136.44375,68.89512],[-136.71733,68.88916],[-137.07041,68.95088],[-137.25996,68.96411],[-137.86943,69.09282],[-138.12837,69.15195],[-138.29102,69.21904],[-138.68989,69.3168],[-139.18154,69.51553],[-139.97661,69.62173],[-140.40513,69.60249],[-141.08081,69.65942],[-141.40791,69.65337],[-141.52637,69.7147],[-141.69922,69.77036],[-142.29697,69.86987],[-142.42212,69.9395],[-142.70786,70.03379],[-143.21831,70.11626],[-143.35703,70.08955],[-143.74644,70.10195],[-144.06411,70.0541],[-144.4169,70.03901],[-144.61919,69.98213],[-145.19736,70.00869],[-145.23682,70.03394],[-145.44009,70.05093],[-145.82315,70.16006],[-146.05767,70.15625],[-146.28125,70.18613],[-146.74487,70.19175],[-147.06294,70.17041],[-147.70537,70.21724],[-147.79058,70.24014],[-147.86953,70.30327],[-148.03906,70.31548],[-148.14273,70.35547],[-148.24878,70.35674],[-148.37114,70.31499],[-148.4792,70.31792],[-148.68838,70.41631],[-148.84477,70.4252],[-149.26943,70.50078],[-149.4106,70.49141],[-149.54404,70.51289],[-149.87012,70.50967],[-150.15249,70.4437],[-150.27363,70.43433],[-150.40322,70.4439],[-150.54351,70.49014],[-150.66265,70.50991],[-151.12803,70.45161],[-151.22481,70.41875],[-151.94468,70.4521],[-151.81963,70.51133],[-151.76904,70.56016],[-152.17295,70.55664],[-152.25337,70.56826],[-152.26968,70.61475],[-152.39922,70.62046],[-152.47061,70.65361],[-152.43726,70.73325],[-152.23291,70.81035],[-152.30039,70.84678],[-152.49121,70.88096],[-152.67085,70.89072],[-152.78491,70.87602],[-153.23291,70.93257],[-153.4977,70.89106],[-153.91821,70.87734],[-154.19521,70.80112],[-154.39219,70.83833],[-154.59863,70.848],[-154.7852,70.89429],[-154.72632,70.92778],[-154.67368,70.98711],[-154.9438,71.08306],[-155.16685,71.09922],[-155.22974,71.08223],[-155.31338,71.01499],[-155.5794,70.89434],[-155.70806,70.85728],[-155.87222,70.83467],[-155.97353,70.84199],[-156.04194,70.90225],[-156.14658,70.92783],[-155.80435,70.99541],[-155.63457,71.06157],[-155.57944,71.12109],[-155.6456,71.18276],[-155.81113,71.18843],[-156.46997,71.29155],[-156.56724,71.34155],[-156.49668,71.3791],[-156.39526,71.39668],[-156.47021,71.40767],[-156.7833,71.31894],[-156.97334,71.23003],[-157.19531,71.09326],[-157.32476,71.0396],[-157.60562,70.94126],[-157.90938,70.86011],[-157.99849,70.84531],[-158.48438,70.84106],[-158.51084,70.82012],[-158.62095,70.79902],[-158.99629,70.80161],[-159.07505,70.77207],[-159.25117,70.74844],[-159.30415,70.75254],[-159.33984,70.78125],[-159.18315,70.83193],[-159.19175,70.85967],[-159.23174,70.87676],[-159.3145,70.87852],[-159.68091,70.78677],[-160.08159,70.63486],[-159.96182,70.63408],[-159.74619,70.53047],[-159.38677,70.52451],[-159.6833,70.47715],[-159.81499,70.49707],[-159.85752,70.38926],[-159.86567,70.27886],[-159.90757,70.33145],[-160.09507,70.3333],[-160.00557,70.44756],[-160.1064,70.47256],[-159.96313,70.56816],[-160.11714,70.59121],[-160.63413,70.44639],[-160.64766,70.42056],[-160.99629,70.30459],[-161.63901,70.23452],[-161.76816,70.19653],[-162.07388,70.16196],[-161.76108,70.25767],[-161.88096,70.33174],[-162.35039,70.09414],[-162.9521,69.75811],[-163.09356,69.61069],[-163.16147,69.38794],[-163.18711,69.38047],[-163.20518,69.39253],[-163.25054,69.34536],[-163.53569,69.17012],[-163.86792,69.03667],[-164.15019,68.96118],[-164.30234,68.93648],[-165.04395,68.88247],[-165.50947,68.86758],[-166.20908,68.88535],[-166.18203,68.79722],[-166.28296,68.57324],[-166.38052,68.42515],[-166.44702,68.39023],[-166.57041,68.36108],[-166.64785,68.37383],[-166.5459,68.42436],[-166.78628,68.35962],[-166.23594,68.27793],[-165.95957,68.15591],[-165.38603,68.0456],[-164.12519,67.60674],[-163.94268,67.47759],[-163.7998,67.271],[-163.72056,67.19556],[-163.53184,67.10259],[-163.00171,67.02729],[-162.76143,67.03643],[-162.5831,67.01851],[-162.40942,67.10395],[-162.41157,67.0603],[-162.39155,67.01987],[-161.96543,67.04956],[-161.71992,67.02056],[-161.62222,66.97935],[-161.7313,66.9228],[-161.87876,66.80396],[-161.85669,66.70034],[-161.68091,66.64551],[-161.57173,66.5916],[-161.39805,66.55186],[-161.05147,66.65278],[-160.86401,66.67085],[-160.6438,66.60498],[-160.36089,66.6125],[-160.26255,66.57246],[-160.22734,66.50854],[-160.23169,66.42026],[-160.65054,66.3731],[-160.78447,66.38438],[-161.04815,66.47422],[-161.15581,66.49531],[-161.33594,66.49634],[-161.59102,66.45952],[-161.90957,66.55962],[-162.05073,66.66729],[-162.01763,66.78413],[-162.1314,66.80137],[-162.25356,66.91865],[-162.36162,66.94731],[-162.60742,66.89438],[-162.54365,66.80513],[-162.46743,66.73565],[-162.31772,66.73369],[-162.19116,66.69312],[-161.8876,66.49307],[-161.9169,66.41182],[-161.82817,66.37085],[-161.54443,66.40703],[-161.12031,66.33433],[-161.06953,66.29463],[-161.03428,66.18882],[-161.10923,66.2395],[-161.20107,66.21939],[-161.45542,66.2814],[-161.55684,66.25054],[-161.81631,66.05366],[-161.93369,66.04287],[-162.21426,66.07104],[-162.58686,66.05083],[-162.72178,66.05981],[-162.88647,66.09922],[-163.17144,66.07544],[-163.69536,66.08384],[-164.03374,66.21553],[-163.89395,66.28691],[-163.90288,66.37837],[-163.7937,66.49263],[-163.77549,66.5311],[-163.89395,66.57588],[-163.63823,66.57466],[-163.72769,66.61646],[-164.4605,66.58843],[-164.67412,66.55503],[-165.06396,66.43784],[-165.19829,66.43994],[-165.44941,66.40991],[-165.77617,66.31904],[-165.81187,66.28848],[-165.84023,66.24507],[-165.5602,66.16709],[-165.62993,66.1312],[-165.72368,66.11255],[-166.00894,66.12134],[-166.2146,66.17026],[-166.39873,66.14443],[-166.74766,66.05186],[-166.89443,65.95918],[-167.07422,65.87705],[-167.40532,65.85933],[-167.58003,65.7583],[-167.91436,65.6812],[-167.93057,65.74814],[-168.00967,65.71914],[-168.08838,65.65776],[-168.03501,65.59561],[-167.98726,65.56777],[-167.404,65.42212],[-166.66538,65.33828],[-166.60938,65.35273],[-166.19741,65.30557],[-166.15703,65.28584],[-166.12148,65.26074],[-166.27969,65.27378],[-166.45166,65.24731],[-166.53101,65.15474],[-166.76255,65.13491],[-166.92842,65.15708],[-166.55088,64.95298],[-166.41523,64.92651],[-166.40869,64.82695],[-166.47813,64.79756],[-166.4814,64.72808],[-166.3251,64.62573],[-166.14277,64.58276],[-164.97876,64.45366],[-164.89951,64.46064],[-164.82954,64.51138],[-164.76494,64.52964],[-164.69185,64.50742],[-164.30396,64.58394],[-163.71309,64.58823],[-163.48618,64.54981],[-163.14434,64.42383],[-163.05176,64.51973],[-163.17407,64.53296],[-163.24829,64.56328],[-163.30283,64.60591],[-163.20391,64.652],[-162.87642,64.51641],[-162.80703,64.37422],[-162.71108,64.37754],[-162.63574,64.45083],[-162.33462,64.61284],[-162.17227,64.67808],[-161.86831,64.74268],[-161.75938,64.81626],[-161.63398,64.79248],[-161.46636,64.79487],[-161.18691,64.92402],[-161.13018,64.92544],[-161.06323,64.904],[-160.88696,64.79556],[-160.85591,64.75562],[-160.83604,64.68193],[-160.93193,64.5791],[-161.04878,64.53447],[-161.19307,64.51641],[-161.4146,64.52637],[-161.49072,64.43379],[-161.38569,64.43994],[-161.22012,64.39658],[-160.98755,64.25127],[-160.90395,64.0312],[-160.77856,63.81894],[-160.82651,63.72935],[-160.92671,63.66055],[-161.09971,63.55791],[-161.26602,63.49697],[-161.50542,63.46816],[-161.97397,63.45293],[-162.05625,63.47134],[-162.1125,63.53418],[-162.28281,63.5292],[-162.35981,63.45259],[-162.62148,63.26582],[-162.80776,63.20659],[-162.94771,63.11499],[-163.06226,63.07974],[-163.28784,63.04644],[-163.35884,63.04575],[-163.42319,63.08452],[-163.50435,63.10586],[-163.73784,63.01641],[-163.74898,63.03032],[-163.63374,63.09043],[-163.61631,63.12515],[-163.73623,63.19282],[-163.94287,63.24722],[-164.10762,63.26172],[-164.40903,63.21504],[-164.52519,63.12764],[-164.3751,63.054],[-164.38423,63.03047],[-164.42812,63.04043],[-164.67744,63.02046],[-164.76406,62.9706],[-164.79966,62.91807],[-164.84541,62.80098],[-164.79268,62.62319],[-164.58945,62.70938],[-164.59629,62.68667],[-164.68799,62.60825],[-164.84438,62.58105],[-164.79609,62.51162],[-164.75786,62.49673],[-164.7792,62.48115],[-164.99971,62.53379],[-165.11562,62.5127],[-165.19453,62.47353],[-165.44766,62.30391],[-165.70728,62.10044],[-165.74394,62.01172],[-165.72524,61.95938],[-165.70581,61.92744],[-165.61279,61.86929],[-165.83384,61.83682],[-165.99141,61.83418],[-166.07881,61.80313],[-166.01992,61.74829],[-165.80894,61.69609],[-165.83457,61.67939],[-166.10049,61.64507],[-166.16812,61.65083],[-166.15273,61.54595],[-166.09399,61.50674],[-165.96133,61.55088],[-165.84531,61.53623],[-165.79712,61.49116],[-165.9063,61.40381],[-165.86397,61.33569],[-165.69136,61.2999],[-165.62759,61.16519],[-165.56587,61.10234],[-165.38076,61.1063],[-165.39204,61.21231],[-165.33369,61.26611],[-165.27363,61.27485],[-165.24394,61.26875],[-165.34487,61.1977],[-165.20376,61.15283],[-165.12778,61.19243],[-165.1377,61.13013],[-165.0771,61.09419],[-164.86899,61.11177],[-164.87559,61.08677],[-165.17549,60.96567],[-165.11484,60.93281],[-165.06563,60.92065],[-164.75395,60.9313],[-164.44155,60.86997],[-163.99463,60.8647],[-163.74902,60.96973],[-163.58691,60.90298],[-163.65542,60.87749],[-163.8373,60.88042],[-163.90654,60.85381],[-163.62305,60.82222],[-163.51187,60.79814],[-163.42095,60.75742],[-163.52871,60.66455],[-163.72998,60.58999],[-163.89492,60.74517],[-163.99956,60.76606],[-164.30967,60.60674],[-164.37236,60.59185],[-164.26567,60.72466],[-164.31851,60.77129],[-164.37007,60.7959],[-164.80518,60.89204],[-164.8998,60.87315],[-165.01602,60.74004],[-165.35381,60.54121],[-165.11328,60.52607],[-165.02651,60.50064],[-165.06113,60.41255],[-164.79995,60.30723],[-164.66226,60.30381],[-164.47051,60.14932],[-164.13154,59.99424],[-164.14282,59.89678],[-163.90688,59.80679],[-163.68037,59.80151],[-163.21938,59.8456],[-162.87783,59.92275],[-162.73262,59.99365],[-162.57075,59.98975],[-162.50049,60.12656],[-162.52695,60.19912],[-162.54771,60.23105],[-162.68496,60.26895],[-162.59971,60.29697],[-162.4687,60.39468],[-162.26504,60.59522],[-162.13804,60.68555],[-161.96201,60.69536],[-161.94658,60.68481],[-162.13887,60.61436],[-162.28779,60.45688],[-162.42134,60.28398],[-162.24248,60.17832],[-162.13814,59.98003],[-161.90864,59.71411],[-161.82871,59.58862],[-161.83169,59.5145],[-161.87222,59.42827],[-161.92012,59.36548],[-162.02329,59.28398],[-161.98105,59.14614],[-161.89077,59.07607],[-161.79448,59.10947],[-161.64438,59.10967],[-161.78867,59.01641],[-161.78052,58.89741],[-161.72437,58.79429],[-161.85649,58.71709],[-162.14492,58.64424],[-161.75547,58.61201],[-161.36133,58.66953],[-161.32812,58.7437],[-161.24683,58.79946],[-160.92427,58.87241],[-160.81709,58.87168],[-160.65664,58.95508],[-160.36313,59.05117],[-160.15259,58.90591],[-159.92022,58.81987],[-159.83223,58.83599],[-159.74146,58.89429],[-159.67026,58.91113],[-159.4542,58.79292],[-159.08267,58.46977],[-158.95068,58.40454],[-158.78862,58.44097],[-158.77212,58.52031],[-158.86138,58.71875],[-158.83774,58.79395],[-158.77554,58.90254],[-158.80947,58.97388],[-158.67827,58.92939],[-158.58447,58.98779],[-158.5144,59.07285],[-158.4228,59.08984],[-158.22061,59.0375],[-158.08052,58.97744],[-158.18921,58.97993],[-158.3145,59.00933],[-158.42563,58.99932],[-158.47627,58.93838],[-158.50317,58.85034],[-158.30259,58.6418],[-158.19092,58.61426],[-158.02192,58.64019],[-157.66572,58.74849],[-157.14204,58.87764],[-156.96338,58.98887],[-156.80889,59.13428],[-157.04048,58.77256],[-156.97466,58.73633],[-157.22886,58.64092],[-157.46089,58.50303],[-157.52363,58.42134],[-157.52441,58.35073],[-157.48838,58.25371],[-157.3394,58.23452],[-157.1937,58.19419],[-157.44268,58.17217],[-157.55503,58.13994],[-157.61089,58.05083],[-157.62119,57.89522],[-157.69722,57.67944],[-157.68066,57.63809],[-157.60757,57.60146],[-157.57163,57.54067],[-157.46191,57.5062],[-157.5353,57.48345],[-157.64556,57.4978],[-157.69741,57.53926],[-157.73721,57.54814],[-157.84575,57.52808],[-158.13354,57.36641],[-158.32095,57.2979],[-158.5856,57.11406],[-158.66079,57.0394],[-158.68481,56.94424],[-158.66592,56.82793],[-158.67515,56.79487],[-158.89487,56.81641],[-158.91802,56.84741],[-158.91802,56.88218],[-158.99038,56.86006],[-159.28311,56.68857],[-159.78506,56.56162],[-160.30205,56.31411],[-160.46084,56.1375],[-160.53906,56.0063],[-160.52744,55.96504],[-160.47988,55.93545],[-160.3085,55.86445],[-160.27012,55.83218],[-160.2917,55.80508],[-160.43691,55.8167],[-160.53023,55.86348],[-160.70635,55.87046],[-160.7584,55.85464],[-160.74551,55.77148],[-160.80283,55.75444],[-160.85132,55.77188],[-161.00537,55.88716],[-161.0084,55.91172],[-160.90239,55.94131],[-160.87783,55.97051],[-160.89863,55.99365],[-160.96865,55.96963],[-161.19253,55.9543],[-161.22256,55.97744],[-161.17861,56.01445],[-161.21562,56.02144],[-161.69731,55.90723],[-161.93662,55.82417],[-162.15713,55.71943],[-162.34937,55.59473],[-162.51338,55.45],[-162.65898,55.35078],[-162.85713,55.25303],[-162.87158,55.2186],[-162.90659,55.19556],[-162.96196,55.18384],[-163.04536,55.20474],[-163.1145,55.19394],[-163.27881,55.12183],[-163.30366,55.09585],[-163.28569,55.00996],[-163.29634,54.94927],[-163.33789,54.87637],[-163.3353,54.83916],[-163.28862,54.8376],[-163.22056,54.86338],[-163.1311,54.91655],[-163.1002,54.97363],[-163.12783,55.03477],[-163.11963,55.0647],[-162.9959,55.04648],[-162.86504,54.95454],[-162.81958,54.95],[-162.67436,54.99658],[-162.6189,55.03843],[-162.64414,55.21802],[-162.63037,55.24668],[-162.5419,55.24273],[-162.49526,55.20845],[-162.42681,55.14541],[-162.41255,55.10688],[-162.45747,55.07769],[-162.38638,55.05234],[-162.33291,55.05024],[-162.27466,55.07324],[-162.1666,55.14375],[-162.07397,55.13931],[-161.74155,55.39116],[-161.68355,55.52993],[-161.6543,55.56338],[-161.51694,55.61841],[-161.45879,55.62915],[-161.35747,55.61221],[-161.25513,55.579],[-161.2021,55.54355],[-161.31328,55.55864],[-161.3727,55.5563],[-161.41333,55.53613],[-161.47671,55.46489],[-161.48052,55.3978],[-161.46387,55.38252],[-161.38193,55.37129],[-161.17803,55.38887],[-161.09951,55.40571],[-160.89673,55.51362],[-160.77085,55.48354],[-160.72651,55.49966],[-160.68291,55.54043],[-160.62524,55.55239],[-160.49932,55.53731],[-160.37319,55.63511],[-160.2438,55.66055],[-159.9623,55.79487],[-159.87437,55.80029],[-159.77139,55.84111],[-159.67852,55.82466],[-159.66533,55.79487],[-159.65967,55.62593],[-159.56763,55.69521],[-159.52324,55.81001],[-158.78984,55.98691],[-158.70488,56.04312],[-158.59116,56.18452],[-158.55444,56.18286],[-158.54268,56.16685],[-158.52334,56.07246],[-158.50469,56.06211],[-158.47612,56.07549],[-158.27563,56.19624],[-158.34399,56.28032],[-158.38613,56.30156],[-158.46733,56.31826],[-158.55215,56.31269],[-158.4144,56.43584],[-158.12437,56.50102],[-157.92998,56.52046],[-157.92871,56.53169],[-157.97827,56.54316],[-158.07832,56.55205],[-158.02788,56.59214],[-157.86909,56.64522],[-157.7707,56.65166],[-157.57837,56.63447],[-157.52871,56.67319],[-157.48965,56.75977],[-157.44058,56.79033],[-157.39023,56.80981],[-157.20576,56.81206],[-157.13916,56.82656],[-156.98843,56.91294],[-156.82388,56.96885],[-156.77988,57.00561],[-156.629,57.00996],[-156.59204,57.06509],[-156.47515,57.10518],[-156.40049,57.20483],[-156.39766,57.24058],[-156.47842,57.32788],[-156.43589,57.35996],[-156.24219,57.44922],[-156.15601,57.46343],[-156.05537,57.44756],[-156.03735,57.52651],[-156.00019,57.54497],[-155.77798,57.56821],[-155.72896,57.62661],[-155.59585,57.70107],[-155.59023,57.73359],[-155.31274,57.80713],[-155.14736,57.88184],[-155.09927,57.91333],[-155.00689,58.01606],[-154.58491,58.05566],[-154.57061,58.11807],[-154.24702,58.15942],[-154.23511,58.23462],[-154.20806,58.28877],[-154.28901,58.30435],[-154.08589,58.36582],[-154.05571,58.39717],[-154.06245,58.44175],[-154.01987,58.49297],[-153.86196,58.58784],[-153.61733,58.65474],[-153.4376,58.75483],[-153.36294,58.82222],[-153.32705,58.88433],[-153.33897,58.90854],[-153.41826,58.95996],[-153.6564,59.03867],[-154.12983,59.11987],[-154.17832,59.15557],[-154.13882,59.24014],[-154.06748,59.33638],[-154.08833,59.36328],[-153.75259,59.50986],[-153.60938,59.61504],[-153.6707,59.63481],[-153.65254,59.64702],[-153.4144,59.74014],[-153.36646,59.72983],[-153.3835,59.66719],[-153.36401,59.65986],[-153.23618,59.67095],[-153.0936,59.70913],[-153.04815,59.73003],[-153.02461,59.79399],[-153.04009,59.8105],[-153.21123,59.84273],[-153.10605,59.87505],[-152.75947,59.9209],[-152.66011,59.99722],[-152.62856,60.04111],[-152.63013,60.08379],[-152.66475,60.12529],[-153.025,60.29565],[-152.92339,60.29287],[-152.7979,60.24717],[-152.65395,60.23843],[-152.54092,60.26543],[-152.36885,60.33633],[-152.2603,60.40942],[-152.30508,60.45303],[-152.2707,60.52813],[-151.99624,60.68223],[-151.86616,60.73408],[-151.75049,60.75488],[-151.78442,60.83315],[-151.78164,60.85796],[-151.73398,60.91074],[-151.59351,60.97964],[-151.28188,61.04194],[-151.15015,61.08584],[-151.06499,61.1457],[-150.94551,61.19824],[-150.56724,61.30679],[-150.47178,61.25996],[-149.97568,61.27935],[-149.82373,61.41338],[-149.69526,61.4707],[-149.43355,61.50078],[-149.32905,61.49736],[-149.73691,61.36333],[-149.88203,61.26372],[-149.89531,61.23174],[-150.05327,61.17109],[-149.96773,61.12173],[-149.59248,60.99385],[-149.45913,60.96475],[-149.14224,60.93569],[-149.0751,60.87642],[-149.63247,60.952],[-149.85625,60.96226],[-149.99756,60.93516],[-150.11304,60.93281],[-150.20278,60.95522],[-150.34912,61.02266],[-150.44126,61.02358],[-150.77949,60.91479],[-150.95376,60.84121],[-151.32178,60.74292],[-151.35645,60.72295],[-151.35503,60.65986],[-151.31753,60.55356],[-151.31269,60.46646],[-151.396,60.27446],[-151.45147,60.20264],[-151.73452,59.98833],[-151.85322,59.78208],[-151.81694,59.7209],[-151.76382,59.7],[-151.4501,59.65039],[-151.08945,59.7894],[-151.04648,59.77183],[-151.1894,59.6377],[-151.39961,59.51631],[-151.5127,59.48271],[-151.69258,59.46221],[-151.84995,59.40635],[-151.93169,59.34273],[-151.96406,59.28511],[-151.94951,59.26509],[-151.90386,59.25977],[-151.73818,59.18852],[-151.61938,59.18731],[-151.477,59.23057],[-151.36636,59.2456],[-151.1707,59.23691],[-151.16304,59.25693],[-151.19922,59.28965],[-151.18276,59.30078],[-150.96074,59.24399],[-150.93452,59.24912],[-150.85278,59.34185],[-150.67744,59.42695],[-150.6229,59.47964],[-150.60737,59.56338],[-150.48535,59.5353],[-150.33813,59.58135],[-150.19805,59.56655],[-149.9665,59.69004],[-149.96016,59.71304],[-150.01597,59.77695],[-150.00532,59.78442],[-149.80127,59.73794],[-149.78247,59.75034],[-149.80366,59.83272],[-149.79477,59.85581],[-149.71387,59.91958],[-149.68467,59.89531],[-149.62964,59.78467],[-149.59805,59.77046],[-149.54917,59.89434],[-149.43223,60.00102],[-149.41484,60.10024],[-149.39526,60.10576],[-149.30493,60.01367],[-149.2666,59.99829],[-149.12158,60.0335],[-149.00425,59.97998],[-148.75088,59.94775],[-148.6436,59.95684],[-148.54238,59.9874],[-148.46509,59.97471],[-148.43071,59.98911],[-148.3331,60.12202],[-148.19761,60.16777],[-148.21587,60.32314],[-148.18169,60.39307],[-148.046,60.42832],[-147.99097,60.45186],[-147.96411,60.48486],[-147.98403,60.52334],[-148.05068,60.56719],[-148.11919,60.57515],[-148.18945,60.54712],[-148.43984,60.52998],[-148.64014,60.48945],[-148.50957,60.56523],[-148.33843,60.56982],[-148.28423,60.60933],[-148.25674,60.67529],[-148.26787,60.69971],[-148.39868,60.73403],[-148.55737,60.80293],[-148.55615,60.827],[-148.39331,60.83188],[-148.34443,60.85356],[-148.29316,60.9397],[-148.20869,61.02993],[-148.22588,61.04404],[-148.41074,61.01147],[-148.34189,61.0604],[-148.20869,61.08828],[-148.04941,61.08267],[-147.75186,61.21894],[-147.97119,61.01904],[-148.00513,60.96856],[-147.89111,60.88989],[-147.80762,60.8854],[-147.65566,60.90952],[-147.56728,60.99492],[-147.36138,60.9145],[-147.19502,60.99683],[-147.03433,60.99619],[-146.98018,60.97778],[-146.87402,61.00488],[-146.58272,61.12783],[-146.38438,61.13584],[-146.28491,61.11265],[-146.59912,61.05352],[-146.63603,60.99253],[-146.63843,60.89731],[-146.60356,60.87095],[-146.53193,60.83887],[-146.39199,60.81084],[-146.57046,60.72915],[-146.50298,60.70078],[-146.25102,60.74907],[-146.18232,60.73477],[-146.14902,60.66069],[-145.6749,60.65112],[-145.75981,60.56201],[-145.89888,60.47817],[-145.71846,60.46758],[-145.38179,60.38857],[-145.24829,60.38013],[-145.1627,60.41538],[-144.86309,60.60088],[-144.69111,60.66909],[-144.82441,60.53359],[-144.90132,60.33516],[-144.85244,60.29507],[-144.74141,60.27271],[-144.64297,60.22466],[-144.33262,60.19102],[-144.1855,60.15073],[-144.08853,60.08433],[-144.08428,60.06304],[-144.16094,60.0458],[-144.14722,60.01641],[-143.80508,60.01289],[-143.5061,60.05503],[-142.94565,60.09697],[-142.54858,60.08604],[-141.67017,59.96987],[-141.44707,60.01943],[-141.40972,60.04228],[-141.42217,60.0855],[-141.40874,60.11768],[-141.32954,60.08281],[-141.28994,60.00415],[-141.29463,59.98003],[-141.4083,59.90278],[-140.84316,59.74888],[-140.41982,59.71074],[-140.21675,59.72666],[-139.9169,59.80566],[-139.51895,60.01709],[-139.43144,60.01226],[-139.24248,59.89277],[-138.98809,59.83501],[-139.17886,59.83984],[-139.2208,59.81987],[-139.25874,59.74331],[-139.28672,59.61094],[-139.32002,59.73872],[-139.31465,59.84795],[-139.33096,59.877],[-139.44688,59.95684],[-139.5123,59.95356],[-139.56914,59.91235],[-139.58218,59.84829],[-139.5585,59.79019],[-139.50557,59.72632],[-139.51304,59.6981],[-139.61162,59.6103],[-139.79912,59.54624],[-139.71445,59.50395],[-139.34097,59.37564],[-138.88433,59.23691],[-138.7042,59.18755],[-138.51489,59.16592],[-138.5603,59.12915],[-138.35249,59.08731],[-138.0269,58.94145],[-137.86372,58.78555],[-137.75,58.70708],[-137.5646,58.62588],[-137.54399,58.5812],[-137.07192,58.39522],[-136.60742,58.24399],[-136.58262,58.24522],[-136.4624,58.32798],[-136.08125,58.36421],[-136.05596,58.38418],[-136.06148,58.45273],[-136.10288,58.5063],[-136.22461,58.60225],[-136.31987,58.62446],[-136.48374,58.61768],[-136.4042,58.67979],[-136.41011,58.70063],[-136.5335,58.74023],[-136.56821,58.78633],[-136.61392,58.80928],[-136.8791,58.88154],[-137.05903,58.87373],[-136.98789,58.92515],[-136.94805,58.93491],[-136.95283,58.96694],[-137.00215,59.02114],[-136.98901,59.03447],[-136.83096,58.98384],[-136.56621,58.94092],[-136.45117,58.84634],[-136.22583,58.76548],[-136.14683,58.78882],[-136.12417,58.81963],[-136.12354,58.89346],[-136.15947,58.94678],[-136.15005,59.0481],[-136.10064,58.99985],[-136.04936,58.89321],[-136.0166,58.87398],[-135.93169,58.90376],[-135.82637,58.89795],[-136.04312,58.82163],[-136.04551,58.78911],[-135.86172,58.57705],[-135.89634,58.46382],[-135.89756,58.40019],[-135.57178,58.41206],[-135.44995,58.37612],[-135.30254,58.25591],[-135.14155,58.2334],[-135.09023,58.24585],[-135.04971,58.30679],[-135.06201,58.34087],[-135.1519,58.51221],[-135.25703,58.77773],[-135.33408,58.90962],[-135.38613,59.08755],[-135.50234,59.20229],[-135.40015,59.20791],[-135.48408,59.30869],[-135.41274,59.31846],[-135.36367,59.41943],[-135.34893,59.41006],[-135.35845,59.3249],[-135.33032,59.23906],[-135.21738,59.07661],[-135.13184,58.84287],[-135.07647,58.79678],[-134.98613,58.76562],[-134.9648,58.74219],[-134.94253,58.64629],[-134.77612,58.45386],[-134.66362,58.38472],[-134.48545,58.36719],[-134.33145,58.29961],[-134.25762,58.24419],[-134.20884,58.23296],[-134.1312,58.27935],[-134.03613,58.41533],[-133.94385,58.49829],[-133.87676,58.51816],[-133.93364,58.46787],[-134.04526,58.28926],[-134.06333,58.21108],[-134.05674,58.12837],[-134.0311,58.07217],[-133.89448,57.99326],[-133.72231,57.84424],[-133.65727,57.84102],[-133.55937,57.92446],[-133.19434,57.87769],[-133.21206,57.86567],[-133.51113,57.88013],[-133.53643,57.86387],[-133.5352,57.83296],[-133.51548,57.77515],[-133.11704,57.56621],[-133.14282,57.55513],[-133.5542,57.69507],[-133.60337,57.69468],[-133.64873,57.64229],[-133.53896,57.55415],[-133.43667,57.33687],[-133.46587,57.17217],[-132.91343,57.04746],[-132.82461,57.05581],[-132.81426,57.04072],[-132.83882,56.96021],[-132.8022,56.89517],[-132.70195,56.82227],[-132.6395,56.79644],[-132.48711,56.76641],[-132.47593,56.64966],[-132.35767,56.62588],[-132.30498,56.51987],[-132.18203,56.42065],[-132.02192,56.38008],[-131.88789,56.24165],[-131.55137,56.20679],[-131.73804,56.16123],[-131.84385,56.16011],[-132.00571,55.93008],[-132.09067,55.83955],[-132.20752,55.75342],[-132.22344,55.72104],[-132.15542,55.59956],[-132.11899,55.56977],[-131.9834,55.53501],[-131.94502,55.55415],[-131.86943,55.64717],[-131.83359,55.73491],[-131.80327,55.76597],[-131.82617,55.83535],[-131.78418,55.87656],[-131.63525,55.93223],[-131.03276,56.08809],[-131.14038,55.99751],[-131.12769,55.96016],[-130.91855,55.73599],[-130.87964,55.61182],[-130.87978,55.45952],[-130.85596,55.35513],[-130.83506,55.33208],[-130.74819,55.31802],[-130.75039,55.29697],[-130.98394,55.24394],[-131.0459,55.17959],[-131.04785,55.15767],[-130.97969,55.06118],[-130.93462,54.95039],[-130.84961,54.80762],[-130.61582,54.79092],[-130.5355,54.74873],[-130.34941,54.81455],[-130.20391,54.94702],[-130.21851,55.06025],[-130.03657,55.2979],[-130.05947,55.41231],[-130.14043,55.58501],[-130.14653,55.65449],[-130.11196,55.77978],[-130.0251,55.88823],[-130.08511,55.75171],[-130.09468,55.69477],[-130.07998,55.56289],[-129.98516,55.35884],[-129.99585,55.26406],[-130.0584,55.19477],[-130.0918,55.10776],[-130.04849,55.05727],[-129.98521,55.11147],[-129.83774,55.31909],[-129.81563,55.41758],[-129.81191,55.53262],[-129.79517,55.55957],[-129.76548,55.49824],[-129.70132,55.43857],[-129.56064,55.46255],[-129.78076,55.28047],[-129.89014,55.16465],[-130.21894,54.73027],[-130.30723,54.70029],[-130.35049,54.65532],[-130.37002,54.62002],[-130.39346,54.47964],[-130.43027,54.421],[-130.39678,54.35166],[-130.29033,54.27036],[-130.08423,54.1814],[-129.89844,54.22637],[-129.62602,54.23027],[-129.79077,54.16577],[-130.04331,54.13354],[-130.06352,54.10566],[-130.08594,53.97578],[-130.23286,53.86743],[-130.33525,53.72393],[-130.26328,53.65415],[-130.07437,53.57563],[-129.91187,53.55137],[-129.82178,53.41274],[-129.56372,53.25147],[-129.4624,53.34658],[-129.28428,53.39316],[-129.25786,53.41797],[-129.2081,53.6416],[-129.0564,53.77778],[-128.95937,53.84146],[-128.92783,53.8228],[-128.89019,53.82979],[-128.70478,53.9186],[-128.65088,53.91885],[-128.53213,53.85811],[-128.71475,53.81001],[-128.76367,53.74688],[-128.75078,53.66084],[-128.67554,53.55459],[-128.60034,53.5061],[-128.51177,53.47656],[-128.36914,53.49038],[-128.20723,53.4832],[-128.11514,53.44595],[-127.95005,53.32983],[-127.92783,53.27471],[-128.13271,53.41777],[-128.29106,53.45786],[-128.35806,53.45981],[-128.47861,53.4103],[-128.54214,53.42065],[-128.83306,53.54941],[-128.90562,53.55933],[-128.85044,53.66519],[-128.85459,53.70454],[-128.9356,53.71519],[-129.02144,53.69214],[-129.11445,53.64111],[-129.17158,53.53359],[-129.08091,53.36729],[-128.86855,53.32812],[-128.65234,53.24385],[-128.52471,53.14067],[-128.45195,52.87661],[-128.36504,52.82578],[-128.10596,52.90689],[-128.05327,52.91069],[-128.10879,52.85806],[-128.13237,52.80581],[-128.27515,52.4355],[-128.27153,52.36299],[-128.18398,52.40791],[-128.03823,52.53115],[-127.94023,52.54517],[-128.05156,52.45332],[-128.0603,52.42754],[-128.02915,52.34248],[-128.0375,52.31816],[-128.35762,52.15889],[-128.19356,51.99829],[-128.10225,51.78843],[-127.99541,51.95054],[-127.9022,52.15088],[-127.79189,52.28936],[-127.51924,52.35928],[-127.03486,52.68174],[-127.0064,52.75459],[-127.01934,52.84248],[-126.96641,52.78467],[-126.95132,52.72124],[-126.99522,52.65791],[-127.18711,52.53769],[-127.20825,52.49824],[-127.1606,52.39487],[-127.12705,52.37095],[-126.93818,52.30859],[-126.90142,52.26533],[-126.89521,52.22549],[-126.75264,52.11235],[-126.71397,52.06069],[-126.82632,52.12515],[-127.00796,52.29067],[-127.17573,52.31484],[-127.24224,52.39512],[-127.43794,52.35615],[-127.79536,52.19102],[-127.84331,52.08648],[-127.85879,51.99028],[-127.72764,51.99321],[-127.86323,51.8208],[-127.85054,51.67319],[-127.81894,51.60391],[-127.74751,51.54355],[-127.72871,51.50552],[-127.6687,51.47759],[-127.64487,51.47847],[-127.57573,51.56294],[-127.44272,51.67896],[-127.33872,51.70737],[-127.03408,51.7167],[-126.69146,51.70342],[-126.96811,51.66992],[-127.28066,51.6541],[-127.41968,51.60806],[-127.63272,51.4273],[-127.68916,51.34346],[-127.71431,51.26865],[-127.70811,51.15117],[-127.35693,50.94556],[-127.05757,50.86753],[-127.01406,50.8668],[-126.9604,50.8937],[-126.63179,50.91514],[-126.56289,50.96548],[-126.51733,51.05684],[-126.48462,50.9605],[-126.52178,50.86606],[-126.48818,50.84185],[-126.41821,50.85019],[-126.37461,50.83735],[-126.51733,50.72446],[-126.51435,50.67939],[-126.37031,50.66675],[-125.98071,50.71138],[-125.9041,50.70493],[-125.89761,50.68438],[-126.41611,50.60698],[-126.44746,50.58774],[-126.44995,50.54971],[-126.40449,50.52988],[-126.23657,50.52329],[-126.09434,50.49761],[-125.96504,50.48735],[-125.77241,50.5082],[-125.69756,50.46455],[-125.64131,50.46621],[-125.61016,50.48604],[-125.58584,50.57363],[-125.53936,50.64902],[-125.52598,50.53413],[-125.50718,50.50727],[-125.47632,50.49717],[-125.20986,50.47632],[-125.05879,50.51387],[-124.9854,50.59194],[-124.94253,50.66567],[-124.93106,50.71841],[-124.94927,50.7647],[-124.93359,50.8106],[-124.85986,50.87241],[-124.87544,50.82563],[-124.85752,50.71733],[-124.86265,50.6373],[-124.93682,50.5374],[-125.05669,50.41865],[-125.0436,50.36377],[-124.9856,50.35562],[-124.93335,50.2979],[-124.93418,50.25806],[-124.78428,50.0728],[-124.78237,50.02012],[-124.48325,49.8082],[-124.4126,49.77813],[-124.28125,49.77212],[-124.1416,49.79268],[-124.05879,49.85366],[-123.98491,49.87559],[-123.95742,49.99277],[-123.86572,50.07207],[-123.86304,50.10259],[-123.9459,50.18394],[-123.88013,50.17363],[-123.82544,50.14424],[-123.78467,50.08799],[-123.82383,50.0437],[-123.88496,50.01704],[-123.90425,49.98115],[-123.90381,49.79546],[-123.87441,49.73682],[-123.76269,49.6585],[-123.58247,49.68125],[-123.73906,49.59356],[-123.81719,49.58657],[-123.92275,49.71753],[-123.99263,49.73618],[-124.05381,49.66172],[-124.02861,49.60288],[-123.89185,49.49473],[-123.53057,49.39731],[-123.43696,49.45132],[-123.39897,49.4419],[-123.33564,49.45918],[-123.325,49.57769],[-123.1875,49.68032],[-123.19067,49.64429],[-123.223,49.59048],[-123.26406,49.39048],[-123.29053,49.35947],[-123.27676,49.34394],[-123.17427,49.34819],[-123.01553,49.32217],[-122.96445,49.32935],[-122.8791,49.39893],[-122.91299,49.32319],[-122.94766,49.29326],[-123.06728,49.29155],[-123.22944,49.2605],[-123.19106,49.21953],[-123.19634,49.14771],[-123.15015,49.12105],[-123.07954,49.13061],[-123.11763,49.05635],[-123.0773,48.98022],[-123.06328,48.97773],[-123.0023,49.06089],[-122.96269,49.07461],[-122.92417,49.07466],[-122.82671,49.02842],[-122.78877,48.99302],[-122.68594,48.79429],[-122.65303,48.76387],[-122.58018,48.77959],[-122.54512,48.7623],[-122.51274,48.66943],[-122.5148,48.55518],[-122.49678,48.50557],[-122.54268,48.48799],[-122.65727,48.48999],[-122.6625,48.44639],[-122.54165,48.41094],[-122.40855,48.2939],[-122.40337,48.26919],[-122.46704,48.2585],[-122.52031,48.2291],[-122.52915,48.19932],[-122.49404,48.13047],[-122.39477,48.08413],[-122.42471,48.17593],[-122.41582,48.18394],[-122.24199,48.01074],[-122.31846,47.93306],[-122.40181,47.78428],[-122.38198,47.75234],[-122.38364,47.71646],[-122.4105,47.65264],[-122.36836,47.60391],[-122.37524,47.52837],[-122.35381,47.37158],[-122.42012,47.31211],[-122.54219,47.27559],[-122.60415,47.16699],[-122.70195,47.11089],[-122.81196,47.146],[-122.91416,47.13149],[-123.02759,47.13892],[-122.98765,47.17256],[-122.91953,47.28965],[-122.82847,47.33657],[-122.81255,47.32896],[-122.7833,47.22598],[-122.76777,47.21836],[-122.70771,47.31641],[-122.64863,47.28144],[-122.60391,47.27461],[-122.57788,47.29316],[-122.55356,47.40493],[-122.55742,47.46318],[-122.58584,47.52842],[-122.67549,47.61235],[-122.61362,47.61563],[-122.63018,47.69282],[-122.52393,47.76934],[-122.51079,47.81572],[-122.53281,47.91973],[-122.58574,47.92788],[-122.58789,47.85596],[-122.60815,47.8355],[-122.71787,47.76211],[-122.75713,47.70054],[-122.98247,47.55938],[-123.06016,47.45366],[-123.0668,47.39966],[-122.91689,47.41797],[-122.92217,47.40767],[-123.03091,47.36021],[-123.1042,47.34839],[-123.13633,47.35581],[-123.13906,47.38608],[-123.13106,47.43774],[-123.05063,47.55195],[-122.82139,47.79316],[-122.80537,47.78364],[-122.80176,47.73535],[-122.77842,47.73843],[-122.65664,47.88115],[-122.73975,48.01323],[-122.77861,48.1376],[-122.86089,48.09004],[-122.97388,48.07329],[-123.02422,48.08159],[-123.12441,48.15093],[-123.16187,48.15454],[-123.29443,48.11953],[-123.97578,48.16846],[-124.09878,48.2],[-124.17549,48.24243],[-124.42905,48.30078],[-124.63262,48.37505],[-124.70996,48.38037],[-124.67998,48.28589],[-124.70166,48.15166],[-124.66309,47.97412],[-124.62109,47.90415],[-124.46006,47.78423],[-124.37602,47.65864],[-124.30928,47.40459],[-124.19883,47.20855],[-124.13926,46.95469],[-124.11172,47.0352],[-124.04224,47.02969],[-123.98604,46.98447],[-123.84287,46.96318],[-124.11255,46.8627],[-124.07168,46.74477],[-123.95771,46.70869],[-123.88916,46.66001],[-123.94614,46.43257],[-124.01641,46.52139],[-124.04434,46.60508],[-124.04512,46.3729],[-124.07275,46.27944],[-123.95977,46.30073],[-123.8957,46.26777],[-123.68838,46.29985],[-123.65034,46.26772],[-123.46484,46.27109],[-123.40474,46.221],[-123.29868,46.17085],[-123.22061,46.15361],[-123.32158,46.14399],[-123.40229,46.15498],[-123.46636,46.20942],[-123.52163,46.22266],[-123.67363,46.18262],[-123.91167,46.18218],[-123.96294,46.22544],[-123.98931,46.21939],[-123.94712,46.14058],[-123.96123,45.84297],[-123.92935,45.57695],[-123.96309,45.47607],[-123.94858,45.40083],[-124.05918,44.77773],[-124.04453,44.64824],[-124.06543,44.52007],[-124.04746,44.42549],[-124.09917,44.33379],[-124.14873,43.69175],[-124.18438,43.65156],[-124.28799,43.40972],[-124.23315,43.43638],[-124.19692,43.42334],[-124.27549,43.36738],[-124.32061,43.36821],[-124.34658,43.34165],[-124.45444,43.01235],[-124.49858,42.93686],[-124.53965,42.81289],[-124.4438,42.67021],[-124.40615,42.58369],[-124.42051,42.38101],[-124.35527,42.1229],[-124.21167,41.98462],[-124.20874,41.88857],[-124.24463,41.78794],[-124.16323,41.71899],[-124.11768,41.62173],[-124.07192,41.45952],[-124.06851,41.38418],[-124.14004,41.15591],[-124.13311,40.96977],[-124.21919,40.79072],[-124.22251,40.77505],[-124.19023,40.77173],[-124.22002,40.69648],[-124.25059,40.70391],[-124.24233,40.72788],[-124.25391,40.74028],[-124.28369,40.71055],[-124.37168,40.49121],[-124.35654,40.37109],[-124.32402,40.25195],[-124.1085,40.09453],[-123.88447,39.86079],[-123.83291,39.77549],[-123.7835,39.6187],[-123.77778,39.51494],[-123.82031,39.36841],[-123.71953,39.11099],[-123.70112,38.90727],[-123.42481,38.67563],[-123.28975,38.53584],[-123.12114,38.44927],[-123.04619,38.30508],[-122.98652,38.2771],[-122.90815,38.19658],[-122.87681,38.12334],[-122.97759,38.22734],[-122.96816,38.09702],[-123.00146,38.01929],[-122.99878,37.98862],[-122.93198,38.05547],[-122.7604,37.94565],[-122.68071,37.90234],[-122.58418,37.87407],[-122.52134,37.82642],[-122.46689,37.83818],[-122.49492,37.95356],[-122.48389,38.10884],[-122.39336,38.14482],[-122.33711,38.13589],[-122.2083,38.07256],[-122.15376,38.06553],[-122.03149,38.12353],[-121.88076,38.075],[-121.62573,38.08394],[-121.52534,38.05591],[-121.63809,38.06128],[-121.71685,38.03408],[-122.08672,38.04961],[-122.21704,38.04062],[-122.31426,38.00732],[-122.38545,37.9606],[-122.33345,37.89658],[-122.296,37.79033],[-122.22222,37.73203],[-122.12412,37.5438],[-122.07051,37.47827],[-122.16602,37.50166],[-122.22866,37.56392],[-122.29761,37.59185],[-122.36973,37.65586],[-122.39028,37.74106],[-122.38408,37.78852],[-122.44561,37.798],[-122.51421,37.77197],[-122.49922,37.54263],[-122.40845,37.37315],[-122.39492,37.20752],[-122.16421,36.99097],[-121.88066,36.93892],[-121.80742,36.85122],[-121.78999,36.73228],[-121.83516,36.65747],[-121.91865,36.57236],[-121.91016,36.43291],[-121.87739,36.33105],[-121.66436,36.15405],[-121.46499,35.92739],[-121.43374,35.86387],[-121.34385,35.79224],[-121.28384,35.67632],[-121.13794,35.60713],[-121.02285,35.48076],[-120.89961,35.4251],[-120.8603,35.36543],[-120.88486,35.27495],[-120.85737,35.20967],[-120.70703,35.15767],[-120.65908,35.12241],[-120.63359,35.07646],[-120.66304,34.94927],[-120.6249,34.81196],[-120.6376,34.74936],[-120.62671,34.66895],[-120.64468,34.57998],[-120.55981,34.5439],[-120.4812,34.47163],[-120.39648,34.45957],[-120.16953,34.47646],[-120.05298,34.46929],[-119.85332,34.41196],[-119.71318,34.39966],[-119.60605,34.41802],[-119.41367,34.33857],[-119.26768,34.25742],[-119.23584,34.16411],[-119.14375,34.11201],[-118.83203,34.02446],[-118.59883,34.03501],[-118.5062,34.01738],[-118.39297,33.8583],[-118.41045,33.74394],[-118.29419,33.71231],[-118.2644,33.75859],[-118.16191,33.75068],[-118.08052,33.72217],[-117.9521,33.61963],[-117.78853,33.53848],[-117.46743,33.29551],[-117.31885,33.10005],[-117.26299,32.93887],[-117.25576,32.87339],[-117.2707,32.80625],[-117.24346,32.66401],[-117.18374,32.68789],[-117.1374,32.64917],[-117.13047,32.53975],[-117.06314,32.3436],[-116.91367,32.19853],[-116.848,31.99736],[-116.6208,31.85107],[-116.62388,31.75801],[-116.6521,31.74033],[-116.72207,31.73457],[-116.66846,31.69863],[-116.66216,31.56489],[-116.4585,31.36099],[-116.33345,31.20278],[-116.30967,31.12734],[-116.29629,30.97051],[-116.06216,30.80415],[-115.9958,30.41445],[-115.8582,30.35981],[-115.81562,30.30361],[-115.78955,30.08418],[-115.8083,29.9602],[-115.74868,29.93574],[-115.67383,29.7564],[-115.16636,29.42725],[-114.99351,29.38442],[-114.9373,29.35161],[-114.30923,28.72993],[-114.14551,28.60542],[-114.04849,28.42617],[-114.09273,28.22134],[-114.18525,28.01328],[-114.26587,27.93447],[-114.25264,27.90801],[-114.1584,27.91968],[-114.15732,27.86797],[-114.17539,27.83057],[-114.13506,27.72661],[-114.06934,27.67568],[-114.13721,27.67144],[-114.23267,27.71812],[-114.30225,27.77573],[-114.28906,27.83857],[-114.30059,27.873],[-114.44849,27.79688],[-114.57002,27.78394],[-114.82354,27.82993],[-115.03647,27.84185],[-115.0332,27.79888],[-114.99351,27.73604],[-114.85874,27.65918],[-114.71563,27.53955],[-114.53989,27.4311],[-114.49829,27.37622],[-114.47969,27.28359],[-114.44526,27.21816],[-114.3334,27.15801],[-114.20185,27.14351],[-114.11006,27.10596],[-113.99648,26.98769],[-113.84097,26.9665],[-113.70127,26.79136],[-113.59853,26.72129],[-113.42588,26.7958],[-113.27227,26.79097],[-113.20576,26.85698],[-113.15581,26.94624],[-113.14321,26.79219],[-113.11924,26.7165],[-113.02075,26.58325],[-112.6584,26.31675],[-112.37725,26.21392],[-112.17383,25.9126],[-112.11978,25.76553],[-112.1146,25.63037],[-112.09336,25.58438],[-112.06987,25.57285],[-112.05576,25.48823],[-112.12852,25.04312],[-112.11904,24.93403],[-112.07256,24.84004],[-111.84824,24.67007],[-111.80249,24.54253],[-111.68291,24.55581],[-111.57822,24.44302],[-111.41934,24.329],[-111.03618,24.10527],[-110.89556,23.97026],[-110.76489,23.877],[-110.62998,23.7373],[-110.3627,23.60493],[-110.28877,23.51768],[-110.24409,23.41226],[-110.18062,23.3415],[-110.08603,23.00547],[-110.00625,22.89404],[-109.92344,22.88589],[-109.82305,22.92217],[-109.72842,22.98184],[-109.63047,23.07866],[-109.4957,23.15981],[-109.45806,23.21475],[-109.41499,23.40557],[-109.42085,23.48013],[-109.50962,23.5979],[-109.67656,23.66157],[-109.71055,23.80381],[-109.77598,23.86489],[-109.81133,23.93901],[-109.98252,24.10938],[-110.0228,24.17461],[-110.26289,24.34453],[-110.30376,24.33945],[-110.3251,24.30596],[-110.29683,24.19487],[-110.31997,24.13945],[-110.36743,24.10049],[-110.40962,24.13096],[-110.39966,24.16514],[-110.42148,24.1834],[-110.54697,24.21416],[-110.65933,24.34145],[-110.73452,24.58984],[-110.729,24.67153],[-110.67725,24.78852],[-110.68677,24.86768],[-110.75566,24.99458],[-110.89395,25.14424],[-111.01362,25.42031],[-111.03442,25.52695],[-111.14956,25.57261],[-111.2916,25.7898],[-111.33037,25.93135],[-111.33213,26.12544],[-111.40459,26.26504],[-111.41851,26.34995],[-111.4645,26.40845],[-111.47017,26.50664],[-111.5459,26.5792],[-111.56968,26.70762],[-111.79526,26.87969],[-111.82178,26.86509],[-111.81685,26.75625],[-111.69941,26.58096],[-111.72339,26.5644],[-111.754,26.5727],[-111.86265,26.67852],[-111.88315,26.84019],[-112.00908,26.96709],[-112.00396,27.0791],[-112.09815,27.14595],[-112.19146,27.18667],[-112.28262,27.34746],[-112.3292,27.52344],[-112.55264,27.65747],[-112.73403,27.82598],[-112.7582,27.90064],[-112.74932,27.99487],[-112.80806,28.09219],[-112.7957,28.20713],[-112.86846,28.29199],[-112.87085,28.42422],[-113.03359,28.47261],[-113.09365,28.51177],[-113.20557,28.79878],[-113.25889,28.81885],[-113.3207,28.81313],[-113.33501,28.83906],[-113.32891,28.87305],[-113.38184,28.94668],[-113.49971,28.92671],[-113.53848,29.02339],[-113.54531,29.10225],[-113.75547,29.36748],[-113.82895,29.43945],[-114.06191,29.60952],[-114.1792,29.73433],[-114.37261,29.83022],[-114.40342,29.89648],[-114.55049,30.02227],[-114.62993,30.1563],[-114.64976,30.23813],[-114.6333,30.50689],[-114.68545,30.62119],[-114.70337,30.76519],[-114.76104,30.95874],[-114.88188,31.1564],[-114.84815,31.53794],[-114.78989,31.64712],[-114.8395,31.79854],[-114.93359,31.90073],[-114.69761,31.77744],[-114.60879,31.76226],[-114.54868,31.73354],[-114.26406,31.55444],[-114.14932,31.50737],[-114.00269,31.52515],[-113.94775,31.62935],[-113.75942,31.55776],[-113.63301,31.46763],[-113.62349,31.3459],[-113.48081,31.2936],[-113.23144,31.25596],[-113.08364,31.20718],[-113.04673,31.17925],[-113.04292,31.08701],[-113.0728,31.06089],[-113.10796,31.07729],[-113.1186,31.0481],[-113.08701,30.93809],[-113.11045,30.79331],[-113.05767,30.65103],[-112.95176,30.51001],[-112.8248,30.30015],[-112.75923,30.12568],[-112.73838,29.98545],[-112.65313,29.87007],[-112.5729,29.71953],[-112.41455,29.53643],[-112.38867,29.46011],[-112.37822,29.34771],[-112.30142,29.3229],[-112.22349,29.26948],[-112.16177,29.0189],[-112.04487,28.8959],[-111.94082,28.82319],[-111.83242,28.64814],[-111.68008,28.47056],[-111.47168,28.38398],[-111.28242,28.11523],[-111.12139,27.96699],[-110.98608,27.92598],[-110.9208,27.88887],[-110.84863,27.91758],[-110.75903,27.91519],[-110.52988,27.86421],[-110.57827,27.79565],[-110.61548,27.65391],[-110.56064,27.45015],[-110.47778,27.32266],[-110.27715,27.16221],[-109.94399,27.07935],[-109.89092,26.8834],[-109.82837,26.77012],[-109.75478,26.70293],[-109.48286,26.71035],[-109.27627,26.53389],[-109.21602,26.35527],[-109.14634,26.30571],[-109.1167,26.25273],[-109.15879,26.25835],[-109.19971,26.30523],[-109.27065,26.24311],[-109.42563,26.03257],[-109.38496,25.72715],[-109.3043,25.63315],[-109.19648,25.59253],[-109.00835,25.64199],[-108.88657,25.73345],[-108.88486,25.69605],[-108.97275,25.58848],[-109.06846,25.55156],[-109.06348,25.5167],[-109.02881,25.48047],[-108.89316,25.51157],[-108.8436,25.54331],[-108.78726,25.53804],[-108.75098,25.42422],[-108.69639,25.38291],[-108.46626,25.26514],[-108.37368,25.19434],[-108.05146,25.06704],[-108.03569,25.03535],[-108.07964,25.01807],[-108.14009,25.01841],[-108.19204,25.03066],[-108.24331,25.07368],[-108.28076,25.08154],[-108.20767,24.9748],[-108.01509,24.7834],[-108.00879,24.69355],[-107.95117,24.61489],[-107.8167,24.53901],[-107.70952,24.52505],[-107.602,24.49014],[-107.54888,24.50478],[-107.51191,24.48916],[-107.48892,24.42397],[-107.4937,24.36939],[-107.52725,24.36006],[-107.72661,24.47192],[-107.76494,24.47192],[-107.08486,24.01611],[-106.9355,23.88125],[-106.72876,23.61069],[-106.5665,23.44946],[-106.40225,23.19561],[-106.23457,23.06094],[-106.02173,22.82905],[-105.94336,22.777],[-105.7918,22.62749],[-105.64551,22.3269],[-105.64912,21.98809],[-105.52744,21.81846],[-105.43144,21.61826],[-105.20869,21.49082],[-105.23325,21.38042],[-105.225,21.24971],[-105.23706,21.11919],[-105.45635,20.8438],[-105.51084,20.80874],[-105.49238,20.77661],[-105.32705,20.75298],[-105.2523,20.66851],[-105.24468,20.63418],[-105.26016,20.57905],[-105.37705,20.51187],[-105.54258,20.49795],[-105.64214,20.43599],[-105.66943,20.3856],[-105.57041,20.22783],[-105.53242,20.07539],[-105.48208,19.97607],[-105.28638,19.70649],[-105.10767,19.56221],[-105.04521,19.44326],[-104.93848,19.30937],[-104.60298,19.15288],[-104.40518,19.09121],[-104.277,19.01099],[-104.04565,18.91182],[-103.91245,18.82847],[-103.69893,18.63296],[-103.4416,18.32539],[-103.01851,18.18687],[-102.69956,18.06284],[-102.38409,18.0]],[[-88.14589,18.0],[-88.09722,18.12163],[-88.08525,18.22612],[-88.13027,18.35073],[-88.29565,18.34409],[-88.34927,18.35884],[-88.19531,18.64263],[-88.19678,18.71968],[-88.07378,18.83447],[-88.03174,18.83892],[-88.01113,18.72686],[-88.05644,18.52446],[-88.03906,18.48389],[-87.95967,18.44087],[-87.88198,18.27388],[-87.85322,18.26899],[-87.76182,18.44614],[-87.73355,18.65503],[-87.65303,18.79854],[-87.59355,19.04639],[-87.50107,19.28779],[-87.50947,19.31748],[-87.55078,19.32095],[-87.62207,19.25049],[-87.65576,19.25786],[-87.65869,19.35234],[-87.56699,19.41572],[-87.48267,19.44375],[-87.43472,19.50171],[-87.42476,19.58335],[-87.58731,19.573],[-87.64531,19.55391],[-87.69009,19.5937],[-87.6877,19.63711],[-87.58579,19.77949],[-87.50688,19.82749],[-87.46621,19.82417],[-87.44175,19.86152],[-87.43193,19.89849],[-87.46582,19.99854],[-87.46719,20.10215],[-87.42139,20.2314],[-87.22124,20.50727],[-87.05957,20.63125],[-86.92622,20.78647],[-86.8647,20.88506],[-86.77178,21.15054],[-86.81709,21.23423],[-86.82407,21.42168],[-86.91172,21.46284],[-87.03477,21.59224],[-87.12847,21.62148],[-87.21645,21.58242],[-87.36851,21.57373],[-87.38667,21.55147],[-87.29575,21.52495],[-87.18828,21.54644],[-87.16431,21.51421],[-87.1876,21.4773],[-87.25088,21.44697],[-87.48047,21.47246],[-87.68882,21.53584],[-88.00684,21.60405],[-88.13164,21.61587],[-88.17139,21.60352],[-88.18477,21.57896],[-88.25102,21.56689],[-88.4667,21.56939],[-88.58491,21.53867],[-88.74668,21.44815],[-88.87871,21.41411],[-89.81978,21.27461],[-90.18291,21.1209],[-90.35313,21.00942],[-90.45845,20.71372],[-90.48413,20.55635],[-90.4917,19.94678],[-90.50708,19.91186],[-90.6501,19.79595],[-90.69316,19.72988],[-90.73926,19.35225],[-90.95503,19.15166],[-91.05894,19.09819],[-91.13594,19.0375],[-91.43667,18.88979],[-91.46919,18.83301],[-91.44556,18.83281],[-91.34307,18.90059],[-91.33423,18.87681],[-91.36777,18.8061],[-91.3563,18.77656],[-91.3083,18.77329],[-91.27876,18.72065],[-91.27524,18.62446],[-91.44048,18.54185],[-91.53398,18.45654],[-91.59971,18.44717],[-91.80298,18.4706],[-91.91357,18.52852],[-91.94268,18.56343],[-91.88047,18.59966],[-91.88037,18.63779],[-91.97378,18.71587],[-92.21318,18.68486],[-92.44102,18.67529],[-92.71011,18.61167],[-92.76909,18.52412],[-92.88477,18.46865],[-93.12734,18.42344],[-93.22793,18.4438],[-93.55234,18.43047],[-94.18901,18.19526],[-94.45977,18.16665],[-94.54619,18.17485],[-94.79815,18.5146],[-95.0147,18.57061],[-95.18184,18.70073],[-95.56143,18.71914],[-95.69712,18.7749],[-95.71982,18.76836],[-95.57832,18.69043],[-95.62681,18.69058],[-95.82109,18.75464],[-95.92036,18.81958],[-95.92822,18.8501],[-95.81035,18.80386],[-95.77813,18.80552],[-95.91304,18.89717],[-95.98467,19.05376],[-96.07339,19.10566],[-96.12398,19.19907],[-96.28955,19.34375],[-96.31533,19.47285],[-96.36836,19.56724],[-96.45606,19.86978],[-96.70869,20.18828],[-97.12144,20.61499],[-97.18633,20.71704],[-97.19497,20.8001],[-97.50059,21.39805],[-97.51455,21.47798],[-97.59761,21.53589],[-97.63755,21.60366],[-97.75381,22.02666],[-97.59038,21.76201],[-97.45659,21.6124],[-97.38345,21.5667],[-97.38481,21.52383],[-97.42441,21.46533],[-97.43413,21.35649],[-97.40918,21.27256],[-97.38755,21.37393],[-97.33687,21.43789],[-97.3145,21.56421],[-97.58477,21.80854],[-97.76328,22.10586],[-97.78237,22.2793],[-97.85781,22.62451],[-97.8167,22.77632],[-97.75835,22.88603],[-97.74522,22.94238],[-97.76587,23.30615],[-97.72739,23.73223],[-97.74268,23.76065],[-97.72861,23.78794],[-97.66768,24.38999],[-97.50708,25.01455],[-97.42407,25.2331],[-97.2249,25.58545],[-97.16445,25.75493],[-97.14019,26.02974],[-97.15039,26.06533],[-97.21392,26.06787],[-97.40234,26.39653],[-97.43506,26.48584],[-97.46582,26.69175],[-97.55469,26.96733],[-97.47568,27.11787],[-97.48511,27.2374],[-97.69238,27.28716],[-97.76846,27.45752],[-97.68213,27.39492],[-97.52388,27.31396],[-97.43911,27.32827],[-97.38047,27.41934],[-97.28872,27.6706],[-97.43149,27.83721],[-97.37412,27.87002],[-97.25156,27.85444],[-97.17144,27.87959],[-97.0731,27.98608],[-97.03433,28.09385],[-97.14126,28.06074],[-97.15649,28.14434],[-97.01548,28.16348],[-96.9333,28.22427],[-96.8916,28.15757],[-96.8395,28.19439],[-96.80688,28.22021],[-96.77353,28.42163],[-96.67637,28.34131],[-96.56172,28.36714],[-96.42109,28.45732],[-96.52466,28.48872],[-96.64004,28.70879],[-96.6085,28.72329],[-96.57568,28.71572],[-96.52603,28.64829],[-96.44873,28.59448],[-96.37412,28.6311],[-96.37344,28.65703],[-96.27534,28.65513],[-96.11504,28.62222],[-96.01104,28.63193],[-96.23452,28.48897],[-96.18052,28.50185],[-96.02041,28.58682],[-95.85342,28.64033],[-95.27349,28.96387],[-95.15215,29.07925],[-95.13906,29.16782],[-94.88828,29.37056],[-94.99282,29.53096],[-95.02285,29.70234],[-94.98228,29.7126],[-94.92988,29.68018],[-94.88989,29.67695],[-94.83232,29.75259],[-94.74194,29.75],[-94.72437,29.65527],[-94.77827,29.54785],[-94.73262,29.53535],[-94.60532,29.56782],[-94.52627,29.54795],[-94.75015,29.41802],[-94.75962,29.38428],[-94.57446,29.48452],[-94.09966,29.67041],[-93.89048,29.68935],[-93.88638,29.72266],[-93.94629,29.81499],[-93.84145,29.97974],[-93.79399,29.97725],[-93.76904,29.95229],[-93.7731,29.91406],[-93.80879,29.85083],[-93.88389,29.81001],[-93.86572,29.75561],[-93.82646,29.72515],[-93.69482,29.76992],[-93.2832,29.7894],[-93.17568,29.77895],[-92.95239,29.71416],[-92.79131,29.63467],[-92.67129,29.59707],[-92.26084,29.55684],[-92.08403,29.59282],[-92.05889,29.61719],[-92.1355,29.69946],[-92.08022,29.76074],[-92.01733,29.80029],[-91.89316,29.83603],[-91.82441,29.75068],[-91.67246,29.74609],[-91.51421,29.55537],[-91.33096,29.51357],[-91.27773,29.56289],[-91.24883,29.56421],[-91.26025,29.50547],[-91.24399,29.45732],[-91.15537,29.35068],[-91.15078,29.31792],[-91.2375,29.33096],[-91.28271,29.32075],[-91.29014,29.28897],[-91.00273,29.19351],[-90.75102,29.13086],[-90.67749,29.15064],[-90.58623,29.27153],[-90.50249,29.29976],[-90.3792,29.29512],[-90.30161,29.25581],[-90.24673,29.13101],[-90.21279,29.10493],[-90.13584,29.13608],[-90.10137,29.18179],[-90.05278,29.33682],[-90.05234,29.4314],[-90.14126,29.47974],[-90.16079,29.50439],[-90.15908,29.53716],[-89.87725,29.45801],[-89.81826,29.41611],[-89.79238,29.3332],[-89.62026,29.30239],[-89.44316,29.19414],[-89.35352,29.07022],[-89.37612,28.98135],[-89.33057,28.99868],[-89.23608,29.0811],[-89.15552,29.0166],[-89.10952,29.09868],[-89.02139,29.14272],[-89.01572,29.20288],[-89.11685,29.24824],[-89.18076,29.33569],[-89.2457,29.3332],[-89.51367,29.42007],[-89.58032,29.48604],[-89.67481,29.53867],[-89.7209,29.61929],[-89.68921,29.64605],[-89.68296,29.67485],[-89.62065,29.67412],[-89.55933,29.69805],[-89.59087,29.72529],[-89.53066,29.77222],[-89.35444,29.82022],[-89.35786,29.921],[-89.41406,30.01089],[-89.40073,30.04604],[-89.49443,30.05815],[-89.56338,30.0021],[-89.5895,29.91504],[-89.63169,29.90381],[-89.7438,29.92983],[-89.81519,30.00727],[-89.66504,30.11704],[-89.66753,30.14453],[-89.73745,30.17197],[-89.81226,30.12368],[-89.89404,30.12588],[-89.99419,30.05928],[-90.17534,30.0291],[-90.28496,30.06509],[-90.41304,30.14033],[-90.33198,30.27759],[-90.22529,30.3793],[-90.04521,30.35142],[-89.95425,30.26875],[-89.58848,30.16597],[-89.44351,30.22314],[-89.32056,30.34531],[-89.22363,30.33237],[-88.90523,30.41514],[-88.81992,30.40649],[-88.69209,30.35537],[-88.3499,30.37349],[-88.13545,30.3666],[-88.07837,30.56621],[-88.03242,30.68125],[-88.01133,30.69419],[-87.94888,30.6269],[-87.923,30.56152],[-87.92432,30.44966],[-87.89761,30.41416],[-87.85713,30.40742],[-87.79028,30.2918],[-87.904,30.25908],[-87.98501,30.25439],[-88.00596,30.23091],[-87.62227,30.26475],[-87.51328,30.36811],[-87.44829,30.39414],[-87.44375,30.36382],[-87.50073,30.30928],[-87.47578,30.29429],[-87.28105,30.33926],[-87.25107,30.39668],[-87.18467,30.45371],[-87.1706,30.53877],[-87.1188,30.53897],[-87.07202,30.50044],[-87.03389,30.55391],[-86.99756,30.57031],[-86.96514,30.5019],[-86.98579,30.43086],[-87.12378,30.39668],[-87.20117,30.33926],[-86.67964,30.40288],[-86.44795,30.49561],[-86.37417,30.48208],[-86.25737,30.49302],[-86.16567,30.46426],[-86.12383,30.40581],[-86.24009,30.4291],[-86.45444,30.39912],[-86.17515,30.33252],[-85.75581,30.16699],[-85.74082,30.24439],[-85.67588,30.2793],[-85.60352,30.28677],[-85.66343,30.18945],[-85.61025,30.14839],[-85.62349,30.11709],[-85.67578,30.12192],[-85.5043,29.97578],[-85.35361,29.87573],[-85.30684,29.79785],[-85.31489,29.75811],[-85.33643,29.74014],[-85.38345,29.78506],[-85.41382,29.84248],[-85.41382,29.76758],[-85.37637,29.69522],[-85.31894,29.68023],[-85.0293,29.72109],[-84.88892,29.77764],[-84.80054,29.77305],[-84.55,29.89785],[-84.38281,29.90737],[-84.35869,29.92939],[-84.37534,29.98228],[-84.35562,30.029],[-84.30967,30.06475],[-84.04424,30.10381],[-83.69438,29.92598],[-83.29048,29.4519],[-82.76934,29.05156],[-82.65147,28.8875],[-82.66065,28.48584],[-82.74854,28.23682],[-82.84351,27.846],[-82.80757,27.77656],[-82.74287,27.70938],[-82.71533,27.7331],[-82.66089,27.71841],[-82.61099,27.77725],[-82.59658,27.87324],[-82.63379,27.89775],[-82.6752,27.96377],[-82.63594,27.9812],[-82.57959,27.95845],[-82.52061,27.87788],[-82.49814,27.86792],[-82.4457,27.90283],[-82.40576,27.86289],[-82.40054,27.8354],[-82.43052,27.77114],[-82.63584,27.52456],[-82.7146,27.49961],[-82.62046,27.40107],[-82.44136,27.05967],[-82.29004,26.8708],[-82.18066,26.84009],[-82.1686,26.87437],[-82.1811,26.93677],[-82.0957,26.96343],[-82.01328,26.96157],[-82.06694,26.89155],[-82.07788,26.70435],[-82.0396,26.55205],[-82.0064,26.53984],[-81.97017,26.55205],[-81.92056,26.63144],[-81.82866,26.68706],[-81.95894,26.48994],[-81.86655,26.43501],[-81.81148,26.14609],[-81.71548,25.98315],[-81.56826,25.89155],[-81.36494,25.83105],[-81.34507,25.73184],[-81.22715,25.5834],[-81.11333,25.36724],[-80.98037,25.31167],[-80.94043,25.26421],[-80.96538,25.22432],[-81.09766,25.31914],[-81.13604,25.30967],[-81.16738,25.22852],[-81.1105,25.13804],[-81.01196,25.13325],[-80.86221,25.17617],[-80.73652,25.15635],[-80.55762,25.23242],[-80.48467,25.22983],[-80.36694,25.33125],[-80.32773,25.4271],[-80.30083,25.61856],[-80.21909,25.74175],[-80.15894,25.87832],[-80.14292,25.87402],[-80.12637,25.8335],[-80.1106,26.13159],[-80.04131,26.5686],[-80.05005,26.80772],[-80.08867,26.99395],[-80.12578,27.08301],[-80.22612,27.20703],[-80.68638,28.27217],[-80.74863,28.38101],[-80.83818,28.75767],[-80.80869,28.75894],[-80.771,28.73247],[-80.77988,28.68296],[-80.76592,28.63281],[-80.70024,28.60093],[-80.68848,28.57852],[-80.72905,28.51621],[-80.73174,28.46289],[-80.69351,28.34497],[-80.66548,28.3749],[-80.63286,28.51802],[-80.60693,28.5229],[-80.62285,28.32036],[-80.61001,28.17759],[-80.49956,27.93447],[-80.45688,27.90068],[-80.57285,28.18086],[-80.58496,28.27158],[-80.56782,28.42647],[-80.52412,28.48608],[-80.9,29.04985],[-81.10454,29.45698],[-81.24951,29.7938],[-81.33711,30.14121],[-81.38574,30.26997],[-81.45718,30.64077],[-81.50396,30.73145],[-81.51621,30.80181],[-81.52041,30.87466],[-81.47139,31.00903],[-81.45322,31.08828],[-81.46035,31.12705],[-81.44175,31.19971],[-81.36489,31.17188],[-81.28848,31.26392],[-81.32915,31.31377],[-81.37773,31.33232],[-81.38096,31.35327],[-81.29497,31.37119],[-81.17544,31.5313],[-81.25938,31.53892],[-81.24238,31.57432],[-81.16992,31.6103],[-81.16553,31.64614],[-81.1979,31.7042],[-81.16211,31.7437],[-81.09839,31.75337],[-81.06611,31.78799],[-81.06504,31.81348],[-81.11328,31.87861],[-80.92344,31.94492],[-80.87236,32.02959],[-80.88208,32.0686],[-80.84922,32.11392],[-80.75801,32.14219],[-80.69424,32.21572],[-80.70205,32.2459],[-80.76533,32.29834],[-80.7979,32.36338],[-80.80254,32.44805],[-80.70933,32.33706],[-80.68306,32.34863],[-80.67778,32.3811],[-80.64722,32.39595],[-80.6082,32.29282],[-80.57935,32.28731],[-80.48574,32.35181],[-80.47427,32.42275],[-80.53003,32.47539],[-80.63418,32.51172],[-80.57222,32.53369],[-80.36284,32.50073],[-80.26836,32.53735],[-80.22969,32.57651],[-80.02178,32.61992],[-79.94072,32.66714],[-79.89365,32.72871],[-79.9331,32.81006],[-79.80498,32.7874],[-79.61494,32.90928],[-79.58711,33.00088],[-79.41992,33.04253],[-79.27603,33.1354],[-79.22925,33.18516],[-79.28135,33.31543],[-79.22647,33.40488],[-79.23838,33.31216],[-79.1938,33.24414],[-79.13818,33.40591],[-78.92031,33.65869],[-78.84145,33.72407],[-78.57769,33.87324],[-78.40586,33.91758],[-78.01333,33.91182],[-77.97056,33.99341],[-77.95327,34.16899],[-77.92602,34.07314],[-77.92783,33.93975],[-77.86084,34.14917],[-77.75073,34.28496],[-77.51768,34.45137],[-77.37978,34.52661],[-77.41294,34.59214],[-77.41226,34.73081],[-77.3584,34.62026],[-77.29624,34.60293],[-77.25176,34.61563],[-77.13389,34.70791],[-77.04951,34.69736],[-76.7332,34.70698],[-76.70708,34.75215],[-76.5169,34.77725],[-76.4398,34.84292],[-76.36221,34.93652],[-76.45674,34.98936],[-76.74497,34.94097],[-76.89863,34.97026],[-76.97495,35.02519],[-77.07026,35.15464],[-76.86104,35.00498],[-76.77915,34.99033],[-76.62803,35.07334],[-76.60752,35.15298],[-76.51294,35.27041],[-76.59546,35.32969],[-76.97446,35.4584],[-77.03999,35.52739],[-76.88726,35.46309],[-76.74141,35.43149],[-76.63413,35.45322],[-76.61104,35.52969],[-76.5772,35.53232],[-76.53247,35.50845],[-76.51562,35.43648],[-76.4895,35.39702],[-76.39023,35.40127],[-76.17383,35.35415],[-76.10352,35.38027],[-75.96597,35.5084],[-75.77393,35.64697],[-75.74473,35.76548],[-75.75884,35.84326],[-75.77222,35.8999],[-75.81201,35.95576],[-75.85391,35.96016],[-75.97891,35.89595],[-76.00117,35.72217],[-76.0457,35.69116],[-76.08359,35.69053],[-76.06006,35.87866],[-76.06978,35.97031],[-76.20654,35.99121],[-76.3583,35.95288],[-76.61113,35.94365],[-76.72622,35.95762],[-76.73364,36.22915],[-76.71763,36.1481],[-76.67891,36.07529],[-76.55938,36.01533],[-76.47881,36.02817],[-76.42432,36.06797],[-76.38369,36.13354],[-76.32119,36.13818],[-76.22739,36.11602],[-76.27061,36.18989],[-76.15,36.14575],[-76.14785,36.2793],[-75.88301,36.17568],[-75.82007,36.11284],[-75.8666,36.26787],[-75.92485,36.38301],[-75.97847,36.42915],[-75.99277,36.47378],[-75.95977,36.57104],[-75.97344,36.59995],[-75.96533,36.6376],[-75.94648,36.65908],[-75.91787,36.63267],[-75.80977,36.27105],[-75.72822,36.10371],[-75.53418,35.81909],[-75.75786,36.22925],[-75.89043,36.65703],[-75.94155,36.76553],[-75.96636,36.86196],[-75.99941,36.91265],[-76.24424,36.95264],[-76.39956,36.88984],[-76.48784,36.89702],[-76.50464,36.96104],[-76.63394,37.04741],[-76.67188,37.17295],[-76.9252,37.225],[-77.00195,37.27105],[-77.19619,37.2957],[-77.25088,37.3292],[-77.00698,37.31768],[-76.70352,37.21768],[-76.63091,37.22173],[-76.60229,37.14287],[-76.40088,36.99131],[-76.2833,37.05269],[-76.32695,37.14927],[-76.40112,37.21269],[-76.49736,37.24688],[-76.61089,37.32256],[-76.73809,37.44878],[-76.75772,37.50542],[-76.53838,37.30938],[-76.45391,37.27354],[-76.39316,37.29995],[-76.40098,37.38613],[-76.26348,37.35703],[-76.2544,37.43062],[-76.26856,37.49517],[-76.36763,37.53027],[-76.30557,37.57148],[-76.48408,37.62886],[-76.54946,37.66914],[-76.61982,37.75508],[-76.71543,37.81016],[-76.9251,38.03301],[-77.11108,38.16567],[-77.07065,38.16719],[-76.93999,38.09546],[-76.82861,37.96152],[-76.49248,37.68223],[-76.34414,37.67568],[-76.30562,37.72158],[-76.29321,37.79434],[-76.26182,37.8481],[-76.26426,37.89355],[-76.35493,37.96323],[-76.47178,38.01118],[-76.54951,38.09448],[-76.64487,38.13394],[-76.90635,38.19707],[-77.04678,38.35669],[-77.10991,38.37012],[-77.23193,38.34004],[-77.27324,38.35176],[-77.31367,38.39663],[-77.2604,38.6],[-77.09189,38.71953],[-77.0456,38.77578],[-77.03037,38.88926],[-77.01816,38.77773],[-77.05391,38.70581],[-77.13491,38.6501],[-77.2209,38.54097],[-77.2416,38.49482],[-77.23252,38.40772],[-77.15591,38.39712],[-77.07671,38.44175],[-77.00117,38.44526],[-76.98838,38.3939],[-76.88975,38.29209],[-76.86777,38.33716],[-76.86812,38.39028],[-76.76914,38.26294],[-76.5936,38.22832],[-76.4544,38.17354],[-76.34116,38.08701],[-76.33291,38.14077],[-76.40879,38.26826],[-76.64199,38.45435],[-76.66855,38.5375],[-76.67734,38.61196],[-76.64687,38.53852],[-76.57241,38.43579],[-76.43877,38.36152],[-76.39409,38.36899],[-76.50132,38.53218],[-76.53687,38.74263],[-76.52109,38.78828],[-76.51953,38.89834],[-76.49375,38.94521],[-76.55854,39.06523],[-76.4731,39.03061],[-76.42007,39.07388],[-76.42759,39.12602],[-76.48936,39.15869],[-76.57393,39.2543],[-76.57041,39.26934],[-76.4209,39.225],[-76.40278,39.25283],[-76.40566,39.30391],[-76.35898,39.32466],[-76.33081,39.40391],[-76.27637,39.32275],[-76.25684,39.35215],[-76.24766,39.43862],[-76.22305,39.42031],[-76.21582,39.37993],[-76.09727,39.4331],[-76.08071,39.47031],[-76.08506,39.527],[-76.06299,39.56113],[-75.95894,39.58506],[-75.97041,39.50459],[-75.87295,39.51089],[-76.00312,39.41084],[-75.87598,39.37598],[-76.07437,39.36885],[-76.15313,39.31504],[-76.23569,39.1916],[-76.21685,39.06362],[-76.13296,39.12295],[-76.1352,39.08213],[-76.18569,38.99072],[-76.31274,39.00937],[-76.33066,38.90859],[-76.24082,38.94307],[-76.19106,38.91558],[-76.16816,38.85273],[-76.30034,38.81821],[-76.34116,38.70967],[-76.3081,38.72285],[-76.27832,38.77246],[-76.21299,38.7583],[-76.175,38.70669],[-76.05693,38.62124],[-76.01694,38.6251],[-76.00093,38.60171],[-76.19839,38.61865],[-76.26416,38.59995],[-76.29487,38.49463],[-76.26465,38.43643],[-76.21167,38.36133],[-76.05122,38.27954],[-75.98574,38.33193],[-75.96738,38.29136],[-75.88882,38.35552],[-75.85869,38.36206],[-75.87676,38.31875],[-75.86392,38.26123],[-75.92808,38.16924],[-75.85562,38.14038],[-75.79531,38.08667],[-75.85083,37.97158],[-75.73516,37.97373],[-75.65928,37.95396],[-75.71934,37.82139],[-75.79238,37.75635],[-75.88814,37.61914],[-75.97505,37.39844],[-75.99736,37.26382],[-75.98452,37.21221],[-75.93438,37.1519],[-75.854,37.29663],[-75.81206,37.4252],[-75.69883,37.51636],[-75.58711,37.55869],[-75.59639,37.6312],[-75.35352,38.06504],[-75.2918,38.1292],[-75.22544,38.24229],[-75.16001,38.25508],[-75.13423,38.38433],[-75.11675,38.4062],[-75.08975,38.42539],[-75.07339,38.41001],[-75.07437,38.36572],[-75.05127,38.38301],[-75.03877,38.42637],[-75.03589,38.50332],[-75.07285,38.57871],[-75.11084,38.59936],[-75.18711,38.59111],[-75.12847,38.63242],[-75.08398,38.7228],[-75.08867,38.77754],[-75.18506,38.81938],[-75.3104,38.96655],[-75.39219,39.09277],[-75.41265,39.2814],[-75.57388,39.47695],[-75.56728,39.55298],[-75.5876,39.64077],[-75.50215,39.71738],[-75.4644,39.78096],[-75.40063,39.83159],[-75.3209,39.8647],[-75.17295,39.89478],[-75.07417,39.9835],[-75.15381,39.87051],[-75.35317,39.82974],[-75.42188,39.7897],[-75.52353,39.60186],[-75.52422,39.49019],[-75.35342,39.33984],[-75.23105,39.28428],[-75.13613,39.20786],[-75.0502,39.21084],[-74.89702,39.14546],[-74.9543,38.94995],[-74.92344,38.94111],[-74.79448,39.0019],[-74.60479,39.24751],[-74.60298,39.29258],[-74.51719,39.34687],[-74.47437,39.34258],[-74.42881,39.38721],[-74.38984,39.48682],[-74.40703,39.54878],[-74.33061,39.53589],[-74.25654,39.61387],[-74.17612,39.72661],[-74.11763,39.93814],[-74.096,39.97598],[-74.0646,39.99312],[-74.07993,39.78813],[-74.02832,40.073],[-73.95762,40.32837],[-73.97227,40.40034],[-73.99844,40.45215],[-74.04985,40.42983],[-74.2415,40.45625],[-74.26421,40.52861],[-74.22671,40.60801],[-74.18716,40.648],[-74.02549,40.7564],[-73.9272,40.91426],[-73.90923,40.99609],[-73.91768,41.13579],[-73.96992,41.24971],[-73.88223,41.17061],[-73.87197,41.05518],[-73.90674,40.91245],[-73.98711,40.75137],[-73.91069,40.81611],[-73.85127,40.8314],[-73.58301,41.02188],[-73.18228,41.17583],[-73.02373,41.21646],[-72.92471,41.28516],[-72.84717,41.26587],[-72.47939,41.27578],[-72.37104,41.31216],[-72.26528,41.29165],[-71.92993,41.34106],[-71.76929,41.33091],[-71.52285,41.37895],[-71.4438,41.45371],[-71.42656,41.6333],[-71.36367,41.70273],[-71.39014,41.79531],[-71.33061,41.76226],[-71.27109,41.68125],[-71.17832,41.74404],[-71.14873,41.7457],[-71.2043,41.64111],[-71.18843,41.51641],[-71.16855,41.4894],[-71.07979,41.53809],[-70.97422,41.54854],[-70.70112,41.71484],[-70.66645,41.71011],[-70.65713,41.53423],[-70.48135,41.58247],[-70.40469,41.6269],[-70.05952,41.67734],[-69.94863,41.67715],[-69.93384,41.71045],[-69.9416,41.80786],[-69.97788,41.96128],[-70.10894,42.07832],[-70.15986,42.09712],[-70.24106,42.09121],[-70.19624,42.03511],[-70.17256,42.06279],[-70.11025,42.03013],[-70.09004,41.97969],[-70.0061,41.87231],[-70.00142,41.82617],[-70.13501,41.76987],[-70.29546,41.72895],[-70.42666,41.75727],[-70.5147,41.80332],[-70.54893,41.93862],[-70.65615,41.98706],[-70.64521,42.02158],[-70.61768,42.04043],[-70.73828,42.22886],[-70.81797,42.26494],[-70.99673,42.3],[-71.04619,42.3311],[-70.93047,42.43198],[-70.83115,42.55259],[-70.61294,42.62324],[-70.60415,42.64971],[-70.62398,42.67178],[-70.73569,42.66929],[-70.78135,42.72124],[-70.82905,42.82534],[-70.7331,43.07002],[-70.64233,43.13442],[-70.5207,43.34883],[-70.20259,43.62612],[-70.26924,43.67192],[-70.17881,43.76636],[-70.06235,43.83462],[-69.96523,43.85508],[-69.97432,43.78789],[-69.87251,43.81953],[-69.80835,43.77231],[-69.7916,43.80523],[-69.79531,43.91065],[-69.77227,43.89902],[-69.76201,43.86069],[-69.72983,43.852],[-69.69912,43.95503],[-69.65288,43.9939],[-69.62393,43.88061],[-69.58999,43.88657],[-69.55669,43.98276],[-69.52075,43.89736],[-69.48086,43.90508],[-69.43496,43.9563],[-69.34453,44.00093],[-69.22607,43.98647],[-69.06836,44.09756],[-69.06357,44.17236],[-68.95615,44.3481],[-68.96147,44.43384],[-68.84736,44.48506],[-68.8002,44.54941],[-68.76269,44.57075],[-68.76553,44.50977],[-68.79492,44.45449],[-68.71011,44.44258],[-68.7939,44.38174],[-68.81191,44.33935],[-68.72329,44.34228],[-68.61201,44.31055],[-68.57236,44.27085],[-68.53252,44.25864],[-68.51445,44.30391],[-68.52144,44.38023],[-68.45059,44.50762],[-68.37373,44.44512],[-68.27744,44.50737],[-68.19824,44.51523],[-68.15205,44.502],[-68.11728,44.49063],[-68.05664,44.38433],[-67.98486,44.42017],[-67.96269,44.46431],[-67.90703,44.45361],[-67.83906,44.57627],[-67.79048,44.58569],[-67.65298,44.5624],[-67.59907,44.57681],[-67.55601,44.64478],[-67.45781,44.65654],[-67.36406,44.69687],[-67.19126,44.67559],[-66.98701,44.82769],[-67.01401,44.86777],[-67.10674,44.88506],[-67.11392,44.94438],[-67.08047,44.98916],[-67.10225,45.08774],[-67.13037,45.13901],[-67.12485,45.16943],[-67.08408,45.14395],[-66.97656,45.15718],[-66.9187,45.14561],[-66.9082,45.09766],[-66.87246,45.06728],[-66.70718,45.0834],[-66.51094,45.14336],[-66.43984,45.0959],[-66.14375,45.22759],[-66.10732,45.25693],[-66.18272,45.33521],[-66.02656,45.41758],[-66.10977,45.3166],[-66.0,45.24957]],[[-66.0,44.57278],[-66.09063,44.50493],[-66.14639,44.43594],[-66.0,44.53589]],[[-66.0,44.45405],[-66.09956,44.36748],[-66.19307,44.14385],[-66.19253,44.07969],[-66.12573,43.81382],[-66.03765,43.74219],[-66.0,43.78145]],[[-66.0,47.9434],[-66.21021,47.98857],[-66.35962,48.06065],[-66.42881,48.06694],[-66.63154,48.01108],[-66.7044,48.02246],[-66.44898,48.11963],[-66.32427,48.0979],[-66.24863,48.11733],[-66.08311,48.10269],[-66.0,48.15285]],[[-66.0,49.22071],[-66.17817,49.21314],[-66.5981,49.12637],[-67.11748,48.96416],[-67.56089,48.85596],[-67.88901,48.73091],[-68.23818,48.62642],[-68.43149,48.5417],[-68.552,48.45732],[-68.74604,48.37642],[-68.81567,48.36602],[-68.98706,48.275],[-69.30635,48.04702],[-69.47105,47.96728],[-69.58106,47.82368],[-69.80225,47.62344],[-70.01714,47.47144],[-70.06958,47.37778],[-70.21777,47.28984],[-70.38809,47.11694],[-70.51948,47.03252],[-70.99326,46.8522],[-71.152,46.81909],[-71.26118,46.75625],[-71.67129,46.65376],[-71.90093,46.63193],[-72.10928,46.55122],[-72.18721,46.51152],[-72.24014,46.44209],[-72.49619,46.35269],[-72.73345,46.18184],[-72.98994,46.10361],[-73.15957,46.01006],[-73.25303,45.86367],[-73.36885,45.75781],[-73.46528,45.63232],[-73.5188,45.45898],[-73.5581,45.4251],[-73.76465,45.39546],[-74.04981,45.24141],[-74.26904,45.18828],[-74.56631,45.0416],[-74.70889,45.00386],[-74.3583,45.2064],[-74.0981,45.32402],[-73.97383,45.34512],[-73.99961,45.43335],[-74.24766,45.49287],[-74.31509,45.53106],[-74.03784,45.50185],[-73.89741,45.56416],[-73.71187,45.71118],[-73.47661,45.73823],[-73.28355,45.89985],[-73.14541,46.06631],[-73.02192,46.12026],[-72.98101,46.20972],[-72.84268,46.2624],[-72.68013,46.28731],[-72.25664,46.48506],[-72.20464,46.55889],[-72.02847,46.60742],[-71.87959,46.68682],[-71.75728,46.67358],[-71.26777,46.79595],[-71.11562,46.92495],[-70.70586,47.13979],[-70.44805,47.42344],[-70.3001,47.50303],[-69.99443,47.73989],[-69.90557,47.83223],[-69.775,48.0981],[-69.86553,48.17227],[-69.97119,48.20576],[-70.14531,48.24356],[-70.50064,48.35435],[-70.83877,48.36738],[-70.92261,48.42231],[-71.01826,48.45562],[-70.38369,48.3665],[-70.11065,48.27798],[-70.00102,48.27095],[-69.85171,48.20737],[-69.76191,48.19116],[-69.67388,48.19917],[-69.5501,48.25078],[-69.37495,48.38643],[-69.23076,48.57363],[-68.92905,48.82896],[-68.66904,48.9395],[-68.62788,49.00718],[-68.54385,49.05615],[-68.4144,49.09951],[-68.29453,49.11436],[-68.22061,49.14966],[-68.28193,49.19717],[-68.05625,49.25679],[-67.37202,49.34844],[-67.26191,49.45117],[-67.23438,49.60176],[-66.94116,49.9937],[-66.74087,50.06553],[-66.62173,50.15542],[-66.55005,50.16118],[-66.49551,50.21187],[-66.24219,50.22036],[-66.12554,50.20103],[-66.0,50.26972]],[[-66.0,58.83116],[-66.04307,58.82065],[-66.04936,58.78789],[-66.0,58.70953]],[[-66.0,58.43469],[-66.01704,58.43081],[-66.04463,58.60562],[-66.09092,58.65903],[-66.2374,58.77227],[-66.29854,58.79453],[-66.3624,58.79116],[-66.47998,58.73091],[-66.60791,58.54893],[-66.72217,58.49102],[-67.01943,58.43291],[-67.38198,58.3],[-67.56963,58.21348],[-67.59634,58.18613],[-67.67827,57.99111],[-67.69766,58.00874],[-67.68057,58.10703],[-67.6897,58.2438],[-67.73706,58.38545],[-67.75596,58.40459],[-67.80522,58.36548],[-67.82334,58.31025],[-67.85586,58.27261],[-68.00898,58.15205],[-68.06387,58.13896],[-67.88828,58.29575],[-67.88779,58.32939],[-67.98115,58.46123],[-68.02105,58.4853],[-68.11104,58.47334],[-68.17554,58.40259],[-68.28911,58.17769],[-68.35186,58.09072],[-68.41357,58.05176],[-68.49507,58.01167],[-68.78096,57.97583],[-69.04082,57.90249],[-69.03545,57.92603],[-68.94531,57.9688],[-68.59687,58.03686],[-68.46816,58.07632],[-68.35654,58.16323],[-68.23389,58.39922],[-68.22939,58.48457],[-68.25298,58.55664],[-68.32646,58.59541],[-68.38115,58.74351],[-68.4749,58.82349],[-68.69819,58.90454],[-69.27109,58.88394],[-69.38184,58.85073],[-69.65054,58.72827],[-69.78989,58.68931],[-70.15435,58.7606],[-70.15996,58.7894],[-69.97915,58.81636],[-69.86758,58.85615],[-69.8416,58.88115],[-69.82852,58.92876],[-69.78418,58.95571],[-69.75303,58.9396],[-69.67734,58.83135],[-69.64839,58.8208],[-69.53164,58.86924],[-69.47466,59.0],[-69.41411,59.08687],[-69.45977,59.15244],[-69.45049,59.18003],[-69.35044,59.2772],[-69.34404,59.30308],[-69.4,59.33779],[-69.68188,59.34175],[-69.71089,59.39253],[-69.69238,59.48843],[-69.5794,59.6751],[-69.63022,59.82183],[-69.73394,59.91802],[-69.80566,59.94487],[-70.61973,59.98428],[-70.65483,60.02622],[-69.96284,60.01782],[-69.79565,60.02974],[-69.67373,60.07588],[-69.62978,60.12212],[-69.62876,60.19858],[-69.63311,60.22036],[-69.74058,60.33228],[-69.75947,60.44023],[-69.75127,60.48745],[-69.72139,60.56743],[-69.64048,60.68979],[-69.57422,60.74273],[-69.43345,60.81426],[-69.40474,60.84678],[-69.39834,60.88286],[-69.41436,60.92246],[-69.47192,61.01094],[-69.55698,61.05967],[-69.62363,61.04951],[-69.7084,60.91465],[-69.80044,60.90669],[-69.90923,60.86011],[-69.99243,60.85649],[-70.09531,60.88027],[-70.1459,60.92183],[-70.15796,61.02065],[-70.2793,61.06865],[-70.54077,61.04248],[-70.72324,61.05518],[-71.17515,61.14653],[-71.4227,61.15894],[-71.55151,61.21328],[-71.74346,61.33726],[-71.73213,61.37207],[-71.64644,61.39873],[-71.64531,61.41313],[-71.79365,61.42119],[-71.85439,61.43979],[-71.84102,61.46602],[-71.75576,61.52676],[-71.61943,61.5729],[-71.60479,61.59238],[-71.63828,61.61719],[-71.86611,61.68852],[-71.92227,61.67695],[-71.9644,61.63628],[-72.0231,61.61196],[-72.21587,61.58726],[-72.24707,61.60205],[-72.08203,61.64141],[-72.04004,61.68027],[-72.08145,61.72827],[-72.22612,61.83159],[-72.36074,61.88779],[-72.50557,61.92266],[-72.72739,61.83862],[-72.77163,61.84043],[-72.66602,61.95532],[-72.63213,62.02725],[-72.646,62.07661],[-72.68696,62.12456],[-72.88184,62.12539],[-73.29897,62.32505],[-73.62998,62.4542],[-73.70508,62.47315],[-73.76396,62.46875],[-74.20547,62.32139],[-74.6458,62.21113],[-74.68989,62.18345],[-74.61289,62.12519],[-74.63257,62.11567],[-75.02275,62.26445],[-75.34121,62.31211],[-75.48882,62.28643],[-75.78984,62.17959],[-75.80923,62.19341],[-75.67554,62.24951],[-75.8169,62.31587],[-76.8794,62.52539],[-77.37241,62.57251],[-77.60395,62.5314],[-78.06812,62.35542],[-78.1334,62.28227],[-78.14697,62.20869],[-78.13716,62.10737],[-78.07749,61.92339],[-78.02139,61.83208],[-77.88989,61.72871],[-77.69844,61.62642],[-77.51435,61.5563],[-77.73618,61.43735],[-77.74961,61.39302],[-77.72681,61.23066],[-77.76504,61.15752],[-77.83013,61.08403],[-78.15967,60.8522],[-78.18135,60.81914],[-77.99814,60.81821],[-77.87153,60.78584],[-77.60303,60.8252],[-77.58955,60.80859],[-77.66065,60.7895],[-77.79082,60.63984],[-77.71499,60.57778],[-77.51558,60.56318],[-77.50356,60.54272],[-77.59815,60.50674],[-77.68144,60.4271],[-77.64863,60.3625],[-77.45288,60.1458],[-77.58589,60.08818],[-77.54717,60.06113],[-77.31182,60.04238],[-77.28921,60.02202],[-77.37295,59.9251],[-77.36841,59.88437],[-77.32764,59.8334],[-77.33164,59.79663],[-77.47456,59.71567],[-77.4853,59.68457],[-77.41103,59.60962],[-77.34907,59.57896],[-77.39668,59.56924],[-77.59043,59.68052],[-77.72617,59.67588],[-77.74751,59.6585],[-77.7335,59.58096],[-77.85903,59.47578],[-77.84468,59.44351],[-77.77944,59.4104],[-77.76069,59.38003],[-77.84282,59.30503],[-78.06768,59.2002],[-78.24443,59.03506],[-78.43052,58.90176],[-78.48262,58.8291],[-78.51509,58.68237],[-78.50591,58.64912],[-78.46299,58.60244],[-78.35171,58.58066],[-78.01357,58.39917],[-77.55244,58.2396],[-77.15679,58.0189],[-76.89092,57.75811],[-76.80981,57.65796],[-76.65542,57.38057],[-76.57285,57.1812],[-76.52559,56.8918],[-76.52983,56.49995],[-76.54639,56.35879],[-76.60405,56.19956],[-76.65049,56.10723],[-76.76182,55.99644],[-77.07256,55.7563],[-77.16509,55.66352],[-77.77529,55.29126],[-78.30361,55.06856],[-78.47505,55.01103],[-78.90923,54.88149],[-79.66553,54.69746],[-79.71235,54.67183],[-79.71397,54.65498],[-79.63174,54.6291],[-79.59795,54.60166],[-79.52065,54.49155],[-79.47598,54.39478],[-79.35615,54.26338],[-79.29565,54.21685],[-79.13882,54.15723],[-79.17881,54.11694],[-79.2418,54.09888],[-79.06714,54.05195],[-78.99604,54.00249],[-79.07329,53.95142],[-79.07515,53.93237],[-79.03203,53.88106],[-78.9457,53.83159],[-79.00317,53.83657],[-79.04033,53.81797],[-79.08145,53.74229],[-79.11313,53.71719],[-79.10034,53.65664],[-79.04312,53.5605],[-78.99204,53.41035],[-78.89824,53.04336],[-78.8541,52.97607],[-78.73984,52.89898],[-78.72168,52.85645],[-78.75361,52.8124],[-78.76577,52.76006],[-78.74414,52.65537],[-78.55708,52.49189],[-78.5291,52.39917],[-78.52607,52.31069],[-78.4481,52.26138],[-78.49165,52.2521],[-78.53735,52.21328],[-78.702,52.03272],[-78.82822,51.96299],[-78.87124,51.91343],[-78.89111,51.84512],[-78.92788,51.79883],[-78.98164,51.77456],[-78.97773,51.73379],[-78.77632,51.56577],[-78.73643,51.52661],[-78.73135,51.49746],[-78.82744,51.42998],[-78.85801,51.38394],[-78.89751,51.27168],[-78.90317,51.20029],[-78.98433,51.38638],[-79.04053,51.46377],[-79.15273,51.52622],[-79.26426,51.552],[-79.29697,51.6228],[-79.33867,51.62817],[-79.49756,51.56992],[-79.54746,51.49385],[-79.64297,51.41352],[-79.68882,51.34658],[-79.73745,51.18628],[-79.71445,51.11758],[-79.45264,50.91728],[-79.38071,50.83452],[-79.3479,50.76265],[-79.45615,50.87559],[-79.65151,51.00781],[-79.83623,51.17334],[-79.9604,51.23516],[-80.10356,51.28286],[-80.36797,51.32988],[-80.47832,51.30732],[-80.79497,51.13184],[-80.85122,51.125],[-80.6727,51.26475],[-80.49551,51.34468],[-80.44331,51.38857],[-80.44761,51.43223],[-80.49585,51.5251],[-80.65796,51.75835],[-80.96851,51.97222],[-81.1272,52.04541],[-81.28506,52.08921],[-81.3981,52.14224],[-81.46621,52.20449],[-81.54951,52.23677],[-81.82788,52.22422],[-81.61152,52.32407],[-81.57168,52.36729],[-81.59941,52.43262],[-81.85928,52.65142],[-82.02002,52.81162],[-82.26045,52.96113],[-82.29155,53.03071],[-82.25991,53.15981],[-82.15918,53.26416],[-82.14619,53.3646],[-82.19062,53.61094],[-82.14145,53.81763],[-82.23989,54.04482],[-82.39414,54.18047],[-82.42417,54.24458],[-82.41807,54.35581],[-82.21939,54.81348],[-82.22661,54.85591],[-82.30825,54.99815],[-82.39326,55.06782],[-82.57744,55.14873],[-82.6875,55.16553],[-82.86777,55.16069],[-82.94702,55.22222],[-82.98628,55.2314],[-83.21435,55.2146],[-83.66768,55.2645],[-83.9106,55.31465],[-84.51797,55.25889],[-85.06094,55.28565],[-85.21357,55.22436],[-85.36528,55.0793],[-85.21201,55.29746],[-85.21802,55.34898],[-85.40727,55.43115],[-85.55933,55.54019],[-85.67666,55.60107],[-85.98447,55.6959],[-86.37695,55.77324],[-86.91939,55.91455],[-87.48242,56.02129],[-87.56089,56.05635],[-87.87812,56.3416],[-88.0751,56.46728],[-88.44707,56.60869],[-88.82646,56.81426],[-88.94849,56.85132],[-89.79082,56.98135],[-90.07519,57.0519],[-90.59219,57.22446],[-90.89746,57.25693],[-91.11128,57.24121],[-92.01802,57.06377],[-92.35571,56.9706],[-92.37212,56.97515],[-92.29829,57.02275],[-92.30337,57.04585],[-92.4563,57.03672],[-92.65098,56.9583],[-92.79815,56.92197],[-92.61411,57.03901],[-92.47837,57.20527],[-92.4398,57.27505],[-92.43281,57.32031],[-92.48965,57.4686],[-92.70166,57.77778],[-92.84175,58.07588],[-93.10019,58.48984],[-93.15459,58.69458],[-93.17876,58.72563],[-93.27813,58.7564],[-93.48618,58.74448],[-93.78003,58.77256],[-94.05576,58.76001],[-94.12319,58.73672],[-94.20894,58.62637],[-94.27217,58.37803],[-94.33223,58.29736],[-94.28081,58.65894],[-94.28706,58.71602],[-94.41924,58.74551],[-94.5792,58.86846],[-94.67339,58.87012],[-94.71338,58.90332],[-94.77617,59.02061],[-94.84658,59.05034],[-94.95732,59.06885],[-94.87026,59.08799],[-94.81953,59.15132],[-94.78828,59.26787],[-94.77666,59.47812],[-94.78579,59.95332],[-94.67041,60.30107],[-94.64678,60.41641],[-94.67065,60.45332],[-94.76172,60.49824],[-94.67876,60.53769],[-94.5689,60.54199],[-94.50938,60.60454],[-94.4272,60.73071],[-94.15405,61.02544],[-94.06777,61.13887],[-94.04995,61.21128],[-94.05522,61.26616],[-94.08345,61.30366],[-94.06074,61.31782],[-93.94199,61.30801],[-93.88882,61.34404],[-93.94087,61.44365],[-93.91274,61.48145],[-93.70967,61.60254],[-93.4206,61.70581],[-93.31201,61.76729],[-93.3144,61.77978],[-93.42993,61.81211],[-93.49424,61.84692],[-93.58179,61.94204],[-93.33306,61.93291],[-93.27344,61.96108],[-93.36636,62.01455],[-93.34976,62.02978],[-93.16748,62.03364],[-93.07339,62.06055],[-93.01626,62.09268],[-93.07026,62.12783],[-93.06587,62.14976],[-92.90552,62.21514],[-92.91445,62.24497],[-92.98779,62.28594],[-93.20537,62.36494],[-93.15444,62.36685],[-92.86582,62.3062],[-92.73477,62.25972],[-92.5792,62.17734],[-92.52798,62.16841],[-92.54404,62.20229],[-92.62744,62.27905],[-92.70146,62.32822],[-92.76597,62.34995],[-92.76797,62.37998],[-92.59497,62.47007],[-92.56221,62.50288],[-92.55142,62.54673],[-92.49736,62.56484],[-92.32407,62.5646],[-92.26953,62.58696],[-92.00786,62.54053],[-91.93584,62.59238],[-91.95586,62.64478],[-92.14912,62.66528],[-92.30518,62.71167],[-92.37773,62.77241],[-92.38814,62.80088],[-92.36128,62.81938],[-92.19614,62.82881],[-92.11006,62.86172],[-92.03423,62.86343],[-91.86963,62.83472],[-91.44898,62.80405],[-91.34946,62.8189],[-91.11489,62.92158],[-90.87119,62.94595],[-90.77788,62.97163],[-90.69858,63.06387],[-90.69072,63.11055],[-90.71128,63.30405],[-90.74658,63.35156],[-90.97007,63.44277],[-91.33008,63.50684],[-91.48931,63.56221],[-91.68604,63.65972],[-91.84185,63.69756],[-92.07661,63.63999],[-92.28955,63.56299],[-92.46509,63.55508],[-92.46103,63.56943],[-92.20503,63.65679],[-92.15689,63.6917],[-93.37852,63.94849],[-93.40586,63.94121],[-93.38027,63.90005],[-93.26621,63.85332],[-93.27021,63.84087],[-93.41558,63.83799],[-93.55981,63.86528],[-93.66416,63.94141],[-93.65581,63.9728],[-93.60488,64.00449],[-93.59673,64.04058],[-93.69634,64.14717],[-93.42969,64.02881],[-92.97021,63.93765],[-92.33843,63.78765],[-92.09487,63.78442],[-91.98223,63.82241],[-91.92891,63.81245],[-91.91943,63.80059],[-91.95381,63.78682],[-91.95601,63.77231],[-91.92602,63.75708],[-91.53882,63.72559],[-91.10806,63.61782],[-90.81191,63.58091],[-90.70684,63.59692],[-90.63501,63.62378],[-90.59639,63.66128],[-90.5335,63.66543],[-90.36885,63.62441],[-90.24531,63.64189],[-90.15474,63.68965],[-90.01343,63.8043],[-90.05962,63.87749],[-90.16816,63.97876],[-89.92188,63.94356],[-89.85571,63.95698],[-89.95356,64.08061],[-90.08003,64.12773],[-90.04165,64.14087],[-89.81133,64.18057],[-89.79209,64.16826],[-89.76382,64.09951],[-89.61582,64.03061],[-89.50093,64.0145],[-89.40352,64.03999],[-89.13154,63.96851],[-89.10767,63.9811],[-89.20942,64.10542],[-89.20064,64.11377],[-89.05962,64.03442],[-88.9644,64.01123],[-88.81772,63.99224],[-88.65303,64.00938],[-88.10562,64.1833],[-87.99756,64.24394],[-87.88501,64.40044],[-87.28052,64.82617],[-87.02852,65.06362],[-87.00269,65.10859],[-87.02754,65.1981],[-87.10801,65.22481],[-87.39194,65.26055],[-88.1978,65.27988],[-88.97402,65.34829],[-89.24175,65.44639],[-89.60039,65.64775],[-89.78799,65.73672],[-89.92407,65.78027],[-90.59683,65.88481],[-90.98345,65.91924],[-91.06494,65.8999],[-91.07363,65.88555],[-91.04111,65.82983],[-91.42725,65.9479],[-91.30547,65.96455],[-91.00952,65.96572],[-90.51328,65.92051],[-90.31626,65.92637],[-90.1166,65.88242],[-89.8897,65.86856],[-89.84775,65.87227],[-89.94399,65.93359],[-89.74941,65.93604],[-89.42036,65.86079],[-89.08774,65.73896],[-88.94614,65.70303],[-88.74394,65.67876],[-88.67246,65.61157],[-88.39487,65.51621],[-88.121,65.39458],[-87.96997,65.34893],[-87.67812,65.33535],[-87.29145,65.35483],[-87.1938,65.38306],[-87.0811,65.44082],[-86.70195,65.67056],[-86.04287,66.02256],[-85.95874,66.11904],[-85.96426,66.15444],[-86.00083,66.18682],[-86.11309,66.22529],[-86.58477,66.32192],[-86.68511,66.3604],[-86.74697,66.41709],[-86.68862,66.45747],[-86.73711,66.51089],[-86.70815,66.52305],[-86.06323,66.52036],[-85.79175,66.53296],[-85.60386,66.56826],[-85.44224,66.53735],[-85.30684,66.44033],[-85.09619,66.32534],[-84.62808,66.20771],[-84.47842,66.1793],[-84.39844,66.25874],[-84.29307,66.2918],[-83.86904,66.21357],[-83.79756,66.23848],[-83.82583,66.28999],[-84.09424,66.52622],[-84.22305,66.68247],[-84.31894,66.71182],[-84.5895,66.85664],[-84.63857,66.90234],[-84.73774,66.93359],[-84.85737,66.94067],[-85.01826,66.87207],[-85.11128,66.89092],[-85.11372,66.90693],[-85.04004,66.95606],[-84.84575,67.02871],[-84.69258,67.0166],[-84.53848,66.9728],[-84.27256,66.83921],[-84.36108,66.82256],[-84.36626,66.81113],[-84.32437,66.78179],[-84.20801,66.73633],[-83.99805,66.72852],[-83.65107,66.48462],[-83.59028,66.38784],[-83.5231,66.36875],[-83.40645,66.37124],[-83.29839,66.39214],[-82.94888,66.55083],[-82.6415,66.5875],[-82.37476,66.70942],[-82.26055,66.73911],[-82.19834,66.76465],[-81.92554,66.97471],[-81.63008,67.002],[-81.46758,67.06987],[-81.30107,67.35698],[-81.27012,67.45991],[-81.29434,67.49741],[-81.41231,67.59536],[-81.86934,67.80249],[-82.06255,67.92817],[-82.10049,67.98984],[-82.10215,68.0189],[-82.0125,68.1939],[-82.07764,68.17969],[-82.15132,68.1397],[-82.22241,68.14526],[-82.4227,68.29658],[-82.43066,68.30659],[-82.39287,68.33833],[-82.41299,68.35718],[-82.55269,68.44648],[-82.54863,68.4686],[-82.49873,68.47861],[-82.39722,68.47759],[-82.21016,68.50625],[-82.10635,68.49854],[-82.00649,68.46265],[-81.91484,68.45879],[-81.52685,68.55596],[-81.28154,68.65723],[-81.25913,68.69243],[-81.26353,68.78061],[-81.38091,68.85005],[-81.68691,68.87896],[-81.95791,68.88364],[-81.95166,68.90908],[-81.61143,69.00303],[-81.32866,69.11992],[-81.32158,69.13892],[-81.41231,69.19814],[-81.73218,69.25811],[-81.95181,69.27607],[-82.22754,69.24888],[-82.24678,69.26499],[-82.20815,69.29702],[-82.30986,69.41001],[-82.64204,69.4584],[-82.75483,69.49438],[-82.4957,69.53223],[-82.39023,69.60088],[-82.37417,69.6418],[-82.61836,69.69106],[-83.66533,69.69971],[-84.3188,69.8437],[-84.64512,69.84971],[-85.01982,69.80478],[-85.17681,69.80513],[-85.41514,69.84951],[-85.53481,69.83506],[-85.44609,69.77778],[-85.4479,69.74814],[-85.50244,69.65151],[-85.43013,69.58066],[-85.41597,69.54775],[-85.4395,69.51992],[-85.43721,69.48823],[-85.40225,69.42676],[-85.43193,69.35386],[-85.38677,69.23189],[-85.27549,69.17231],[-85.11352,69.16587],[-84.86221,69.07398],[-84.91606,68.96226],[-85.0083,68.94922],[-85.0834,68.90791],[-85.10664,68.84404],[-84.86748,68.79038],[-84.86758,68.77334],[-85.2751,68.74136],[-85.42505,68.77427],[-85.49106,68.77397],[-85.6898,68.67095],[-85.73384,68.63013],[-85.74487,68.57827],[-85.7228,68.51548],[-85.7311,68.44502],[-85.78887,68.32803],[-85.95259,68.07246],[-86.39805,67.8001],[-86.47554,67.71313],[-86.53643,67.51616],[-86.56079,67.48213],[-86.68203,67.42231],[-86.81279,67.40239],[-86.92393,67.35625],[-87.26626,67.18384],[-87.35938,67.17725],[-87.41792,67.21416],[-87.49912,67.35532],[-87.99717,67.62568],[-88.1959,67.76582],[-88.31382,67.95034],[-88.3251,67.98877],[-88.31963,68.16577],[-88.36069,68.25986],[-88.34697,68.28828],[-88.23525,68.33906],[-88.20908,68.33486],[-88.1458,68.26602],[-88.11113,68.25117],[-87.99097,68.24204],[-87.89268,68.24814],[-87.82793,68.29995],[-87.8103,68.40415],[-87.82773,68.4481],[-87.86597,68.47764],[-87.96435,68.70928],[-88.04136,68.81172],[-88.31553,68.95444],[-88.63774,69.05884],[-88.81455,69.13589],[-89.05674,69.26611],[-89.19849,69.26948],[-89.27954,69.25547],[-89.3519,69.227],[-89.6666,69.0146],[-89.72017,68.93159],[-89.78311,68.73594],[-89.88423,68.62559],[-89.89658,68.59439],[-89.87949,68.52153],[-89.89771,68.49077],[-90.00532,68.39805],[-90.11641,68.33857],[-90.17441,68.27021],[-90.20479,68.25747],[-90.24775,68.26743],[-90.31724,68.33032],[-90.42305,68.39473],[-90.52832,68.43223],[-90.57363,68.47471],[-90.51016,68.68887],[-90.54253,68.78599],[-90.53897,68.81958],[-90.46836,68.86377],[-90.479,68.88115],[-90.58731,68.94688],[-90.74478,69.10591],[-91.23721,69.28555],[-91.21797,69.3021],[-91.05776,69.31841],[-91.02485,69.31523],[-91.04922,69.29302],[-91.00498,69.2771],[-90.89229,69.26729],[-90.82212,69.29048],[-90.79458,69.34673],[-90.68398,69.42773],[-90.41558,69.45698],[-90.55493,69.50449],[-90.66665,69.51553],[-90.95019,69.51548],[-91.28813,69.54321],[-91.43994,69.52568],[-91.15088,69.63716],[-91.20181,69.64477],[-91.38423,69.64946],[-91.53237,69.61504],[-91.72412,69.5456],[-91.91196,69.53125],[-92.20908,69.60332],[-92.2583,69.63433],[-92.23076,69.65337],[-92.31167,69.6729],[-92.49346,69.6832],[-92.80264,69.65147],[-92.88779,69.66821],[-92.28477,69.89214],[-91.97671,70.03867],[-92.127,70.08452],[-92.44575,70.08315],[-92.51187,70.10386],[-92.32051,70.23535],[-92.29033,70.23984],[-92.12104,70.16992],[-91.85859,70.13267],[-91.61611,70.14785],[-91.57163,70.16157],[-91.56406,70.17827],[-91.65405,70.23296],[-91.76084,70.32627],[-91.82041,70.34165],[-91.98355,70.28555],[-92.04736,70.30332],[-92.07261,70.31875],[-92.03721,70.36738],[-92.04912,70.38965],[-92.21445,70.49292],[-92.35581,70.63428],[-92.6417,70.7188],[-92.78301,70.79815],[-92.98144,70.85225],[-92.92197,70.88711],[-92.9042,70.91606],[-92.88272,71.06934],[-92.89019,71.12236],[-92.94868,71.26211],[-93.0313,71.33569],[-93.25635,71.46084],[-93.76284,71.63804],[-93.78164,71.67432],[-93.74629,71.74282],[-93.8102,71.76626],[-94.30835,71.76489],[-94.47881,71.84858],[-94.49106,71.91553],[-94.55708,71.97895],[-94.73486,71.98296],[-94.88696,71.96338],[-95.20122,71.90371],[-95.51167,71.77681],[-95.61592,71.6854],[-95.87231,71.57314],[-95.83037,71.52607],[-95.77339,71.51426],[-95.44541,71.50537],[-95.40625,71.49165],[-95.56426,71.33677],[-95.63257,71.3188],[-95.72539,71.32817],[-95.92407,71.39307],[-96.06201,71.41387],[-96.27134,71.33911],[-96.44658,71.23989],[-96.42075,71.17646],[-96.52476,71.12705],[-96.47041,71.06973],[-96.55107,70.88975],[-96.54893,70.80874],[-96.35889,70.67866],[-96.25801,70.64229],[-96.18643,70.63828],[-95.88633,70.69429],[-95.98818,70.61685],[-95.98018,70.59321],[-95.87861,70.54897],[-96.12275,70.56123],[-96.2977,70.51138],[-96.5456,70.32725],[-96.55137,70.2103],[-96.49238,70.1249],[-96.26938,69.9918],[-96.11909,69.87188],[-95.96494,69.80278],[-95.5876,69.75571],[-95.29209,69.66738],[-94.82251,69.57778],[-94.78926,69.58545],[-94.71269,69.64941],[-94.63384,69.64966],[-94.41919,69.51704],[-94.2708,69.45513],[-94.01528,69.44673],[-93.64981,69.51904],[-93.53227,69.48091],[-93.52241,69.45068],[-93.54287,69.40645],[-93.53706,69.38232],[-93.43096,69.37505],[-93.56748,69.29688],[-93.74854,69.22612],[-93.82046,69.25264],[-93.80098,69.28091],[-93.61265,69.40283],[-93.61948,69.41699],[-94.15635,69.34175],[-94.25474,69.31377],[-94.28496,69.2416],[-94.25537,69.15147],[-94.22183,69.13638],[-94.08115,69.13584],[-94.08364,69.1231],[-94.56255,68.91167],[-94.60044,68.80322],[-94.58677,68.77554],[-94.47832,68.74277],[-94.06489,68.78477],[-93.99155,68.82061],[-93.93809,68.88906],[-93.89609,68.98218],[-93.85244,69.00034],[-93.76572,68.96958],[-93.68144,68.88726],[-93.65986,68.78374],[-93.67617,68.68599],[-93.64395,68.63311],[-93.44893,68.6189],[-93.65171,68.54312],[-93.92773,68.47383],[-94.09815,68.39941],[-94.38384,68.227],[-94.74443,68.0709],[-94.86104,68.04165],[-95.12588,68.0833],[-95.23472,68.05972],[-95.38408,68.05557],[-95.46069,68.02139],[-95.65049,67.73745],[-95.63369,67.70386],[-95.46338,67.6102],[-95.2956,67.36104],[-95.25874,67.26255],[-95.32109,67.15249],[-95.3541,66.98071],[-95.39966,66.94946],[-95.49038,66.92412],[-95.62505,66.91626],[-95.97236,66.95225],[-96.03687,66.9375],[-96.04536,66.92315],[-96.01611,66.87046],[-95.77212,66.72607],[-95.74316,66.69043],[-95.78755,66.6168],[-95.81328,66.69014],[-95.8853,66.74136],[-96.35952,66.9894],[-96.42256,67.05176],[-96.35044,67.07002],[-96.21558,66.9977],[-96.09546,66.99356],[-96.01953,67.01875],[-95.76865,66.9667],[-95.50225,66.97988],[-95.4189,67.01323],[-95.40459,67.11558],[-95.41592,67.15557],[-95.55703,67.21528],[-95.77769,67.18462],[-95.69517,67.29873],[-95.71992,67.3168],[-96.0126,67.2709],[-96.14145,67.27183],[-96.16924,67.28897],[-96.18501,67.37559],[-96.36914,67.50977],[-96.37139,67.55386],[-96.19883,67.71782],[-96.17134,67.83169],[-96.03603,68.15776],[-95.97031,68.24912],[-96.43936,68.15088],[-96.4937,68.08496],[-96.5313,68.06314],[-96.72207,68.03877],[-96.72515,68.06123],[-96.48023,68.24282],[-96.43066,68.3106],[-96.62817,68.25029],[-96.97671,68.25542],[-97.13599,68.37798],[-97.33579,68.47915],[-97.41035,68.49653],[-97.54805,68.47495],[-97.63955,68.48198],[-97.82856,68.53276],[-97.9251,68.52368],[-97.93887,68.51045],[-97.91103,68.44951],[-97.79424,68.3876],[-98.21855,68.31743],[-98.46855,68.38213],[-98.65049,68.36352],[-98.63301,68.33115],[-98.44917,68.20078],[-98.38086,68.13247],[-98.38608,68.11533],[-98.50024,68.13228],[-98.50029,68.11768],[-98.43838,68.0647],[-98.19253,67.923],[-98.1105,67.90303],[-97.91333,67.95356],[-97.73911,67.97817],[-97.54663,67.96074],[-97.20654,67.85508],[-97.13984,67.79624],[-97.15542,67.72642],[-97.19443,67.69692],[-97.45493,67.61699],[-97.60742,67.63106],[-97.93076,67.71079],[-98.06255,67.76968],[-98.41479,67.98843],[-98.63154,68.07256],[-98.68984,68.06611],[-98.72007,68.04199],[-98.72222,68.0002],[-98.70356,67.96572],[-98.46782,67.85581],[-98.41714,67.82646],[-98.41211,67.80718],[-98.69727,67.77974],[-98.81172,67.74443],[-99.03218,67.71885],[-99.77295,67.81484],[-100.21294,67.83857],[-100.4561,67.83945],[-100.61611,67.80825],[-100.85562,67.79897],[-101.55498,67.69316],[-101.88364,67.74531],[-102.05723,67.75332],[-102.20977,67.73271],[-102.32036,67.73565],[-102.38911,67.76221],[-102.69199,67.81157],[-102.84155,67.85273],[-103.02178,67.94023],[-103.47412,68.11504],[-103.65723,68.06909],[-103.90156,68.04106],[-104.19356,68.0312],[-104.48682,68.06318],[-104.66113,68.14878],[-104.63638,68.21392],[-104.65317,68.23008],[-104.76963,68.25176],[-104.91196,68.25049],[-104.93672,68.30303],[-104.95981,68.31055],[-105.0436,68.28789],[-105.10132,68.298],[-105.37744,68.41382],[-105.42861,68.45825],[-105.45693,68.57808],[-105.53984,68.71865],[-105.60605,68.78242],[-105.6856,68.82817],[-105.79795,68.8648],[-106.16445,68.91987],[-106.83066,68.80947],[-107.43594,68.68887],[-107.76636,68.64893],[-108.31348,68.61079],[-108.64092,68.37852],[-108.71811,68.29746],[-108.3228,68.1541],[-107.73418,68.17373],[-107.67764,68.20293],[-107.73423,68.25205],[-107.7415,68.28574],[-107.61934,68.33106],[-107.29815,68.29644],[-107.14619,68.3042],[-107.04331,68.34683],[-106.85371,68.38682],[-106.6085,68.35737],[-106.56665,68.38896],[-106.54331,68.4606],[-106.45806,68.51645],[-105.93223,68.63652],[-105.77432,68.61113],[-105.7502,68.59229],[-105.7812,68.52656],[-105.93306,68.44312],[-106.13213,68.38989],[-106.27124,68.3832],[-106.40439,68.31934],[-106.42949,68.28848],[-106.42427,68.20059],[-106.66841,68.21602],[-106.71099,68.20679],[-106.79072,68.14482],[-106.92256,68.11416],[-107.1248,68.10845],[-107.44619,68.04966],[-107.50938,68.05913],[-107.79829,68.03691],[-107.72861,67.95884],[-107.76309,67.90684],[-107.9584,67.8186],[-107.97212,67.73203],[-107.95405,67.7],[-107.6499,67.51128],[-107.64404,67.38477],[-107.56748,67.27305],[-107.48237,67.19912],[-107.28315,67.10327],[-107.34785,67.05478],[-107.15649,66.88174],[-107.20019,66.88257],[-107.4021,66.948],[-107.45127,66.92676],[-107.49922,66.93618],[-107.62617,67.00312],[-107.7251,66.98413],[-107.746,66.96147],[-107.74023,66.81377],[-107.71035,66.74004],[-107.25947,66.39853],[-107.37368,66.43467],[-107.48032,66.4918],[-107.76094,66.68369],[-108.10147,66.86035],[-108.21816,66.94126],[-108.49604,67.09229],[-108.34434,67.05752],[-108.2208,67.05059],[-107.99131,67.09517],[-107.92944,67.12681],[-107.90918,67.16255],[-107.98872,67.2564],[-108.34697,67.40342],[-108.4915,67.4833],[-108.61333,67.59805],[-108.68022,67.6062],[-108.71514,67.58281],[-108.81519,67.4375],[-108.852,67.42197],[-108.89097,67.43809],[-108.9499,67.49394],[-108.99448,67.63711],[-109.03804,67.69116],[-109.08125,67.71074],[-109.22432,67.72979],[-109.63037,67.73271],[-109.68604,67.75176],[-109.83135,67.86582],[-109.93652,67.88789],[-110.07393,67.99292],[-110.21626,67.954],[-110.37197,67.9542],[-110.99004,67.79082],[-111.0874,67.78765],[-111.15479,67.79824],[-111.19219,67.82256],[-111.57573,67.75684],[-112.23672,67.7311],[-112.50303,67.68193],[-113.89321,67.70688],[-114.26704,67.73115],[-114.85674,67.81357],[-115.01118,67.8064],[-115.1332,67.81919],[-115.43447,67.90234],[-115.42686,67.92354],[-115.16709,68.01856],[-115.18677,68.08418],[-115.12705,68.13203],[-114.8522,68.19526],[-114.76528,68.27021],[-114.27476,68.24785],[-114.09595,68.2668],[-114.0208,68.30649],[-113.9644,68.39907],[-114.09204,68.4354],[-114.11084,68.47734],[-114.21816,68.55205],[-114.41387,68.65957],[-114.62017,68.74609],[-114.99375,68.85005],[-115.44228,68.94092],[-115.80635,68.98662],[-115.88325,68.98731],[-115.93608,68.95811],[-116.24341,68.97407],[-116.25161,68.95791],[-116.06523,68.85542],[-116.05947,68.83701],[-116.42456,68.88062],[-117.02573,68.91597],[-117.22695,68.91343],[-118.09521,69.04292],[-118.4856,69.14487],[-118.74487,69.23428],[-118.8687,69.25718],[-119.85283,69.34233],[-120.13999,69.38057],[-120.29253,69.42056],[-120.68184,69.56694]]]}},{"type":"Feature","properties":{},"geometry":{"type":"LineString","coordinates":[[-81.1356,53.20581],[-81.33535,53.22427],[-81.84731,53.18628],[-81.95112,53.13223],[-82.03926,53.0499],[-82.00503,53.0105],[-81.83906,52.95791],[-81.35225,52.852],[-81.09658,52.77988],[-80.80234,52.73398],[-80.73169,52.74727],[-80.70952,52.7874],[-80.71045,52.83159],[-80.76533,52.92324],[-81.1356,53.20581]]}},{"type":"Feature","properties":{},"geometry":{"type":"LineString","coordinates":[[-73.58403,68.01533],[-73.88071,68.02192],[-74.3794,68.09346],[-74.70654,68.06709],[-74.74927,68.01846],[-74.746,67.98481],[-74.67861,67.90557],[-74.57339,67.82866],[-74.48071,67.80488],[-74.10908,67.78252],[-73.40718,67.79307],[-73.40156,67.87871],[-73.43525,67.97002],[-73.49375,68.00064],[-73.58403,68.01533]]}},{"type":"Feature","properties":{},"geometry":{"type":"LineString","coordinates":[[-77.79209,63.42783],[-77.87671,63.47056],[-77.93394,63.47895],[-78.23491,63.48955],[-78.50732,63.45112],[-78.53677,63.42373],[-78.46875,63.35791],[-78.25596,63.23984],[-77.94243,63.1144],[-77.79145,63.12959],[-77.65767,63.1646],[-77.53271,63.23364],[-77.53848,63.28706],[-77.65479,63.396],[-77.70371,63.43086],[-77.79209,63.42783]]}},{"type":"Feature","properties":{},"geometry":{"type":"LineString","coordinates":[[-82.70645,62.94453],[-82.96577,62.87393],[-83.11094,62.88413],[-83.28945,62.92158],[-83.37642,62.90493],[-83.73906,62.56885],[-83.89927,62.47646],[-83.9124,62.42554],[-83.90313,62.40249],[-83.76094,62.30352],[-83.72861,62.25718],[-83.7144,62.17358],[-83.69888,62.16025],[-83.37681,62.23813],[-83.25239,62.23296],[-83.12969,62.2041],[-83.01582,62.20991],[-82.56826,62.40322],[-82.38804,62.51914],[-82.11372,62.65225],[-81.99019,62.77632],[-81.94858,62.88403],[-81.96055,62.92622],[-82.00049,62.9542],[-82.12925,62.97769],[-82.23477,62.97744],[-82.45972,62.93618],[-82.70645,62.94453]]}},{"type":"Feature","properties":{},"geometry":{"type":"LineString","coordinates":[[-79.46621,62.38452],[-79.54531,62.41172],[-79.71255,62.39502],[-79.86807,62.40435],[-79.92676,62.39287],[-80.02158,62.34297],[-80.17856,62.21279],[-80.26006,62.10903],[-80.27983,61.9895],[-80.26519,61.81821],[-80.20493,61.77725],[-80.09199,61.74683],[-79.81611,61.59463],[-79.76333,61.59595],[-79.66875,61.64443],[-79.54185,61.80801],[-79.32393,62.02607],[-79.27202,62.18599],[-79.28647,62.24766],[-79.46621,62.38452]]}},{"type":"Feature","properties":{},"geometry":{"type":"LineString","coordinates":[[-100.31726,72.0],[-99.73472,71.75723],[-99.58145,71.65156],[-99.40366,71.55718],[-99.22363,71.38711],[-99.16714,71.36719],[-98.98623,71.36948],[-98.78384,71.31367],[-98.66289,71.3021],[-98.41231,71.34883],[-98.19863,71.44087],[-98.19531,71.49121],[-98.23144,71.55894],[-98.4208,71.7165],[-98.45884,71.77319],[-98.3227,71.85234],[-98.30581,71.84756],[-98.30708,71.7645],[-98.28389,71.71553],[-98.24194,71.68149],[-98.18135,71.66245],[-97.46123,71.63423],[-97.22222,71.67349],[-96.94648,71.79189],[-96.61343,71.83384],[-96.62436,71.96758],[-96.6767,72.0]]}},{"type":"Feature","properties":{},"geometry":{"type":"LineString","coordinates":[[-80.66826,63.90147],[-80.5792,63.90923],[-80.56885,63.93193],[-80.69429,64.02476],[-80.82895,64.08994],[-80.92114,64.10049],[-81.02358,64.03105],[-81.33564,64.07578],[-81.71611,64.02187],[-81.88711,64.01641],[-81.90264,64.03125],[-81.68091,64.14556],[-81.66738,64.17051],[-81.67612,64.21265],[-81.78721,64.42598],[-81.92891,64.55942],[-82.05,64.64429],[-82.27168,64.72114],[-82.66763,64.78032],[-82.99058,64.9041],[-83.20098,64.95967],[-83.40713,65.10391],[-83.49077,65.13179],[-84.08486,65.21782],[-84.1335,65.24546],[-84.17998,65.31631],[-84.26641,65.36724],[-84.50112,65.45845],[-84.6125,65.44731],[-84.84209,65.25591],[-84.91963,65.26108],[-85.05606,65.4374],[-85.23994,65.5103],[-85.22632,65.54575],[-85.13032,65.59209],[-85.10537,65.6227],[-85.13037,65.69292],[-85.17622,65.74688],[-85.24111,65.79551],[-85.44243,65.84556],[-85.49551,65.89971],[-85.55469,65.91865],[-85.69907,65.88315],[-85.81396,65.83193],[-85.96167,65.70425],[-86.01709,65.64028],[-86.07461,65.53384],[-86.11421,65.41729],[-86.18828,65.0103],[-86.37427,64.56582],[-86.35449,64.37651],[-86.27417,64.23804],[-86.2521,64.13687],[-86.30859,64.09365],[-86.42173,64.05156],[-86.93203,63.90166],[-87.15439,63.71489],[-87.18892,63.67227],[-87.19385,63.63281],[-87.17715,63.59512],[-87.1519,63.58564],[-86.91523,63.56899],[-86.84687,63.57529],[-86.57568,63.66231],[-86.30156,63.65679],[-85.76895,63.70034],[-85.71416,63.65796],[-85.56611,63.2709],[-85.49551,63.13911],[-85.39263,63.11968],[-84.96152,63.19722],[-84.63291,63.30923],[-84.5062,63.39004],[-84.3875,63.5291],[-84.30762,63.58579],[-84.1416,63.61372],[-84.02212,63.65986],[-83.72827,63.81338],[-83.66162,63.87261],[-83.61709,64.01343],[-83.58359,64.0581],[-83.49434,64.09922],[-83.30396,64.1438],[-83.06514,64.15903],[-83.01616,64.127],[-83.03867,64.06143],[-83.03389,64.02324],[-82.57148,63.96069],[-82.46709,63.92695],[-82.41172,63.73652],[-82.37812,63.70679],[-81.96333,63.66445],[-81.04639,63.46157],[-80.95352,63.48027],[-80.71177,63.59639],[-80.50405,63.67378],[-80.30205,63.76221],[-80.26133,63.80195],[-80.45059,63.86294],[-80.66826,63.90147]]}},{"type":"Feature","properties":{},"geometry":{"type":"LineString","coordinates":[[-75.67588,68.32251],[-75.8665,68.33682],[-76.1728,68.30879],[-76.36445,68.3187],[-76.5958,68.27895],[-76.74023,68.23125],[-76.94473,68.09097],[-77.22856,67.8501],[-77.30591,67.7061],[-77.22422,67.5082],[-77.15708,67.40835],[-77.00488,67.26694],[-76.85884,67.24048],[-76.69394,67.23584],[-75.78008,67.28355],[-75.4001,67.3667],[-75.20195,67.45918],[-75.1273,67.53731],[-75.09053,67.63477],[-75.08638,67.75142],[-75.12734,67.96523],[-75.06235,68.07539],[-75.07812,68.17315],[-75.15381,68.23403],[-75.67588,68.32251]]}},{"type":"Feature","properties":{},"geometry":{"type":"LineString","coordinates":[[-95.5855,68.83511],[-95.85488,68.95356],[-95.95137,69.02373],[-96.18374,69.25869],[-96.29995,69.34439],[-96.69453,69.47109],[-96.8752,69.51001],[-97.23608,69.67349],[-97.30576,69.67349],[-97.35068,69.64087],[-97.40864,69.63076],[-97.46943,69.6668],[-97.46016,69.68272],[-97.38569,69.70024],[-97.41138,69.73848],[-97.69121,69.84126],[-97.79072,69.86162],[-98.08076,69.83306],[-98.20049,69.79697],[-98.26821,69.75444],[-98.30122,69.6917],[-98.28882,69.629],[-98.16299,69.51221],[-98.04136,69.45664],[-98.22231,69.48452],[-98.38935,69.56504],[-98.546,69.5729],[-98.53437,69.52744],[-98.44839,69.47954],[-98.53672,69.47803],[-98.55854,69.46143],[-98.45039,69.35405],[-98.45596,69.33467],[-98.50352,69.3083],[-98.72363,69.21914],[-98.91221,69.16758],[-99.45571,69.1312],[-99.51328,69.09961],[-99.56406,69.03413],[-99.44087,68.91768],[-99.254,68.86318],[-99.09063,68.86333],[-99.07339,68.87656],[-99.09385,68.89888],[-99.05737,68.91768],[-98.90449,68.93242],[-98.86372,68.8938],[-98.85913,68.86436],[-98.77524,68.81675],[-98.53965,68.79824],[-98.32056,68.84273],[-98.28018,68.80718],[-98.25796,68.74927],[-98.23506,68.73936],[-97.88535,68.67246],[-97.47202,68.5437],[-97.26367,68.52773],[-97.0084,68.53867],[-96.59883,68.46084],[-96.40156,68.4707],[-96.26763,68.50791],[-96.02402,68.60728],[-95.89463,68.62725],[-95.68564,68.73584],[-95.46558,68.74727],[-95.35947,68.77837],[-95.26777,68.82607],[-95.31953,68.87319],[-95.37417,68.89214],[-95.5855,68.83511]]}},{"type":"Feature","properties":{},"geometry":{"type":"LineString","coordinates":[[-118.91644,72.0],[-118.95981,71.97222],[-118.98418,71.91309],[-118.99375,71.80303],[-118.9877,71.76426],[-118.86841,71.68677],[-118.58301,71.64902],[-118.37153,71.63994],[-117.74233,71.65933],[-117.87842,71.56084],[-118.14834,71.52573],[-118.22647,71.46709],[-118.22187,71.44907],[-118.18818,71.43594],[-117.93564,71.39209],[-117.72334,71.39067],[-117.33711,71.43462],[-116.78027,71.44419],[-115.58667,71.54639],[-115.33813,71.51089],[-115.30342,71.4937],[-115.34102,71.47241],[-115.47187,71.46582],[-115.73374,71.48511],[-115.98027,71.46929],[-116.04394,71.4543],[-116.04531,71.4231],[-115.92227,71.40107],[-115.89165,71.38179],[-116.42153,71.33799],[-117.31396,71.21211],[-117.81406,71.15845],[-118.26909,71.03472],[-118.35254,71.00005],[-118.37651,70.96773],[-118.26406,70.88833],[-117.58706,70.62954],[-116.99253,70.60366],[-116.3273,70.62373],[-115.99092,70.58628],[-114.84072,70.62139],[-114.3314,70.67524],[-113.96606,70.69619],[-113.75728,70.69072],[-113.14551,70.61636],[-112.11416,70.44688],[-111.72583,70.35205],[-111.63257,70.30884],[-111.78369,70.2729],[-112.18965,70.27559],[-112.26597,70.25469],[-112.63789,70.22524],[-113.21074,70.26382],[-113.9166,70.28154],[-114.16699,70.30747],[-114.59233,70.31245],[-115.5291,70.25713],[-116.55381,70.17505],[-117.16274,70.09248],[-117.19541,70.05405],[-117.12197,69.82588],[-116.99277,69.71939],[-116.85605,69.64966]]}},{"type":"Feature","properties":{},"geometry":{"type":"MultiLineString","coordinates":[[[-116.85605,69.64966],[-116.60947,69.51201],[-116.53682,69.43354],[-116.10156,69.33716],[-115.61812,69.28296],[-115.15903,69.26475],[-114.32295,69.26914],[-114.07344,69.25132],[-113.69414,69.19502],[-113.60855,69.03018],[-113.59253,68.95986],[-113.61685,68.83848],[-113.55483,68.76758],[-113.33809,68.59878],[-113.2314,68.5354],[-113.12773,68.49414],[-112.86426,68.4771],[-112.30493,68.51621],[-111.31094,68.54204],[-111.12759,68.58833],[-110.95723,68.59419],[-110.8481,68.57842],[-109.95855,68.63027],[-109.47212,68.67671],[-108.9459,68.75981],[-108.55254,68.89741],[-108.36499,68.93477],[-107.86338,68.95435],[-107.43989,69.00215],[-107.03345,69.18076],[-106.85581,69.34731],[-106.75996,69.40713],[-106.65908,69.4396],[-106.53979,69.44307],[-106.41997,69.41377],[-106.36138,69.38106],[-106.34424,69.33965],[-106.35571,69.28061],[-106.34116,69.22437],[-106.14087,69.16201],[-106.0084,69.14761],[-105.80498,69.15317],[-105.01958,69.08125],[-105.02163,69.05249],[-105.16929,68.95537],[-105.10586,68.92041],[-104.57144,68.87212],[-104.46016,68.9124],[-104.35269,68.92817],[-104.06733,68.86558],[-103.46821,68.80854],[-103.16226,68.82871],[-102.89507,68.82363],[-102.73833,68.86499],[-102.48843,68.88892],[-101.85713,69.02397],[-101.78779,69.13228],[-101.78926,69.18164],[-101.82251,69.21709],[-101.87285,69.23994],[-101.99297,69.23604],[-102.04609,69.25767],[-102.06401,69.28115],[-102.0669,69.33711],[-102.05288,69.36045],[-101.97554,69.40703],[-101.97822,69.4251],[-102.04595,69.46484],[-102.15142,69.4877],[-102.44678,69.47632],[-102.54648,69.43447],[-102.88408,69.34131],[-103.12022,69.20459],[-103.03979,69.36758],[-103.03184,69.4335],[-103.04893,69.47178],[-103.41802,69.61143],[-103.46489,69.64448],[-103.43477,69.66768],[-103.35928,69.68535],[-103.30322,69.67432],[-102.91978,69.56465],[-102.62109,69.55151],[-102.56314,69.57358],[-102.53486,69.6208],[-102.56523,69.69219],[-102.5959,69.71792],[-102.52349,69.7582],[-102.3481,69.81299],[-102.18213,69.84595],[-101.73359,69.70415],[-101.64766,69.69854],[-101.60249,69.72129],[-101.48384,69.85019],[-101.45674,69.83389],[-101.4001,69.74927],[-101.33726,69.71025],[-101.21621,69.67964],[-101.0437,69.6687],[-100.98237,69.67988],[-100.93511,69.71533],[-100.90571,69.81172],[-100.90908,69.86919],[-100.97334,70.02949],[-101.04268,70.11079],[-101.09077,70.13569],[-101.23916,70.15098],[-101.5624,70.13501],[-101.61846,70.17241],[-101.62681,70.24834],[-101.67632,70.27827],[-101.98984,70.28506],[-102.75049,70.52187],[-103.04956,70.65508],[-103.08857,70.64971],[-103.08281,70.61909],[-103.00122,70.54097],[-103.02119,70.51582],[-103.0772,70.50884],[-103.29468,70.57246],[-103.58457,70.63086],[-103.95347,70.76265],[-104.16685,70.9272],[-104.5148,71.06426],[-104.56958,71.10405],[-104.56309,71.13242],[-104.48706,71.2479],[-104.38486,71.33755],[-104.35581,71.38208],[-104.35537,71.47168],[-104.37314,71.49512],[-104.38594,71.57695],[-104.51831,71.69922],[-104.8103,71.90317],[-104.89469,72.0]],[[-107.49673,72.0],[-107.30601,71.89468],[-107.38179,71.87515],[-107.3293,71.83525],[-107.68726,71.71611],[-107.78545,71.62969],[-107.81284,71.62617],[-107.92534,71.63867],[-108.18823,71.72378],[-108.27642,71.90039],[-108.35713,72.0]]]}},{"type":"Feature","properties":{},"geometry":{"type":"LineString","coordinates":[[-125.81968,72.0],[-125.84531,71.97866],[-125.7669,71.96084],[-125.29668,71.97305],[-124.75996,71.83516],[-124.00776,71.67744],[-123.68184,71.49312],[-123.39336,71.21885],[-123.31475,71.16919],[-123.09565,71.0938],[-122.93652,71.08799],[-122.71977,71.12817],[-122.54951,71.19356],[-122.15664,71.26592],[-121.74936,71.44478],[-121.62217,71.44761],[-121.54683,71.40679],[-121.47217,71.38901],[-120.93032,71.44624],[-120.61934,71.50576],[-120.51968,71.55742],[-120.44316,71.63081],[-120.36626,71.88804],[-120.29712,72.0]]}},{"type":"Feature","properties":{},"geometry":{"type":"LineString","coordinates":[[-79.64375,52.01006],[-79.52061,51.95293],[-79.38428,51.95195],[-79.32895,51.99229],[-79.27129,52.08682],[-79.33486,52.09815],[-79.64375,52.01006]]}},{"type":"Feature","properties":{},"geometry":{"type":"LineString","coordinates":[[-78.66875,56.43862],[-78.72451,56.43921],[-78.79941,56.3833],[-78.82842,56.28984],[-78.90703,56.16636],[-78.91382,56.13281],[-78.82651,56.14531],[-78.71016,56.21289],[-78.6728,56.2605],[-78.65718,56.31738],[-78.66875,56.43862]]}},{"type":"Feature","properties":{},"geometry":{"type":"LineString","coordinates":[[-79.76475,55.80679],[-79.60571,55.87568],[-79.49512,55.87476],[-79.45532,55.89619],[-79.40742,55.93486],[-79.18213,56.21216],[-79.14229,56.18071],[-79.14229,56.13643],[-79.27363,55.92246],[-79.22783,55.87852],[-79.17549,55.88506],[-79.08389,56.06787],[-78.90664,56.32041],[-78.94243,56.34492],[-78.96318,56.42173],[-79.07773,56.45361],[-79.12354,56.51997],[-79.21045,56.54893],[-79.27241,56.60044],[-79.30532,56.46309],[-79.39263,56.27647],[-79.4583,56.21108],[-79.53633,56.18008],[-79.5542,56.19199],[-79.47627,56.31284],[-79.43203,56.44746],[-79.4353,56.51304],[-79.45889,56.53975],[-79.48237,56.40381],[-79.51528,56.32651],[-79.59634,56.24448],[-79.79004,56.11416],[-80.00078,55.93208],[-80.00825,55.91103],[-79.9875,55.89214],[-79.90459,55.87105],[-79.7811,55.94058],[-79.56455,56.12095],[-79.49468,56.11499],[-79.49746,56.09316],[-79.76475,55.80679]]}},{"type":"Feature","properties":{},"geometry":{"type":"LineString","coordinates":[[-79.9457,56.8269],[-79.94365,56.77676],[-79.89448,56.75713],[-79.86699,56.77456],[-79.82666,56.84311],[-79.89814,56.86528],[-79.9457,56.8269]]}},{"type":"Feature","properties":{},"geometry":{"type":"LineString","coordinates":[[-79.77519,57.51445],[-79.7165,57.51553],[-79.72671,57.60459],[-79.76787,57.59873],[-79.81084,57.55928],[-79.83823,57.48301],[-79.80845,57.44243],[-79.79204,57.44858],[-79.77519,57.51445]]}},{"type":"Feature","properties":{},"geometry":{"type":"LineString","coordinates":[[-79.68794,56.32681],[-79.57974,56.46636],[-79.74917,56.37651],[-79.85215,56.36719],[-79.87446,56.34844],[-80.00508,56.31792],[-80.05747,56.28735],[-80.08887,56.21387],[-80.02861,56.19941],[-79.97759,56.20703],[-79.68794,56.32681]]}},{"type":"Feature","properties":{},"geometry":{"type":"LineString","coordinates":[[-80.29897,59.67417],[-80.32466,59.6332],[-80.31724,59.62105],[-80.24053,59.64492],[-80.16724,59.70889],[-80.20996,59.72461],[-80.25664,59.67915],[-80.29897,59.67417]]}},{"type":"Feature","properties":{},"geometry":{"type":"LineString","coordinates":[[-80.04971,53.36445],[-80.07402,53.34429],[-80.03936,53.29717],[-79.93931,53.27427],[-79.93823,53.30415],[-79.97456,53.35225],[-80.04971,53.36445]]}},{"type":"Feature","properties":{},"geometry":{"type":"LineString","coordinates":[[-79.94961,59.80991],[-79.89863,59.85312],[-79.95586,59.87695],[-80.04116,59.87017],[-80.12222,59.82319],[-80.16709,59.76387],[-80.06421,59.7708],[-79.94961,59.80991]]}},{"type":"Feature","properties":{},"geometry":{"type":"LineString","coordinates":[[-79.55073,56.7335],[-79.57739,56.64492],[-79.51816,56.65669],[-79.48457,56.68652],[-79.49106,56.74268],[-79.55288,56.79873],[-79.58355,56.78096],[-79.55073,56.7335]]}},{"type":"Feature","properties":{},"geometry":{"type":"LineString","coordinates":[[-90.17739,69.35708],[-90.1998,69.41909],[-90.22856,69.43604],[-90.25283,69.41792],[-90.32207,69.42871],[-90.37725,69.41621],[-90.49204,69.36987],[-90.4647,69.32871],[-90.33027,69.2522],[-90.26729,69.2729],[-90.17739,69.35708]]}},{"type":"Feature","properties":{},"geometry":{"type":"LineString","coordinates":[[-90.59971,69.36782],[-90.66279,69.37417],[-90.74238,69.35732],[-90.76567,69.33599],[-90.77158,69.29258],[-90.68589,69.28716],[-90.66743,69.25947],[-90.62578,69.25093],[-90.57441,69.20942],[-90.49258,69.22109],[-90.48535,69.24663],[-90.51064,69.29043],[-90.59971,69.36782]]}},{"type":"Feature","properties":{},"geometry":{"type":"LineString","coordinates":[[-74.39477,62.6958],[-74.56421,62.7333],[-74.61997,62.72632],[-74.62646,62.71274],[-74.49951,62.6688],[-74.25352,62.62197],[-74.05356,62.60967],[-74.00044,62.61841],[-73.98818,62.63608],[-74.0168,62.66269],[-74.10894,62.68032],[-74.39477,62.6958]]}},{"type":"Feature","properties":{},"geometry":{"type":"LineString","coordinates":[[-74.79824,68.45796],[-74.81894,68.49443],[-74.98364,68.64761],[-75.07471,68.68472],[-75.2874,68.68774],[-75.37017,68.63608],[-75.40342,68.55015],[-75.40024,68.52549],[-75.31016,68.47446],[-75.07251,68.40415],[-74.95933,68.34224],[-74.84497,68.36597],[-74.81289,68.41333],[-74.83096,68.44072],[-74.79824,68.45796]]}},{"type":"Feature","properties":{},"geometry":{"type":"LineString","coordinates":[[-78.61201,60.77231],[-78.66909,60.73135],[-78.6689,60.7169],[-78.37246,60.7564],[-78.27886,60.78389],[-78.2417,60.81865],[-78.61201,60.77231]]}},{"type":"Feature","properties":{},"geometry":{"type":"LineString","coordinates":[[-79.15347,68.33525],[-79.17402,68.23496],[-79.06406,68.18179],[-78.98271,68.19282],[-78.82852,68.26816],[-78.8687,68.3103],[-78.95259,68.35303],[-79.15347,68.33525]]}},{"type":"Feature","properties":{},"geometry":{"type":"LineString","coordinates":[[-76.65244,63.50356],[-76.76362,63.57358],[-77.13369,63.68203],[-77.36475,63.58833],[-77.05723,63.44976],[-76.92188,63.40635],[-76.78315,63.38403],[-76.67759,63.39395],[-76.65244,63.50356]]}},{"type":"Feature","properties":{},"geometry":{"type":"LineString","coordinates":[[-68.0876,60.58784],[-68.1419,60.56201],[-68.33828,60.3606],[-68.36787,60.31475],[-68.36523,60.25405],[-68.32412,60.23291],[-68.23379,60.24092],[-68.0123,60.30464],[-67.92231,60.33989],[-67.84424,60.39165],[-67.81885,60.44951],[-67.84756,60.48882],[-67.97803,60.57041],[-68.0876,60.58784]]}},{"type":"Feature","properties":{},"geometry":{"type":"LineString","coordinates":[[-70.3668,62.66582],[-70.44263,62.73379],[-70.67432,62.80703],[-71.01367,62.86533],[-71.22012,62.87393],[-71.13691,62.81592],[-70.98613,62.78779],[-70.85127,62.70435],[-70.83755,62.6481],[-70.76606,62.59687],[-70.68657,62.57319],[-70.40635,62.54482],[-70.33706,62.54873],[-70.26885,62.57808],[-70.2915,62.61597],[-70.3668,62.66582]]}},{"type":"Feature","properties":{},"geometry":{"type":"LineString","coordinates":[[-67.75459,69.63144],[-67.8291,69.675],[-67.90884,69.68184],[-67.98911,69.67876],[-68.22139,69.61675],[-68.20234,69.58042],[-67.94028,69.53486],[-67.75459,69.63144]]}},{"type":"Feature","properties":{},"geometry":{"type":"LineString","coordinates":[[-79.55283,69.63086],[-79.40244,69.68516],[-79.36499,69.71235],[-79.43066,69.78779],[-79.59399,69.8105],[-79.97085,69.73896],[-80.12461,69.73726],[-80.16885,69.78242],[-80.21367,69.80195],[-80.42422,69.79761],[-80.46592,69.73711],[-80.65254,69.75059],[-80.72661,69.74043],[-80.79478,69.68926],[-80.77822,69.677],[-80.44805,69.64971],[-80.32959,69.58677],[-80.24448,69.59316],[-80.22734,69.5624],[-80.16147,69.53594],[-79.97783,69.50967],[-79.95449,69.52349],[-79.97114,69.55635],[-80.04751,69.63433],[-79.88169,69.60869],[-79.55283,69.63086]]}},{"type":"Feature","properties":{},"geometry":{"type":"LineString","coordinates":[[-78.57856,69.63882],[-78.84819,69.48281],[-78.66206,69.50264],[-78.55239,69.49155],[-78.47007,69.50254],[-78.03999,69.6084],[-77.96914,69.63896],[-78.0291,69.71489],[-78.20073,69.7395],[-78.26245,69.71685],[-78.26733,69.68716],[-78.29551,69.66714],[-78.34419,69.67481],[-78.40185,69.65063],[-78.57856,69.63882]]}},{"type":"Feature","properties":{},"geometry":{"type":"LineString","coordinates":[[-77.71406,63.9457],[-77.56362,64.02207],[-77.61728,64.03721],[-77.71079,64.03565],[-77.93135,64.0148],[-77.96597,63.99292],[-77.92881,63.96201],[-77.71406,63.9457]]}},{"type":"Feature","properties":{},"geometry":{"type":"LineString","coordinates":[[-83.05986,66.19927],[-83.01084,66.20845],[-82.93135,66.25732],[-82.94814,66.27192],[-83.12349,66.28281],[-83.22227,66.33647],[-83.23784,66.33154],[-83.21392,66.27705],[-83.05986,66.19927]]}},{"type":"Feature","properties":{},"geometry":{"type":"LineString","coordinates":[[-78.85269,68.91567],[-78.7792,68.95049],[-78.59565,69.07905],[-78.53291,69.14605],[-78.28701,69.26269],[-78.22895,69.304],[-78.23408,69.3146],[-78.27246,69.36123],[-78.33257,69.38604],[-78.45791,69.3895],[-78.59668,69.3706],[-78.68906,69.3251],[-78.68906,69.29976],[-78.65019,69.27519],[-78.66201,69.26235],[-78.77183,69.2522],[-78.93047,69.1229],[-79.14497,69.08745],[-79.24268,69.04927],[-79.40576,68.92305],[-79.36138,68.85767],[-79.27974,68.83872],[-78.85269,68.91567]]}},{"type":"Feature","properties":{},"geometry":{"type":"LineString","coordinates":[[-76.99409,69.41177],[-77.18755,69.44009],[-77.3187,69.41631],[-77.34092,69.40386],[-77.3794,69.27402],[-77.32192,69.1936],[-77.21504,69.13809],[-76.99536,69.14375],[-76.91123,69.17466],[-76.86934,69.22485],[-76.67002,69.34858],[-76.68408,69.38042],[-76.7457,69.404],[-76.99409,69.41177]]}},{"type":"Feature","properties":{},"geometry":{"type":"LineString","coordinates":[[-86.98398,70.01113],[-86.73433,69.97632],[-86.55767,69.99531],[-86.51523,70.01704],[-86.56338,70.07725],[-86.61274,70.10571],[-86.69121,70.11504],[-86.91304,70.11323],[-87.10728,70.14668],[-87.32314,70.10225],[-87.32324,70.08013],[-87.19082,70.01856],[-87.0438,69.99985],[-86.98398,70.01113]]}},{"type":"Feature","properties":{},"geometry":{"type":"LineString","coordinates":[[-84.37012,66.01182],[-84.2709,65.99062],[-84.14321,65.91597],[-84.11826,65.77178],[-84.0085,65.75151],[-83.81357,65.7875],[-83.7019,65.7562],[-83.79819,65.71001],[-83.80923,65.67832],[-83.78755,65.6689],[-83.64951,65.65776],[-83.63066,65.66235],[-83.64438,65.67852],[-83.63638,65.6915],[-83.60654,65.70137],[-83.49541,65.65596],[-83.33242,65.63106],[-83.23394,65.69658],[-83.23374,65.71504],[-83.26318,65.72329],[-83.46943,65.7352],[-83.72598,65.79673],[-83.76514,65.83115],[-83.71489,65.86074],[-83.69365,65.89038],[-83.70137,65.92012],[-83.95039,66.02749],[-84.12227,66.07783],[-84.40718,66.13101],[-84.45635,66.10625],[-84.46738,66.08828],[-84.45059,66.0644],[-84.37012,66.01182]]}},{"type":"Feature","properties":{},"geometry":{"type":"LineString","coordinates":[[-86.7021,68.30562],[-86.88486,68.19053],[-86.95981,68.10024],[-86.93774,68.06758],[-86.84707,68.01025],[-86.90845,67.90195],[-86.89253,67.83657],[-86.86108,67.8105],[-86.70596,67.75015],[-86.59556,67.73594],[-86.48965,67.78359],[-86.39644,67.88896],[-86.38242,67.9273],[-86.43032,68.13872],[-86.42114,68.18345],[-86.45195,68.22549],[-86.56992,68.28769],[-86.7021,68.30562]]}},{"type":"Feature","properties":{},"geometry":{"type":"LineString","coordinates":[[-85.14961,66.01538],[-85.17568,65.97241],[-85.17417,65.94375],[-85.14404,65.88535],[-85.13628,65.82085],[-85.07197,65.73735],[-84.93115,65.68916],[-84.78291,65.57007],[-84.67476,65.575],[-84.60225,65.63149],[-84.60264,65.65737],[-84.69175,65.79316],[-84.91982,65.99702],[-85.0314,66.02549],[-85.14961,66.01538]]}},{"type":"Feature","properties":{},"geometry":{"type":"LineString","coordinates":[[-93.07578,61.93501],[-93.19668,61.91855],[-93.08481,61.8417],[-92.99995,61.86748],[-92.99302,61.8897],[-93.07578,61.93501]]}},{"type":"Feature","properties":{},"geometry":{"type":"LineString","coordinates":[[-100.28897,68.95767],[-100.32993,68.99756],[-100.41397,69.02808],[-100.52031,69.03506],[-100.60063,69.00942],[-100.61157,68.99019],[-100.5999,68.94136],[-100.62466,68.86528],[-100.61597,68.78291],[-100.57339,68.76606],[-100.49692,68.79224],[-100.39731,68.72383],[-100.24878,68.77505],[-100.21724,68.80669],[-100.17847,68.90391],[-100.28897,68.95767]]}},{"type":"Feature","properties":{},"geometry":{"type":"LineString","coordinates":[[-100.15313,69.12949],[-100.23706,69.07148],[-100.24199,69.04038],[-100.1957,68.99146],[-100.14131,68.96992],[-100.01802,68.954],[-99.99468,69.01353],[-100.03535,69.08657],[-100.0728,69.11147],[-100.15313,69.12949]]}},{"type":"Feature","properties":{},"geometry":{"type":"LineString","coordinates":[[-100.32109,70.57837],[-100.27612,70.59463],[-100.43394,70.64941],[-100.6353,70.67031],[-100.67832,70.64619],[-100.64775,70.56314],[-100.53726,70.525],[-100.32124,70.4877],[-100.30552,70.5084],[-100.32109,70.57837]]}},{"type":"Feature","properties":{},"geometry":{"type":"LineString","coordinates":[[-95.98594,69.3919],[-95.95606,69.36714],[-95.89346,69.35176],[-95.81182,69.44702],[-95.79834,69.4998],[-95.81777,69.54058],[-95.8062,69.5605],[-95.76362,69.55962],[-95.7041,69.53804],[-95.66582,69.43896],[-95.67017,69.402],[-95.73013,69.34756],[-95.57852,69.33584],[-95.49624,69.3501],[-95.43745,69.37847],[-95.39941,69.41978],[-95.38091,69.50659],[-95.60249,69.60181],[-95.79775,69.62573],[-95.87583,69.60601],[-95.93623,69.56704],[-95.99478,69.46968],[-95.97793,69.43272],[-95.98594,69.3919]]}},{"type":"Feature","properties":{},"geometry":{"type":"LineString","coordinates":[[-101.09834,69.54077],[-101.31289,69.57607],[-101.35132,69.55923],[-101.35649,69.5397],[-101.32847,69.51743],[-101.20732,69.47983],[-101.21777,69.46294],[-101.2895,69.44126],[-101.26763,69.43149],[-101.26851,69.39058],[-101.25352,69.38848],[-101.17173,69.39707],[-101.08687,69.44336],[-101.00064,69.46191],[-101.09834,69.54077]]}},{"type":"Feature","properties":{},"geometry":{"type":"LineString","coordinates":[[-102.01338,68.82539],[-102.07437,68.77402],[-102.27051,68.70757],[-102.30815,68.68198],[-101.88721,68.58496],[-101.8459,68.58633],[-101.79429,68.63687],[-101.73203,68.65215],[-101.72163,68.72412],[-101.75933,68.77461],[-101.82837,68.79897],[-102.01338,68.82539]]}},{"type":"Feature","properties":{},"geometry":{"type":"LineString","coordinates":[[-104.602,68.56152],[-104.90727,68.58179],[-105.05137,68.55903],[-105.04175,68.53154],[-104.96523,68.49175],[-104.69946,68.41826],[-104.54067,68.40591],[-104.45713,68.43115],[-104.44048,68.44951],[-104.47212,68.50352],[-104.602,68.56152]]}},{"type":"Feature","properties":{},"geometry":{"type":"LineString","coordinates":[[-107.96953,67.32603],[-107.95024,67.31821],[-107.89097,67.43721],[-107.90518,67.46704],[-107.98936,67.51357],[-107.9749,67.54936],[-107.99087,67.62212],[-108.04897,67.66489],[-108.12754,67.62856],[-108.12085,67.56816],[-108.15112,67.52481],[-108.15225,67.42944],[-108.00396,67.36592],[-107.96953,67.32603]]}},{"type":"Feature","properties":{},"geometry":{"type":"LineString","coordinates":[[-108.97051,67.97974],[-109.16641,67.98237],[-109.18359,67.975],[-109.09624,67.92402],[-108.92017,67.87881],[-108.89385,67.88447],[-108.88604,67.89853],[-108.90962,67.9394],[-108.97051,67.97974]]}},{"type":"Feature","properties":{},"geometry":{"type":"LineString","coordinates":[[-107.94394,66.85781],[-107.89517,66.87188],[-107.83335,66.92134],[-107.80552,66.99858],[-108.09273,67.00518],[-108.05972,66.94688],[-107.94394,66.85781]]}},{"type":"Feature","properties":{},"geometry":{"type":"LineString","coordinates":[[-109.46914,68.098],[-109.49795,68.04702],[-109.36084,67.9876],[-109.32314,67.99087],[-109.3417,68.04585],[-109.46914,68.098]]}},{"type":"Feature","properties":{},"geometry":{"type":"LineString","coordinates":[[-69.19517,59.14614],[-69.30322,59.14487],[-69.32998,59.12124],[-69.31152,59.0748],[-69.31631,59.02896],[-69.35283,58.96074],[-69.30171,58.97661],[-69.22085,58.96758],[-69.15518,59.06357],[-69.1938,59.09277],[-69.19517,59.14614]]}},{"type":"Feature","properties":{},"geometry":{"type":"LineString","coordinates":[[-169.62393,56.61514],[-169.75522,56.63506],[-169.76616,56.60796],[-169.63262,56.5457],[-169.58686,56.54243],[-169.47432,56.59404],[-169.48569,56.61773],[-169.55049,56.62812],[-169.62393,56.61514]]}},{"type":"Feature","properties":{},"geometry":{"type":"LineString","coordinates":[[-72.85147,20.09365],[-72.96035,20.06226],[-72.89932,20.03145],[-72.84424,20.03545],[-72.63887,19.98584],[-72.62349,20.01416],[-72.79102,20.0919],[-72.85147,20.09365]]}},{"type":"Feature","properties":{},"geometry":{"type":"LineString","coordinates":[[-81.78384,24.54458],[-81.73975,24.55449],[-81.73867,24.57544],[-81.81143,24.55781],[-81.80923,24.54233],[-81.78384,24.54458]]}},{"type":"Feature","properties":{},"geometry":{"type":"LineString","coordinates":[[-86.7269,21.26431],[-86.75288,21.27881],[-86.71362,21.19678],[-86.69629,21.19102],[-86.7269,21.26431]]}},{"type":"Feature","properties":{},"geometry":{"type":"LineString","coordinates":[[-165.82222,66.32808],[-166.03252,66.27773],[-166.14648,66.23716],[-166.14863,66.22183],[-165.94228,66.27817],[-165.82222,66.32808]]}}]}