{"type":"FeatureCollection","features":[{"type":"Feature","properties":{"name":"GSP","level":"State"},"geometry":{"type":"MultiLineString","coordinates":[[[-74.7592,39.14301],[-74.67359,39.23362],[-74.6458,39.31003]],[[-74.64406,39.31003],[-74.55376,39.41075]]]}},{"type":"Feature","properties":{"name":"5","level":"Interstate"},"geometry":{"type":"LineString","coordinates":[[-123.36422,43.15832],[-123.37811,43.16874],[-123.33296,43.35456],[-123.34165,43.39102],[-123.32254,43.50217],[-123.28434,43.56121],[-123.22008,43.61157],[-123.20098,43.72792],[-123.16451,43.75397],[-123.09158,43.75224],[-123.04469,43.79739],[-123.0169,43.86685],[-123.00475,43.99536],[-123.04469,44.04051],[-123.04642,44.07003]]}},{"type":"Feature","properties":{"name":"80","level":"Interstate"},"geometry":{"type":"LineString","coordinates":[[-107.18263,41.78815],[-107.21737,41.77426],[-107.40144,41.79162],[-107.54211,41.75515],[-107.92069,41.70132],[-107.99536,41.67353],[-108.29579,41.63359],[-108.70563,41.64922],[-108.7994,41.68743],[-108.90534,41.69437],[-109.03558,41.6388],[-109.19535,41.59365],[-109.22313,41.60754],[-109.25613,41.57628],[-109.42979,41.5294],[-109.48883,41.53113],[-109.55482,41.56239],[-109.62429,41.54329],[-109.91082,41.54676]]}},{"type":"Feature","properties":{"name":"86","level":"Interstate"},"geometry":{"type":"LineString","coordinates":[[-112.4341,42.90999],[-112.50877,42.91172],[-112.69111,42.87699],[-112.80052,42.811],[-112.92902,42.70507],[-113.08185,42.62866],[-113.49863,42.56614]]}},{"type":"Feature","properties":{"name":"84","level":"Interstate"},"geometry":{"type":"LineString","coordinates":[[-113.5021,42.56441],[-113.64103,42.5592],[-113.87894,42.58698],[-114.28531,42.58177],[-114.45028,42.64429]]}},{"type":"Feature","properties":{"name":"84","level":"Interstate"},"geometry":{"type":"LineString","coordinates":[[-112.20139,41.71],[-112.24133,41.73431],[-112.29343,41.80031],[-112.35769,41.81941],[-112.41152,41.81593],[-112.4723,41.87498],[-112.57476,41.90103],[-112.67896,41.95312],[-112.80746,41.97744],[-113.04885,42.21535],[-113.16694,42.2935],[-113.39096,42.50189],[-113.50731,42.56962]]}},{"type":"Feature","properties":{"name":"80","level":"Interstate"},"geometry":{"type":"LineString","coordinates":[[-114.04045,40.74098],[-113.12873,40.72883],[-113.0558,40.74272],[-112.89777,40.82434],[-112.74147,40.74967],[-112.64075,40.74446],[-112.46883,40.67673],[-112.33337,40.66457],[-112.26565,40.6802],[-112.13714,40.77398],[-111.90617,40.76703]]}},{"type":"Feature","properties":{"name":"69","level":"Federal"},"geometry":{"type":"LineString","coordinates":[[-95.39463,35.72743],[-95.412,35.68923],[-95.45715,35.65102],[-95.53182,35.45479]]}},{"type":"Feature","properties":{"level":"State"},"geometry":{"type":"LineString","coordinates":[[-86.80022,37.38588],[-86.74986,37.32684],[-86.73771,37.22785],[-86.66477,37.16533],[-86.63351,37.09934],[-86.50848,37.01251],[-86.50327,36.95694],[-86.43207,36.91353]]}},{"type":"Feature","properties":{"name":"72","level":"Interstate"},"geometry":{"type":"LineString","coordinates":[[-91.30669,40.0064],[-91.31884,39.89179],[-91.33621,39.86921],[-91.30148,39.82232],[-91.30842,39.76328],[-91.19381,39.71813],[-91.1174,39.72507],[-90.82218,39.67298],[-90.34114,39.67645],[-90.21437,39.68687],[-90.13449,39.73549],[-89.76633,39.7546],[-89.64477,39.73897]]}},{"type":"Feature","properties":{"name":"57","level":"Interstate"},"geometry":{"type":"LineString","coordinates":[[-88.58023,39.09643],[-88.60281,38.98876],[-88.96749,38.70569],[-88.9536,38.55114],[-88.96228,38.3358],[-88.92755,38.2646]]}},{"type":"Feature","properties":{"name":"57","level":"Interstate"},"geometry":{"type":"LineString","coordinates":[[-88.99528,37.60469],[-88.94318,37.77141],[-88.95708,37.89644],[-88.93276,37.95375],[-88.9015,38.16561],[-88.90498,38.23855],[-88.92755,38.26981],[-88.90324,38.27849]]}},{"type":"Feature","properties":{"name":"79","level":"Interstate"},"geometry":{"type":"LineString","coordinates":[[-81.60433,38.37748],[-81.48104,38.47125],[-81.36121,38.51814],[-81.28133,38.57198],[-81.15456,38.57545],[-81.03299,38.6015],[-81.0191,38.61713],[-80.82287,38.61192],[-80.73777,38.62581],[-80.73604,38.66922],[-80.66484,38.70743],[-80.67873,38.73],[-80.6631,38.84809],[-80.54327,38.9384],[-80.49465,39.00612],[-80.41303,39.03565],[-80.38177,39.13116],[-80.31752,39.19541],[-80.26889,39.28224]]}},{"type":"Feature","properties":{"name":"70","level":"Interstate"},"geometry":{"type":"LineString","coordinates":[[-81.54355,39.99598],[-81.37163,40.05329],[-81.02952,40.0585],[-80.90622,40.07587],[-80.80724,40.05503],[-80.7534,40.06197]]}},{"type":"Feature","properties":{"name":"95","level":"Interstate"},"geometry":{"type":"LineString","coordinates":[[-73.70977,41.02926],[-73.48749,41.08483],[-73.42497,41.12477],[-73.23221,41.18902],[-73.12975,41.19771],[-73.05682,41.24807]]}},{"type":"Feature","properties":{"name":"9","level":"State"},"geometry":{"type":"LineString","coordinates":[[-72.66956,41.67006],[-72.66782,41.6006],[-72.64698,41.55544],[-72.5341,41.43909],[-72.37954,41.34184]]}},{"type":"Feature","properties":{"name":"99","level":"Interstate"},"geometry":{"type":"LineString","coordinates":[[-78.43158,40.43881],[-78.46457,40.23563],[-78.5323,40.09844],[-78.5132,40.04982]]}},{"type":"Feature","properties":{"name":"70","level":"Interstate"},"geometry":{"type":"LineString","coordinates":[[-78.23626,39.98263],[-78.33085,40.00988],[-78.43852,40.00988],[-78.5132,40.04982]]}},{"type":"Feature","properties":{"name":"95","level":"Interstate"},"geometry":{"type":"LineString","coordinates":[[-77.17081,38.79252],[-77.19859,38.73521],[-77.30279,38.62928],[-77.51986,38.29238],[-77.50076,38.22292],[-77.51639,38.10483],[-77.46429,37.89818],[-77.46603,37.79745],[-77.44693,37.70542],[-77.4504,37.63248],[-77.47124,37.5908]]}},{"type":"Feature","properties":{"name":"55","level":"State"},"geometry":{"type":"LineString","coordinates":[[-75.09558,39.83622],[-75.14073,39.73723],[-75.14073,39.67992],[-75.06085,39.55489],[-75.07474,39.49237],[-75.05737,39.42985],[-75.01396,39.40554],[-74.98617,39.32218],[-74.93408,39.26488],[-74.82293,39.17457],[-74.75694,39.15547]]}},{"type":"Feature","properties":{"name":"91","level":"Interstate"},"geometry":{"type":"LineString","coordinates":[[-72.69039,41.62491],[-72.74597,41.5485],[-72.8189,41.50856],[-72.85711,41.4443],[-72.93873,41.36789],[-73.01687,41.32621],[-73.07418,41.24286]]}},{"type":"Feature","properties":{"name":"95","level":"Interstate"},"geometry":{"type":"LineString","coordinates":[[-72.34481,41.34011],[-72.46116,41.29669],[-72.86753,41.29148],[-72.91962,41.31059],[-73.05161,41.24286]]}},{"type":"Feature","properties":{"name":"81","level":"Interstate"},"geometry":{"type":"LineString","coordinates":[[-75.90309,42.13547],[-75.90136,42.19104],[-75.92741,42.29002],[-75.97777,42.33518],[-76.08196,42.5453],[-76.16796,42.61296]]}},{"type":"Feature","properties":{"name":"88","level":"Interstate"},"geometry":{"type":"LineString","coordinates":[[-75.90136,42.15283],[-75.7798,42.16325],[-75.67734,42.19625],[-75.60614,42.18409],[-75.51062,42.20319],[-75.46895,42.24835],[-75.46374,42.29176],[-75.32307,42.31607],[-75.25187,42.35428],[-75.19456,42.3647],[-75.09211,42.44979],[-75.00701,42.45847],[-74.91845,42.49668],[-74.89934,42.54009],[-74.81251,42.54704],[-74.63885,42.64603],[-74.56418,42.63561],[-74.07793,42.76585],[-74.01951,42.79334]]}},{"type":"Feature","properties":{"name":"81","level":"Interstate"},"geometry":{"type":"LineString","coordinates":[[-75.82321,42.1181],[-75.74506,41.98959],[-75.7277,41.87845],[-75.68255,41.8524],[-75.68428,41.77078],[-75.66865,41.72389],[-75.68428,41.67874],[-75.64434,41.6197],[-75.67907,41.4773],[-75.60961,41.4252]]}},{"type":"Feature","properties":{"name":"99","level":"Interstate"},"geometry":{"type":"LineString","coordinates":[[-77.73173,40.93895],[-77.74215,40.87991],[-77.80293,40.84344],[-77.88802,40.81392],[-77.95749,40.8417],[-77.99395,40.83649],[-78.06078,40.79726]]}},{"type":"Feature","properties":{"name":"93","level":"Interstate"},"geometry":{"type":"LineString","coordinates":[[-71.59113,43.42576],[-71.56682,43.45528],[-71.57203,43.47612],[-71.61023,43.50043],[-71.61371,43.59073],[-71.63281,43.60636],[-71.65017,43.70708],[-71.68491,43.77655],[-71.68664,43.8026],[-71.65365,43.84601],[-71.70054,43.91027],[-71.67796,43.98668],[-71.67101,44.12734],[-71.69706,44.19333]]}},{"type":"Feature","properties":{"name":"101","level":"State"},"geometry":{"type":"LineString","coordinates":[[-70.85829,42.95861],[-70.95206,43.00724],[-71.19345,43.04197],[-71.24902,43.06455],[-71.3619,43.02808],[-71.42442,42.98466]]}},{"type":"Feature","properties":{"name":"89","level":"Interstate"},"geometry":{"type":"LineString","coordinates":[[-72.38996,43.64457],[-72.40559,43.70188],[-72.45074,43.75397],[-72.45595,43.79044],[-72.49763,43.79044],[-72.53063,43.81996],[-72.56189,43.81302],[-72.61572,43.88074],[-72.6244,44.00752],[-72.6053,44.0544],[-72.60183,44.13776],[-72.57925,44.18291],[-72.5862,44.24717],[-72.77549,44.35831],[-72.9613,44.39478],[-73.03424,44.43124],[-73.18706,44.45382]]}},{"type":"Feature","properties":{"name":"3","level":"State"},"geometry":{"type":"LineString","coordinates":[[-70.50963,41.74286],[-70.53528,41.7621],[-70.56133,41.83677],[-70.63079,41.92013],[-70.71068,41.96354],[-70.73499,42.06948],[-70.75583,42.10074],[-71.01979,42.22751]]}},{"type":"Feature","properties":{"name":"2","level":"State"},"geometry":{"type":"LineString","coordinates":[[-71.71269,42.51752],[-71.77,42.55051],[-71.90545,42.5453],[-72.14684,42.58177],[-72.29271,42.55746],[-72.38475,42.60782],[-72.46985,42.5783],[-72.49937,42.60608],[-72.59315,42.62866]]}},{"type":"Feature","properties":{"name":"86","level":"Interstate"},"geometry":{"type":"LineString","coordinates":[[-77.36704,42.3838],[-77.32884,42.32823],[-77.22638,42.2935],[-77.19686,42.23619],[-77.14129,42.19799]]}},{"type":"Feature","properties":{"name":"91","level":"Interstate"},"geometry":{"type":"LineString","coordinates":[[-72.32745,43.6272],[-72.30487,43.69319],[-72.23367,43.7696],[-72.20415,43.86685],[-72.13295,43.92242],[-72.06001,44.30968],[-72.02354,44.36004],[-72.01833,44.41388]]}},{"type":"Feature","properties":{"name":"75","level":"Interstate"},"geometry":{"type":"LineString","coordinates":[[-84.70763,44.58407],[-84.67116,44.51981],[-84.59996,44.46077],[-84.5878,44.38436],[-84.53744,44.334],[-84.49229,44.30968],[-84.32905,44.29926],[-84.23354,44.2489],[-84.06856,44.04746],[-84.0564,44.01273],[-84.02341,43.98841]]}},{"type":"Feature","properties":{"name":"86","level":"Interstate"},"geometry":{"type":"LineString","coordinates":[[-77.13955,42.19972],[-77.00062,42.13026],[-76.8096,42.16325],[-76.80439,42.11289],[-76.78181,42.07816]]}},{"type":"Feature","properties":{"name":"94","level":"Interstate"},"geometry":{"type":"LineString","coordinates":[[-84.98201,42.28481],[-84.82745,42.29002],[-84.72152,42.2605],[-84.43498,42.27787]]}},{"type":"Feature","properties":{"name":"90","level":"Interstate"},"geometry":{"type":"LineString","coordinates":[[-77.64837,43.04892],[-78.78123,42.9761]]}},{"type":"Feature","properties":{"name":"90","level":"Interstate"},"geometry":{"type":"LineString","coordinates":[[-79.17831,42.52446],[-79.30682,42.44458],[-79.7242,42.24798]]}},{"type":"Feature","properties":{"name":"90","level":"Interstate"},"geometry":{"type":"LineString","coordinates":[[-79.18526,42.52446],[-79.12448,42.53836],[-78.96645,42.67555],[-78.8171,42.75022],[-78.80321,42.81448]]}},{"type":"Feature","properties":{"name":"40","level":"Interstate"},"geometry":{"type":"LineString","coordinates":[[-78.48194,35.36449],[-78.37427,35.22729],[-78.30307,35.19951],[-78.18498,35.104],[-78.14504,35.04843],[-78.12593,34.97549],[-78.02521,34.91471],[-78.00785,34.88518],[-77.99743,34.82093],[-77.93665,34.73757],[-77.93491,34.63164],[-77.87934,34.44062],[-77.8776,34.29822],[-77.90018,34.25654],[-77.87587,34.24438]]}},{"type":"Feature","properties":{"name":"95","level":"Interstate"},"geometry":{"type":"LineString","coordinates":[[-80.81939,28.4129],[-80.79682,28.34864],[-80.72562,28.26529],[-80.70131,28.07079],[-80.66136,28.043],[-80.61795,27.97701],[-80.5919,27.86587],[-80.55196,27.81725],[-80.54327,27.71652],[-80.51375,27.61406],[-80.42171,27.48035],[-80.39219,27.45951],[-80.39393,27.39873]]}},{"type":"Feature","properties":{"name":"10","level":"Interstate"},"geometry":{"type":"LineString","coordinates":[[-92.99987,30.2398],[-92.6786,30.25022],[-92.37296,30.23458],[-92.2705,30.25542],[-92.076,30.24674],[-92.01522,30.26063]]}},{"type":"Feature","properties":{"name":"10","level":"Interstate"},"geometry":{"type":"LineString","coordinates":[[-94.13907,30.05919],[-94.13734,30.09739],[-94.07482,30.09913],[-94.01056,30.13039],[-93.90984,30.13213],[-93.7796,30.10781],[-93.5139,30.19985],[-93.43228,30.21375],[-93.32461,30.21896],[-93.27599,30.23806],[-92.99987,30.2398]]}},{"type":"Feature","properties":{"name":"20","level":"Interstate"},"geometry":{"type":"LineString","coordinates":[[-79.84864,34.19576],[-80.03619,34.21139],[-80.21158,34.1836],[-80.62837,34.2166],[-80.69262,34.19923],[-80.75167,34.12977],[-80.80897,34.0933],[-80.94269,34.07246]]}},{"type":"Feature","properties":{"name":"20","level":"Interstate"},"geometry":{"type":"LineString","coordinates":[[-84.49055,33.76335],[-84.59301,33.77724],[-84.79619,33.71993],[-84.98722,33.71993],[-85.12788,33.68693],[-85.30849,33.68173],[-85.44394,33.65047],[-85.65234,33.64352],[-85.82947,33.60531]]}},{"type":"Feature","properties":{"name":"77","level":"Interstate"},"geometry":{"type":"LineString","coordinates":[[-80.85065,35.81253],[-80.87149,35.50689],[-80.84197,35.39401],[-80.85412,35.27245]]}},{"type":"Feature","properties":{"name":"220","level":"Federal"},"geometry":{"type":"LineString","coordinates":[[-79.77917,35.46868],[-79.77049,35.37664],[-79.72707,35.23771]]}},{"type":"Feature","properties":{"name":"74","level":"Interstate"},"geometry":{"type":"LineString","coordinates":[[-79.79133,34.95291],[-79.58468,34.8383],[-79.47874,34.75841],[-79.37281,34.76015],[-79.32071,34.71153],[-79.1731,34.62296],[-79.10364,34.60212]]}},{"type":"Feature","properties":{"name":"26","level":"Interstate"},"geometry":{"type":"LineString","coordinates":[[-82.17741,36.62873],[-82.18088,36.54537],[-82.24687,36.51932],[-82.25903,36.4898],[-82.35454,36.40123],[-82.37712,36.3665],[-82.37017,36.35434]]}},{"type":"Feature","properties":{"name":"81","level":"Interstate"},"geometry":{"type":"LineString","coordinates":[[-82.25729,36.59573],[-82.33544,36.54363],[-82.38233,36.53495],[-82.48826,36.47938],[-82.59419,36.40818],[-82.64455,36.4047],[-82.69318,36.35955],[-82.76091,36.35608],[-83.09954,36.205],[-83.18811,36.20152],[-83.31835,36.12859],[-83.38434,36.06954]]}},{"type":"Feature","properties":{"name":"164","level":"Interstate"},"geometry":{"type":"LineString","coordinates":[[-87.54696,37.92943],[-87.47923,37.93465],[-87.45145,37.95722],[-87.48618,38.10831],[-87.47229,38.1743]]}},{"type":"Feature","properties":{"level":"State"},"geometry":{"type":"LineString","coordinates":[[-87.56085,37.81135],[-87.4775,37.79572],[-87.40977,37.7523],[-87.2118,37.7662],[-87.15796,37.76446],[-87.12671,37.73146],[-87.07461,37.74188],[-87.03814,37.71236],[-86.894,37.48139],[-86.80022,37.38588]]}},{"type":"Feature","properties":{"name":"65","level":"Interstate"},"geometry":{"type":"LineString","coordinates":[[-86.93221,34.79315],[-86.92352,34.6959],[-86.89747,34.6247]]}},{"type":"Feature","properties":{"name":"51","level":"Federal"},"geometry":{"type":"LineString","coordinates":[[-89.33044,36.09038],[-89.21062,36.1859],[-89.20367,36.20673],[-89.22104,36.25015],[-89.20714,36.30051],[-89.15157,36.34219]]}},{"type":"Feature","properties":{"name":"65","level":"Interstate"},"geometry":{"type":"LineString","coordinates":[[-86.57447,36.64262],[-86.71166,36.42554],[-86.7186,36.38387],[-86.70297,36.31093],[-86.73076,36.26925]]}},{"type":"Feature","properties":{"name":"155","level":"Interstate"},"geometry":{"type":"LineString","coordinates":[[-89.63435,36.11643],[-89.74549,36.21021]]}},{"type":"Feature","properties":{"name":"75","level":"Interstate"},"geometry":{"type":"LineString","coordinates":[[-84.1936,39.864],[-84.19012,39.96993],[-84.2318,40.00988],[-84.23701,40.08108],[-84.16581,40.32767],[-84.15887,40.45965],[-84.17449,40.55517],[-84.12413,40.68715],[-84.07551,40.70625],[-84.07377,40.76529],[-84.00431,40.81045]]}},{"type":"Feature","properties":{"name":"10","level":"Federal"},"geometry":{"type":"LineString","coordinates":[[-84.74236,43.82691],[-84.37941,43.6984],[-84.32037,43.66367],[-84.2127,43.65325],[-84.11892,43.59768],[-83.94874,43.59247]]}},{"type":"Feature","properties":{"name":"80","level":"Interstate"},"geometry":{"type":"LineString","coordinates":[[-107.18263,41.78815],[-106.71375,41.7291],[-106.44458,41.75515],[-106.37338,41.6718],[-106.09553,41.55371],[-105.98438,41.45125],[-105.88019,41.42867],[-105.77078,41.35921],[-105.62665,41.34532],[-105.60754,41.3019],[-105.44951,41.25675],[-105.43562,41.20292],[-105.38873,41.14908],[-105.18555,41.09351],[-104.85212,41.11609]]}},{"type":"Feature","properties":{"name":"35E","level":"Interstate"},"geometry":{"type":"LineString","coordinates":[[-97.16943,33.20937],[-97.07218,33.16075],[-97.01487,33.03571],[-96.88332,32.91739]]}},{"type":"Feature","properties":{"name":"30","level":"Interstate"},"geometry":{"type":"LineString","coordinates":[[-92.2705,34.70979],[-92.31391,34.67506],[-92.40074,34.65769],[-92.5553,34.59865],[-92.62997,34.54655],[-92.67165,34.5396],[-92.81926,34.40241],[-92.92346,34.33295],[-92.97729,34.26522],[-93.0728,34.18534],[-93.14227,34.03946],[-93.34198,33.86928],[-93.61983,33.67652],[-93.8178,33.59837],[-93.9932,33.48375],[-94.0453,33.46986]]}},{"type":"Feature","properties":{"name":"75","level":"Federal"},"geometry":{"type":"LineString","coordinates":[[-96.7677,32.8997],[-96.76654,32.92457],[-96.70576,33.00966],[-96.68666,33.09823],[-96.63803,33.17464],[-96.63456,33.24584],[-96.59114,33.31183],[-96.58767,33.42124],[-96.61719,33.50112],[-96.60156,33.57579],[-96.60851,33.66957]]}},{"type":"Feature","properties":{"name":"10","level":"Interstate"},"geometry":{"type":"LineString","coordinates":[[-100.64262,30.57843],[-100.75029,30.61664],[-100.82322,30.62011],[-100.95173,30.667],[-101.16533,30.71041],[-101.25564,30.6861],[-101.38762,30.68263],[-101.68631,30.75209],[-101.80614,30.71389],[-101.84434,30.74167],[-101.91728,30.7573],[-102.07357,30.85976],[-102.16561,30.89276],[-102.26807,30.87712],[-102.35664,30.89623],[-102.55287,30.86671],[-102.64491,30.87712]]}},{"type":"Feature","properties":{"name":"10","level":"Interstate"},"geometry":{"type":"LineString","coordinates":[[-96.51821,29.6945],[-96.90199,29.69624]]}},{"type":"Feature","properties":{"name":"77","level":"Federal"},"geometry":{"type":"LineString","coordinates":[[-97.71993,26.18832],[-97.71819,26.24042],[-97.74772,26.29425]]}},{"type":"Feature","properties":{"name":"57","level":"Interstate"},"geometry":{"type":"LineString","coordinates":[[-89.18631,37.09761],[-89.20888,37.01946]]}},{"type":"Feature","properties":{"name":"69","level":"Federal"},"geometry":{"type":"LineString","coordinates":[[-94.14428,30.04182],[-94.0835,30.04182],[-93.94978,29.91332],[-93.96715,29.81259],[-93.922,29.74487]]}},{"type":"Feature","properties":{"name":"101","level":"Federal"},"geometry":{"type":"LineString","coordinates":[[-123.99981,40.44055],[-124.09359,40.47007],[-124.10748,40.49959],[-124.14743,40.5187],[-124.14916,40.5899],[-124.21168,40.62463],[-124.20126,40.71841],[-124.18042,40.76356],[-124.15264,40.79308],[-124.09359,40.80697],[-124.07796,40.82781],[-124.06407,40.88338],[-124.09359,40.91985]]}},{"type":"Feature","properties":{"name":"10","level":"Interstate"},"geometry":{"type":"LineString","coordinates":[[-111.68562,32.82037],[-111.39909,32.65887],[-111.26884,32.50084],[-111.00314,32.28203],[-110.97015,32.19694]]}},{"type":"Feature","properties":{"name":"40","level":"Interstate"},"geometry":{"type":"LineString","coordinates":[[-95.17582,35.48605],[-95.10636,35.48257],[-95.03516,35.50689],[-94.91012,35.46347],[-94.77119,35.46],[-94.70173,35.41137],[-94.61664,35.38012],[-94.49507,35.41137],[-94.46729,35.427],[-94.44471,35.46868]]}},{"type":"Feature","properties":{"name":"75","level":"Interstate"},"geometry":{"type":"LineString","coordinates":[[-83.67783,32.8499],[-83.73166,32.91589],[-83.84975,33.00098],[-83.92616,33.03571],[-84.01125,33.11039],[-84.15539,33.39692],[-84.25959,33.52369],[-84.38636,33.59663],[-84.40372,33.69736],[-84.3881,33.73903]]}},{"type":"Feature","properties":{"name":"95","level":"Interstate"},"geometry":{"type":"LineString","coordinates":[[-80.16817,26.94374],[-80.10913,26.82218],[-80.09871,26.67804]]}},{"type":"Feature","properties":{"name":"95","level":"Interstate"},"geometry":{"type":"LineString","coordinates":[[-80.39393,27.39873],[-80.34183,27.21291],[-80.17027,26.94461]]}},{"type":"Feature","properties":{"name":"FT","level":"State"},"geometry":{"type":"LineString","coordinates":[[-81.54517,28.54452],[-81.66512,28.55009],[-81.73632,28.61608],[-81.82141,28.65428],[-82.02806,28.82621],[-82.08884,28.85747]]}},{"type":"Feature","properties":{"name":"95","level":"Interstate"},"geometry":{"type":"LineString","coordinates":[[-81.14066,32.24903],[-81.06078,32.28724],[-80.94269,32.55815],[-80.88365,32.63109]]}},{"type":"Feature","properties":{"name":"95","level":"Interstate"},"geometry":{"type":"LineString","coordinates":[[-81.24833,32.07538],[-81.21881,32.16221],[-81.14066,32.24903]]}},{"type":"Feature","properties":{"name":"75","level":"Interstate"},"geometry":{"type":"LineString","coordinates":[[-83.31835,30.81982],[-83.40171,31.01953],[-83.5059,31.41373],[-83.53022,31.45194]]}},{"type":"Feature","properties":{"name":"75","level":"Interstate"},"geometry":{"type":"LineString","coordinates":[[-82.75396,30.26584],[-82.91373,30.43603],[-83.0405,30.50202],[-83.0978,30.57496],[-83.26626,30.72778],[-83.31835,30.81982]]}},{"type":"Feature","properties":{"name":"24","level":"Interstate"},"geometry":{"type":"LineString","coordinates":[[-85.7027,35.04321],[-85.6176,35.06058],[-85.52035,35.00675],[-85.5082,34.98591],[-85.46999,34.98417]]}},{"type":"Feature","properties":{"name":"89","level":"Interstate"},"geometry":{"type":"LineString","coordinates":[[-71.5373,43.17048],[-71.59113,43.18611],[-71.68838,43.17916],[-71.77174,43.26946],[-71.83425,43.27988],[-71.84815,43.31635],[-71.90198,43.32156],[-71.93324,43.37019],[-72.00965,43.39971],[-72.04785,43.43791],[-72.08606,43.44486],[-72.10864,43.49175],[-72.14337,43.51432],[-72.13468,43.55427],[-72.21978,43.6463],[-72.25798,43.65151],[-72.33092,43.62546]]}},{"type":"Feature","properties":{"name":"90","level":"Interstate"},"geometry":{"type":"LineString","coordinates":[[-75.2345,43.10449],[-75.25361,43.08886],[-75.29355,43.10275],[-75.495,43.0767],[-76.16358,43.0958]]}},{"type":"Feature","properties":{"name":"90","level":"Interstate"},"geometry":{"type":"LineString","coordinates":[[-73.41229,42.33669],[-73.55001,42.42374]]}},{"type":"Feature","properties":{"name":"390","level":"Interstate"},"geometry":{"type":"LineString","coordinates":[[-77.64837,43.04892],[-77.68484,42.98293],[-77.70047,42.89089],[-77.74909,42.80232],[-77.77514,42.77801],[-77.82898,42.76585],[-77.83592,42.71896],[-77.79945,42.68423],[-77.81161,42.67034],[-77.79598,42.64255],[-77.71089,42.55746],[-77.67616,42.53662],[-77.6258,42.54357],[-77.55807,42.52273],[-77.3983,42.39422]]}},{"type":"Feature","properties":{"name":"17","level":"State"},"geometry":{"type":"LineString","coordinates":[[-75.45942,42.04873],[-75.40296,42.04343],[-75.30397,41.96528],[-75.20325,41.96702],[-75.15115,41.99307],[-75.09731,41.98959],[-74.93755,41.95486],[-74.82641,41.90971],[-74.74479,41.82809],[-74.72916,41.68569],[-74.51208,41.59191],[-74.49472,41.55718],[-74.42699,41.55718],[-74.36968,41.44604]]}},{"type":"Feature","properties":{"name":"90","level":"Interstate"},"geometry":{"type":"LineString","coordinates":[[-80.12302,42.03127],[-80.30362,41.96354],[-80.56759,41.9236]]}},{"type":"Feature","properties":{"name":"79","level":"Interstate"},"geometry":{"type":"LineString","coordinates":[[-80.12302,42.03127],[-80.1647,41.9948],[-80.18206,41.80031],[-80.21332,41.68743],[-80.19422,41.52419],[-80.16296,41.41478],[-80.15949,41.19944]]}},{"type":"Feature","properties":{"name":"422","level":"Federal"},"geometry":{"type":"LineString","coordinates":[[-80.96006,41.21507],[-80.84544,41.24112],[-80.73777,41.19771],[-80.63358,41.08309],[-80.62837,40.95806]]}},{"type":"Feature","properties":{"name":"80","level":"Interstate"},"geometry":{"type":"LineString","coordinates":[[-80.15949,41.19944],[-79.92157,41.20118],[-79.87295,41.18381],[-79.82259,41.19423],[-79.71666,41.16818],[-79.63851,41.1925],[-79.54821,41.18208],[-79.47353,41.19597],[-79.28251,41.16992],[-79.22694,41.18729],[-79.16963,41.18381],[-79.02896,41.16471],[-78.97513,41.13172],[-78.87962,41.15776],[-78.67991,41.1213],[-78.56356,41.1213],[-78.42637,41.0501]]}},{"type":"Feature","properties":{"name":"22","level":"Federal"},"geometry":{"type":"LineString","coordinates":[[-76.83565,40.2912],[-76.93984,40.3624],[-77.03883,40.37803],[-77.03883,40.40582],[-77.01104,40.43361],[-77.03883,40.4666],[-77.12218,40.49959],[-77.17602,40.56038],[-77.30279,40.56038],[-77.341,40.54301],[-77.37052,40.5569],[-77.3983,40.59685],[-77.43651,40.60726],[-77.55112,40.58295],[-77.60496,40.65415],[-77.61711,40.72014],[-77.63795,40.72535],[-77.61711,40.75314],[-77.63274,40.78092]]}},{"type":"Feature","properties":{"name":"68","level":"Interstate"},"geometry":{"type":"LineString","coordinates":[[-79.51695,39.64866],[-79.63504,39.66603],[-79.74792,39.64519],[-79.87816,39.66429],[-79.97367,39.56878]]}},{"type":"Feature","properties":{"name":"81","level":"Interstate"},"geometry":{"type":"LineString","coordinates":[[-81.06078,36.95347],[-81.09725,36.96215],[-81.46714,36.85796],[-81.50882,36.8267],[-81.65643,36.80933],[-81.68422,36.78849],[-81.77452,36.78502],[-81.87177,36.75376],[-82.1201,36.6322],[-82.17741,36.62873]]}},{"type":"Feature","properties":{"name":"85","level":"Interstate"},"geometry":{"type":"LineString","coordinates":[[-78.11899,36.71556],[-78.15025,36.60615],[-78.19366,36.53495]]}},{"type":"Feature","properties":{"name":"85","level":"Interstate"},"geometry":{"type":"LineString","coordinates":[[-78.19366,36.53495],[-78.40205,36.34566],[-78.54445,36.31788],[-78.58787,36.28835],[-78.70596,36.172],[-78.77369,36.07649],[-78.86225,35.99834],[-78.98208,36.03828],[-79.15574,36.05739]]}},{"type":"Feature","properties":{"name":"95","level":"Interstate"},"geometry":{"type":"LineString","coordinates":[[-77.58585,36.53495],[-77.55286,36.7034]]}},{"type":"Feature","properties":{"name":"95","level":"Interstate"},"geometry":{"type":"LineString","coordinates":[[-77.55112,36.70861],[-77.47124,36.77286],[-77.45561,36.83364],[-77.40699,36.87359],[-77.39309,37.03162],[-77.3601,37.08892],[-77.35883,37.16013]]}},{"type":"Feature","properties":{"name":"64","level":"Interstate"},"geometry":{"type":"LineString","coordinates":[[-80.23242,37.7853],[-80.15775,37.81656],[-79.94936,37.77661],[-79.79133,37.8374],[-79.70971,37.79745],[-79.61593,37.87039],[-79.56731,37.88602],[-79.37628,37.81829]]}},{"type":"Feature","properties":{"name":"81","level":"Interstate"},"geometry":{"type":"LineString","coordinates":[[-79.37628,37.81829],[-79.47006,37.69499],[-79.61593,37.6099],[-79.69755,37.52654],[-79.86253,37.45187],[-79.98235,37.35983]]}},{"type":"Feature","properties":{"name":"90","level":"Interstate"},"geometry":{"type":"LineString","coordinates":[[-77.64837,43.04892],[-77.54591,43.05065],[-77.34273,42.97251],[-76.86169,42.94993],[-76.63246,43.03676],[-76.39976,43.09059],[-76.22436,43.1097],[-76.16358,43.0958]]}},{"type":"Feature","properties":{"name":"90","level":"Interstate"},"geometry":{"type":"LineString","coordinates":[[-72.07043,42.13199],[-72.12774,42.1372],[-72.20936,42.18062],[-72.39517,42.16152],[-72.53584,42.17194],[-72.64351,42.1511]]}},{"type":"Feature","properties":{"name":"180","level":"Interstate"},"geometry":{"type":"LineString","coordinates":[[-77.07877,41.29843],[-77.01104,41.24459],[-76.87038,41.25501],[-76.77139,41.21681],[-76.82696,41.04489]]}},{"type":"Feature","properties":{"name":"68","level":"Interstate"},"geometry":{"type":"LineString","coordinates":[[-78.18324,39.70771],[-78.27007,39.69034],[-78.37601,39.69729],[-78.39511,39.67645],[-78.45415,39.66429],[-78.59482,39.70945],[-78.798,39.63998],[-78.9213,39.64693],[-78.98729,39.67992],[-79.08801,39.69382],[-79.20783,39.68513],[-79.30682,39.69902],[-79.35892,39.68861],[-79.40928,39.65561],[-79.51521,39.6504]]}},{"type":"Feature","properties":{"name":"90","level":"Interstate"},"geometry":{"type":"LineString","coordinates":[[-80.56759,41.9236],[-80.77424,41.81941]]}},{"type":"Feature","properties":{"name":"86","level":"Interstate"},"geometry":{"type":"LineString","coordinates":[[-77.36704,42.3838],[-77.47645,42.36991],[-77.5407,42.3838],[-77.65184,42.38033],[-77.70221,42.35949],[-77.7352,42.32476],[-78.02174,42.28655],[-78.15546,42.20146],[-78.29265,42.2223],[-78.39858,42.16499],[-78.44373,42.09205],[-78.51146,42.10247],[-78.64518,42.09032]]}},{"type":"Feature","properties":{"name":"86","level":"Interstate"},"geometry":{"type":"LineString","coordinates":[[-78.64518,42.09032],[-78.67123,42.14068],[-78.70596,42.15283]]}},{"type":"Feature","properties":{"name":"86","level":"Interstate"},"geometry":{"type":"LineString","coordinates":[[-78.70596,42.15283],[-78.77542,42.10768],[-78.85704,42.08684],[-78.91956,42.099],[-79.01333,42.15978],[-79.08627,42.13373],[-79.22867,42.12505],[-79.47353,42.15804],[-79.76354,42.12678]]}},{"type":"Feature","properties":{"name":"90","level":"Interstate"},"geometry":{"type":"LineString","coordinates":[[-80.75861,41.82288],[-80.88886,41.77078],[-81.03647,41.76557],[-81.36642,41.63186],[-81.43067,41.59018],[-81.43588,41.51203],[-81.47235,41.48598],[-81.50882,41.41652]]}},{"type":"Feature","properties":{"name":"80","level":"Interstate"},"geometry":{"type":"LineString","coordinates":[[-87.18575,41.56934],[-86.90095,41.58149],[-86.55884,41.72389],[-86.48243,41.743],[-86.33829,41.73084]]}},{"type":"Feature","properties":{"name":"94","level":"Interstate"},"geometry":{"type":"LineString","coordinates":[[-85.65755,42.25529],[-85.60371,42.27266],[-85.40053,42.27787],[-85.20256,42.26571],[-84.96985,42.31434]]}},{"type":"Feature","properties":{"name":"69","level":"Interstate"},"geometry":{"type":"LineString","coordinates":[[-83.67783,43.01071],[-83.35482,43.02808],[-83.28188,43.01418],[-83.18811,43.02113],[-83.11691,42.99161],[-82.87726,42.98813],[-82.80085,42.96382],[-82.59767,42.99508],[-82.48652,42.97424]]}},{"type":"Feature","properties":{"name":"75","level":"Interstate"},"geometry":{"type":"LineString","coordinates":[[-84.73194,45.74237],[-84.71979,45.71111],[-84.63643,45.64513],[-84.57912,45.2596],[-84.58954,45.2266],[-84.65727,45.16409],[-84.69721,45.07379],[-84.69721,45.013],[-84.67116,44.97654],[-84.68853,44.91228],[-84.68332,44.86366],[-84.71457,44.80809],[-84.69547,44.69],[-84.70763,44.58407]]}},{"type":"Feature","properties":{"name":"127","level":"Federal"},"geometry":{"type":"LineString","coordinates":[[-84.70763,44.58407],[-84.77536,44.52155],[-84.80661,44.39304],[-84.79619,44.08914],[-84.77188,43.99015],[-84.78578,43.86512]]}},{"type":"Feature","properties":{"name":"131","level":"Federal"},"geometry":{"type":"LineString","coordinates":[[-85.51515,43.88248],[-85.51515,43.67235],[-85.48736,43.60463],[-85.48389,43.52822],[-85.50299,43.3424],[-85.57593,43.22431],[-85.60371,43.10275],[-85.66449,43.04892],[-85.67839,43.01418]]}},{"type":"Feature","properties":{"name":"131","level":"Federal"},"geometry":{"type":"LineString","coordinates":[[-85.40921,44.21243],[-85.46826,44.12908],[-85.5082,43.97799],[-85.51515,43.88248]]}},{"type":"Feature","properties":{"name":"31","level":"Federal"},"geometry":{"type":"LineString","coordinates":[[-86.41296,43.95368],[-86.40081,43.83559],[-86.38518,43.80954],[-86.38692,43.55427],[-86.32787,43.43965],[-86.21847,43.32503],[-86.19828,43.2321]]}},{"type":"Feature","properties":{"name":"196","level":"Interstate"},"geometry":{"type":"LineString","coordinates":[[-85.67839,42.97077],[-85.70964,42.96382],[-85.70791,42.94819],[-85.78258,42.90478],[-85.78084,42.88568],[-86.05175,42.77106],[-86.06565,42.7398],[-86.16637,42.67555],[-86.21499,42.59393],[-86.22194,42.48973],[-86.26535,42.37512],[-86.3765,42.23272],[-86.3765,42.13373]]}},{"type":"Feature","properties":{"name":"94","level":"Interstate"},"geometry":{"type":"MultiLineString","coordinates":[[[-86.72208,41.79683],[-86.59183,41.87498],[-86.54494,41.94097],[-86.50674,42.03822],[-86.3765,42.13373]],[[-86.70819,41.79683],[-86.84538,41.70132],[-87.08329,41.61796],[-87.18054,41.59539],[-87.32989,41.5867]]]}},{"type":"Feature","properties":{"name":"75","level":"Interstate"},"geometry":{"type":"LineString","coordinates":[[-83.57711,41.67874],[-83.54237,41.62491],[-83.58058,41.57281]]}},{"type":"Feature","properties":{"name":"71","level":"Interstate"},"geometry":{"type":"LineString","coordinates":[[-81.80752,41.33316],[-81.79536,41.16124],[-81.88566,41.04141],[-82.07322,40.97195],[-82.19478,40.88859],[-82.41532,40.77919]]}},{"type":"Feature","properties":{"name":"271","level":"Interstate"},"geometry":{"type":"LineString","coordinates":[[-81.79362,41.15603],[-81.73805,41.19771],[-81.58523,41.2498]]}},{"type":"Feature","properties":{"name":"376","level":"Interstate"},"geometry":{"type":"LineString","coordinates":[[-80.36093,40.82434],[-80.37135,40.72709],[-80.32967,40.64026],[-80.28973,40.59685],[-80.26889,40.50828],[-80.15254,40.43881],[-80.11101,40.43074]]}},{"type":"Feature","properties":{"name":"70","level":"Interstate"},"geometry":{"type":"LineString","coordinates":[[-78.49757,40.04982],[-78.82752,40.05676],[-78.8883,39.98556],[-78.91782,39.97341],[-79.04286,40.00293]]}},{"type":"Feature","properties":{"name":"83","level":"Interstate"},"geometry":{"type":"LineString","coordinates":[[-76.66199,39.7216],[-76.70366,39.91957],[-76.68109,39.95257],[-76.69325,39.97514],[-76.73319,39.99425],[-76.76444,40.09497],[-76.84086,40.20437]]}},{"type":"Feature","properties":{"name":"40","level":"Interstate"},"geometry":{"type":"LineString","coordinates":[[-82.60809,35.55725],[-82.51431,35.55725],[-82.27466,35.62671],[-82.04543,35.64755],[-82.00375,35.62497],[-81.94644,35.66492],[-81.85614,35.69096],[-81.62517,35.72917],[-81.18582,35.71007],[-80.94096,35.79516],[-80.84371,35.81079]]}},{"type":"Feature","properties":{"name":"85","level":"Interstate"},"geometry":{"type":"LineString","coordinates":[[-80.30015,35.79342],[-80.1838,35.7969],[-80.13344,35.83684],[-80.0084,35.87157],[-79.90942,35.93409],[-79.88337,35.98792],[-79.81217,36.03134]]}},{"type":"Feature","properties":{"name":"52","level":"Federal"},"geometry":{"type":"LineString","coordinates":[[-80.23416,36.09733],[-80.2359,35.90804],[-80.29668,35.79342]]}},{"type":"Feature","properties":{"name":"85","level":"Interstate"},"geometry":{"type":"LineString","coordinates":[[-80.29494,35.7969],[-80.36441,35.76217],[-80.41998,35.68923],[-80.54848,35.57635],[-80.59364,35.45132],[-80.69783,35.4079],[-80.78293,35.28807],[-80.85239,35.27245]]}},{"type":"Feature","properties":{"name":"77","level":"Interstate"},"geometry":{"type":"LineString","coordinates":[[-80.91838,36.94826],[-80.87323,36.8979],[-80.82287,36.77113],[-80.74298,36.73119],[-80.70999,36.65651]]}},{"type":"Feature","properties":{"name":"85","level":"Interstate"},"geometry":{"type":"LineString","coordinates":[[-85.35191,32.64324],[-85.57419,32.53557],[-85.70096,32.45222],[-85.90067,32.43138],[-86.24104,32.32892]]}},{"type":"Feature","properties":{"name":"85","level":"Interstate"},"geometry":{"type":"LineString","coordinates":[[-84.9438,33.06176],[-84.96812,33.02703],[-85.08273,32.96798],[-85.18519,32.85684]]}},{"type":"Feature","properties":{"name":"85","level":"Interstate"},"geometry":{"type":"LineString","coordinates":[[-85.18519,32.85684],[-85.35191,32.64324]]}},{"type":"Feature","properties":{"level":"State"},"geometry":{"type":"LineString","coordinates":[[-87.44276,37.21396],[-87.71541,37.19312],[-87.83523,37.13581],[-87.9238,37.11324],[-88.05405,37.10976],[-88.09051,37.08545]]}},{"type":"Feature","properties":{"name":"24","level":"Interstate"},"geometry":{"type":"LineString","coordinates":[[-88.33711,36.9882],[-88.25028,37.04724],[-88.09572,37.08719]]}},{"type":"Feature","properties":{"name":"24","level":"Interstate"},"geometry":{"type":"LineString","coordinates":[[-87.45839,36.70687],[-87.64247,36.81802],[-87.77272,36.91874],[-87.93075,36.9882],[-88.08704,37.08024]]}},{"type":"Feature","properties":{"name":"57","level":"Interstate"},"geometry":{"type":"LineString","coordinates":[[-88.28501,40.14707],[-88.30412,40.11928],[-88.30064,39.9161],[-88.26765,39.89005],[-88.26765,39.79107],[-88.28849,39.73202],[-88.28849,39.64866],[-88.31974,39.58441],[-88.33537,39.46806],[-88.37879,39.42117],[-88.39095,39.35865],[-88.47257,39.27356],[-88.52293,39.15026]]}},{"type":"Feature","properties":{"name":"72","level":"Interstate"},"geometry":{"type":"LineString","coordinates":[[-89.59267,39.80148],[-89.53189,39.83622],[-89.31134,39.85011],[-89.08037,39.84143],[-88.99875,39.90221],[-88.87024,39.92826],[-88.81641,39.98383],[-88.76084,40.01161],[-88.59586,40.03766],[-88.45694,40.12102],[-88.30412,40.11928]]}},{"type":"Feature","properties":{"name":"40","level":"Interstate"},"geometry":{"type":"LineString","coordinates":[[-92.23229,34.78099],[-91.94228,34.8053],[-91.69568,34.80183],[-91.35184,34.84872],[-91.20076,34.9095],[-90.78397,35.0189],[-90.71798,35.02411],[-90.66762,35.071],[-90.47312,35.13352],[-90.29946,35.14741],[-90.19179,35.17346]]}},{"type":"Feature","properties":{"name":"40","level":"Interstate"},"geometry":{"type":"LineString","coordinates":[[-84.25438,35.87157],[-84.30474,35.85247],[-84.35163,35.86983],[-84.4072,35.84552],[-84.58954,35.90978],[-84.68853,35.88373],[-84.71805,35.89762],[-84.79099,35.90283],[-84.81356,35.88894],[-84.87781,35.90109],[-84.94207,35.95319],[-85.12962,36.03655],[-85.18172,36.04523],[-85.2807,36.13727],[-85.30154,36.14074],[-85.35364,36.13032],[-85.39358,36.14595],[-85.61066,36.14248],[-85.73396,36.11296],[-85.96145,36.18068],[-86.11253,36.17027],[-86.20805,36.19458],[-86.72729,36.14769]]}},{"type":"Feature","properties":{"name":"70","level":"Federal"},"geometry":{"type":"LineString","coordinates":[[-77.07182,35.11268],[-77.14129,35.15436],[-77.35489,35.1613],[-77.45387,35.21861]]}},{"type":"Feature","properties":{"name":"55","level":"Interstate"},"geometry":{"type":"LineString","coordinates":[[-90.40539,38.19861],[-90.40539,38.3167],[-90.38108,38.36185],[-90.37935,38.45215],[-90.29773,38.5494],[-90.197,38.62581]]}},{"type":"Feature","properties":{"name":"55","level":"Interstate"},"geometry":{"type":"LineString","coordinates":[[-89.54057,36.87185],[-89.54057,37.19486],[-89.68818,37.49702],[-89.7698,37.59601],[-89.83579,37.63074],[-89.9643,37.80787],[-90.21437,37.98674],[-90.40539,38.19861]]}},{"type":"Feature","properties":{"name":"44","level":"Interstate"},"geometry":{"type":"LineString","coordinates":[[-93.24125,37.24522],[-93.0537,37.27821],[-92.97382,37.30426],[-92.92172,37.34073],[-92.82794,37.53175],[-92.80016,37.56301],[-92.71159,37.60296],[-92.5553,37.75404],[-92.32086,37.77835],[-92.11941,37.82698],[-92.02216,37.87039],[-91.94054,37.93638],[-91.81377,37.94159],[-91.77209,37.96938],[-91.43867,38.06315],[-91.18513,38.19513],[-91.09482,38.29933],[-90.96979,38.36879],[-90.91769,38.43131],[-90.83607,38.48688],[-90.64678,38.5164],[-90.57732,38.50251],[-90.46965,38.54245],[-90.40548,38.53675]]}},{"type":"Feature","properties":{"name":"80","level":"Interstate"},"geometry":{"type":"LineString","coordinates":[[-93.57642,41.64401],[-93.38192,41.68569],[-93.17526,41.70132],[-93.12664,41.68569],[-92.35906,41.68569],[-92.15241,41.69958],[-91.94228,41.68048],[-91.62969,41.68569]]}},{"type":"Feature","properties":{"name":"53","level":"Federal"},"geometry":{"type":"LineString","coordinates":[[-91.76689,45.41068],[-91.75126,45.37769],[-91.63317,45.2926],[-91.57065,45.20056],[-91.52897,45.16756],[-91.52202,45.11199],[-91.44562,45.02342],[-91.42999,44.92618]]}},{"type":"Feature","properties":{"name":"90","level":"Interstate"},"geometry":{"type":"LineString","coordinates":[[-90.44186,43.98841],[-90.12754,43.87033],[-90.04939,43.79565],[-89.93651,43.74703],[-89.81669,43.66193],[-89.78022,43.58205],[-89.54752,43.52127],[-89.49368,43.47091]]}},{"type":"Feature","properties":{"name":"18","level":"Federal"},"geometry":{"type":"LineString","coordinates":[[-89.28529,43.09928],[-89.35128,43.09928],[-89.39817,43.04197],[-89.45027,43.03155]]}},{"type":"Feature","properties":{"name":"43","level":"Interstate"},"geometry":{"type":"LineString","coordinates":[[-87.72757,44.14992],[-87.73799,44.07351],[-87.82655,43.95889],[-87.81266,43.6984],[-87.83003,43.59073],[-87.80398,43.54906],[-87.83871,43.49869],[-87.84913,43.44139],[-87.9238,43.37713],[-87.92554,43.21042],[-87.9429,43.12359],[-87.93075,42.96556]]}},{"type":"Feature","properties":{"name":"43","level":"Interstate"},"geometry":{"type":"LineString","coordinates":[[-88.03668,44.49897],[-87.94985,44.45729],[-87.88039,44.39825],[-87.84565,44.34094],[-87.79356,44.31142],[-87.78487,44.24543],[-87.73451,44.19854],[-87.72757,44.14992]]}},{"type":"Feature","properties":{"name":"41","level":"Federal"},"geometry":{"type":"LineString","coordinates":[[-88.46215,44.27842],[-88.48298,44.16381],[-88.56982,44.0683],[-88.58892,43.94673]]}},{"type":"Feature","properties":{"name":"41","level":"Federal"},"geometry":{"type":"LineString","coordinates":[[-88.58892,43.94673],[-88.58544,43.87206],[-88.56982,43.84254],[-88.49514,43.79739],[-88.47604,43.74529],[-88.44478,43.72445],[-88.43957,43.60463],[-88.36837,43.50911],[-88.35795,43.43965],[-88.18255,43.27294]]}},{"type":"Feature","properties":{"name":"141","level":"Federal"},"geometry":{"type":"LineString","coordinates":[[-88.05057,44.65353],[-88.05752,44.51113]]}},{"type":"Feature","properties":{"name":"41","level":"Federal"},"geometry":{"type":"LineString","coordinates":[[-88.05752,44.51113],[-88.1374,44.39651],[-88.22597,44.31837]]}},{"type":"Feature","properties":{"name":"41","level":"Federal"},"geometry":{"type":"LineString","coordinates":[[-88.22597,44.31837],[-88.26417,44.29753],[-88.41873,44.29926],[-88.46215,44.27842]]}},{"type":"Feature","properties":{"name":"51","level":"Federal"},"geometry":{"type":"LineString","coordinates":[[-89.65519,45.21792],[-89.63435,45.10678],[-89.66561,45.01474],[-89.65866,44.94354]]}},{"type":"Feature","properties":{"name":"29","level":"State"},"geometry":{"type":"LineString","coordinates":[[-89.63435,44.87755],[-89.44332,44.89492]]}},{"type":"Feature","properties":{"name":"51","level":"Federal"},"geometry":{"type":"LineString","coordinates":[[-89.67776,44.9557],[-89.63435,44.87755]]}},{"type":"Feature","properties":{"name":"39","level":"Interstate"},"geometry":{"type":"LineString","coordinates":[[-89.49021,43.45875],[-89.47979,43.47785],[-89.49368,43.55947],[-89.46069,43.60463],[-89.46069,43.68277],[-89.485,43.75224],[-89.48153,43.93805],[-89.54057,44.08219],[-89.52147,44.13602],[-89.52321,44.42083],[-89.69165,44.7612],[-89.63435,44.87755]]}},{"type":"Feature","properties":{"name":"29","level":"Interstate"},"geometry":{"type":"LineString","coordinates":[[-96.37581,42.44111],[-96.36018,42.3838],[-96.28203,42.26745],[-96.23341,42.16152],[-96.10143,41.98265],[-96.09969,41.86456],[-96.04759,41.79857],[-96.03717,41.68569],[-95.93124,41.57455],[-95.90693,41.48945]]}},{"type":"Feature","properties":{"name":"20","level":"Federal"},"geometry":{"type":"LineString","coordinates":[[-93.57468,42.44458],[-93.2673,42.44632],[-93.13358,42.41159],[-92.99813,42.45847],[-92.56051,42.47758]]}},{"type":"Feature","properties":{"name":"20","level":"Federal"},"geometry":{"type":"LineString","coordinates":[[-92.34517,42.45674],[-92.02043,42.47584],[-91.34837,42.46021]]}},{"type":"Feature","properties":{"name":"20","level":"Federal"},"geometry":{"type":"LineString","coordinates":[[-92.56051,42.47758],[-92.33996,42.45674]]}},{"type":"Feature","properties":{"name":"380","level":"Interstate"},"geometry":{"type":"LineString","coordinates":[[-91.62969,41.68569],[-91.66964,42.01217],[-91.72173,42.1181],[-91.98743,42.31955],[-92.10031,42.35949],[-92.19756,42.44111],[-92.25313,42.46368]]}},{"type":"Feature","properties":{"name":"212","level":"Federal"},"geometry":{"type":"LineString","coordinates":[[-93.53821,44.81156],[-93.46354,44.82372],[-93.42012,44.86366]]}},{"type":"Feature","properties":{"name":"94","level":"Interstate"},"geometry":{"type":"LineString","coordinates":[[-94.28842,45.51835],[-94.25369,45.49925],[-94.15644,45.49925],[-94.10781,45.435],[-94.01404,45.39679],[-93.98973,45.3638],[-93.78307,45.30475],[-93.72403,45.25786],[-93.56079,45.19187],[-93.49653,45.12415],[-93.42343,45.0876]]}},{"type":"Feature","properties":{"name":"70","level":"Interstate"},"geometry":{"type":"LineString","coordinates":[[-97.64178,38.87762],[-97.35177,38.92624],[-97.11212,38.94708],[-97.01835,38.98702],[-96.76654,39.02523],[-96.71444,39.06517],[-96.03543,39.06864],[-95.86525,39.05996],[-95.72285,39.02696]]}},{"type":"Feature","properties":{"name":"82","level":"Federal"},"geometry":{"type":"LineString","coordinates":[[-88.66012,33.4907],[-88.78515,33.48723]]}},{"type":"Feature","properties":{"name":"75","level":"Interstate"},"geometry":{"type":"LineString","coordinates":[[-84.25438,35.87157],[-84.34815,35.79169],[-84.54439,35.56072],[-84.70763,35.42353],[-84.75625,35.34538],[-84.82572,35.30197],[-84.8865,35.1943]]}},{"type":"Feature","properties":{"name":"10","level":"Interstate"},"geometry":{"type":"LineString","coordinates":[[-82.75396,30.26584],[-82.62372,30.24153],[-82.47437,30.2589],[-82.28508,30.245],[-82.06106,30.29537],[-81.6738,30.31794]]}},{"type":"Feature","properties":{"name":"4","level":"Interstate"},"geometry":{"type":"LineString","coordinates":[[-81.09377,29.14748],[-81.16671,29.09885],[-81.21534,29.04328],[-81.29522,28.86962],[-81.33886,28.80913]]}},{"type":"Feature","properties":{"name":"95","level":"Interstate"},"geometry":{"type":"LineString","coordinates":[[-80.83329,28.44763],[-80.86628,28.67512],[-80.92359,28.87483],[-80.97048,28.95819],[-81.00695,29.06933],[-81.08162,29.15963]]}},{"type":"Feature","properties":{"name":"10","level":"Interstate"},"geometry":{"type":"LineString","coordinates":[[-84.24743,30.50376],[-84.17623,30.50376],[-84.11719,30.48292],[-83.97826,30.49681],[-83.88969,30.47597]]}},{"type":"Feature","properties":{"name":"10","level":"Interstate"},"geometry":{"type":"LineString","coordinates":[[-91.12261,30.39088],[-91.03057,30.34573],[-90.97847,30.24153],[-90.92637,30.18596],[-90.69714,30.12692],[-90.43839,30.08871]]}},{"type":"Feature","properties":{"name":"55","level":"Interstate"},"geometry":{"type":"LineString","coordinates":[[-90.20916,32.28029],[-90.40713,31.90693],[-90.48701,31.53703]]}},{"type":"Feature","properties":{"name":"20","level":"Interstate"},"geometry":{"type":"LineString","coordinates":[[-90.21263,32.27508],[-90.37587,32.35323],[-90.44534,32.36712],[-90.63462,32.35323],[-90.75792,32.36539],[-90.8187,32.34281]]}},{"type":"Feature","properties":{"name":"20","level":"Interstate"},"geometry":{"type":"LineString","coordinates":[[-90.96805,32.31676],[-91.09482,32.34455],[-91.19902,32.39664]]}},{"type":"Feature","properties":{"name":"20","level":"Interstate"},"geometry":{"type":"LineString","coordinates":[[-90.96805,32.31676],[-90.90727,32.31676],[-90.8187,32.34281]]}},{"type":"Feature","properties":{"name":"40","level":"Interstate"},"geometry":{"type":"LineString","coordinates":[[-92.42332,35.10747],[-92.42505,34.99112],[-92.40942,34.93555],[-92.33649,34.83482],[-92.24618,34.80009],[-92.23229,34.78099]]}},{"type":"Feature","properties":{"name":"40","level":"Interstate"},"geometry":{"type":"LineString","coordinates":[[-94.25195,35.48952],[-94.17033,35.49473],[-94.09913,35.52772],[-93.95152,35.52599],[-93.71882,35.51383],[-93.47917,35.47042],[-93.41318,35.44089],[-93.33329,35.35407],[-93.18395,35.32975],[-93.07628,35.26376],[-92.88004,35.2464],[-92.74632,35.17172],[-92.5935,35.16651],[-92.49973,35.1231],[-92.42332,35.10747]]}},{"type":"Feature","properties":{"name":"44","level":"Interstate"},"geometry":{"type":"LineString","coordinates":[[-94.32489,35.47215],[-94.4395,35.46694]]}},{"type":"Feature","properties":{"name":"540","level":"Interstate"},"geometry":{"type":"LineString","coordinates":[[-94.22417,36.42207],[-94.17728,36.37518],[-94.18249,36.2953],[-94.1547,36.28141],[-94.15297,36.2623],[-94.18075,36.19631],[-94.16859,36.11122],[-94.19985,36.07823],[-94.1877,36.03655],[-94.17207,36.0296],[-94.16512,35.9775],[-94.20159,35.60413],[-94.22417,35.56072],[-94.22243,35.52425]]}},{"type":"Feature","properties":{"name":"30","level":"Interstate"},"geometry":{"type":"LineString","coordinates":[[-94.99869,33.17117],[-94.92749,33.19548],[-94.78682,33.28578],[-94.69478,33.30836],[-94.59059,33.39866],[-94.44124,33.47507],[-94.06787,33.45423]]}},{"type":"Feature","properties":{"name":"49","level":"Interstate"},"geometry":{"type":"LineString","coordinates":[[-93.7466,32.49737],[-93.7605,32.25945],[-93.62851,32.14484],[-93.54689,32.02328],[-93.45485,31.97118],[-93.40623,31.91387],[-93.30724,31.86351],[-93.14574,31.73674],[-93.09191,31.64817],[-92.97382,31.53877],[-92.77932,31.45715],[-92.64734,31.36858],[-92.5032,31.32864],[-92.43374,31.29043]]}},{"type":"Feature","properties":{"name":"35","level":"Interstate"},"geometry":{"type":"LineString","coordinates":[[-99.44263,27.76688],[-99.42179,27.77209],[-99.27071,28.31912],[-99.27071,28.38685],[-99.20993,28.51362],[-99.11789,28.89741],[-99.05711,29.0155],[-98.94597,29.0867],[-98.77752,29.23952],[-98.59428,29.30729]]}},{"type":"Feature","properties":{"name":"10","level":"Interstate"},"geometry":{"type":"LineString","coordinates":[[-100.64262,30.57843],[-100.51238,30.5628],[-100.2432,30.44124],[-99.91499,30.52981],[-99.8351,30.54023],[-99.78127,30.52286],[-99.68228,30.42387],[-99.61455,30.39088],[-99.52078,30.28842],[-99.38532,30.21027],[-99.27766,30.17728],[-99.16651,30.1026],[-99.05363,30.06961],[-98.90081,29.98799],[-98.75494,29.82128],[-98.748,29.78654],[-98.66811,29.72055],[-98.60209,29.59323]]}},{"type":"Feature","properties":{"name":"69","level":"Federal"},"geometry":{"type":"LineString","coordinates":[[-95.53182,35.45479],[-95.5926,35.32975],[-95.5926,35.24987],[-95.68464,35.13178],[-95.75411,34.91644],[-95.81315,34.87477]]}},{"type":"Feature","properties":{"name":"35","level":"Interstate"},"geometry":{"type":"LineString","coordinates":[[-97.15727,33.63831],[-97.1729,33.57058],[-97.16422,33.47333],[-97.18506,33.38824],[-97.17117,33.21285]]}},{"type":"Feature","properties":{"name":"35","level":"Interstate"},"geometry":{"type":"LineString","coordinates":[[-97.1868,34.50661],[-97.13644,34.39547],[-97.15554,34.26348],[-97.13296,33.94048],[-97.13991,33.75466],[-97.15206,33.73556]]}},{"type":"Feature","properties":{"name":"35","level":"Interstate"},"geometry":{"type":"LineString","coordinates":[[-97.49591,35.39227],[-97.47507,35.16304],[-97.37609,35.03453],[-97.35525,34.90602],[-97.30315,34.77578],[-97.23542,34.6959],[-97.20764,34.55697],[-97.18506,34.51529]]}},{"type":"Feature","properties":{"name":"64","level":"Federal"},"geometry":{"type":"LineString","coordinates":[[-97.06176,36.38908],[-97.00793,36.35261],[-96.9593,36.23973]]}},{"type":"Feature","properties":{"level":"State"},"geometry":{"type":"LineString","coordinates":[[-96.9593,36.23973],[-97.07218,36.19458]]}},{"type":"Feature","properties":{"name":"35","level":"Interstate"},"geometry":{"type":"LineString","coordinates":[[-97.3101,37.60816],[-97.32746,37.53349],[-97.31704,37.34594],[-97.33788,37.31642],[-97.33614,37.09066]]}},{"type":"Feature","properties":{"name":"35","level":"Interstate"},"geometry":{"type":"LineString","coordinates":[[-97.33614,37.09066],[-97.34309,37.00036]]}},{"type":"Feature","properties":{"name":"25","level":"Interstate"},"geometry":{"type":"LineString","coordinates":[[-106.33691,42.84747],[-106.33691,43.167],[-106.39769,43.25383],[-106.40811,43.29725],[-106.38727,43.45181],[-106.44111,43.48654],[-106.49321,43.56468],[-106.64429,43.67062],[-106.61303,43.81475],[-106.6495,43.95889],[-106.63561,44.12561],[-106.68076,44.23154],[-106.6877,44.3722]]}},{"type":"Feature","properties":{"name":"25","level":"Interstate"},"geometry":{"type":"LineString","coordinates":[[-105.20292,42.65818],[-105.25849,42.69986],[-105.40957,42.76238],[-105.62491,42.7919],[-105.7812,42.83705],[-106.1511,42.85963],[-106.33691,42.84747]]}},{"type":"Feature","properties":{"name":"80","level":"Interstate"},"geometry":{"type":"MultiLineString","coordinates":[[[-104.85212,41.11609],[-104.76182,41.11609],[-104.61942,41.16124],[-104.24084,41.14908],[-104.12449,41.15776],[-104.09323,41.17513]],[[-104.09323,41.1595],[-104.00293,41.18208],[-103.65908,41.20813]]]}},{"type":"Feature","properties":{"name":"80","level":"Interstate"},"geometry":{"type":"LineString","coordinates":[[-100.77113,41.10219],[-100.93437,41.13345],[-101.08024,41.13866],[-101.22091,41.1404],[-101.31989,41.10914],[-101.4675,41.09525],[-101.54565,41.11609],[-101.72278,41.11435]]}},{"type":"Feature","properties":{"name":"80","level":"Interstate"},"geometry":{"type":"LineString","coordinates":[[-103.65908,41.20813],[-103.45069,41.23591],[-103.24751,41.22028],[-103.1329,41.1925],[-102.99223,41.10914],[-102.55287,41.10914],[-102.34795,41.0501],[-102.17951,41.02578]]}},{"type":"Feature","properties":{"name":"80","level":"Interstate"},"geometry":{"type":"LineString","coordinates":[[-102.17951,41.02578],[-101.81308,41.10393],[-101.72278,41.1074]]}},{"type":"Feature","properties":{"name":"80","level":"Interstate"},"geometry":{"type":"LineString","coordinates":[[-100.77113,41.10219],[-100.64262,41.09698],[-100.29356,40.98063],[-100.0487,40.88338],[-99.84552,40.77745],[-99.59198,40.68715],[-99.06927,40.66804],[-98.715,40.71667],[-98.45798,40.81913],[-98.38678,40.81565]]}},{"type":"Feature","properties":{"name":"76","level":"Interstate"},"geometry":{"type":"LineString","coordinates":[[-103.17805,40.63505],[-102.94187,40.78092],[-102.63797,40.85733],[-102.4591,40.9268],[-102.32017,40.94069],[-102.23334,40.98063],[-102.16561,41.03273]]}},{"type":"Feature","properties":{"name":"76","level":"Interstate"},"geometry":{"type":"LineString","coordinates":[[-104.98237,39.82059],[-104.81739,39.91436],[-104.59511,40.10886],[-104.52044,40.1106],[-104.45618,40.15749],[-104.3242,40.17138],[-104.02898,40.25821],[-103.93347,40.253],[-103.85879,40.28252],[-103.62956,40.27731],[-103.54968,40.29815],[-103.36039,40.40756],[-103.27877,40.47181],[-103.18499,40.63505]]}},{"type":"Feature","properties":{"name":"25","level":"Interstate"},"geometry":{"type":"LineString","coordinates":[[-104.4145,36.89095],[-104.4475,36.83538],[-104.44402,36.77634],[-104.53085,36.59226],[-104.53954,36.53669],[-104.60726,36.47417],[-104.60726,36.3474],[-104.68194,36.13901],[-104.69062,36.02439],[-104.86775,35.86289],[-104.93548,35.84552],[-105.01884,35.75175],[-105.17687,35.67013],[-105.29496,35.41311],[-105.31927,35.39748],[-105.44083,35.39922],[-105.57976,35.427],[-105.67701,35.47389],[-105.69611,35.53815],[-105.76557,35.59024],[-105.81941,35.55204],[-105.87672,35.55551]]}},{"type":"Feature","properties":{"name":"25","level":"Interstate"},"geometry":{"type":"LineString","coordinates":[[-106.90131,34.04641],[-106.88568,33.90748],[-106.90304,33.84844],[-106.97598,33.76508],[-107.12533,33.64005],[-107.28857,33.33962],[-107.25904,33.24931],[-107.25557,33.17464],[-107.30941,33.10344],[-107.31809,32.91762],[-107.28683,32.81343],[-107.17569,32.70055],[-106.98466,32.66061],[-106.86831,32.44701],[-106.76932,32.35149]]}},{"type":"Feature","properties":{"name":"84","level":"Interstate"},"geometry":{"type":"LineString","coordinates":[[-114.44334,42.65297],[-114.48154,42.66166],[-114.55448,42.72591],[-114.72119,42.77974],[-114.8688,42.89089],[-114.9591,42.92735],[-115.07546,42.9534],[-115.28906,42.94993],[-115.3811,42.97077],[-115.4905,42.97251],[-115.5756,43.0385],[-115.5947,43.08191],[-115.65721,43.14443]]}},{"type":"Feature","properties":{"name":"29","level":"Interstate"},"geometry":{"type":"LineString","coordinates":[[-97.09476,47.93396],[-97.09476,47.99647],[-97.19201,48.10414],[-97.19201,48.51745],[-97.17464,48.53655],[-97.18853,48.55392],[-97.19201,48.70674],[-97.23889,48.80399],[-97.23716,48.87866],[-97.25626,48.94292],[-97.24584,49.03496]]}},{"type":"Feature","properties":{"name":"95","level":"Interstate"},"geometry":{"type":"LineString","coordinates":[[-67.82967,46.14179],[-68.06758,46.15047],[-68.20998,46.09143],[-68.27424,46.0376],[-68.31244,45.96639],[-68.42532,45.86046],[-68.43574,45.7719],[-68.53993,45.58261],[-68.54514,45.52356],[-68.59377,45.44889],[-68.60419,45.36901],[-68.63024,45.35685],[-68.67191,45.29433],[-68.68581,45.23181]]}},{"type":"Feature","properties":{"name":"95","level":"Interstate"},"geometry":{"type":"LineString","coordinates":[[-68.77437,44.82024],[-68.71707,44.86713],[-68.70838,45.14325],[-68.68581,45.23181]]}},{"type":"Feature","properties":{"name":"189","level":"Interstate"},"geometry":{"type":"LineString","coordinates":[[-73.18706,44.45382],[-73.15927,44.49376],[-73.15754,44.57712],[-73.12628,44.61011],[-73.1176,44.66742],[-73.06376,44.75252],[-73.0655,44.8324],[-73.09155,44.86539],[-73.11412,44.94875],[-73.07939,45.02342]]}},{"type":"Feature","properties":{"name":"87","level":"Interstate"},"geometry":{"type":"LineString","coordinates":[[-73.45623,45.0078],[-73.44581,44.75599],[-73.50659,44.62922],[-73.50138,44.39651],[-73.56737,44.27842],[-73.56216,44.18812],[-73.72367,43.9971],[-73.76187,43.85122],[-73.82265,43.74008],[-73.81397,43.69146],[-73.73235,43.60289],[-73.74451,43.46917],[-73.70804,43.36324]]}},{"type":"Feature","properties":{"name":"75","level":"Interstate"},"geometry":{"type":"LineString","coordinates":[[-84.38462,46.3606],[-84.40546,46.33282],[-84.53397,46.26856],[-84.57565,46.1661],[-84.74931,45.99765],[-84.76146,45.94903],[-84.73541,45.87088]]}},{"type":"Feature","properties":{"name":"41","level":"Federal"},"geometry":{"type":"LineString","coordinates":[[-87.62163,45.0981],[-87.83003,45.03905],[-87.92207,44.82372],[-88.05231,44.78725],[-88.05057,44.65353]]}},{"type":"Feature","properties":{"name":"10","level":"Interstate"},"geometry":{"type":"LineString","coordinates":[[-104.82608,31.03689],[-104.8747,31.03168],[-105.05357,31.08031],[-105.43215,31.18798],[-105.48251,31.21576],[-105.64054,31.17061],[-105.71348,31.18277],[-105.7951,31.23834],[-105.80725,31.28523],[-105.91666,31.38247],[-106.11637,31.50751],[-106.27501,31.69221]]}},{"type":"Feature","properties":{"name":"85","level":"Federal"},"geometry":{"type":"LineString","coordinates":[[-99.4791,27.53071],[-99.48257,27.63317],[-99.43916,27.75994]]}},{"type":"Feature","properties":{"name":"90","level":"Interstate"},"geometry":{"type":"MultiLineString","coordinates":[[[-107.18437,44.92097],[-107.03329,44.90534],[-107.0055,44.88797],[-106.97945,44.84108],[-106.94298,44.82198],[-106.9152,44.70736],[-106.81795,44.55975],[-106.80579,44.49376],[-106.6877,44.3722]],[[-107.43618,45.57913],[-107.38061,45.48536],[-107.35803,45.37074],[-107.34414,45.26307],[-107.36498,45.22834],[-107.37713,45.14672],[-107.34587,45.0981],[-107.33893,45.04079],[-107.26946,44.96438],[-107.17916,44.92097]]]}},{"type":"Feature","properties":{"name":"70","level":"Interstate"},"geometry":{"type":"LineString","coordinates":[[-109.81531,38.94013],[-109.98376,38.92103],[-110.12095,38.9957],[-110.2512,38.98876]]}},{"type":"Feature","properties":{"name":"40","level":"Interstate"},"geometry":{"type":"MultiLineString","coordinates":[[[-109.34506,35.2139],[-109.2596,35.28113],[-109.16756,35.28981],[-109.06163,35.34365]],[[-109.06858,35.34017],[-109.00953,35.38359],[-108.93659,35.47042],[-108.75425,35.52251]]]}},{"type":"Feature","properties":{"name":"40","level":"Interstate"},"geometry":{"type":"LineString","coordinates":[[-110.16089,34.90602],[-110.08448,34.97028],[-109.87783,35.00327],[-109.68333,35.09358],[-109.59824,35.104],[-109.44889,35.19083],[-109.34506,35.2139]]}},{"type":"Feature","properties":{"name":"40","level":"Interstate"},"geometry":{"type":"LineString","coordinates":[[-108.75425,35.52251],[-108.70215,35.53467],[-108.60664,35.52599],[-108.55628,35.50168],[-108.45382,35.48431],[-108.33226,35.42527],[-108.03704,35.36275],[-108.00404,35.34017],[-107.98147,35.26376],[-107.89117,35.15436],[-107.74355,35.06753],[-107.68972,35.06058],[-107.6272,35.08663],[-107.53343,35.07795],[-107.46223,35.02064],[-107.40839,35.01543],[-107.35108,35.03106],[-107.31288,34.99633],[-107.18437,34.9998],[-107.12185,34.98244],[-106.97424,35.03627],[-106.7589,35.07447],[-106.69118,35.12136],[-106.58698,35.10747]]}},{"type":"Feature","properties":{"name":"94","level":"Interstate"},"geometry":{"type":"LineString","coordinates":[[-104.78787,47.0865],[-104.76529,47.10907],[-104.65415,47.1247],[-104.39019,47.04829],[-104.29815,47.00661],[-104.16443,46.99272],[-104.08629,46.95104],[-104.00814,46.93368],[-103.73202,46.95799],[-103.53231,46.93368],[-103.3986,46.892],[-103.1902,46.89721]]}},{"type":"Feature","properties":{"name":"94","level":"Interstate"},"geometry":{"type":"LineString","coordinates":[[-104.7705,47.09171],[-104.87817,46.96146],[-105.09177,46.88505],[-105.13519,46.8399],[-105.34184,46.76176],[-105.61623,46.56031],[-105.8003,46.4509]]}},{"type":"Feature","properties":{"name":"94","level":"Interstate"},"geometry":{"type":"LineString","coordinates":[[-105.78988,46.46306],[-105.87845,46.37623],[-105.96528,46.32934],[-106.02085,46.31024],[-106.132,46.31024],[-106.23793,46.26683],[-106.83531,46.24772],[-107.22084,46.25293],[-107.30246,46.16263],[-107.48654,46.14179],[-107.9832,45.9716],[-108.22285,45.91951],[-108.38957,45.83094]]}},{"type":"Feature","properties":{"name":"84","level":"Interstate"},"geometry":{"type":"LineString","coordinates":[[-115.65721,43.14443],[-115.76141,43.18611],[-116.11394,43.47438],[-116.15041,43.51432],[-116.17819,43.58379],[-116.3397,43.60115]]}},{"type":"Feature","properties":{"name":"90","level":"Interstate"},"geometry":{"type":"LineString","coordinates":[[-108.76467,45.66944],[-108.47987,45.79621]]}},{"type":"Feature","properties":{"name":"90","level":"Interstate"},"geometry":{"type":"LineString","coordinates":[[-110.58115,45.64165],[-110.44049,45.71459],[-110.26856,45.69201],[-110.26162,45.72154],[-110.23557,45.7389],[-110.08101,45.77711],[-109.92298,45.83962],[-109.87262,45.82399],[-109.71806,45.72501],[-109.52183,45.70764],[-109.44715,45.68159],[-109.38116,45.68507],[-109.32733,45.65381],[-109.11025,45.5965],[-108.92791,45.62429],[-108.76467,45.66944]]}},{"type":"Feature","properties":{"name":"15","level":"Interstate"},"geometry":{"type":"LineString","coordinates":[[-111.99647,46.59157],[-112.02947,46.75307],[-112.02947,46.78954],[-112.00342,46.81906],[-112.01037,46.83816],[-112.02252,46.85553],[-112.11283,46.87984],[-112.13714,46.9111],[-112.13887,46.9441],[-112.10241,46.96841],[-112.08157,47.01009],[-111.99995,47.05177],[-111.93396,47.11602],[-111.8506,47.1386],[-111.79156,47.20806],[-111.71862,47.24974],[-111.68041,47.30705],[-111.58664,47.36435],[-111.53454,47.41992],[-111.36435,47.46855],[-111.33483,47.51717]]}},{"type":"Feature","properties":{"name":"90","level":"Interstate"},"geometry":{"type":"LineString","coordinates":[[-112.64943,46.00807],[-112.71716,46.0237],[-112.79704,46.10011],[-112.75189,46.25293],[-112.74842,46.35366],[-112.72063,46.45264],[-112.73279,46.49258],[-112.78489,46.52211]]}},{"type":"Feature","properties":{"name":"15","level":"Interstate"},"geometry":{"type":"LineString","coordinates":[[-112.64943,46.00807],[-112.67375,45.93687],[-112.6859,45.81705],[-112.72411,45.75974],[-112.68069,45.66423],[-112.67548,45.60345],[-112.71195,45.53225],[-112.72063,45.44021],[-112.71022,45.38464],[-112.65117,45.28565],[-112.63728,45.22487],[-112.82657,45.05121],[-112.85609,44.98175],[-112.82309,44.87581],[-112.69285,44.71431],[-112.54871,44.61011],[-112.32816,44.56844]]}},{"type":"Feature","properties":{"name":"15","level":"Interstate"},"geometry":{"type":"LineString","coordinates":[[-112.32295,44.56496],[-112.24307,44.50071],[-112.19618,44.39651],[-112.19618,44.33226],[-112.23265,44.21591],[-112.24133,44.13081],[-112.22223,43.94847],[-112.19445,43.8408]]}},{"type":"Feature","properties":{"name":"15","level":"Interstate"},"geometry":{"type":"LineString","coordinates":[[-112.35942,43.20347],[-112.41847,43.1097],[-112.46709,42.91346]]}},{"type":"Feature","properties":{"name":"70","level":"Interstate"},"geometry":{"type":"LineString","coordinates":[[-110.2512,38.98876],[-110.37102,38.92798],[-110.43528,38.92103],[-110.4839,38.94013],[-110.52037,38.9054],[-110.64888,38.88977],[-110.69229,38.8672],[-110.84858,38.87067],[-110.89895,38.84636],[-110.92152,38.85678],[-110.97015,38.84288],[-111.03961,38.84809],[-111.16812,38.81162],[-111.24453,38.80989],[-111.31052,38.77689],[-111.41645,38.75432],[-111.4755,38.76474],[-111.52933,38.80815],[-111.53628,38.84809],[-111.56059,38.87762],[-111.63526,38.9054],[-111.85928,38.93319],[-111.88881,38.89672],[-112.00516,38.85851],[-112.09546,38.78731],[-112.14235,38.69875],[-112.22223,38.63623],[-112.25175,38.58413],[-112.45667,38.57371],[-112.50703,38.60671],[-112.55739,38.60844],[-112.6147,38.57719]]}},{"type":"Feature","properties":{"name":"15","level":"Interstate"},"geometry":{"type":"LineString","coordinates":[[-114.90006,36.3856],[-114.83581,36.47417],[-114.71425,36.53495],[-114.57705,36.6513],[-114.51801,36.66693],[-114.45376,36.72945],[-114.30267,36.78328],[-114.19153,36.76765],[-114.10817,36.80759],[-114.04045,36.8128],[-113.9623,36.8788],[-113.84074,36.92047],[-113.76433,36.97084],[-113.63061,36.98647],[-113.59935,37.04724]]}},{"type":"Feature","properties":{"name":"15","level":"Interstate"},"geometry":{"type":"LineString","coordinates":[[-114.89311,36.3856],[-114.92611,36.32308],[-115.02633,36.28341]]}},{"type":"Feature","properties":{"name":"40","level":"Interstate"},"geometry":{"type":"LineString","coordinates":[[-114.59442,34.81399],[-114.57358,34.76189],[-114.5128,34.71326],[-114.24189,34.73931],[-114.18632,34.77231],[-114.14638,34.81746],[-114.15332,34.91992],[-114.11512,35.11094],[-114.06823,35.19777]]}},{"type":"Feature","properties":{"name":"40","level":"Interstate"},"geometry":{"type":"LineString","coordinates":[[-114.0717,35.1943],[-113.99703,35.21514],[-113.69139,35.1613]]}},{"type":"Feature","properties":{"name":"8","level":"Interstate"},"geometry":{"type":"LineString","coordinates":[[-114.60484,32.69881],[-114.56316,32.67276],[-114.16722,32.6554],[-113.95188,32.70229],[-113.75043,32.71965],[-113.48474,32.82211],[-112.74495,32.94541]]}},{"type":"Feature","properties":{"name":"40","level":"Interstate"},"geometry":{"type":"LineString","coordinates":[[-114.75245,34.87998],[-114.92264,34.85914],[-115.0303,34.82788],[-115.38978,34.79488],[-115.58775,34.72889],[-115.7371,34.715],[-115.88297,34.73757],[-116.03058,34.71326],[-116.07747,34.72889],[-116.25634,34.73063],[-116.36575,34.77404],[-116.60192,34.82093],[-116.94056,34.86261],[-117.00829,34.88692]]}},{"type":"Feature","properties":{"name":"15","level":"Interstate"},"geometry":{"type":"LineString","coordinates":[[-116.98571,34.91992],[-116.90756,34.89908],[-116.76864,34.91471],[-116.36748,35.08837],[-116.25634,35.104],[-116.15562,35.18909],[-116.12089,35.20125],[-116.08789,35.25161],[-115.90902,35.36796],[-115.58602,35.47215],[-115.45056,35.46868],[-115.39325,35.61108]]}},{"type":"Feature","properties":{"name":"40","level":"Interstate"},"geometry":{"type":"LineString","coordinates":[[-113.69139,35.1613],[-113.58546,35.15783],[-113.46737,35.18735],[-113.34234,35.18735],[-113.08879,35.2846],[-112.91861,35.32281],[-112.85956,35.3176],[-112.63207,35.23771],[-112.4567,35.22277]]}},{"type":"Feature","properties":{"name":"2D","level":"Federal"},"geometry":{"type":"LineString","coordinates":[[-116.87457,32.54252],[-116.81552,32.55815],[-116.69396,32.52689]]}},{"type":"Feature","properties":{"name":"5","level":"Interstate"},"geometry":{"type":"LineString","coordinates":[[-117.73418,33.64352],[-117.66819,33.59142],[-117.67167,33.53932],[-117.63172,33.45249],[-117.4598,33.31704],[-117.34345,33.17638]]}},{"type":"Feature","properties":{"name":"78","level":"State"},"geometry":{"type":"LineString","coordinates":[[-117.34345,33.17638],[-117.24967,33.19548],[-117.17847,33.1347],[-117.0847,33.1208]]}},{"type":"Feature","properties":{"name":"5","level":"Interstate"},"geometry":{"type":"LineString","coordinates":[[-117.34345,33.17638],[-117.2653,33.02877],[-117.24446,32.95062],[-117.13158,32.77175]]}},{"type":"Feature","properties":{"name":"101","level":"Federal"},"geometry":{"type":"LineString","coordinates":[[-121.84644,37.34247],[-121.79087,37.26779],[-121.67799,37.17923],[-121.60505,37.09761],[-121.55469,37.00209],[-121.54427,36.92221],[-121.56511,36.87359],[-121.57727,36.85969],[-121.62415,36.85796],[-121.62415,36.8267],[-121.66583,36.79718],[-121.66062,36.69124],[-121.49044,36.54363],[-121.43834,36.51758],[-121.40882,36.47764],[-121.33588,36.43596],[-121.22995,36.30398],[-121.20042,36.29009],[-121.15875,36.19979],[-121.06844,36.18416],[-121.02503,36.09559],[-120.91041,36.00008],[-120.84963,35.91325],[-120.84095,35.87331],[-120.76107,35.83858],[-120.70897,35.76043],[-120.67945,35.64234]]}},{"type":"Feature","properties":{"name":"90","level":"Interstate"},"geometry":{"type":"LineString","coordinates":[[-116.79816,47.70646],[-116.96834,47.72383],[-117.20452,47.64742],[-117.41986,47.63526]]}},{"type":"Feature","properties":{"name":"90","level":"Interstate"},"geometry":{"type":"LineString","coordinates":[[-117.47022,47.637],[-117.56921,47.58837],[-117.84359,47.40777],[-117.94257,47.31746],[-118.22911,47.21153],[-118.35067,47.12818],[-118.40103,47.11602]]}},{"type":"Feature","properties":{"name":"80","level":"Interstate"},"geometry":{"type":"LineString","coordinates":[[-117.7446,40.96674],[-117.76544,40.94416],[-117.9391,40.8747],[-118.06413,40.69409],[-118.26037,40.60553],[-118.28989,40.52391],[-118.28642,40.40235],[-118.31073,40.33635],[-118.47223,40.16791],[-118.64416,40.07239],[-118.7032,39.95257],[-118.74488,39.93868]]}},{"type":"Feature","properties":{"name":"80","level":"Interstate"},"geometry":{"type":"LineString","coordinates":[[-114.95563,41.10046],[-115.00947,41.11261],[-115.15187,41.08656],[-115.27343,41.08309],[-115.4002,41.02926],[-115.46619,40.95458],[-115.64332,40.95111],[-115.67979,40.93722],[-115.75273,40.85907],[-115.94202,40.76356],[-115.98717,40.71841],[-116.041,40.73924],[-116.33796,40.64026],[-116.43695,40.65936],[-116.48383,40.69062],[-116.56198,40.69409],[-116.7339,40.66631],[-116.7999,40.61768],[-116.84331,40.60726],[-116.93535,40.62463],[-117.17326,40.8226],[-117.30177,40.90769],[-117.46675,40.93201],[-117.58657,41.0171],[-117.74634,40.965]]}},{"type":"Feature","properties":{"name":"80","level":"Interstate"},"geometry":{"type":"LineString","coordinates":[[-119.24328,39.60351],[-119.14951,39.66256],[-118.98627,39.81711],[-118.74488,39.93868]]}},{"type":"Feature","properties":{"name":"680","level":"Interstate"},"geometry":{"type":"LineString","coordinates":[[-121.92632,37.7002],[-121.87596,37.58559],[-121.92806,37.50744]]}},{"type":"Feature","properties":{"name":"880","level":"Interstate"},"geometry":{"type":"LineString","coordinates":[[-121.92806,37.50744],[-121.91938,37.47618],[-121.8777,37.43972],[-121.84644,37.34247]]}},{"type":"Feature","properties":{"name":"84","level":"Interstate"},"geometry":{"type":"LineString","coordinates":[[-118.80393,45.66249],[-118.71188,45.65902],[-118.59032,45.58261],[-118.47571,45.5965],[-118.45313,45.57913],[-118.46182,45.5444],[-118.31247,45.38464],[-118.18049,45.33948],[-118.10755,45.34817],[-118.05372,45.32906],[-118.01898,45.26307],[-118.02072,45.20577],[-117.95994,45.16061],[-117.96515,45.13283],[-117.92173,45.01474],[-117.8158,44.91402],[-117.80538,44.75078],[-117.66124,44.67784],[-117.52232,44.64311],[-117.42159,44.56149],[-117.33129,44.46598],[-117.26878,44.3201],[-117.22362,44.29579],[-117.11248,44.14644],[-116.95271,44.02488]]}},{"type":"Feature","properties":{"name":"90","level":"Interstate"},"geometry":{"type":"LineString","coordinates":[[-112.78141,46.52384],[-112.84046,46.52732],[-112.93076,46.59678],[-113.17388,46.65756],[-113.27982,46.72181],[-113.44306,46.6975],[-113.55246,46.73571],[-113.66534,46.73223],[-113.75391,46.81038],[-113.84074,46.82948],[-113.88589,46.87463],[-114.00398,46.86421]]}},{"type":"Feature","properties":{"name":"90","level":"Interstate"},"geometry":{"type":"LineString","coordinates":[[-114.1429,46.95278],[-114.04045,46.90242],[-114.00745,46.86421]]}},{"type":"Feature","properties":{"name":"90","level":"Interstate"},"geometry":{"type":"LineString","coordinates":[[-115.68326,47.45292],[-115.6329,47.41819],[-115.5617,47.4234],[-115.36026,47.37825],[-115.20396,47.3001],[-115.08067,47.29315],[-115.03552,47.23584],[-114.95563,47.2289],[-114.86533,47.18375],[-114.78892,47.12644],[-114.72293,47.03093],[-114.57011,47.00661],[-114.5319,47.02051],[-114.47633,46.99967],[-114.4416,47.0014],[-114.36866,47.04482],[-114.31656,47.04482],[-114.18806,46.99793],[-114.1429,46.95278]]}},{"type":"Feature","properties":{"name":"90","level":"Interstate"},"geometry":{"type":"LineString","coordinates":[[-116.79816,47.6891],[-116.68702,47.63179],[-116.52551,47.61963],[-116.36748,47.55017],[-116.11047,47.54843],[-115.89339,47.47202],[-115.66764,47.45292]]}},{"type":"Feature","properties":{"name":"90","level":"Interstate"},"geometry":{"type":"LineString","coordinates":[[-118.40103,47.11602],[-118.93938,47.07782],[-119.68438,47.11081],[-119.84762,47.08823],[-119.89103,47.06913],[-119.95008,47.02051],[-119.94487,46.96494],[-119.98134,46.92847],[-120.38944,46.97536],[-120.50752,46.97015]]}},{"type":"Feature","properties":{"name":"5","level":"Interstate"},"geometry":{"type":"LineString","coordinates":[[-121.50607,38.5685],[-121.50259,38.59976],[-121.53732,38.66401],[-121.73356,38.67096],[-121.92635,38.83279]]}},{"type":"Feature","properties":{"name":"5","level":"Interstate"},"geometry":{"type":"LineString","coordinates":[[-122.14687,39.1711],[-122.17292,39.21451],[-122.19549,39.48542],[-122.2146,39.53231],[-122.19897,39.95257],[-122.22328,40.1818]]}},{"type":"Feature","properties":{"name":"80","level":"Interstate"},"geometry":{"type":"LineString","coordinates":[[-119.9987,39.49758],[-119.98134,39.52016],[-119.78336,39.53231]]}},{"type":"Feature","properties":{"name":"80","level":"Interstate"},"geometry":{"type":"LineString","coordinates":[[-121.25947,38.75432],[-121.12749,38.88109],[-121.07018,38.90193],[-120.96946,39.04433],[-120.93994,39.13116],[-120.79406,39.20236],[-120.69681,39.29093],[-120.57351,39.32913],[-120.52836,39.30482],[-120.3356,39.34476],[-120.20362,39.32566],[-120.09942,39.3847],[-120.03517,39.37255],[-120.02128,39.38817],[-120.02996,39.42985],[-120.00565,39.45069],[-119.99697,39.49932]]}},{"type":"Feature","properties":{"name":"2","level":"State"},"geometry":{"type":"LineString","coordinates":[[-142.986,63.31845],[-142.61611,63.29761]]}},{"type":"Feature","properties":{"name":"95","level":"Interstate"},"geometry":{"type":"LineString","coordinates":[[-67.78104,46.14179],[-67.82967,46.14179]]}},{"type":"Feature","properties":{"name":"5","level":"Interstate"},"geometry":{"type":"LineString","coordinates":[[-122.19028,47.97563],[-122.26669,47.8315]]}},{"type":"Feature","properties":{"name":"405","level":"Interstate"},"geometry":{"type":"LineString","coordinates":[[-122.17639,47.57969],[-122.19202,47.77593],[-122.26669,47.8315]]}},{"type":"Feature","properties":{"name":"405","level":"Interstate"},"geometry":{"type":"LineString","coordinates":[[-122.19202,47.50675],[-122.17639,47.57969]]}},{"type":"Feature","properties":{"name":"405","level":"Interstate"},"geometry":{"type":"LineString","coordinates":[[-122.19376,47.50328],[-122.19202,47.50675]]}},{"type":"Feature","properties":{"name":"5","level":"Interstate"},"geometry":{"type":"LineString","coordinates":[[-122.32183,47.59155],[-122.32921,47.74988],[-122.30837,47.80371],[-122.26669,47.8315]]}},{"type":"Feature","properties":{"name":"405","level":"Interstate"},"geometry":{"type":"LineString","coordinates":[[-122.2719,47.4616],[-122.20244,47.46855],[-122.19376,47.50328]]}},{"type":"Feature","properties":{"name":"16","level":"State"},"geometry":{"type":"LineString","coordinates":[[-122.55497,47.27231],[-122.61749,47.36609],[-122.62617,47.48071],[-122.65569,47.51196],[-122.70258,47.52412],[-122.66785,47.55712],[-122.71126,47.60053],[-122.70605,47.65436],[-122.6609,47.69431],[-122.65222,47.75509]]}},{"type":"Feature","properties":{"name":"16","level":"State"},"geometry":{"type":"LineString","coordinates":[[-122.45946,47.22543],[-122.55497,47.27231]]}},{"type":"Feature","properties":{"name":"5","level":"Interstate"},"geometry":{"type":"LineString","coordinates":[[-122.45946,47.22543],[-122.33268,47.24974],[-122.29795,47.31226],[-122.29101,47.41298],[-122.27364,47.42861],[-122.2719,47.4616]]}},{"type":"Feature","properties":{"name":"5","level":"Interstate"},"geometry":{"type":"LineString","coordinates":[[-122.47856,47.16291],[-122.45946,47.22543]]}},{"type":"Feature","properties":{"name":"512","level":"State"},"geometry":{"type":"LineString","coordinates":[[-122.47856,47.16291],[-122.3049,47.15944],[-122.28059,47.20111],[-122.25801,47.20285],[-122.20939,47.19938],[-122.17986,47.17159]]}},{"type":"Feature","properties":{"name":"5","level":"Interstate"},"geometry":{"type":"LineString","coordinates":[[-122.47856,47.16291],[-122.58623,47.1056],[-122.9075,47.02919]]}},{"type":"Feature","properties":{"name":"101","level":"Federal"},"geometry":{"type":"LineString","coordinates":[[-123.03253,47.05871],[-122.91965,47.01356]]}},{"type":"Feature","properties":{"name":"15","level":"Interstate"},"geometry":{"type":"LineString","coordinates":[[-111.95827,49.00023],[-111.92006,48.89777],[-111.86623,48.84046],[-111.86276,48.53829],[-111.87839,48.50877]]}},{"type":"Feature","properties":{"name":"90","level":"Interstate"},"geometry":{"type":"LineString","coordinates":[[-117.44244,47.63873],[-117.47022,47.637]]}},{"type":"Feature","properties":{"name":"90","level":"Interstate"},"geometry":{"type":"LineString","coordinates":[[-117.41986,47.63526],[-117.44244,47.63873]]}},{"type":"Feature","properties":{"name":"5","level":"Interstate"},"geometry":{"type":"LineString","coordinates":[[-122.8745,46.54989],[-122.90229,46.59678],[-122.97696,46.66103],[-122.97696,46.74786],[-123.00301,46.79128],[-122.90576,47.02919]]}},{"type":"Feature","properties":{"name":"90","level":"Interstate"},"geometry":{"type":"LineString","coordinates":[[-121.86479,47.50899],[-121.53385,47.39735],[-121.45744,47.40256],[-121.42271,47.42166],[-121.35846,47.34525],[-121.26989,47.27405],[-121.23342,47.27231],[-121.16048,47.22195],[-121.04239,47.18548],[-120.93125,47.20285],[-120.82879,47.15249],[-120.72981,47.07087],[-120.64298,47.04308],[-120.5492,46.97015],[-120.51273,46.97015]]}},{"type":"Feature","properties":{"name":"12","level":"Federal"},"geometry":{"type":"LineString","coordinates":[[-120.50926,46.62977],[-120.57351,46.62109],[-120.68987,46.72181]]}},{"type":"Feature","properties":{"name":"95","level":"Interstate"},"geometry":{"type":"LineString","coordinates":[[-69.81807,44.21938],[-69.81286,44.334],[-69.7104,44.44861],[-69.66351,44.56496],[-69.46554,44.69173],[-69.38565,44.79767],[-69.2832,44.82372],[-69.15816,44.78898],[-68.89073,44.76641],[-68.84384,44.78204],[-68.80911,44.82545],[-68.77785,44.82892]]}},{"type":"Feature","properties":{"name":"82","level":"Interstate"},"geometry":{"type":"LineString","coordinates":[[-120.30782,46.41965],[-120.34081,46.42312],[-120.47106,46.52211],[-120.48321,46.59851],[-120.50752,46.62804]]}},{"type":"Feature","properties":{"name":"15","level":"Interstate"},"geometry":{"type":"LineString","coordinates":[[-111.87839,48.50877],[-111.89749,48.41673],[-111.93222,48.34206],[-111.91485,48.15103],[-111.82455,48.01905],[-111.71515,47.91833],[-111.70473,47.85407],[-111.66826,47.8176],[-111.66305,47.72035],[-111.52933,47.55885]]}},{"type":"Feature","properties":{"name":"15","level":"Interstate"},"geometry":{"type":"LineString","coordinates":[[-111.52933,47.55885],[-111.33483,47.51717]]}},{"type":"Feature","properties":{"name":"5","level":"Interstate"},"geometry":{"type":"LineString","coordinates":[[-122.64527,45.71632],[-122.71821,45.87609],[-122.85193,46.01502],[-122.89708,46.14526],[-122.88145,46.24599],[-122.91271,46.30329],[-122.8745,46.4839],[-122.8745,46.54989]]}},{"type":"Feature","properties":{"name":"295","level":"Interstate"},"geometry":{"type":"LineString","coordinates":[[-70.01083,43.92242],[-69.95179,43.96931],[-69.81807,44.21938]]}},{"type":"Feature","properties":{"name":"91","level":"Interstate"},"geometry":{"type":"LineString","coordinates":[[-72.08953,45.00432],[-72.17289,44.92965],[-72.21804,44.77335],[-72.18157,44.71605],[-72.14684,44.69694],[-72.11906,44.61532],[-72.04612,44.57538],[-71.99749,44.52502],[-72.04438,44.47813],[-72.02875,44.41735]]}},{"type":"Feature","properties":{"name":"2","level":"Federal"},"geometry":{"type":"LineString","coordinates":[[-72.02528,44.41388],[-72.02875,44.41735]]}},{"type":"Feature","properties":{"name":"5","level":"Interstate"},"geometry":{"type":"LineString","coordinates":[[-122.64527,45.71632],[-122.66611,45.61734]]}},{"type":"Feature","properties":{"name":"12","level":"Federal"},"geometry":{"type":"LineString","coordinates":[[-119.01579,46.45264],[-119.08525,46.34497],[-119.08352,46.28766],[-119.06094,46.24772]]}},{"type":"Feature","properties":{"name":"82","level":"Interstate"},"geometry":{"type":"LineString","coordinates":[[-119.20161,46.16263],[-119.3388,46.20778],[-119.36658,46.25293],[-119.40305,46.26509],[-119.45515,46.24772],[-119.5715,46.26335],[-119.7139,46.2182],[-119.84241,46.23904],[-119.93966,46.2703],[-119.99697,46.31024],[-120.19841,46.35887],[-120.24703,46.39881],[-120.30955,46.41965]]}},{"type":"Feature","properties":{"name":"93","level":"Interstate"},"geometry":{"type":"LineString","coordinates":[[-71.89851,44.33573],[-71.94019,44.4243],[-72.02528,44.41388]]}},{"type":"Feature","properties":{"name":"205","level":"Interstate"},"geometry":{"type":"LineString","coordinates":[[-122.64527,45.71632],[-122.57233,45.65033],[-122.5567,45.59129]]}},{"type":"Feature","properties":{"name":"5","level":"Interstate"},"geometry":{"type":"LineString","coordinates":[[-122.66611,45.61734],[-122.67653,45.51662]]}},{"type":"Feature","properties":{"name":"26","level":"Federal"},"geometry":{"type":"LineString","coordinates":[[-123.06726,45.6156],[-122.78594,45.50967],[-122.67653,45.51662]]}},{"type":"Feature","properties":{"name":"205","level":"Interstate"},"geometry":{"type":"LineString","coordinates":[[-122.5567,45.59129],[-122.5567,45.53572]]}},{"type":"Feature","properties":{"name":"84","level":"Interstate"},"geometry":{"type":"LineString","coordinates":[[-122.5567,45.53572],[-122.5567,45.53051]]}},{"type":"Feature","properties":{"name":"5","level":"Interstate"},"geometry":{"type":"LineString","coordinates":[[-122.67653,45.51662],[-122.5567,45.53051]]}},{"type":"Feature","properties":{"name":"5","level":"Interstate"},"geometry":{"type":"LineString","coordinates":[[-122.67653,45.51662],[-122.68869,45.48188],[-122.74599,45.44194],[-122.74599,45.37248]]}},{"type":"Feature","properties":{"name":"12","level":"Federal"},"geometry":{"type":"LineString","coordinates":[[-118.91333,46.05843],[-118.92549,46.12616],[-119.06094,46.24772]]}},{"type":"Feature","properties":{"name":"205","level":"Interstate"},"geometry":{"type":"LineString","coordinates":[[-122.5567,45.53051],[-122.56365,45.40374],[-122.59491,45.35338],[-122.61749,45.34469],[-122.74599,45.37248]]}},{"type":"Feature","properties":{"name":"82","level":"Interstate"},"geometry":{"type":"LineString","coordinates":[[-119.19987,46.15916],[-119.21723,46.04107],[-119.3388,45.96119],[-119.33011,45.9143]]}},{"type":"Feature","properties":{"name":"95","level":"Interstate"},"geometry":{"type":"LineString","coordinates":[[-69.81807,44.21938],[-69.90142,44.15513],[-70.05077,44.1204],[-70.1567,44.06656],[-70.19665,44.07003],[-70.30952,44.00752],[-70.34252,43.88595],[-70.31821,43.80086],[-70.31473,43.70882],[-70.34599,43.63241]]}},{"type":"Feature","properties":{"name":"295","level":"Interstate"},"geometry":{"type":"LineString","coordinates":[[-70.34599,43.63241],[-70.32689,43.6272],[-70.27479,43.6602],[-70.25048,43.72445],[-70.1567,43.83212],[-70.05598,43.90679],[-70.01083,43.92242]]}},{"type":"Feature","properties":{"name":"84","level":"Interstate"},"geometry":{"type":"LineString","coordinates":[[-121.14312,45.60518],[-121.18306,45.59824],[-121.21605,45.61387],[-121.21779,45.65728],[-121.30462,45.68507],[-121.46786,45.69201],[-121.54948,45.71632],[-121.73356,45.6868],[-121.84991,45.6868],[-121.935,45.6347],[-122.08782,45.59824],[-122.22328,45.54614]]}},{"type":"Feature","properties":{"name":"84","level":"Interstate"},"geometry":{"type":"LineString","coordinates":[[-121.13964,45.60345],[-121.08407,45.64339],[-120.9191,45.6347],[-120.81837,45.67291]]}},{"type":"Feature","properties":{"name":"730","level":"Federal"},"geometry":{"type":"LineString","coordinates":[[-119.32664,45.91256],[-119.26412,45.89867],[-119.13388,45.91082],[-119.00884,45.96639],[-118.91159,46.05843]]}},{"type":"Feature","properties":{"name":"82","level":"Interstate"},"geometry":{"type":"LineString","coordinates":[[-119.33011,45.91256],[-119.38568,45.79274]]}},{"type":"Feature","properties":{"name":"84","level":"Interstate"},"geometry":{"type":"LineString","coordinates":[[-120.81837,45.67465],[-120.60998,45.74237],[-120.49016,45.69549],[-120.39986,45.69201],[-120.18104,45.72848],[-120.13589,45.76842],[-119.98655,45.8101],[-119.69306,45.84831],[-119.38568,45.79794]]}},{"type":"Feature","properties":{"name":"75","level":"Interstate"},"geometry":{"type":"LineString","coordinates":[[-84.34294,46.50474],[-84.38462,46.3606]]}},{"type":"Feature","properties":{"name":"84","level":"Interstate"},"geometry":{"type":"LineString","coordinates":[[-119.38568,45.79274],[-119.08699,45.74064],[-118.80393,45.66249]]}},{"type":"Feature","properties":{"name":"35","level":"Interstate"},"geometry":{"type":"LineString","coordinates":[[-92.1281,46.77912],[-92.16283,46.74439],[-92.21145,46.7305]]}},{"type":"Feature","properties":{},"geometry":{"type":"LineString","coordinates":[[-72.33092,43.62546],[-72.36392,43.6272]]}},{"type":"Feature","properties":{"name":"89","level":"Interstate"},"geometry":{"type":"LineString","coordinates":[[-72.38996,43.64457],[-72.36392,43.6272]]}},{"type":"Feature","properties":{"name":"5","level":"Interstate"},"geometry":{"type":"LineString","coordinates":[[-123.06032,44.62922],[-123.04295,44.76814],[-123.00648,44.83761],[-122.99085,45.02342],[-122.79809,45.24571],[-122.77725,45.28391],[-122.77378,45.33948],[-122.74599,45.37248]]}},{"type":"Feature","properties":{"name":"29","level":"Interstate"},"geometry":{"type":"LineString","coordinates":[[-96.84642,46.89895],[-96.94367,47.04656],[-97.07739,47.40603],[-97.09476,47.49981],[-97.08434,47.57274],[-97.09476,47.93396]]}},{"type":"Feature","properties":{"name":"35","level":"Interstate"},"geometry":{"type":"LineString","coordinates":[[-92.21493,46.7305],[-92.3087,46.70618],[-92.42332,46.70445],[-92.47021,46.66798]]}},{"type":"Feature","properties":{"name":"94","level":"Interstate"},"geometry":{"type":"LineString","coordinates":[[-96.84295,46.84685],[-96.84642,46.89895]]}},{"type":"Feature","properties":{"name":"94","level":"Interstate"},"geometry":{"type":"LineString","coordinates":[[-96.84295,46.84685],[-96.75959,46.84511]]}},{"type":"Feature","properties":{"name":"94","level":"Interstate"},"geometry":{"type":"LineString","coordinates":[[-98.71326,46.88332],[-97.67999,46.92152],[-97.61052,46.87463],[-96.95236,46.87811],[-96.90721,46.85032],[-96.84295,46.84685]]}},{"type":"Feature","properties":{"name":"2","level":"Federal"},"geometry":{"type":"LineString","coordinates":[[-92.13157,46.77912],[-92.09684,46.72702],[-92.04821,46.70618],[-91.95965,46.62283],[-91.90234,46.60199]]}},{"type":"Feature","properties":{"name":"75","level":"Interstate"},"geometry":{"type":"LineString","coordinates":[[-84.73889,45.87436],[-84.73368,45.84657]]}},{"type":"Feature","properties":{"name":"94","level":"Interstate"},"geometry":{"type":"LineString","coordinates":[[-100.28835,46.83643],[-100.17548,46.86595],[-99.94625,46.86074],[-99.48952,46.88679],[-99.42353,46.87463],[-99.03627,46.89374],[-98.71326,46.88332]]}},{"type":"Feature","properties":{"name":"94","level":"Interstate"},"geometry":{"type":"LineString","coordinates":[[-100.77286,46.83122],[-100.28835,46.83643]]}},{"type":"Feature","properties":{"name":"416","level":"State"},"geometry":{"type":"LineString","coordinates":[[-75.98645,44.30621],[-75.98124,44.29926]]}},{"type":"Feature","properties":{"name":"94","level":"Interstate"},"geometry":{"type":"LineString","coordinates":[[-100.77286,46.83122],[-100.83885,46.8208],[-100.95,46.86248],[-101.95201,46.86769],[-102.2125,46.85206],[-102.3358,46.87463],[-103.1902,46.89721]]}},{"type":"Feature","properties":{"name":"75","level":"Interstate"},"geometry":{"type":"LineString","coordinates":[[-84.73368,45.84657],[-84.73541,45.78753]]}},{"type":"Feature","properties":{"name":"75","level":"Interstate"},"geometry":{"type":"LineString","coordinates":[[-84.73541,45.78753],[-84.73194,45.74237]]}},{"type":"Feature","properties":{"name":"95","level":"Interstate"},"geometry":{"type":"LineString","coordinates":[[-70.89649,42.85963],[-70.85829,42.95861]]}},{"type":"Feature","properties":{"name":"15","level":"Interstate"},"geometry":{"type":"LineString","coordinates":[[-111.99647,46.59157],[-111.93396,46.53773],[-112.0642,46.32066],[-112.15624,46.23383],[-112.18576,46.25814],[-112.23786,46.26856],[-112.33858,46.26683],[-112.33685,46.17652],[-112.40805,46.10359],[-112.48098,45.98202]]}},{"type":"Feature","properties":{"name":"15","level":"Interstate"},"geometry":{"type":"LineString","coordinates":[[-112.64943,46.00807],[-112.48098,45.98202]]}},{"type":"Feature","properties":{"name":"93","level":"Interstate"},"geometry":{"type":"LineString","coordinates":[[-71.47825,43.04892],[-71.49388,43.12533],[-71.5373,43.17048]]}},{"type":"Feature","properties":{"name":"93","level":"Interstate"},"geometry":{"type":"LineString","coordinates":[[-71.23166,42.74675],[-71.42442,42.98466]]}},{"type":"Feature","properties":{"name":"495","level":"Interstate"},"geometry":{"type":"LineString","coordinates":[[-70.9017,42.85094],[-71.09273,42.80232],[-71.1483,42.74154],[-71.14309,42.67728],[-71.19345,42.66687]]}},{"type":"Feature","properties":{"name":"93","level":"Interstate"},"geometry":{"type":"LineString","coordinates":[[-71.19345,42.66687],[-71.23166,42.74675]]}},{"type":"Feature","properties":{"name":"95","level":"Interstate"},"geometry":{"type":"LineString","coordinates":[[-71.00069,42.51231],[-70.97811,42.51926],[-70.96075,42.5783],[-70.97811,42.66513],[-70.89649,42.85963]]}},{"type":"Feature","properties":{"name":"93","level":"Interstate"},"geometry":{"type":"LineString","coordinates":[[-71.05965,42.36658],[-71.09814,42.49857],[-71.18303,42.60261],[-71.19345,42.66687]]}},{"type":"Feature","properties":{"name":"495","level":"Interstate"},"geometry":{"type":"LineString","coordinates":[[-71.19345,42.66687],[-71.30112,42.6165],[-71.3949,42.59393],[-71.51646,42.51405]]}},{"type":"Feature","properties":{"name":"90","level":"Interstate"},"geometry":{"type":"LineString","coordinates":[[-112.48098,45.98202],[-112.44452,45.92472],[-112.10241,45.87783],[-111.8697,45.87609],[-111.76898,45.9143],[-111.58143,45.91777],[-111.24626,45.8101],[-111.19938,45.76842],[-110.93368,45.63818],[-110.81559,45.66944],[-110.78086,45.65381],[-110.64367,45.66075],[-110.58115,45.64339]]}},{"type":"Feature","properties":{"name":"90","level":"Interstate"},"geometry":{"type":"LineString","coordinates":[[-108.47987,45.79621],[-108.38957,45.83094]]}},{"type":"Feature","properties":{"name":"2","level":"State"},"geometry":{"type":"LineString","coordinates":[[-71.51646,42.51405],[-71.71269,42.51752]]}},{"type":"Feature","properties":{"name":"91","level":"Interstate"},"geometry":{"type":"MultiLineString","coordinates":[[[-72.55841,42.72938],[-72.55841,42.69639],[-72.59315,42.62866]],[[-72.47853,43.13227],[-72.45943,43.09407],[-72.47158,43.00376],[-72.48721,42.97945],[-72.53584,42.95688],[-72.5341,42.90304],[-72.57404,42.86657],[-72.55841,42.73112]],[[-72.32397,43.62894],[-72.33266,43.60289],[-72.40038,43.56989],[-72.41949,43.53169],[-72.42817,43.46222],[-72.40212,43.39971],[-72.41775,43.3233],[-72.40907,43.28683],[-72.42991,43.23473],[-72.47332,43.18437],[-72.48027,43.13575]]]}},{"type":"Feature","properties":{"name":"1","level":"Federal"},"geometry":{"type":"LineString","coordinates":[[-71.00069,42.51231],[-71.01979,42.48105],[-71.025,42.4029],[-71.06302,42.3539]]}},{"type":"Feature","properties":{"name":"29","level":"Interstate"},"geometry":{"type":"LineString","coordinates":[[-96.84295,46.84685],[-96.82559,46.58115],[-96.84295,45.93687]]}},{"type":"Feature","properties":{"name":"90","level":"Interstate"},"geometry":{"type":"LineString","coordinates":[[-71.27228,42.33597],[-71.35843,42.31086],[-71.43484,42.30913],[-71.56161,42.25876]]}},{"type":"Feature","properties":{"name":"495","level":"Interstate"},"geometry":{"type":"LineString","coordinates":[[-71.51646,42.51405],[-71.60329,42.40985],[-71.60676,42.37685],[-71.56161,42.25876]]}},{"type":"Feature","properties":{"name":"94","level":"Interstate"},"geometry":{"type":"LineString","coordinates":[[-96.75959,46.84511],[-96.62761,46.84164],[-96.60156,46.79301],[-96.39317,46.6593],[-96.20909,46.41791],[-96.13095,46.34324],[-96.12053,46.28245],[-95.91387,46.12616],[-95.83399,46.03586],[-95.61692,45.95076],[-95.49535,45.8813],[-95.35816,45.83615],[-95.1463,45.83268],[-94.9518,45.72327]]}},{"type":"Feature","properties":{"name":"90","level":"Interstate"},"geometry":{"type":"LineString","coordinates":[[-107.43618,45.57913],[-107.46049,45.63992],[-107.58379,45.74411],[-107.84949,45.74932],[-107.91721,45.77884],[-108.23154,45.791],[-108.38957,45.83094]]}},{"type":"Feature","properties":{"name":"87","level":"Interstate"},"geometry":{"type":"LineString","coordinates":[[-73.84176,42.69639],[-73.76708,42.76238],[-73.78271,42.88047],[-73.81224,42.91867],[-73.80529,43.00724],[-73.74972,43.06976],[-73.7584,43.10101],[-73.71151,43.18437],[-73.67852,43.29725],[-73.70804,43.36324]]}},{"type":"Feature","properties":{"name":"90","level":"Interstate"},"geometry":{"type":"MultiLineString","coordinates":[[[-73.92685,42.75022],[-74.01715,42.7919]],[[-74.01951,42.79334],[-74.00673,42.84052]]]}},{"type":"Feature","properties":{"name":"90","level":"Interstate"},"geometry":{"type":"LineString","coordinates":[[-71.56161,42.25876],[-71.63107,42.22751],[-71.84815,42.18756]]}},{"type":"Feature","properties":{"name":"190","level":"Interstate"},"geometry":{"type":"LineString","coordinates":[[-71.71269,42.51752],[-71.72311,42.47063],[-71.78216,42.4359],[-71.80994,42.39943],[-71.81341,42.36296],[-71.78593,42.27849]]}},{"type":"Feature","properties":{"name":"95","level":"Interstate"},"geometry":{"type":"LineString","coordinates":[[-71.28375,42.02085],[-71.23513,42.06948],[-71.19866,42.13894],[-71.13093,42.20146]]}},{"type":"Feature","properties":{"name":"495","level":"Interstate"},"geometry":{"type":"LineString","coordinates":[[-71.56161,42.25876],[-71.5234,42.17194],[-71.414,42.06427],[-71.3619,42.03475],[-71.28375,42.02085]]}},{"type":"Feature","properties":{"name":"94","level":"Interstate"},"geometry":{"type":"LineString","coordinates":[[-94.9518,45.72327],[-94.82156,45.6677],[-94.7052,45.65902],[-94.60795,45.62429],[-94.46903,45.59997],[-94.3822,45.59824],[-94.28842,45.51835]]}},{"type":"Feature","properties":{"name":"495","level":"Interstate"},"geometry":{"type":"LineString","coordinates":[[-71.28375,42.02085],[-71.12572,41.95833],[-71.05626,41.94618],[-70.72978,41.78294]]}},{"type":"Feature","properties":{"name":"25","level":"State"},"geometry":{"type":"LineString","coordinates":[[-70.72978,41.78294],[-70.67421,41.76557],[-70.60127,41.77078],[-70.58043,41.74126],[-70.5127,41.743]]}},{"type":"Feature","properties":{"name":"90","level":"Interstate"},"geometry":{"type":"LineString","coordinates":[[-72.07043,42.13199],[-71.84815,42.18756]]}},{"type":"Feature","properties":{"name":"90","level":"Interstate"},"geometry":{"type":"LineString","coordinates":[[-74.00524,42.83454],[-74.04147,42.87178],[-74.22207,42.93256],[-74.35579,42.94819],[-74.45651,42.89436],[-74.50861,42.89436],[-74.60412,42.91346],[-74.67011,42.9864],[-74.72568,42.98813],[-74.78473,43.01245],[-75.04174,43.01418]]}},{"type":"Feature","properties":{"name":"81","level":"Interstate"},"geometry":{"type":"LineString","coordinates":[[-75.98124,44.29926],[-75.87531,44.15686],[-75.91351,44.08566],[-75.91525,44.00578],[-75.94477,43.98841],[-76.01945,43.88074],[-76.07675,43.73834],[-76.07502,43.65672],[-76.12364,43.50564],[-76.11496,43.37713],[-76.13232,43.25557],[-76.10975,43.13922],[-76.16358,43.0958]]}},{"type":"Feature","properties":{"name":"90","level":"Interstate"},"geometry":{"type":"LineString","coordinates":[[-73.78445,42.51405],[-73.78098,42.63387]]}},{"type":"Feature","properties":{"name":"395","level":"Interstate"},"geometry":{"type":"LineString","coordinates":[[-71.86725,42.02432],[-71.86204,42.16152],[-71.84815,42.18756]]}},{"type":"Feature","properties":{"name":"95","level":"Interstate"},"geometry":{"type":"LineString","coordinates":[[-71.37753,41.89234],[-71.33064,41.92187],[-71.28375,42.02085]]}},{"type":"Feature","properties":{"name":"5","level":"Interstate"},"geometry":{"type":"LineString","coordinates":[[-123.04642,44.07003],[-123.04295,44.11692],[-123.06205,44.17249],[-123.06032,44.62922]]}},{"type":"Feature","properties":{"name":"90","level":"Interstate"},"geometry":{"type":"LineString","coordinates":[[-73.78792,42.52273],[-73.61079,42.4741],[-73.55522,42.44284],[-73.55001,42.42374]]}},{"type":"Feature","properties":{"name":"84","level":"Interstate"},"geometry":{"type":"LineString","coordinates":[[-72.07043,42.13199],[-72.09474,42.07642],[-72.14163,42.03127]]}},{"type":"Feature","properties":{"name":"91","level":"Interstate"},"geometry":{"type":"LineString","coordinates":[[-72.64351,42.1511],[-72.6383,42.27439],[-72.6053,42.3126],[-72.64698,42.34386],[-72.62961,42.45847],[-72.6383,42.54878],[-72.59315,42.62866]]}},{"type":"Feature","properties":{"name":"95","level":"Interstate"},"geometry":{"type":"LineString","coordinates":[[-71.41573,41.81593],[-71.40879,41.81767]]}},{"type":"Feature","properties":{"name":"95","level":"Interstate"},"geometry":{"type":"LineString","coordinates":[[-71.41573,41.81593],[-71.4001,41.86977],[-71.37927,41.87498],[-71.37753,41.89234]]}},{"type":"Feature","properties":{"name":"35","level":"Interstate"},"geometry":{"type":"LineString","coordinates":[[-92.47021,46.66798],[-92.72722,46.45785],[-92.81058,46.35366],[-92.82968,46.22167],[-92.88872,46.14353],[-92.8922,46.09664],[-92.93388,45.99765],[-92.95645,45.97855],[-92.9825,45.82052],[-93.0016,45.28565]]}},{"type":"Feature","properties":{"name":"90","level":"Interstate"},"geometry":{"type":"LineString","coordinates":[[-72.64351,42.1511],[-72.83974,42.15978],[-72.90921,42.17715],[-72.96999,42.22577],[-73.06724,42.24835],[-73.1749,42.29697],[-73.29126,42.3126]]}},{"type":"Feature","properties":{"name":"195","level":"Interstate"},"geometry":{"type":"LineString","coordinates":[[-71.40879,41.81767],[-71.24555,41.76905],[-71.16393,41.70305]]}},{"type":"Feature","properties":{"name":"91","level":"Interstate"},"geometry":{"type":"LineString","coordinates":[[-72.64351,42.1511],[-72.53236,42.10942],[-72.51847,42.09205],[-72.51673,42.03475]]}},{"type":"Feature","properties":{"name":"29","level":"Interstate"},"geometry":{"type":"LineString","coordinates":[[-96.84295,45.93687],[-96.869,45.8101],[-96.99056,45.66249],[-96.99056,45.44542],[-97.05482,45.37248],[-97.05134,45.32038]]}},{"type":"Feature","properties":{"name":"84","level":"Interstate"},"geometry":{"type":"LineString","coordinates":[[-116.95271,44.02488],[-116.95445,44.02314]]}},{"type":"Feature","properties":{"name":"84","level":"Interstate"},"geometry":{"type":"LineString","coordinates":[[-116.95445,44.02314],[-116.9423,44.00752]]}},{"type":"Feature","properties":{"name":"84","level":"Interstate"},"geometry":{"type":"LineString","coordinates":[[-116.9423,44.00752],[-116.91277,43.97452]]}},{"type":"Feature","properties":{"name":"94","level":"Interstate"},"geometry":{"type":"LineString","coordinates":[[-93.0016,45.28565],[-93.02244,45.25439],[-93.03113,45.14672],[-93.05196,45.12067],[-93.06065,45.03732],[-93.08496,45.03558],[-93.0867,44.95396],[-93.06586,44.96612],[-93.04502,44.95222],[-92.84705,44.94701],[-92.75327,44.96612]]}},{"type":"Feature","properties":{"name":"91","level":"Interstate"},"geometry":{"type":"LineString","coordinates":[[-72.51673,42.03475],[-72.53584,41.95486],[-72.63309,41.91318],[-72.67303,41.85414],[-72.66435,41.75863]]}},{"type":"Feature","properties":{"name":"53","level":"Federal"},"geometry":{"type":"LineString","coordinates":[[-91.42999,44.92618],[-91.41783,44.89144],[-91.47514,44.84629],[-91.46993,44.80114],[-91.41957,44.76641]]}},{"type":"Feature","properties":{"name":"35","level":"Interstate"},"geometry":{"type":"LineString","coordinates":[[-93.29856,44.89144],[-93.19263,44.89144],[-93.0867,44.95396]]}},{"type":"Feature","properties":{"name":"94","level":"Interstate"},"geometry":{"type":"LineString","coordinates":[[-92.75327,44.96612],[-91.78078,44.9036],[-91.58107,44.82892],[-91.51855,44.77162],[-91.41957,44.76641]]}},{"type":"Feature","properties":{"name":"395","level":"Interstate"},"geometry":{"type":"LineString","coordinates":[[-72.11037,41.54676],[-72.07564,41.57628],[-71.96103,41.60233],[-71.91761,41.66832],[-71.87246,41.77773],[-71.90024,41.90103],[-71.85857,41.99307],[-71.86725,42.02432]]}},{"type":"Feature","properties":{"name":"95","level":"Interstate"},"geometry":{"type":"LineString","coordinates":[[-71.79605,41.44604],[-71.69359,41.51029],[-71.63802,41.63359],[-71.49041,41.67874],[-71.41573,41.81593]]}},{"type":"Feature","properties":{"name":"2","level":"State"},"geometry":{"type":"LineString","coordinates":[[-72.65566,41.76557],[-72.41254,41.59191],[-72.3205,41.56413],[-72.19025,41.56934],[-72.11037,41.54676]]}},{"type":"Feature","properties":{"name":"91","level":"Interstate"},"geometry":{"type":"LineString","coordinates":[[-72.66435,41.75863],[-72.68519,41.72389],[-72.67129,41.68743],[-72.69039,41.62491]]}},{"type":"Feature","properties":{"name":"29","level":"Interstate"},"geometry":{"type":"LineString","coordinates":[[-97.04787,44.88971],[-97.05134,45.32038]]}},{"type":"Feature","properties":{"name":"190","level":"Interstate"},"geometry":{"type":"LineString","coordinates":[[-79.0116,43.25383],[-79.00292,43.20521],[-79.01855,43.10275],[-78.97166,43.06281],[-78.95603,43.01939],[-78.89004,42.97945],[-78.85878,42.92909]]}},{"type":"Feature","properties":{"name":"190","level":"Interstate"},"geometry":{"type":"LineString","coordinates":[[-78.85878,42.92909],[-78.91088,42.91867]]}},{"type":"Feature","properties":{"name":"95","level":"Interstate"},"geometry":{"type":"LineString","coordinates":[[-72.19373,41.37658],[-72.10169,41.36442],[-71.92108,41.37484],[-71.79605,41.44604]]}},{"type":"Feature","properties":{"name":"395","level":"Interstate"},"geometry":{"type":"LineString","coordinates":[[-72.19373,41.37658],[-72.12079,41.43909],[-72.11037,41.54676]]}},{"type":"Feature","properties":{"name":"10","level":"Federal"},"geometry":{"type":"LineString","coordinates":[[-84.90386,43.86512],[-84.78578,43.86512]]}},{"type":"Feature","properties":{"name":"10","level":"Federal"},"geometry":{"type":"LineString","coordinates":[[-84.78578,43.86512],[-84.74236,43.82691]]}},{"type":"Feature","properties":{"name":"62","level":"Federal"},"geometry":{"type":"LineString","coordinates":[[-78.85878,42.92909],[-78.81015,42.81274]]}},{"type":"Feature","properties":{"name":"95","level":"Interstate"},"geometry":{"type":"LineString","coordinates":[[-72.19373,41.37658],[-72.29098,41.34532],[-72.37954,41.34184]]}},{"type":"Feature","properties":{"name":"84","level":"Interstate"},"geometry":{"type":"LineString","coordinates":[[-116.3397,43.60115],[-116.57587,43.61331],[-116.59498,43.62546],[-116.6957,43.72272],[-116.786,43.87727],[-116.91277,43.97452]]}},{"type":"Feature","properties":{"name":"81","level":"Interstate"},"geometry":{"type":"LineString","coordinates":[[-75.90309,42.13547],[-75.77459,42.10247]]}},{"type":"Feature","properties":{"name":"75","level":"Interstate"},"geometry":{"type":"LineString","coordinates":[[-84.02341,43.98841],[-84.0182,43.67756],[-83.95221,43.61852],[-83.94874,43.59247]]}},{"type":"Feature","properties":{"name":"84","level":"Interstate"},"geometry":{"type":"LineString","coordinates":[[-72.66435,41.75863],[-72.79633,41.7291],[-72.82411,41.66832],[-72.89879,41.61275],[-72.90226,41.57802],[-72.92831,41.55371],[-73.01861,41.53808],[-73.08286,41.55024],[-73.09849,41.52071],[-73.21832,41.47209],[-73.26868,41.41478],[-73.31209,41.42694],[-73.42671,41.41825],[-73.48402,41.38179],[-73.5969,41.38873]]}},{"type":"Feature","properties":{"name":"90","level":"Interstate"},"geometry":{"type":"LineString","coordinates":[[-104.05503,44.54239],[-103.97514,44.54065],[-103.86227,44.50071]]}},{"type":"Feature","properties":{"name":"84","level":"Interstate"},"geometry":{"type":"LineString","coordinates":[[-73.77229,41.53981],[-74.07446,41.51377]]}},{"type":"Feature","properties":{"name":"87","level":"Interstate"},"geometry":{"type":"LineString","coordinates":[[-74.07446,41.51377],[-74.08141,41.65096],[-74.05188,41.77599],[-74.05883,41.85588],[-74.04494,41.93229],[-74.01194,41.97396],[-73.91122,42.22577],[-73.8817,42.25703],[-73.86086,42.34907],[-73.81918,42.40638],[-73.78619,42.51405]]}},{"type":"Feature","properties":{"name":"84","level":"Interstate"},"geometry":{"type":"LineString","coordinates":[[-73.5969,41.38873],[-73.67331,41.49466],[-73.68546,41.53461],[-73.77229,41.53981]]}},{"type":"Feature","properties":{"name":"90","level":"Interstate"},"geometry":{"type":"LineString","coordinates":[[-103.86227,44.50071],[-103.80843,44.4764],[-103.73376,44.47292]]}},{"type":"Feature","properties":{"name":"86","level":"Interstate"},"geometry":{"type":"MultiLineString","coordinates":[[[-76.43797,42.03301],[-76.3494,42.03301],[-76.26431,42.09032],[-76.12712,42.06948],[-75.98992,42.12678],[-75.90657,42.12157],[-75.90309,42.13373]],[[-76.78181,42.0799],[-76.7054,42.01911],[-76.50743,42.00001],[-76.44317,42.02954]]]}},{"type":"Feature","properties":{"name":"20","level":"Federal"},"geometry":{"type":"LineString","coordinates":[[-111.57796,43.9971],[-111.68041,43.97278],[-111.73425,43.89637],[-111.7985,43.85296]]}},{"type":"Feature","properties":{"name":"84","level":"Interstate"},"geometry":{"type":"LineString","coordinates":[[-74.07446,41.51377],[-74.21512,41.50682],[-74.36968,41.44604]]}},{"type":"Feature","properties":{"name":"94","level":"Interstate"},"geometry":{"type":"LineString","coordinates":[[-91.41957,44.76641],[-91.37094,44.74036],[-91.298,44.6379],[-91.19728,44.57712],[-91.06704,44.42777],[-90.54953,44.15165],[-90.50264,44.02141],[-90.44186,43.98841]]}},{"type":"Feature","properties":{"name":"29","level":"Interstate"},"geometry":{"type":"LineString","coordinates":[[-96.78912,44.32705],[-96.77001,44.59796],[-96.89505,44.75599],[-97.04787,44.87234],[-97.04787,44.88971]]}},{"type":"Feature","properties":{"name":"15","level":"Federal"},"geometry":{"type":"MultiLineString","coordinates":[[[-77.11652,42.00149],[-77.10482,41.94965],[-77.12739,41.8854],[-77.07356,41.77773],[-77.08224,41.70826],[-77.07009,41.68916],[-77.10655,41.64401]],[[-77.11652,42.00149],[-77.11524,42.00001]],[[-77.11697,42.00349],[-77.11652,42.00149]],[[-77.10134,42.1702],[-77.15865,42.10768],[-77.14997,42.03995],[-77.11652,42.00149]]]}},{"type":"Feature","properties":{"name":"87","level":"Interstate"},"geometry":{"type":"LineString","coordinates":[[-74.07446,41.51377],[-74.06925,41.42346],[-74.12829,41.30711]]}},{"type":"Feature","properties":{"name":"6","level":"Federal"},"geometry":{"type":"LineString","coordinates":[[-74.12829,41.30711],[-74.19949,41.34532],[-74.28633,41.35574],[-74.34711,41.40262],[-74.36968,41.44604]]}},{"type":"Feature","properties":{"name":"90","level":"Interstate"},"geometry":{"type":"LineString","coordinates":[[-106.6877,44.3722],[-106.5783,44.28537],[-106.34907,44.21591],[-106.31781,44.22112],[-106.24835,44.19854],[-106.19972,44.21938],[-106.05732,44.21591],[-106.02259,44.22806],[-105.90103,44.18118],[-105.83504,44.21243],[-105.65617,44.24196],[-105.59018,44.28016],[-105.48772,44.27669],[-105.46514,44.29232],[-105.12998,44.29405],[-104.98237,44.28363],[-104.94069,44.26627],[-104.62637,44.29405],[-104.56211,44.33052],[-104.49612,44.32879],[-104.43013,44.38088],[-104.29815,44.43472],[-104.22869,44.48682],[-104.21306,44.52155],[-104.05503,44.54239]]}},{"type":"Feature","properties":{"name":"5","level":"Interstate"},"geometry":{"type":"LineString","coordinates":[[-122.86582,42.32476],[-122.66958,42.19451],[-122.60707,42.10074]]}},{"type":"Feature","properties":{"name":"127","level":"Federal"},"geometry":{"type":"LineString","coordinates":[[-84.74236,43.82691],[-84.75973,43.79044],[-84.76146,43.6272],[-84.73889,43.60984],[-84.73541,43.56468],[-84.67811,43.54211],[-84.67463,43.41534],[-84.60343,43.37366],[-84.60343,43.31635],[-84.5687,43.24689]]}},{"type":"Feature","properties":{"name":"35","level":"Interstate"},"geometry":{"type":"LineString","coordinates":[[-93.24646,44.09782],[-93.30724,44.29058],[-93.29335,44.3531],[-93.30898,44.65353],[-93.28293,44.75773],[-93.29856,44.89144]]}},{"type":"Feature","properties":{"name":"84","level":"Interstate"},"geometry":{"type":"LineString","coordinates":[[-74.69095,41.35574],[-74.44088,41.40783],[-74.36968,41.44604]]}},{"type":"Feature","properties":{},"geometry":{"type":"LineString","coordinates":[[-74.69963,41.35574],[-74.69095,41.35574]]}},{"type":"Feature","properties":{"name":"684","level":"Interstate"},"geometry":{"type":"LineString","coordinates":[[-73.70804,41.11088],[-73.65941,41.31753],[-73.5969,41.38873]]}},{"type":"Feature","properties":{"name":"35","level":"Interstate"},"geometry":{"type":"LineString","coordinates":[[-93.24646,44.09782],[-93.25167,44.05788]]}},{"type":"Feature","properties":{"name":"684","level":"Interstate"},"geometry":{"type":"LineString","coordinates":[[-73.71846,41.08656],[-73.70804,41.11088]]}},{"type":"Feature","properties":{"name":"75","level":"Interstate"},"geometry":{"type":"LineString","coordinates":[[-83.94874,43.59247],[-83.94179,43.50738],[-83.92616,43.48133],[-83.89317,43.47264],[-83.88796,43.3945],[-83.86191,43.33372],[-83.76987,43.24689],[-83.76857,43.10624],[-83.73558,42.98526]]}},{"type":"Feature","properties":{"name":"90","level":"Interstate"},"geometry":{"type":"MultiLineString","coordinates":[[[-91.30495,43.8547],[-91.07051,43.88422],[-90.98021,43.87727],[-90.75966,43.94153],[-90.52696,43.94673],[-90.44186,43.98841]],[[-92.35559,43.95021],[-92.20103,43.95889],[-91.86934,43.93284],[-91.66964,43.95542],[-91.64185,43.94847],[-91.61927,43.92069],[-91.40567,43.92416],[-91.30495,43.85991]]]}},{"type":"Feature","properties":{"name":"SBP","level":"State"},"geometry":{"type":"LineString","coordinates":[[-73.81918,41.33316],[-73.80182,41.11261],[-73.82265,41.06225]]}},{"type":"Feature","properties":{"name":"PIP","level":"State"},"geometry":{"type":"LineString","coordinates":[[-73.99284,41.10219],[-74.03625,41.16818],[-74.03452,41.30885]]}},{"type":"Feature","properties":{"name":"87","level":"Interstate"},"geometry":{"type":"LineString","coordinates":[[-73.82265,41.06225],[-73.83307,41.05878]]}},{"type":"Feature","properties":{"name":"87","level":"Interstate"},"geometry":{"type":"LineString","coordinates":[[-73.99284,41.10219],[-73.83307,41.05878]]}},{"type":"Feature","properties":{"name":"684","level":"Interstate"},"geometry":{"type":"LineString","coordinates":[[-73.72193,41.02405],[-73.69067,41.05357]]}},{"type":"Feature","properties":{"name":"684","level":"Interstate"},"geometry":{"type":"LineString","coordinates":[[-73.72193,41.02405],[-73.71846,41.08656]]}},{"type":"Feature","properties":{"name":"87","level":"Interstate"},"geometry":{"type":"LineString","coordinates":[[-73.72193,41.02405],[-73.82265,41.06225]]}},{"type":"Feature","properties":{"name":"87","level":"Interstate"},"geometry":{"type":"LineString","coordinates":[[-73.99284,41.10219],[-74.03973,41.09872]]}},{"type":"Feature","properties":{"name":"75","level":"Interstate"},"geometry":{"type":"LineString","coordinates":[[-83.67783,43.01071],[-83.72993,42.9864]]}},{"type":"Feature","properties":{"name":"87","level":"Interstate"},"geometry":{"type":"LineString","coordinates":[[-74.03973,41.09872],[-74.16129,41.1213]]}},{"type":"Feature","properties":{"name":"87","level":"Interstate"},"geometry":{"type":"LineString","coordinates":[[-74.16129,41.1213],[-74.17866,41.14561],[-74.17692,41.19944],[-74.12829,41.30711]]}},{"type":"Feature","properties":{"name":"87","level":"Interstate"},"geometry":{"type":"LineString","coordinates":[[-74.16129,41.1213],[-74.16476,41.11435]]}},{"type":"Feature","properties":{"name":"90","level":"Interstate"},"geometry":{"type":"LineString","coordinates":[[-103.73376,44.47292],[-103.65735,44.47292],[-103.51842,44.41388],[-103.4368,44.33226],[-103.43506,44.29579],[-103.38297,44.21764],[-103.29787,44.1586],[-103.2614,44.11171],[-103.2232,44.10824]]}},{"type":"Feature","properties":{"name":"20","level":"Federal"},"geometry":{"type":"LineString","coordinates":[[-111.7985,43.85296],[-111.81587,43.79044],[-112.05725,43.49869]]}},{"type":"Feature","properties":{"name":"475","level":"Interstate"},"geometry":{"type":"LineString","coordinates":[[-83.72993,42.9864],[-83.71777,42.95167]]}},{"type":"Feature","properties":{},"geometry":{"type":"LineString","coordinates":[[-112.05725,43.49869],[-112.07462,43.4848]]}},{"type":"Feature","properties":{"name":"15","level":"Interstate"},"geometry":{"type":"LineString","coordinates":[[-112.19445,43.83559],[-112.09025,43.61678],[-112.07115,43.55427],[-112.07462,43.4848]]}},{"type":"Feature","properties":{"name":"27","level":"State"},"geometry":{"type":"LineString","coordinates":[[-73.00646,40.78266],[-72.49416,40.89207]]}},{"type":"Feature","properties":{"name":"84","level":"Interstate"},"geometry":{"type":"LineString","coordinates":[[-75.60961,41.4252],[-75.57488,41.37658],[-75.50368,41.40957],[-75.41338,41.354],[-75.3578,41.35747],[-75.31265,41.34011],[-75.12684,41.36442],[-74.85072,41.3349],[-74.69963,41.35574]]}},{"type":"Feature","properties":{"name":"287","level":"Interstate"},"geometry":{"type":"LineString","coordinates":[[-74.16476,41.11435],[-74.19949,41.02752],[-74.2186,41.02057]]}},{"type":"Feature","properties":{"name":"GSP","level":"State"},"geometry":{"type":"LineString","coordinates":[[-74.03973,41.09872],[-74.08662,40.92159]]}},{"type":"Feature","properties":{"name":"208","level":"State"},"geometry":{"type":"LineString","coordinates":[[-74.2186,41.02057],[-74.08662,40.92159]]}},{"type":"Feature","properties":{"name":"90","level":"Interstate"},"geometry":{"type":"LineString","coordinates":[[-79.76354,42.22403],[-79.89032,42.1511]]}},{"type":"Feature","properties":{"name":"81","level":"Interstate"},"geometry":{"type":"LineString","coordinates":[[-75.60961,41.4252],[-75.70923,41.34275]]}},{"type":"Feature","properties":{"name":"86","level":"Interstate"},"geometry":{"type":"LineString","coordinates":[[-79.76354,42.12678],[-79.89032,42.1511]]}},{"type":"Feature","properties":{"name":"87","level":"Interstate"},"geometry":{"type":"LineString","coordinates":[[-73.83307,41.05878],[-73.8626,40.91117],[-73.91456,40.85414]]}},{"type":"Feature","properties":{"name":"15","level":"Interstate"},"geometry":{"type":"LineString","coordinates":[[-112.07462,43.4848],[-112.26391,43.31983],[-112.35942,43.20347]]}},{"type":"Feature","properties":{"name":"90","level":"Interstate"},"geometry":{"type":"LineString","coordinates":[[-92.93735,43.67409],[-92.74632,43.67583],[-92.51015,43.87727],[-92.39901,43.91548],[-92.35559,43.95021]]}},{"type":"Feature","properties":{"name":"131","level":"Federal"},"geometry":{"type":"LineString","coordinates":[[-85.67839,43.01418],[-85.67839,42.97077]]}},{"type":"Feature","properties":{"name":"96","level":"Interstate"},"geometry":{"type":"LineString","coordinates":[[-84.54439,42.81621],[-84.52529,42.81621]]}},{"type":"Feature","properties":{"name":"90","level":"Interstate"},"geometry":{"type":"LineString","coordinates":[[-100.30051,43.91027],[-100.6131,43.90679],[-100.70861,43.88248]]}},{"type":"Feature","properties":{"name":"35","level":"Interstate"},"geometry":{"type":"LineString","coordinates":[[-93.25167,44.05788],[-93.27599,43.86512],[-93.30724,43.79218],[-93.3194,43.68451]]}},{"type":"Feature","properties":{"name":"69","level":"Interstate"},"geometry":{"type":"LineString","coordinates":[[-84.52529,42.81621],[-84.42109,42.78322],[-84.1415,42.86484],[-84.01473,42.92215],[-83.95916,42.96556],[-83.82544,42.9673],[-83.72993,42.9864]]}},{"type":"Feature","properties":{"name":"90","level":"Interstate"},"geometry":{"type":"LineString","coordinates":[[-93.3194,43.68451],[-93.16311,43.66193],[-93.03286,43.6602],[-92.98945,43.68277],[-92.93735,43.67409]]}},{"type":"Feature","properties":{"name":"287","level":"Interstate"},"geometry":{"type":"LineString","coordinates":[[-74.2186,41.02057],[-74.24117,41.03099],[-74.28806,41.02057],[-74.34016,40.94069],[-74.41657,40.88686],[-74.42004,40.86428]]}},{"type":"Feature","properties":{"name":"90","level":"Interstate"},"geometry":{"type":"LineString","coordinates":[[-100.70861,43.88248],[-101.06461,43.91027],[-101.28516,43.84254],[-101.39978,43.85817],[-101.52828,43.8408],[-101.84608,43.84601],[-102.14651,43.92416],[-102.17603,43.94153],[-102.20729,43.99362],[-102.29933,44.01446],[-102.36359,44.0683],[-102.44694,44.0683],[-102.53203,44.10824],[-103.2232,44.10824]]}},{"type":"Feature","properties":{"name":"495","level":"Interstate"},"geometry":{"type":"MultiLineString","coordinates":[[[-73.97026,40.74446],[-74.00847,40.72188]],[[-72.73902,40.90422],[-72.90052,40.83997],[-73.23395,40.81392],[-73.40413,40.7844],[-73.48402,40.80003],[-73.53264,40.78266],[-73.64205,40.78613],[-73.75959,40.75112]]]}},{"type":"Feature","properties":{"name":"96","level":"Interstate"},"geometry":{"type":"LineString","coordinates":[[-85.67839,42.97077],[-85.60545,42.97251],[-85.52556,42.90478],[-85.46131,42.8822],[-85.00806,42.8822],[-84.87087,42.85615],[-84.78056,42.811],[-84.54439,42.81621]]}},{"type":"Feature","properties":{"name":"90","level":"Interstate"},"geometry":{"type":"LineString","coordinates":[[-79.89032,42.1511],[-80.12302,42.03127]]}},{"type":"Feature","properties":{"name":"127","level":"Federal"},"geometry":{"type":"LineString","coordinates":[[-84.52529,42.81621],[-84.49229,42.67728]]}},{"type":"Feature","properties":{"name":"95","level":"Interstate"},"geometry":{"type":"LineString","coordinates":[[-74.08662,40.92159],[-74.15608,40.87817],[-74.21165,40.75661]]}},{"type":"Feature","properties":{"name":"280","level":"Interstate"},"geometry":{"type":"LineString","coordinates":[[-74.35757,40.8471],[-74.21165,40.75661]]}},{"type":"Feature","properties":{"name":"SSP","level":"State"},"geometry":{"type":"LineString","coordinates":[[-73.17664,40.74619],[-73.22179,40.75487],[-73.41108,40.70972],[-73.72936,40.68154]]}},{"type":"Feature","properties":{"name":"80","level":"Interstate"},"geometry":{"type":"LineString","coordinates":[[-75.08516,40.93027],[-74.73437,40.91291],[-74.69616,40.88859],[-74.5034,40.90596],[-74.42004,40.86428]]}},{"type":"Feature","properties":{"name":"80","level":"Interstate"},"geometry":{"type":"LineString","coordinates":[[-75.6947,41.06746],[-75.50541,41.07614],[-75.32481,41.05878],[-75.29355,41.01189],[-75.25361,40.99279],[-75.14768,40.99453],[-75.08516,40.93027]]}},{"type":"Feature","properties":{"name":"476","level":"Interstate"},"geometry":{"type":"LineString","coordinates":[[-75.76069,41.30016],[-75.80411,41.20465],[-75.77806,41.16645],[-75.7798,41.12998],[-75.6947,41.06746]]}},{"type":"Feature","properties":{"name":"90","level":"Interstate"},"geometry":{"type":"LineString","coordinates":[[-95.00042,43.64109],[-94.62011,43.67756],[-93.93763,43.6602],[-93.56252,43.66367],[-93.41144,43.68972],[-93.3194,43.68451]]}},{"type":"Feature","properties":{"name":"95","level":"Interstate"},"geometry":{"type":"LineString","coordinates":[[-74.21165,40.75661],[-74.24812,40.70799]]}},{"type":"Feature","properties":{"name":"78","level":"Interstate"},"geometry":{"type":"LineString","coordinates":[[-74.00847,40.72188],[-74.08488,40.73056],[-74.18734,40.70451],[-74.24812,40.70799]]}},{"type":"Feature","properties":{"name":"90","level":"Interstate"},"geometry":{"type":"LineString","coordinates":[[-95.57871,43.63936],[-95.00042,43.64109]]}},{"type":"Feature","properties":{"name":"5","level":"Interstate"},"geometry":{"type":"LineString","coordinates":[[-122.6088,42.10247],[-122.60186,42.03822],[-122.61575,42.00696],[-122.5567,41.88019],[-122.57407,41.84893],[-122.57754,41.7812],[-122.6418,41.71348],[-122.62443,41.67353],[-122.52545,41.6388],[-122.46467,41.48598],[-122.41951,41.42694]]}},{"type":"Feature","properties":{"name":"23","level":"Federal"},"geometry":{"type":"LineString","coordinates":[[-83.71777,42.95167],[-83.74555,42.86484],[-83.73861,42.80058],[-83.76813,42.74675],[-83.74208,42.58351],[-83.75598,42.52446]]}},{"type":"Feature","properties":{"name":"96","level":"Interstate"},"geometry":{"type":"LineString","coordinates":[[-84.49229,42.67728],[-84.04599,42.64429],[-83.75598,42.52446]]}},{"type":"Feature","properties":{"name":"90","level":"Interstate"},"geometry":{"type":"LineString","coordinates":[[-100.30051,43.91027],[-100.18068,43.90853],[-100.09906,43.88943],[-99.85941,43.8929],[-99.70312,43.86338],[-99.60414,43.86164],[-99.50341,43.84601],[-99.38706,43.80086],[-99.36275,43.80781],[-99.24813,43.74876],[-98.81051,43.73661],[-98.67158,43.70708],[-98.44235,43.6984]]}},{"type":"Feature","properties":{"name":"278","level":"Interstate"},"geometry":{"type":"LineString","coordinates":[[-74.02757,40.61595],[-74.03105,40.61074]]}},{"type":"Feature","properties":{"name":"35","level":"Interstate"},"geometry":{"type":"LineString","coordinates":[[-93.34892,43.5039],[-93.3524,43.58031],[-93.3194,43.68451]]}},{"type":"Feature","properties":{"name":"278","level":"Interstate"},"geometry":{"type":"MultiLineString","coordinates":[[[-74.16303,40.61595],[-74.03105,40.61074]],[[-74.28861,40.64935],[-74.16323,40.61801]]]}},{"type":"Feature","properties":{"name":"29","level":"Interstate"},"geometry":{"type":"LineString","coordinates":[[-96.77349,43.61331],[-96.78738,43.71924],[-96.77522,43.85122],[-96.75612,43.90332],[-96.75786,43.97799],[-96.78912,43.97278],[-96.78912,44.32705]]}},{"type":"Feature","properties":{"name":"90","level":"Interstate"},"geometry":{"type":"LineString","coordinates":[[-95.57871,43.63936],[-96.22472,43.64283],[-96.26987,43.60636],[-96.42443,43.60289]]}},{"type":"Feature","properties":{"name":"90","level":"Interstate"},"geometry":{"type":"LineString","coordinates":[[-96.42443,43.60289],[-96.77349,43.61331]]}},{"type":"Feature","properties":{"name":"80","level":"Interstate"},"geometry":{"type":"LineString","coordinates":[[-75.6947,41.06746],[-76.01424,41.04489]]}},{"type":"Feature","properties":{"name":"81","level":"Interstate"},"geometry":{"type":"LineString","coordinates":[[-75.76069,41.30016],[-75.96214,41.17166],[-75.96388,41.08135],[-76.01424,41.04489]]}},{"type":"Feature","properties":{"name":"90","level":"Interstate"},"geometry":{"type":"LineString","coordinates":[[-98.44235,43.6984],[-97.8606,43.69319],[-97.78592,43.66367],[-97.29099,43.66541],[-97.09823,43.64457],[-97.03745,43.61331],[-96.77349,43.61331]]}},{"type":"Feature","properties":{"name":"41","level":"Federal"},"geometry":{"type":"LineString","coordinates":[[-88.18776,43.27815],[-88.14782,43.21737],[-88.05057,43.16179],[-88.04189,43.02808]]}},{"type":"Feature","properties":{"name":"94","level":"Interstate"},"geometry":{"type":"LineString","coordinates":[[-82.48652,42.97424],[-82.5091,42.94646],[-82.5091,42.90131],[-82.60461,42.82142],[-82.71054,42.74849],[-82.85295,42.68423],[-82.87899,42.64429],[-82.8842,42.59045],[-82.92588,42.52273],[-82.94499,42.42374],[-83.0596,42.36817]]}},{"type":"Feature","properties":{"name":"75","level":"Interstate"},"geometry":{"type":"LineString","coordinates":[[-83.71777,42.95167],[-83.60142,42.87352],[-83.56148,42.80579],[-83.50243,42.7537],[-83.47812,42.74154],[-83.40345,42.74675],[-83.32009,42.70333],[-83.25063,42.69465],[-83.22458,42.61129],[-83.17074,42.60088],[-83.15338,42.56093],[-83.12559,42.55572],[-83.11255,42.48089]]}},{"type":"Feature","properties":{"name":"10","level":"State"},"geometry":{"type":"LineString","coordinates":[[-83.24134,42.47057],[-83.14643,42.39769],[-83.0596,42.36817]]}},{"type":"Feature","properties":{"name":"75","level":"Interstate"},"geometry":{"type":"LineString","coordinates":[[-82.99535,42.33691],[-83.0596,42.36817]]}},{"type":"Feature","properties":{"name":"94","level":"Interstate"},"geometry":{"type":"LineString","coordinates":[[-89.28529,43.09928],[-88.97791,43.11143],[-88.87719,43.08538],[-88.64275,43.09059],[-88.53508,43.06107],[-88.2225,43.05065],[-88.0992,43.02113],[-88.04189,43.02808]]}},{"type":"Feature","properties":{"name":"90","level":"Interstate"},"geometry":{"type":"LineString","coordinates":[[-89.49021,43.45875],[-89.45374,43.32677],[-89.31308,43.16006],[-89.28529,43.09928]]}},{"type":"Feature","properties":{"name":"94","level":"Interstate"},"geometry":{"type":"LineString","coordinates":[[-88.03842,42.97251],[-88.04189,43.02808]]}},{"type":"Feature","properties":{"name":"94","level":"Interstate"},"geometry":{"type":"LineString","coordinates":[[-87.93075,42.96556],[-88.03842,42.97251]]}},{"type":"Feature","properties":{"name":"78","level":"Interstate"},"geometry":{"type":"LineString","coordinates":[[-74.64927,40.642],[-74.45651,40.65242],[-74.31064,40.7132],[-74.24812,40.70799]]}},{"type":"Feature","properties":{"name":"287","level":"Interstate"},"geometry":{"type":"LineString","coordinates":[[-74.42004,40.86428],[-74.44783,40.81392],[-74.56939,40.69236],[-74.63538,40.66457],[-74.64927,40.642]]}},{"type":"Feature","properties":{"name":"101","level":"Federal"},"geometry":{"type":"MultiLineString","coordinates":[[[-124.09185,40.91812],[-124.11617,40.93027],[-124.10922,41.0553],[-124.15437,41.1074],[-124.11096,41.15429],[-124.11617,41.20118],[-124.10401,41.22028]],[[-124.10227,41.22028],[-124.08143,41.23244],[-124.09012,41.28106],[-124.05365,41.28975],[-124.02934,41.34705]]]}},{"type":"Feature","properties":{"name":"94","level":"Interstate"},"geometry":{"type":"LineString","coordinates":[[-83.0596,42.36817],[-83.13775,42.32649],[-83.17074,42.29002]]}},{"type":"Feature","properties":{"name":"95","level":"Interstate"},"geometry":{"type":"LineString","coordinates":[[-74.30543,40.52043],[-74.32974,40.58469],[-74.24812,40.70799]]}},{"type":"Feature","properties":{"name":"95","level":"Interstate"},"geometry":{"type":"LineString","coordinates":[[-74.34537,40.52738],[-74.30543,40.52043]]}},{"type":"Feature","properties":{"name":"287","level":"Interstate"},"geometry":{"type":"LineString","coordinates":[[-74.34537,40.52738],[-74.47214,40.5569],[-74.53292,40.54127],[-74.56765,40.57774],[-74.62322,40.59685],[-74.64927,40.642]]}},{"type":"Feature","properties":{"name":"GSP","level":"State"},"geometry":{"type":"LineString","coordinates":[[-74.30543,40.52043],[-74.30369,40.47528],[-74.14219,40.36761],[-74.0953,40.31899],[-74.07967,40.26342],[-74.10225,40.16964]]}},{"type":"Feature","properties":{"name":"78","level":"Interstate"},"geometry":{"type":"LineString","coordinates":[[-75.21019,40.66631],[-75.0539,40.66284],[-74.97054,40.63331],[-74.8212,40.65068],[-74.64927,40.642]]}},{"type":"Feature","properties":{"name":"23","level":"Federal"},"geometry":{"type":"LineString","coordinates":[[-83.75598,42.52446],[-83.76292,42.39943],[-83.74208,42.30565]]}},{"type":"Feature","properties":{"name":"80","level":"Interstate"},"geometry":{"type":"LineString","coordinates":[[-76.01424,41.04489],[-76.14622,41.00842],[-76.19484,41.0171],[-76.24173,41.00494],[-76.35287,41.03794],[-76.71929,40.98931],[-76.84086,41.05183]]}},{"type":"Feature","properties":{"name":"94","level":"Interstate"},"geometry":{"type":"LineString","coordinates":[[-83.68477,42.22751],[-83.42255,42.22751],[-83.17074,42.29002]]}},{"type":"Feature","properties":{"name":"94","level":"Interstate"},"geometry":{"type":"LineString","coordinates":[[-83.80634,42.28829],[-83.79592,42.25008],[-83.68477,42.22751]]}},{"type":"Feature","properties":{"name":"94","level":"Interstate"},"geometry":{"type":"LineString","coordinates":[[-84.43498,42.27787],[-84.13108,42.29871],[-83.86364,42.30044],[-83.80634,42.28829]]}},{"type":"Feature","properties":{"name":"127","level":"Federal"},"geometry":{"type":"LineString","coordinates":[[-84.49229,42.67728],[-84.44888,42.55051],[-84.44888,42.43243],[-84.42977,42.39596],[-84.43498,42.27787]]}},{"type":"Feature","properties":{"name":"69","level":"Interstate"},"geometry":{"type":"LineString","coordinates":[[-84.66013,42.72601],[-84.70763,42.63561],[-84.82051,42.57483],[-84.83787,42.51057],[-84.90039,42.46368],[-84.94033,42.45847],[-84.96985,42.31434]]}},{"type":"Feature","properties":{"name":"476","level":"Interstate"},"geometry":{"type":"LineString","coordinates":[[-75.6947,41.06746],[-75.63045,40.99105],[-75.67734,40.8035],[-75.59745,40.68541],[-75.55751,40.57948]]}},{"type":"Feature","properties":{},"geometry":{"type":"LineString","coordinates":[[-75.55751,40.57948],[-75.55577,40.57601]]}},{"type":"Feature","properties":{"name":"78","level":"Interstate"},"geometry":{"type":"LineString","coordinates":[[-75.55751,40.57948],[-75.42727,40.55864],[-75.21019,40.66631]]}},{"type":"Feature","properties":{"name":"15","level":"Interstate"},"geometry":{"type":"LineString","coordinates":[[-112.20139,42.6304],[-112.24481,42.79885],[-112.38547,42.81621],[-112.41152,42.84226],[-112.4341,42.90999]]}},{"type":"Feature","properties":{"name":"80","level":"Interstate"},"geometry":{"type":"LineString","coordinates":[[-76.84086,41.05183],[-76.94679,41.07962],[-77.06835,41.06746],[-77.12218,41.04141],[-77.20728,41.06225],[-77.33579,41.05183],[-77.41046,41.07093],[-77.57543,41.0171],[-77.64316,40.96674],[-77.71436,40.94416],[-77.77341,40.95458]]}},{"type":"Feature","properties":{"name":"131","level":"Federal"},"geometry":{"type":"LineString","coordinates":[[-85.67839,42.97077],[-85.67839,42.73112],[-85.66276,42.67381],[-85.65755,42.49842],[-85.66623,42.30392],[-85.63844,42.23619]]}},{"type":"Feature","properties":{"name":"95","level":"Interstate"},"geometry":{"type":"LineString","coordinates":[[-74.34537,40.52738],[-74.4322,40.44229],[-74.50514,40.28252],[-74.60586,40.19222]]}},{"type":"Feature","properties":{"name":"195","level":"Interstate"},"geometry":{"type":"LineString","coordinates":[[-74.10225,40.16964],[-74.41657,40.15575],[-74.60586,40.19222]]}},{"type":"Feature","properties":{"name":"80","level":"Interstate"},"geometry":{"type":"LineString","coordinates":[[-78.42637,41.0501],[-78.34648,41.01884],[-78.29091,41.01536],[-78.25965,40.99279],[-78.12767,40.9789],[-78.1051,40.96153],[-77.95922,41.02057],[-77.90192,41.02057],[-77.80119,40.98237],[-77.77341,40.95458]]}},{"type":"Feature","properties":{"name":"94","level":"Interstate"},"geometry":{"type":"LineString","coordinates":[[-87.9429,42.49668],[-87.95506,42.80927],[-87.93422,42.86657],[-87.93075,42.96556]]}},{"type":"Feature","properties":{"name":"43","level":"Interstate"},"geometry":{"type":"LineString","coordinates":[[-88.03842,42.97251],[-88.10267,42.96382],[-88.31801,42.85789],[-88.37532,42.80753],[-88.39442,42.76759],[-88.42394,42.76064],[-88.54029,42.65297],[-88.6167,42.62345],[-88.69832,42.62171],[-88.85288,42.58004],[-88.97097,42.53488]]}},{"type":"Feature","properties":{"name":"90","level":"Interstate"},"geometry":{"type":"LineString","coordinates":[[-89.28529,43.09928],[-89.25751,43.02634],[-89.10642,42.97251],[-89.02827,42.83705],[-88.98312,42.71028],[-88.97097,42.53488]]}},{"type":"Feature","properties":{"name":"131","level":"Federal"},"geometry":{"type":"LineString","coordinates":[[-85.63844,42.23619],[-85.6506,42.14936]]}},{"type":"Feature","properties":{"name":"90","level":"Interstate"},"geometry":{"type":"LineString","coordinates":[[-88.97097,42.53488],[-88.9866,42.49842]]}},{"type":"Feature","properties":{"name":"295","level":"Interstate"},"geometry":{"type":"LineString","coordinates":[[-74.73263,40.09497],[-74.60586,40.19222]]}},{"type":"Feature","properties":{"name":"295","level":"Interstate"},"geometry":{"type":"LineString","coordinates":[[-74.82641,40.11581],[-74.73263,40.09497]]}},{"type":"Feature","properties":{"name":"94","level":"Interstate"},"geometry":{"type":"LineString","coordinates":[[-86.3765,42.13373],[-86.3053,42.17541],[-86.1299,42.19625],[-85.99618,42.1893],[-85.75132,42.22577],[-85.66449,42.25529]]}},{"type":"Feature","properties":{"name":"75","level":"Interstate"},"geometry":{"type":"LineString","coordinates":[[-83.17074,42.29002],[-83.25584,42.19277],[-83.24542,42.12678],[-83.36524,42.00522],[-83.52674,41.74473]]}},{"type":"Feature","properties":{"name":"78","level":"Interstate"},"geometry":{"type":"LineString","coordinates":[[-75.55577,40.57601],[-75.9413,40.57948],[-76.18095,40.49959],[-76.51785,40.42492]]}},{"type":"Feature","properties":{"name":"81","level":"Interstate"},"geometry":{"type":"LineString","coordinates":[[-76.01424,41.04489],[-76.00382,41.00668],[-76.03334,40.97542],[-76.0125,40.9268],[-76.02987,40.89728],[-76.0125,40.88512],[-76.14274,40.78961],[-76.28341,40.75835],[-76.44144,40.63852],[-76.40671,40.57948],[-76.43797,40.52043],[-76.51611,40.48223],[-76.51785,40.42492]]}},{"type":"Feature","properties":{"name":"23","level":"Federal"},"geometry":{"type":"LineString","coordinates":[[-83.68304,41.72563],[-83.68825,41.80378],[-83.66046,41.86282],[-83.66393,41.94618],[-83.67956,41.97744],[-83.68477,42.22751]]}},{"type":"Feature","properties":{"name":"276","level":"Interstate"},"geometry":{"type":"LineString","coordinates":[[-75.27792,40.1106],[-75.10252,40.16964],[-75.05216,40.16791],[-74.97575,40.13317],[-74.82641,40.11581]]}},{"type":"Feature","properties":{"name":"476","level":"Interstate"},"geometry":{"type":"LineString","coordinates":[[-75.55577,40.57601],[-75.42379,40.43361],[-75.27792,40.1106]]}},{"type":"Feature","properties":{"name":"80","level":"Interstate"},"geometry":{"type":"LineString","coordinates":[[-80.51896,41.1786],[-80.15949,41.19944]]}},{"type":"Feature","properties":{"name":"299","level":"State"},"geometry":{"type":"LineString","coordinates":[[-122.27538,40.62984],[-122.36221,40.609]]}},{"type":"Feature","properties":{"name":"75","level":"Interstate"},"geometry":{"type":"LineString","coordinates":[[-83.52674,41.74473],[-83.57711,41.67874]]}},{"type":"Feature","properties":{"name":"475","level":"Interstate"},"geometry":{"type":"LineString","coordinates":[[-83.57711,41.67874],[-83.69519,41.6909],[-83.68304,41.72563]]}},{"type":"Feature","properties":{"name":"80","level":"Interstate"},"geometry":{"type":"LineString","coordinates":[[-80.67699,41.15429],[-80.51896,41.1786]]}},{"type":"Feature","properties":{"name":"11","level":"State"},"geometry":{"type":"LineString","coordinates":[[-80.75861,41.82288],[-80.70304,41.73258],[-80.71346,41.43388],[-80.69957,41.34879],[-80.7152,41.2307],[-80.67699,41.15429]]}},{"type":"Feature","properties":{"name":"480","level":"Interstate"},"geometry":{"type":"LineString","coordinates":[[-81.80752,41.33316],[-81.80578,41.41999],[-81.50882,41.41652]]}},{"type":"Feature","properties":{"name":"271","level":"Interstate"},"geometry":{"type":"LineString","coordinates":[[-81.50882,41.41652],[-81.49493,41.25849]]}},{"type":"Feature","properties":{"name":"80","level":"Interstate"},"geometry":{"type":"LineString","coordinates":[[-81.80752,41.33316],[-81.58002,41.25675],[-81.49493,41.25849]]}},{"type":"Feature","properties":{"name":"90","level":"Interstate"},"geometry":{"type":"LineString","coordinates":[[-88.9866,42.49842],[-88.95881,42.25008]]}},{"type":"Feature","properties":{"name":"80","level":"Interstate"},"geometry":{"type":"LineString","coordinates":[[-80.67699,41.15429],[-80.83676,41.11261]]}},{"type":"Feature","properties":{"name":"80","level":"Interstate"},"geometry":{"type":"LineString","coordinates":[[-81.49493,41.25849],[-80.98437,41.2307],[-80.83676,41.11261]]}},{"type":"Feature","properties":{"name":"75","level":"Interstate"},"geometry":{"type":"LineString","coordinates":[[-83.558,41.56065],[-83.55453,41.55892]]}},{"type":"Feature","properties":{"name":"69","level":"Interstate"},"geometry":{"type":"LineString","coordinates":[[-84.96985,42.31434],[-85.00632,42.09032],[-84.97159,42.04516],[-84.9577,41.97917],[-84.99243,41.82983],[-84.98548,41.76036]]}},{"type":"Feature","properties":{"name":"90","level":"Interstate"},"geometry":{"type":"LineString","coordinates":[[-89.01612,42.2223],[-88.95881,42.25008]]}},{"type":"Feature","properties":{"name":"76","level":"Interstate"},"geometry":{"type":"LineString","coordinates":[[-75.27792,40.1106],[-75.3387,40.06718],[-75.35086,40.03592],[-75.21888,39.96299],[-75.18588,39.9161],[-75.13205,39.90221]]}},{"type":"Feature","properties":{},"geometry":{"type":"LineString","coordinates":[[-84.98548,41.76036],[-84.99069,41.73605]]}},{"type":"Feature","properties":{"name":"20","level":"Federal"},"geometry":{"type":"LineString","coordinates":[[-89.20194,42.28134],[-89.15157,42.2605],[-89.12032,42.2223],[-89.01612,42.2223]]}},{"type":"Feature","properties":{},"geometry":{"type":"LineString","coordinates":[[-85.00111,41.73431],[-84.99069,41.73605]]}},{"type":"Feature","properties":{"name":"295","level":"Interstate"},"geometry":{"type":"LineString","coordinates":[[-75.10252,39.87268],[-75.01743,39.87616],[-74.73263,40.09497]]}},{"type":"Feature","properties":{"name":"76","level":"Interstate"},"geometry":{"type":"LineString","coordinates":[[-75.13205,39.90221],[-75.10252,39.87268]]}},{"type":"Feature","properties":{"name":"76","level":"Interstate"},"geometry":{"type":"LineString","coordinates":[[-80.83676,41.11261],[-80.73951,41.0362]]}},{"type":"Feature","properties":{"name":"76","level":"Interstate"},"geometry":{"type":"LineString","coordinates":[[-75.10252,39.87268],[-75.09905,39.85706]]}},{"type":"Feature","properties":{"name":"76","level":"Interstate"},"geometry":{"type":"LineString","coordinates":[[-75.09905,39.85706],[-75.09558,39.83622]]}},{"type":"Feature","properties":{"name":"80","level":"Interstate"},"geometry":{"type":"MultiLineString","coordinates":[[[-83.55453,41.55892],[-83.18985,41.41999],[-82.86163,41.35053],[-82.52994,41.32448],[-82.35975,41.33663],[-82.24687,41.37831],[-82.12879,41.3922],[-81.96902,41.37658],[-81.80752,41.33316]],[[-83.58231,41.57107],[-83.558,41.56065]]]}},{"type":"Feature","properties":{"name":"80","level":"Interstate"},"geometry":{"type":"LineString","coordinates":[[-84.80661,41.63012],[-84.40372,41.60754],[-84.34642,41.59191],[-83.81676,41.60581],[-83.63615,41.59191],[-83.58231,41.57107]]}},{"type":"Feature","properties":{"name":"80","level":"Interstate"},"geometry":{"type":"LineString","coordinates":[[-84.99069,41.73605],[-84.80661,41.63012]]}},{"type":"Feature","properties":{"name":"15","level":"Interstate"},"geometry":{"type":"LineString","coordinates":[[-112.20139,41.71],[-112.17361,41.76731],[-112.17013,41.85414],[-112.23091,42.18236],[-112.20834,42.25703],[-112.21702,42.34386],[-112.16145,42.49147],[-112.20139,42.6304]]}},{"type":"Feature","properties":{"name":"76","level":"Interstate"},"geometry":{"type":"LineString","coordinates":[[-76.87906,40.21132],[-76.82002,40.19396],[-76.78876,40.21306],[-76.563,40.20958],[-76.52132,40.22521],[-76.19311,40.24605],[-76.02639,40.20264],[-75.98992,40.17833],[-75.92567,40.17833],[-75.80758,40.14359],[-75.66518,40.06545],[-75.60093,40.06024],[-75.54883,40.08108],[-75.47415,40.0776],[-75.27792,40.1106]]}},{"type":"Feature","properties":{"name":"80","level":"Interstate"},"geometry":{"type":"LineString","coordinates":[[-85.00111,41.73431],[-85.20603,41.75689],[-85.28244,41.73952],[-85.44047,41.75342],[-85.71833,41.74473]]}},{"type":"Feature","properties":{"name":"94","level":"Interstate"},"geometry":{"type":"LineString","coordinates":[[-87.86476,41.99828],[-87.86649,42.099],[-87.88386,42.13026],[-87.87344,42.17194],[-87.9047,42.22577],[-87.90817,42.33344],[-87.93943,42.36991],[-87.96027,42.46716],[-87.9429,42.49668]]}},{"type":"Feature","properties":{"name":"90","level":"Interstate"},"geometry":{"type":"LineString","coordinates":[[-87.86476,41.99828],[-88.03842,42.05732],[-88.30064,42.06948],[-88.75216,42.22403],[-88.95881,42.25008]]}},{"type":"Feature","properties":{"name":"76","level":"Interstate"},"geometry":{"type":"LineString","coordinates":[[-80.73951,41.0362],[-80.68047,40.98237],[-80.51896,40.90943]]}},{"type":"Feature","properties":{"name":"81","level":"Interstate"},"geometry":{"type":"LineString","coordinates":[[-76.51785,40.42492],[-76.62725,40.39714],[-76.85822,40.29641],[-76.93984,40.31378],[-76.98499,40.27905],[-77.04404,40.27384],[-77.13434,40.22521]]}},{"type":"Feature","properties":{"name":"35","level":"Interstate"},"geometry":{"type":"LineString","coordinates":[[-93.57468,42.44458],[-93.57294,42.54357],[-93.45833,42.6686],[-93.36281,42.81968],[-93.36281,42.90131],[-93.33503,42.98119],[-93.34198,43.09233],[-93.36281,43.1479],[-93.34892,43.5039]]}},{"type":"Feature","properties":{"name":"76","level":"Interstate"},"geometry":{"type":"LineString","coordinates":[[-80.83676,41.11261],[-81.30217,41.11261],[-81.50187,41.06746]]}},{"type":"Feature","properties":{"name":"77","level":"Interstate"},"geometry":{"type":"LineString","coordinates":[[-81.49493,41.25849],[-81.49146,41.21854],[-81.50882,41.18729],[-81.50187,41.06746]]}},{"type":"Feature","properties":{"name":"76","level":"Interstate"},"geometry":{"type":"LineString","coordinates":[[-77.13434,40.22521],[-77.00062,40.19396],[-76.91553,40.19569],[-76.87906,40.21132]]}},{"type":"Feature","properties":{"name":"20","level":"Federal"},"geometry":{"type":"LineString","coordinates":[[-93.90637,42.44458],[-93.57468,42.44458]]}},{"type":"Feature","properties":{"name":"99","level":"Interstate"},"geometry":{"type":"LineString","coordinates":[[-78.43158,40.43881],[-78.31522,40.59858],[-78.22492,40.68888],[-78.06078,40.79726]]}},{"type":"Feature","properties":{"name":"80","level":"Interstate"},"geometry":{"type":"LineString","coordinates":[[-85.71833,41.74473],[-85.77216,41.73258],[-86.11948,41.73431],[-86.2202,41.71521],[-86.33829,41.73084]]}},{"type":"Feature","properties":{"name":"29","level":"Interstate"},"geometry":{"type":"LineString","coordinates":[[-96.44874,42.49321],[-96.48869,42.50189],[-96.49216,42.53141],[-96.5321,42.57309],[-96.68318,42.67728],[-96.80475,42.78669],[-96.81169,42.93951],[-96.78738,43.18958],[-96.79954,43.41186],[-96.77349,43.61331]]}},{"type":"Feature","properties":{"name":"90","level":"Interstate"},"geometry":{"type":"LineString","coordinates":[[-87.86476,41.99828],[-87.77445,41.97223],[-87.67894,41.92187],[-87.64595,41.8854],[-87.639,41.84719]]}},{"type":"Feature","properties":{"name":"294","level":"Interstate"},"geometry":{"type":"LineString","coordinates":[[-87.94638,41.84546],[-87.91859,41.87671],[-87.92033,41.93576],[-87.88386,41.9427],[-87.86476,41.99828]]}},{"type":"Feature","properties":{"name":"29","level":"Interstate"},"geometry":{"type":"LineString","coordinates":[[-96.37581,42.44111],[-96.38275,42.48105],[-96.44874,42.49321]]}},{"type":"Feature","properties":{"name":"31","level":"Federal"},"geometry":{"type":"LineString","coordinates":[[-86.33829,41.73084],[-86.32961,41.65617],[-86.25146,41.62317]]}},{"type":"Feature","properties":{"name":"79","level":"Interstate"},"geometry":{"type":"LineString","coordinates":[[-80.15949,41.19944],[-80.11781,41.01884],[-80.13691,40.95806],[-80.10565,40.85733],[-80.12128,40.77224],[-80.09176,40.66284]]}},{"type":"Feature","properties":{"name":"76","level":"Interstate"},"geometry":{"type":"LineString","coordinates":[[-80.51896,40.90943],[-80.24632,40.7844],[-80.13691,40.72014],[-80.09176,40.66284]]}},{"type":"Feature","properties":{"name":"5","level":"Interstate"},"geometry":{"type":"LineString","coordinates":[[-122.36221,40.609],[-122.35352,40.52564],[-122.28406,40.42666],[-122.27885,40.28773],[-122.22328,40.1818]]}},{"type":"Feature","properties":{"name":"295","level":"Interstate"},"geometry":{"type":"LineString","coordinates":[[-75.50889,39.67819],[-75.32307,39.72507],[-75.09905,39.85706]]}},{"type":"Feature","properties":{"name":"295","level":"Interstate"},"geometry":{"type":"LineString","coordinates":[[-75.53667,39.68687],[-75.50889,39.67819]]}},{"type":"Feature","properties":{"name":"90","level":"Interstate"},"geometry":{"type":"LineString","coordinates":[[-89.01612,42.2223],[-89.02654,42.20319],[-89.01612,41.9045]]}},{"type":"Feature","properties":{"name":"294","level":"Interstate"},"geometry":{"type":"LineString","coordinates":[[-87.94638,41.84546],[-87.92554,41.83851],[-87.89775,41.78468]]}},{"type":"Feature","properties":{"name":"295","level":"Interstate"},"geometry":{"type":"LineString","coordinates":[[-75.64608,39.68687],[-75.59745,39.70597],[-75.53667,39.68687]]}},{"type":"Feature","properties":{"name":"55","level":"Interstate"},"geometry":{"type":"LineString","coordinates":[[-87.85607,41.75515],[-87.81266,41.79683],[-87.639,41.84719]]}},{"type":"Feature","properties":{"name":"294","level":"Interstate"},"geometry":{"type":"LineString","coordinates":[[-87.85607,41.75515],[-87.89775,41.78468]]}},{"type":"Feature","properties":{"name":"GSP","level":"State"},"geometry":{"type":"LineString","coordinates":[[-74.55376,39.41075],[-74.51035,39.52189],[-74.4704,39.54273],[-74.43394,39.60178],[-74.328,39.66256],[-74.27938,39.71118],[-74.22207,39.83969],[-74.21165,39.99425],[-74.10225,40.16964]]}},{"type":"Feature","properties":{"name":"ACE","level":"State"},"geometry":{"type":"LineString","coordinates":[[-75.09558,39.83622],[-75.05564,39.80148],[-75.04695,39.75981],[-74.97575,39.70945],[-74.92365,39.69382],[-74.63885,39.48369],[-74.6267,39.45069],[-74.55376,39.41075]]}},{"type":"Feature","properties":{"name":"88","level":"Interstate"},"geometry":{"type":"LineString","coordinates":[[-89.01612,41.9045],[-88.67227,41.90276],[-88.52293,41.85414],[-88.44131,41.80899],[-88.3649,41.7951],[-88.03668,41.81246],[-87.995,41.83851],[-87.94638,41.84546]]}},{"type":"Feature","properties":{"name":"ACE","level":"State"},"geometry":{"type":"LineString","coordinates":[[-74.55376,39.41075],[-74.43741,39.35865]]}},{"type":"Feature","properties":{"name":"77","level":"Interstate"},"geometry":{"type":"LineString","coordinates":[[-81.50187,41.06746],[-81.49666,41.00842],[-81.42547,40.92332],[-81.43762,40.87991],[-81.38726,40.78613]]}},{"type":"Feature","properties":{"name":"95","level":"Interstate"},"geometry":{"type":"LineString","coordinates":[[-75.64608,39.68687],[-75.78674,39.63998]]}},{"type":"Feature","properties":{"name":"55","level":"Interstate"},"geometry":{"type":"LineString","coordinates":[[-87.639,41.84719],[-87.639,41.77426],[-87.5487,41.6909],[-87.52438,41.64748]]}},{"type":"Feature","properties":{"name":"25","level":"Interstate"},"geometry":{"type":"LineString","coordinates":[[-105.02231,42.23098],[-105.05878,42.33518],[-105.02752,42.52273],[-105.10219,42.61477],[-105.20292,42.65818]]}},{"type":"Feature","properties":{"name":"80","level":"Interstate"},"geometry":{"type":"LineString","coordinates":[[-87.18575,41.56934],[-87.30384,41.56586]]}},{"type":"Feature","properties":{"name":"90","level":"Interstate"},"geometry":{"type":"LineString","coordinates":[[-87.52438,41.64748],[-87.47923,41.60928],[-87.3733,41.6006],[-87.30384,41.56586]]}},{"type":"Feature","properties":{"name":"75","level":"Interstate"},"geometry":{"type":"LineString","coordinates":[[-83.66915,41.0501],[-83.65178,41.17687],[-83.65873,41.23244],[-83.61357,41.39568],[-83.62226,41.53287],[-83.58231,41.57107]]}},{"type":"Feature","properties":{"name":"80","level":"Interstate"},"geometry":{"type":"LineString","coordinates":[[-87.47055,41.54155],[-87.30384,41.56586]]}},{"type":"Feature","properties":{"name":"80","level":"Interstate"},"geometry":{"type":"LineString","coordinates":[[-87.52612,41.55197],[-87.47055,41.54155]]}},{"type":"Feature","properties":{"name":"80","level":"Interstate"},"geometry":{"type":"LineString","coordinates":[[-87.7432,41.5676],[-87.69631,41.58149],[-87.52612,41.55197]]}},{"type":"Feature","properties":{"name":"80","level":"Interstate"},"geometry":{"type":"LineString","coordinates":[[-87.7432,41.5676],[-87.68589,41.61623],[-87.85607,41.75515]]}},{"type":"Feature","properties":{"name":"80","level":"Interstate"},"geometry":{"type":"LineString","coordinates":[[-87.32468,41.46861],[-87.30384,41.56586]]}},{"type":"Feature","properties":{"name":"76","level":"Interstate"},"geometry":{"type":"LineString","coordinates":[[-78.24402,39.9873],[-78.16761,40.02724],[-78.01306,40.03766],[-77.8255,40.08976],[-77.69526,40.16096],[-77.64316,40.14707],[-77.41046,40.19569],[-77.13434,40.22521]]}},{"type":"Feature","properties":{"name":"30","level":"Federal"},"geometry":{"type":"LineString","coordinates":[[-82.41532,40.77919],[-82.59419,40.7705],[-82.6845,40.78613]]}},{"type":"Feature","properties":{"name":"76","level":"Interstate"},"geometry":{"type":"LineString","coordinates":[[-80.09176,40.66284],[-79.99798,40.642],[-79.98062,40.61768],[-79.88163,40.5899],[-79.82433,40.54301],[-79.7757,40.49091],[-79.75139,40.43534],[-79.68366,40.38672],[-79.68366,40.29468],[-79.60551,40.22]]}},{"type":"Feature","properties":{"name":"69","level":"Interstate"},"geometry":{"type":"LineString","coordinates":[[-85.00111,41.73431],[-85.0098,41.66659],[-85.04279,41.64748],[-85.05321,41.59539],[-85.05321,41.4252],[-85.08968,41.34705],[-85.08447,41.25328],[-85.12788,41.13692],[-85.15914,41.12651]]}},{"type":"Feature","properties":{"name":"80","level":"Interstate"},"geometry":{"type":"LineString","coordinates":[[-87.7432,41.5676],[-87.79529,41.5485],[-87.91164,41.55024],[-88.00021,41.5155],[-88.12698,41.51377],[-88.19645,41.48772]]}},{"type":"Feature","properties":{"name":"294","level":"Interstate"},"geometry":{"type":"LineString","coordinates":[[-88.19645,41.48772],[-88.16519,41.63706],[-88.028,41.73084],[-87.89775,41.78468]]}},{"type":"Feature","properties":{"name":"219","level":"Federal"},"geometry":{"type":"LineString","coordinates":[[-79.04286,40.00293],[-79.0637,40.05676],[-79.04807,40.08455],[-78.96645,40.20958],[-78.85183,40.27558],[-78.78758,40.34157],[-78.76153,40.39887],[-78.77021,40.45618],[-78.75632,40.4666],[-78.70769,40.48049],[-78.58787,40.44055],[-78.51841,40.4666],[-78.43158,40.43881]]}},{"type":"Feature","properties":{"name":"70","level":"Interstate"},"geometry":{"type":"LineString","coordinates":[[-79.60551,40.22],[-79.47006,40.15401],[-79.4388,40.15749],[-79.38149,40.10886],[-79.29814,40.12796],[-79.04286,40.00293]]}},{"type":"Feature","properties":{"name":"81","level":"Interstate"},"geometry":{"type":"LineString","coordinates":[[-77.13434,40.22521],[-77.16907,40.18701],[-77.2368,40.1818],[-77.47298,40.06892],[-77.66053,39.897],[-77.74041,39.7216]]}},{"type":"Feature","properties":{"name":"80","level":"Interstate"},"geometry":{"type":"LineString","coordinates":[[-90.56342,41.59365],[-90.40539,41.59539],[-90.36372,41.58149]]}},{"type":"Feature","properties":{"name":"61","level":"Federal"},"geometry":{"type":"LineString","coordinates":[[-90.56342,41.59365],[-90.56864,41.86977]]}},{"type":"Feature","properties":{"name":"80","level":"Interstate"},"geometry":{"type":"LineString","coordinates":[[-91.62969,41.68569],[-91.38657,41.65269],[-90.91074,41.63359],[-90.56342,41.59365]]}},{"type":"Feature","properties":{"name":"79","level":"Interstate"},"geometry":{"type":"LineString","coordinates":[[-80.10598,40.4268],[-80.10044,40.37977],[-80.15601,40.31552],[-80.15775,40.26342],[-80.20811,40.2339],[-80.24632,40.18701]]}},{"type":"Feature","properties":{"name":"75","level":"Interstate"},"geometry":{"type":"LineString","coordinates":[[-84.00431,40.81045],[-83.73861,40.95979],[-83.67088,41.02231],[-83.66915,41.0501]]}},{"type":"Feature","properties":{"name":"70","level":"Interstate"},"geometry":{"type":"LineString","coordinates":[[-80.24632,40.18701],[-80.19422,40.15922]]}},{"type":"Feature","properties":{"name":"70","level":"Interstate"},"geometry":{"type":"LineString","coordinates":[[-79.60551,40.22],[-79.67324,40.20958],[-79.73923,40.16443],[-79.83648,40.14533],[-79.90595,40.10539],[-80.09697,40.16443],[-80.19422,40.15922]]}},{"type":"Feature","properties":{"name":"88","level":"Interstate"},"geometry":{"type":"LineString","coordinates":[[-90.33419,41.53461],[-90.25257,41.55024],[-90.197,41.59539],[-90.18658,41.62838],[-90.11365,41.68222],[-90.05981,41.70132],[-89.841,41.76557],[-89.69117,41.75422]]}},{"type":"Feature","properties":{"name":"80","level":"Interstate"},"geometry":{"type":"LineString","coordinates":[[-90.36372,41.58149],[-90.33419,41.56586],[-90.33419,41.53461]]}},{"type":"Feature","properties":{"name":"13","level":"Federal"},"geometry":{"type":"LineString","coordinates":[[-75.50194,39.16415],[-75.56272,39.23362],[-75.58703,39.30829],[-75.63219,39.33434]]}},{"type":"Feature","properties":{"name":"70","level":"Interstate"},"geometry":{"type":"LineString","coordinates":[[-78.24402,39.9873],[-78.22145,39.94389],[-78.27876,39.82406],[-78.26139,39.79627],[-78.21797,39.7928],[-78.18672,39.72334]]}},{"type":"Feature","properties":{"name":"95","level":"Interstate"},"geometry":{"type":"LineString","coordinates":[[-76.15095,39.56241],[-76.21916,39.49932],[-76.39281,39.43159],[-76.50222,39.35344]]}},{"type":"Feature","properties":{"name":"83","level":"Interstate"},"geometry":{"type":"LineString","coordinates":[[-76.64318,39.42081],[-76.66372,39.46458],[-76.67935,39.59483],[-76.67762,39.6313],[-76.64636,39.6834],[-76.66199,39.7216]]}},{"type":"Feature","properties":{},"geometry":{"type":"LineString","coordinates":[[-78.18672,39.72334],[-78.18324,39.70771]]}},{"type":"Feature","properties":{"name":"80","level":"Interstate"},"geometry":{"type":"LineString","coordinates":[[-88.19645,41.48772],[-88.30412,41.46167],[-88.45173,41.38005],[-89.0578,41.36616]]}},{"type":"Feature","properties":{"name":"39","level":"Interstate"},"geometry":{"type":"LineString","coordinates":[[-89.01612,41.9045],[-89.0057,41.72389],[-89.0578,41.65964],[-89.0578,41.36616]]}},{"type":"Feature","properties":{"name":"81","level":"Interstate"},"geometry":{"type":"LineString","coordinates":[[-77.74041,39.7216],[-77.74215,39.66777],[-77.79425,39.60872]]}},{"type":"Feature","properties":{"name":"70","level":"Interstate"},"geometry":{"type":"LineString","coordinates":[[-77.79425,39.60872],[-77.84808,39.65214],[-78.03563,39.64519],[-78.17977,39.70423]]}},{"type":"Feature","properties":{"name":"81","level":"Interstate"},"geometry":{"type":"LineString","coordinates":[[-77.79425,39.60872],[-77.90192,39.57573],[-77.93491,39.54273],[-78.05647,39.3656],[-78.1051,39.25967],[-78.14156,39.22494],[-78.12941,39.18326],[-78.20234,39.07732],[-78.26834,39.02002],[-78.29959,39.01133]]}},{"type":"Feature","properties":{"name":"80","level":"Interstate"},"geometry":{"type":"LineString","coordinates":[[-90.33419,41.44257],[-90.33419,41.53461]]}},{"type":"Feature","properties":{"name":"80","level":"Interstate"},"geometry":{"type":"LineString","coordinates":[[-89.0578,41.36616],[-89.22277,41.36789],[-89.33913,41.40262],[-89.80453,41.38526],[-89.9452,41.41652],[-90.00077,41.40436],[-90.10496,41.41131],[-90.18137,41.43562],[-90.33419,41.44257]]}},{"type":"Feature","properties":{"name":"70","level":"Interstate"},"geometry":{"type":"LineString","coordinates":[[-80.7534,40.06197],[-80.65789,40.04287],[-80.49465,40.10191],[-80.40782,40.10713],[-80.3071,40.14359],[-80.24632,40.18701]]}},{"type":"Feature","properties":{"name":"15","level":"Interstate"},"geometry":{"type":"LineString","coordinates":[[-112.20139,41.71],[-112.08678,41.64054],[-112.0642,41.60407],[-112.0451,41.48251],[-112.05205,41.44083],[-112.00516,41.24459],[-112.01384,41.1786]]}},{"type":"Feature","properties":{"name":"95","level":"Interstate"},"geometry":{"type":"LineString","coordinates":[[-76.50222,39.35344],[-76.54216,39.32045],[-76.55258,39.27703]]}},{"type":"Feature","properties":{"name":"35","level":"Interstate"},"geometry":{"type":"LineString","coordinates":[[-93.57642,41.64401],[-93.57468,42.44458]]}},{"type":"Feature","properties":{"name":"95","level":"Interstate"},"geometry":{"type":"LineString","coordinates":[[-76.55258,39.27703],[-76.57516,39.25446]]}},{"type":"Feature","properties":{"name":"80","level":"Interstate"},"geometry":{"type":"LineString","coordinates":[[-109.91082,41.54676],[-110.18347,41.3922],[-110.54815,41.30364],[-110.64367,41.29669],[-110.72702,41.31406]]}},{"type":"Feature","properties":{"name":"80","level":"Interstate"},"geometry":{"type":"LineString","coordinates":[[-110.72702,41.31406],[-110.82254,41.27238],[-110.93368,41.26891],[-111.04482,41.24459]]}},{"type":"Feature","properties":{"name":"235","level":"Interstate"},"geometry":{"type":"LineString","coordinates":[[-93.59031,41.59886],[-93.57642,41.64401]]}},{"type":"Feature","properties":{"name":"30","level":"Federal"},"geometry":{"type":"LineString","coordinates":[[-80.73951,41.0362],[-80.71693,40.95458],[-80.73777,40.79655],[-80.69957,40.72709],[-80.60406,40.67673],[-80.58989,40.65432]]}},{"type":"Feature","properties":{"name":"895","level":"Interstate"},"geometry":{"type":"LineString","coordinates":[[-76.59079,39.23362],[-76.62204,39.22841]]}},{"type":"Feature","properties":{"name":"70","level":"Interstate"},"geometry":{"type":"LineString","coordinates":[[-76.74291,39.30399],[-76.89122,39.29093],[-77.29063,39.38644],[-77.43651,39.39859]]}},{"type":"Feature","properties":{"name":"70","level":"Interstate"},"geometry":{"type":"LineString","coordinates":[[-77.79425,39.60872],[-77.77167,39.59657],[-77.664,39.5983],[-77.62232,39.57052],[-77.58933,39.51147],[-77.48861,39.41596],[-77.43651,39.39859]]}},{"type":"Feature","properties":{"name":"235","level":"Interstate"},"geometry":{"type":"LineString","coordinates":[[-93.78481,41.58149],[-93.59031,41.59886]]}},{"type":"Feature","properties":{"name":"80","level":"Interstate"},"geometry":{"type":"LineString","coordinates":[[-114.95563,41.10046],[-114.82191,41.11261],[-114.64652,41.07267],[-114.55101,41.07614],[-114.32872,40.91985],[-114.23668,40.88338],[-114.10817,40.75661],[-114.04045,40.74098]]}},{"type":"Feature","properties":{"name":"50","level":"Federal"},"geometry":{"type":"LineString","coordinates":[[-76.15837,38.98007],[-76.20005,38.96445],[-76.30966,38.97339]]}},{"type":"Feature","properties":{"name":"80","level":"Interstate"},"geometry":{"type":"LineString","coordinates":[[-94.96048,41.49119],[-94.25716,41.48598],[-94.19812,41.51724],[-94.09219,41.51724],[-93.84906,41.55718],[-93.78481,41.58149]]}},{"type":"Feature","properties":{"name":"80","level":"Interstate"},"geometry":{"type":"LineString","coordinates":[[-95.58045,41.49119],[-94.96048,41.49119]]}},{"type":"Feature","properties":{"name":"77","level":"Interstate"},"geometry":{"type":"LineString","coordinates":[[-81.38726,40.78613],[-81.45499,40.64026],[-81.51229,40.57601],[-81.47756,40.49091],[-81.54355,40.41797],[-81.5696,40.35546],[-81.5696,40.31031],[-81.54355,40.26689],[-81.55571,40.22869],[-81.54355,40.13838],[-81.56787,40.06892],[-81.54355,39.99598]]}},{"type":"Feature","properties":{"name":"80","level":"Interstate"},"geometry":{"type":"LineString","coordinates":[[-111.04482,41.24459],[-111.07782,41.23418],[-111.19938,41.10914],[-111.4425,40.96848]]}},{"type":"Feature","properties":{"name":"84","level":"Interstate"},"geometry":{"type":"LineString","coordinates":[[-111.4425,40.96848],[-111.5467,41.06573],[-111.66305,41.04489],[-111.80198,41.14214],[-111.95132,41.13692],[-112.01384,41.1786]]}},{"type":"Feature","properties":{"name":"79","level":"Interstate"},"geometry":{"type":"LineString","coordinates":[[-80.19422,40.15922],[-80.20811,40.13144],[-80.18033,40.04808],[-80.16643,39.92999],[-79.97367,39.56878]]}},{"type":"Feature","properties":{"name":"50","level":"Federal"},"geometry":{"type":"LineString","coordinates":[[-76.4015,39.00612],[-76.41018,39.02002],[-76.46228,39.02523],[-76.54911,38.98181],[-76.60294,38.98181]]}},{"type":"Feature","properties":{"name":"97","level":"Interstate"},"geometry":{"type":"LineString","coordinates":[[-76.58037,38.98702],[-76.63073,39.05649],[-76.65157,39.15026],[-76.62204,39.22841]]}},{"type":"Feature","properties":{"name":"395","level":"Federal"},"geometry":{"type":"LineString","coordinates":[[-120.03864,39.7737],[-120.03343,39.71639],[-119.98134,39.65561],[-119.85977,39.6174],[-119.81289,39.5792]]}},{"type":"Feature","properties":{"name":"71","level":"Interstate"},"geometry":{"type":"LineString","coordinates":[[-82.41532,40.77919],[-82.45353,40.73056],[-82.54036,40.67325],[-82.60114,40.58295],[-82.66366,40.55169],[-82.71576,40.49439],[-82.81648,40.43187],[-82.83384,40.36414],[-82.92415,40.30162],[-82.93283,40.18701],[-82.96409,40.15922],[-82.97798,40.10886]]}},{"type":"Feature","properties":{"name":"270","level":"Interstate"},"geometry":{"type":"LineString","coordinates":[[-77.43651,39.39859],[-77.33926,39.30482],[-77.32363,39.26314],[-77.27674,39.2232],[-77.14823,39.03217]]}},{"type":"Feature","properties":{"name":"15","level":"Interstate"},"geometry":{"type":"LineString","coordinates":[[-112.01384,41.1786],[-112.00516,41.1074],[-111.91485,40.99973],[-111.88533,40.9841],[-111.87665,40.95285],[-111.88012,40.86602],[-111.91312,40.80003],[-111.90617,40.76703]]}},{"type":"Feature","properties":{"name":"74","level":"Interstate"},"geometry":{"type":"LineString","coordinates":[[-90.33246,40.9841],[-90.33419,41.44257]]}},{"type":"Feature","properties":{"name":"50","level":"Federal"},"geometry":{"type":"LineString","coordinates":[[-76.6012,38.98181],[-76.6672,38.95403],[-76.87385,38.94708],[-76.93116,38.91756]]}},{"type":"Feature","properties":{"name":"295","level":"State"},"geometry":{"type":"LineString","coordinates":[[-76.77836,39.11471],[-76.8478,39.04607],[-76.86169,39.00612],[-76.93116,38.91756]]}},{"type":"Feature","properties":{"name":"50","level":"Federal"},"geometry":{"type":"LineString","coordinates":[[-76.93116,38.91756],[-77.00583,38.90888]]}},{"type":"Feature","properties":{"name":"80","level":"Interstate"},"geometry":{"type":"LineString","coordinates":[[-111.90617,40.76703],[-111.85928,40.71841]]}},{"type":"Feature","properties":{"name":"66","level":"Interstate"},"geometry":{"type":"LineString","coordinates":[[-77.21943,38.88456],[-77.18296,38.89845],[-77.1135,38.88283],[-77.00583,38.90888]]}},{"type":"Feature","properties":{"name":"80","level":"Interstate"},"geometry":{"type":"LineString","coordinates":[[-95.58045,41.49119],[-95.61692,41.42346],[-95.6777,41.35921],[-95.75063,41.30537],[-95.82531,41.27412]]}},{"type":"Feature","properties":{"name":"29","level":"Interstate"},"geometry":{"type":"LineString","coordinates":[[-95.90693,41.48945],[-95.89303,41.46341],[-95.89477,41.38179],[-95.82357,41.31406],[-95.82531,41.27412]]}},{"type":"Feature","properties":{"name":"80","level":"Interstate"},"geometry":{"type":"LineString","coordinates":[[-111.4425,40.96848],[-111.41124,40.93548],[-111.38519,40.83476],[-111.40603,40.80871],[-111.4425,40.79829],[-111.47029,40.74619],[-111.49807,40.7323]]}},{"type":"Feature","properties":{"name":"395","level":"Interstate"},"geometry":{"type":"LineString","coordinates":[[-77.00583,38.90888],[-77.01278,38.88283],[-77.17081,38.79252]]}},{"type":"Feature","properties":{"name":"80","level":"Interstate"},"geometry":{"type":"LineString","coordinates":[[-111.49807,40.7323],[-111.5328,40.72535],[-111.59532,40.75487],[-111.66826,40.73577],[-111.71167,40.75487],[-111.79677,40.71146],[-111.85928,40.71841]]}},{"type":"Feature","properties":{"name":"25","level":"Interstate"},"geometry":{"type":"LineString","coordinates":[[-104.83649,41.21681],[-104.8747,41.43041],[-104.90249,41.50161],[-104.82955,41.69958],[-104.82955,41.75515],[-104.79482,41.7812],[-104.85733,41.86109],[-104.94069,41.91839],[-104.96674,42.07642],[-105.00147,42.13547],[-104.99974,42.18409],[-105.02231,42.23098]]}},{"type":"Feature","properties":{"name":"80","level":"Interstate"},"geometry":{"type":"LineString","coordinates":[[-119.7851,39.53405],[-119.65659,39.51495],[-119.53503,39.57052],[-119.48467,39.57052],[-119.44994,39.59483],[-119.3058,39.61914],[-119.24328,39.60351]]}},{"type":"Feature","properties":{"name":"29","level":"Interstate"},"geometry":{"type":"LineString","coordinates":[[-95.82531,41.27412],[-95.87393,41.24286]]}},{"type":"Feature","properties":{"name":"29","level":"Interstate"},"geometry":{"type":"LineString","coordinates":[[-95.90519,41.23938],[-95.87393,41.24286]]}},{"type":"Feature","properties":{"name":"71","level":"Interstate"},"geometry":{"type":"LineString","coordinates":[[-82.97798,40.10886],[-82.99014,40.08629],[-82.98319,39.95257]]}},{"type":"Feature","properties":{"name":"70","level":"Interstate"},"geometry":{"type":"LineString","coordinates":[[-82.92762,39.92826],[-82.74528,39.94562],[-82.27292,39.9352],[-81.97597,39.9543],[-81.87003,39.98035],[-81.80404,39.96472],[-81.68422,39.97514],[-81.64775,40.00119],[-81.54355,39.99598]]}},{"type":"Feature","properties":{"name":"71","level":"Interstate"},"geometry":{"type":"LineString","coordinates":[[-82.92762,39.92826],[-82.95019,39.95083],[-82.98319,39.95257]]}},{"type":"Feature","properties":{"name":"25","level":"Interstate"},"geometry":{"type":"LineString","coordinates":[[-104.85212,41.11609],[-104.83649,41.21681]]}},{"type":"Feature","properties":{"name":"71","level":"Interstate"},"geometry":{"type":"LineString","coordinates":[[-83.01445,39.95083],[-83.01445,39.9161],[-83.03876,39.89352]]}},{"type":"Feature","properties":{"name":"66","level":"Interstate"},"geometry":{"type":"LineString","coordinates":[[-78.29959,39.01133],[-78.10683,38.91756],[-77.96443,38.90366],[-77.83766,38.85504],[-77.77341,38.85851],[-77.63274,38.81683]]}},{"type":"Feature","properties":{"name":"66","level":"Interstate"},"geometry":{"type":"LineString","coordinates":[[-77.63274,38.81683],[-77.51292,38.80121],[-77.4313,38.84636],[-77.21943,38.88456]]}},{"type":"Feature","properties":{"name":"74","level":"Interstate"},"geometry":{"type":"LineString","coordinates":[[-89.485,40.61942],[-89.60483,40.66978],[-89.63087,40.71841],[-89.8931,40.83649],[-90.31683,40.92853],[-90.33246,40.9841]]}},{"type":"Feature","properties":{"name":"25","level":"Interstate"},"geometry":{"type":"LineString","coordinates":[[-104.99105,40.40756],[-104.99452,40.74793],[-104.95285,40.88859],[-104.85212,41.11609]]}},{"type":"Feature","properties":{"name":"79","level":"Interstate"},"geometry":{"type":"LineString","coordinates":[[-80.26889,39.28224],[-80.22548,39.32739],[-80.19769,39.42985],[-80.05008,39.52016],[-79.99798,39.5271],[-79.97367,39.56878]]}},{"type":"Feature","properties":{"name":"50","level":"Federal"},"geometry":{"type":"LineString","coordinates":[[-80.26889,39.28224],[-80.36441,39.28572]]}},{"type":"Feature","properties":{"name":"77","level":"Interstate"},"geometry":{"type":"LineString","coordinates":[[-81.50014,39.26835],[-81.42547,39.42291],[-81.45325,39.50626],[-81.45499,39.64519],[-81.55571,39.78412],[-81.52271,39.9352],[-81.54355,39.99598]]}},{"type":"Feature","properties":{"name":"74","level":"Interstate"},"geometry":{"type":"LineString","coordinates":[[-89.485,40.61942],[-89.28356,40.62289],[-89.17241,40.60379],[-89.09427,40.54822],[-89.02654,40.53606],[-89.03001,40.50654]]}},{"type":"Feature","properties":{"name":"70","level":"Interstate"},"geometry":{"type":"LineString","coordinates":[[-82.98319,39.95257],[-83.03008,39.94736],[-83.11517,39.98209],[-83.26278,39.97862],[-83.4347,39.94041],[-83.66741,39.9352],[-83.72298,39.89526],[-83.92442,39.89179],[-84.0512,39.86227]]}},{"type":"Feature","properties":{"name":"75","level":"Interstate"},"geometry":{"type":"LineString","coordinates":[[-84.1936,39.86574],[-84.18665,39.77891],[-84.20228,39.75286]]}},{"type":"Feature","properties":{"name":"70","level":"Interstate"},"geometry":{"type":"LineString","coordinates":[[-84.0512,39.86227],[-84.25785,39.864],[-84.47666,39.83622],[-84.81356,39.83795]]}},{"type":"Feature","properties":{"name":"80","level":"Interstate"},"geometry":{"type":"LineString","coordinates":[[-97.0444,40.8226],[-96.82906,40.84518],[-96.76307,40.82955],[-96.66755,40.8938],[-96.50432,40.89901],[-96.30808,41.00842],[-96.29245,41.02752],[-96.29592,41.05704],[-96.26119,41.0883],[-96.11879,41.17166],[-96.09795,41.24459],[-96.07885,41.25849],[-95.90519,41.23938]]}},{"type":"Feature","properties":{"name":"50","level":"State"},"geometry":{"type":"LineString","coordinates":[[-81.56787,39.28051],[-81.54529,39.26314],[-81.50014,39.26835]]}},{"type":"Feature","properties":{"name":"70","level":"Interstate"},"geometry":{"type":"LineString","coordinates":[[-97.5949,40.82086],[-97.0444,40.8226]]}},{"type":"Feature","properties":{"name":"74","level":"Interstate"},"geometry":{"type":"LineString","coordinates":[[-87.53307,40.11581],[-87.24827,40.12623]]}},{"type":"Feature","properties":{"name":"80","level":"Interstate"},"geometry":{"type":"LineString","coordinates":[[-98.38505,40.80697],[-97.5949,40.82086]]}},{"type":"Feature","properties":{"name":"69","level":"Interstate"},"geometry":{"type":"LineString","coordinates":[[-86.05349,39.89179],[-85.99271,39.96472],[-85.90414,39.99251],[-85.77911,39.99946],[-85.75132,40.02898],[-85.58634,40.07239],[-85.54467,40.43013],[-85.55335,40.58469],[-85.34669,40.82955],[-85.34496,40.88686],[-85.25292,41.00842],[-85.25118,41.05704],[-85.2234,41.09351],[-85.15914,41.12651]]}},{"type":"Feature","properties":{"name":"57","level":"Interstate"},"geometry":{"type":"LineString","coordinates":[[-88.28501,40.14707],[-88.19992,40.24084],[-88.17734,40.33115],[-88.0662,40.5569],[-88.028,40.72535],[-88.01063,40.73924],[-88.00369,40.83129],[-87.95332,40.91638],[-87.93248,40.92332],[-87.87518,41.07614],[-87.83871,41.08656],[-87.83697,41.15429],[-87.86476,41.1786],[-87.86823,41.21507],[-87.81613,41.35574],[-87.76751,41.40089],[-87.7432,41.5676]]}},{"type":"Feature","properties":{"name":"74","level":"Interstate"},"geometry":{"type":"LineString","coordinates":[[-89.02133,40.44229],[-88.96402,40.43013],[-88.76431,40.33809],[-88.66533,40.26516],[-88.33364,40.18006],[-88.28501,40.14707]]}},{"type":"Feature","properties":{"name":"74","level":"Interstate"},"geometry":{"type":"LineString","coordinates":[[-88.28501,40.14707],[-88.17213,40.12275],[-87.72236,40.1297],[-87.65984,40.10365],[-87.53307,40.11581]]}},{"type":"Feature","properties":{"name":"50","level":"Federal"},"geometry":{"type":"LineString","coordinates":[[-82.06627,39.32566],[-81.9968,39.33955],[-81.93081,39.30829],[-81.91692,39.27703],[-81.85961,39.22667],[-81.82141,39.21972],[-81.67727,39.29093],[-81.56787,39.28051]]}},{"type":"Feature","properties":{"name":"35","level":"Interstate"},"geometry":{"type":"LineString","coordinates":[[-93.92547,40.57601],[-93.84212,40.65763],[-93.80217,40.83649],[-93.80738,40.99453],[-93.78133,41.08135],[-93.78481,41.58149]]}},{"type":"Feature","properties":{"name":"15","level":"Interstate"},"geometry":{"type":"LineString","coordinates":[[-111.90617,40.76008],[-111.89054,40.51523],[-111.90964,40.44402],[-111.74988,40.35372],[-111.71688,40.28252],[-111.66305,40.23737],[-111.64047,40.16443],[-111.66999,40.11234]]}},{"type":"Feature","properties":{"name":"65","level":"Interstate"},"geometry":{"type":"LineString","coordinates":[[-87.32468,41.46861],[-87.32989,41.38352],[-87.30384,41.32274],[-87.29515,41.20118],[-87.26737,41.15082],[-87.27432,41.00668],[-87.16144,40.82086],[-86.99125,40.61074],[-86.85927,40.49439],[-86.84538,40.43534],[-86.79328,40.39193],[-86.75681,40.33288],[-86.61615,40.23216],[-86.52411,40.13144],[-86.48937,40.04634],[-86.4477,40.02898],[-86.2723,39.86227]]}},{"type":"Feature","properties":{"name":"80","level":"Interstate"},"geometry":{"type":"LineString","coordinates":[[-121.25947,38.75432],[-121.4175,38.62234],[-121.47307,38.55635]]}},{"type":"Feature","properties":{"name":"70","level":"Interstate"},"geometry":{"type":"LineString","coordinates":[[-84.81356,39.83795],[-84.87781,39.87442],[-84.90734,39.87442],[-84.9768,39.85879],[-85.48736,39.85358],[-85.55335,39.82927],[-85.86941,39.82232],[-86.04654,39.79975]]}},{"type":"Feature","properties":{"name":"465","level":"Interstate"},"geometry":{"type":"LineString","coordinates":[[-86.05349,39.89179],[-86.03439,39.80148]]}},{"type":"Feature","properties":{"name":"74","level":"Interstate"},"geometry":{"type":"LineString","coordinates":[[-87.24827,40.12623],[-87.05377,40.10886],[-86.85927,40.07066],[-86.65782,39.96993],[-86.55016,39.89526],[-86.43554,39.88484],[-86.27577,39.80843]]}},{"type":"Feature","properties":{"name":"55","level":"Interstate"},"geometry":{"type":"LineString","coordinates":[[-89.41206,40.18006],[-89.32176,40.1818],[-89.22277,40.253],[-89.02133,40.44229]]}},{"type":"Feature","properties":{"name":"155","level":"Interstate"},"geometry":{"type":"LineString","coordinates":[[-89.485,40.61942],[-89.452,40.25647],[-89.41206,40.18006]]}},{"type":"Feature","properties":{"name":"70","level":"Interstate"},"geometry":{"type":"LineString","coordinates":[[-86.04654,39.79975],[-86.11948,39.79975],[-86.14032,39.78412]]}},{"type":"Feature","properties":{"name":"65","level":"Interstate"},"geometry":{"type":"LineString","coordinates":[[-86.2723,39.86227],[-86.22715,39.8258],[-86.16637,39.80669],[-86.16637,39.78585],[-86.14032,39.78412]]}},{"type":"Feature","properties":{"name":"29","level":"Interstate"},"geometry":{"type":"LineString","coordinates":[[-95.87393,41.24286],[-95.82183,41.20639],[-95.82531,41.05878],[-95.79578,40.96674],[-95.80447,40.78092],[-95.82531,40.72535],[-95.66207,40.58469]]}},{"type":"Feature","properties":{"name":"15","level":"Interstate"},"geometry":{"type":"LineString","coordinates":[[-111.77419,39.97862],[-111.75682,40.03072],[-111.66999,40.11234]]}},{"type":"Feature","properties":{"name":"101","level":"Federal"},"geometry":{"type":"LineString","coordinates":[[-122.5567,38.08573],[-122.5706,38.10483],[-122.56886,38.14998],[-122.6088,38.22118],[-122.71647,38.30801],[-122.71474,38.42263],[-122.7321,38.47299],[-122.84151,38.59108],[-122.88318,38.61365],[-122.8745,38.65186],[-122.88666,38.6918],[-123.00127,38.76474],[-123.06205,38.93492],[-123.11415,38.95924],[-123.12978,39.01307],[-123.19751,39.0999],[-123.2114,39.2423]]}},{"type":"Feature","properties":{"name":"101","level":"Federal"},"geometry":{"type":"LineString","coordinates":[[-123.2114,39.2423],[-123.30344,39.30656],[-123.32254,39.3465],[-123.31386,39.37255],[-123.3538,39.40554],[-123.34686,39.46806],[-123.39895,39.53405],[-123.42674,39.541],[-123.53441,39.78585],[-123.60214,39.82753],[-123.68376,39.82927],[-123.71501,39.864]]}},{"type":"Feature","properties":{"name":"101","level":"Federal"},"geometry":{"type":"LineString","coordinates":[[-123.71501,39.864],[-123.80011,39.97514],[-123.78448,40.09497],[-123.80705,40.13665],[-123.7758,40.15749],[-123.7758,40.18006],[-123.79663,40.21653],[-123.82963,40.22174],[-123.82963,40.24953],[-123.87652,40.27036],[-123.92514,40.32246],[-123.93904,40.39366],[-123.99808,40.43708]]}},{"type":"Feature","properties":{"name":"80","level":"Interstate"},"geometry":{"type":"LineString","coordinates":[[-121.47307,38.55635],[-121.52169,38.57892],[-121.74745,38.53724],[-121.94021,38.38095],[-122.01315,38.34101],[-122.06699,38.24897],[-122.15555,38.20382],[-122.21981,38.13783]]}},{"type":"Feature","properties":{"name":"80","level":"Interstate"},"geometry":{"type":"LineString","coordinates":[[-122.21981,38.13783],[-122.22675,38.06836]]}},{"type":"Feature","properties":{"name":"80","level":"Interstate"},"geometry":{"type":"LineString","coordinates":[[-122.22675,38.06836],[-122.22502,38.05968]]}},{"type":"Feature","properties":{"name":"74","level":"Interstate"},"geometry":{"type":"LineString","coordinates":[[-86.03127,39.74652],[-85.97534,39.67819],[-85.59503,39.43333],[-85.51862,39.36734],[-85.3658,39.32218],[-85.2425,39.3135],[-85.1383,39.28745],[-84.85698,39.28398],[-84.82398,39.26835]]}},{"type":"Feature","properties":{"name":"55","level":"Interstate"},"geometry":{"type":"LineString","coordinates":[[-89.59267,39.80148],[-89.5944,39.91263],[-89.41554,40.1106],[-89.41206,40.18006]]}},{"type":"Feature","properties":{"name":"74","level":"Interstate"},"geometry":{"type":"LineString","coordinates":[[-84.82398,39.26835],[-84.7111,39.20931]]}},{"type":"Feature","properties":{"name":"71","level":"Interstate"},"geometry":{"type":"LineString","coordinates":[[-83.0405,39.89179],[-83.11517,39.82406],[-83.1638,39.82059],[-83.44339,39.7025],[-83.71603,39.55836],[-84.2318,39.37949],[-84.36205,39.25793],[-84.37941,39.19715],[-84.46971,39.13984]]}},{"type":"Feature","properties":{"name":"75","level":"Interstate"},"geometry":{"type":"LineString","coordinates":[[-84.2316,39.61475],[-84.3221,39.50974],[-84.33079,39.44896],[-84.36378,39.4177],[-84.37247,39.34997],[-84.42109,39.31871],[-84.45409,39.23362],[-84.50271,39.16242],[-84.54613,39.15026]]}},{"type":"Feature","properties":{"name":"74","level":"Interstate"},"geometry":{"type":"LineString","coordinates":[[-84.7111,39.20931],[-84.67637,39.21451],[-84.54613,39.15026]]}},{"type":"Feature","properties":{"name":"55","level":"Interstate"},"geometry":{"type":"LineString","coordinates":[[-89.64477,39.73897],[-89.5944,39.76675],[-89.59267,39.80148]]}},{"type":"Feature","properties":{"name":"101","level":"Federal"},"geometry":{"type":"LineString","coordinates":[[-122.50684,37.86543],[-122.53239,37.89991],[-122.52718,37.95375],[-122.55844,38.00411],[-122.54108,38.04752],[-122.5567,38.08747]]}},{"type":"Feature","properties":{"name":"74","level":"Interstate"},"geometry":{"type":"LineString","coordinates":[[-84.46971,39.13984],[-84.49576,39.12942],[-84.51834,39.08948]]}},{"type":"Feature","properties":{"name":"74","level":"Interstate"},"geometry":{"type":"LineString","coordinates":[[-84.54613,39.15026],[-84.5305,39.10337]]}},{"type":"Feature","properties":{"name":"81","level":"Interstate"},"geometry":{"type":"LineString","coordinates":[[-79.04807,38.11699],[-78.94213,38.25244],[-78.92303,38.37574],[-78.7789,38.50946],[-78.71811,38.61365],[-78.66775,38.66575],[-78.66081,38.73],[-78.60697,38.80468],[-78.37948,39.0096],[-78.29959,39.01133]]}},{"type":"Feature","properties":{"name":"80","level":"Interstate"},"geometry":{"type":"LineString","coordinates":[[-122.22502,38.05968],[-122.30347,37.93158]]}},{"type":"Feature","properties":{"name":"75","level":"Interstate"},"geometry":{"type":"LineString","coordinates":[[-84.51834,39.08948],[-84.51834,39.06517],[-84.53744,39.0617]]}},{"type":"Feature","properties":{"name":"75","level":"Interstate"},"geometry":{"type":"LineString","coordinates":[[-84.53223,39.10511],[-84.51139,39.09643]]}},{"type":"Feature","properties":{"name":"70","level":"Interstate"},"geometry":{"type":"LineString","coordinates":[[-87.41324,39.43159],[-87.02598,39.46632],[-86.8558,39.54273],[-86.76723,39.54273],[-86.52932,39.60178],[-86.32961,39.6834],[-86.22889,39.74765],[-86.14379,39.75112]]}},{"type":"Feature","properties":{"name":"70","level":"Interstate"},"geometry":{"type":"LineString","coordinates":[[-87.41324,39.43159],[-87.44276,39.44896],[-87.53133,39.4368]]}},{"type":"Feature","properties":{"name":"64","level":"Interstate"},"geometry":{"type":"LineString","coordinates":[[-78.57571,38.02321],[-78.69901,38.02842],[-78.77021,38.04926],[-78.89177,38.04752],[-79.04807,38.11699]]}},{"type":"Feature","properties":{"name":"101","level":"Federal"},"geometry":{"type":"LineString","coordinates":[[-122.40736,37.76793],[-122.41951,37.78877],[-122.47161,37.80266],[-122.48377,37.82524]]}},{"type":"Feature","properties":{"name":"29","level":"Interstate"},"geometry":{"type":"LineString","coordinates":[[-95.66207,40.58469],[-95.59955,40.50828],[-95.57176,40.42492],[-95.45194,40.25995],[-95.36337,40.19222],[-95.26786,40.15054],[-95.18971,40.06718],[-95.06121,39.99425],[-94.98306,39.96993],[-94.89449,39.91089]]}},{"type":"Feature","properties":{"name":"64","level":"Interstate"},"geometry":{"type":"LineString","coordinates":[[-77.47124,37.5908],[-77.53897,37.60122],[-77.60843,37.65505],[-77.82377,37.72625],[-78.1051,37.94854],[-78.41247,38.03016],[-78.5132,38.00064],[-78.57571,38.02321]]}},{"type":"Feature","properties":{"level":"Interstate"},"geometry":{"type":"LineString","coordinates":[[-84.53744,39.0617],[-84.61559,39.02523],[-84.63295,39.00091],[-84.6208,38.87762]]}},{"type":"Feature","properties":{"name":"580","level":"Interstate"},"geometry":{"type":"LineString","coordinates":[[-121.92632,37.7002],[-122.07219,37.69326]]}},{"type":"Feature","properties":{"name":"580","level":"Interstate"},"geometry":{"type":"LineString","coordinates":[[-122.07219,37.69326],[-122.12777,37.71931],[-122.16424,37.77835],[-122.29448,37.83219]]}},{"type":"Feature","properties":{},"geometry":{"type":"LineString","coordinates":[[-81.60607,38.37574],[-81.60433,38.37748]]}},{"type":"Feature","properties":{"name":"77","level":"Interstate"},"geometry":{"type":"LineString","coordinates":[[-81.50014,39.26835],[-81.54355,39.16415],[-81.54876,39.07732],[-81.6929,38.9575],[-81.74326,38.87762],[-81.72937,38.78731],[-81.6547,38.72306],[-81.63907,38.61713],[-81.65296,38.51988],[-81.62865,38.40005],[-81.60607,38.37574]]}},{"type":"Feature","properties":{"name":"64","level":"Interstate"},"geometry":{"type":"LineString","coordinates":[[-77.47124,37.5908],[-77.37573,37.52654],[-77.26632,37.52134]]}},{"type":"Feature","properties":{"name":"580","level":"Interstate"},"geometry":{"type":"LineString","coordinates":[[-121.56511,37.74362],[-121.74051,37.70194],[-121.92632,37.7002]]}},{"type":"Feature","properties":{"name":"270","level":"Interstate"},"geometry":{"type":"LineString","coordinates":[[-104.98758,39.82232],[-104.98237,39.82059]]}},{"type":"Feature","properties":{"name":"65","level":"Interstate"},"geometry":{"type":"LineString","coordinates":[[-86.14032,39.78238],[-86.14727,39.76328],[-86.1299,39.7216],[-86.07433,39.65214],[-86.06738,39.60178],[-85.94235,39.37949],[-85.95624,39.2944],[-85.9545,39.10511],[-85.8451,38.99397]]}},{"type":"Feature","properties":{"name":"270","level":"Interstate"},"geometry":{"type":"LineString","coordinates":[[-104.99279,39.81364],[-104.98237,39.82059]]}},{"type":"Feature","properties":{"name":"25","level":"Interstate"},"geometry":{"type":"LineString","coordinates":[[-104.99279,39.81364],[-104.97369,40.29294],[-104.99105,40.40756]]}},{"type":"Feature","properties":{"name":"5","level":"Interstate"},"geometry":{"type":"LineString","coordinates":[[-121.50607,38.5685],[-121.44876,38.25244],[-121.40361,38.18124],[-121.40187,38.12914],[-121.3272,37.95896],[-121.28031,37.88602],[-121.29941,37.79745]]}},{"type":"Feature","properties":{"name":"205","level":"Interstate"},"geometry":{"type":"LineString","coordinates":[[-121.35413,37.7674],[-121.44876,37.76272],[-121.49391,37.73841],[-121.56511,37.74362]]}},{"type":"Feature","properties":{"name":"99","level":"State"},"geometry":{"type":"LineString","coordinates":[[-121.47307,38.55635],[-121.4696,38.5303],[-121.256,38.2316],[-121.25947,38.04579],[-121.22126,37.91554],[-121.21779,37.8235],[-121.19,37.79745]]}},{"type":"Feature","properties":{"name":"35","level":"Interstate"},"geometry":{"type":"LineString","coordinates":[[-94.22243,39.75286],[-94.14602,39.91957],[-94.10434,39.96993],[-94.1026,40.07066],[-94.02098,40.17312],[-93.99494,40.38845],[-93.92547,40.57601]]}},{"type":"Feature","properties":{"name":"29","level":"Interstate"},"geometry":{"type":"LineString","coordinates":[[-94.89449,39.91089],[-94.8094,39.84664],[-94.79377,39.74939]]}},{"type":"Feature","properties":{"name":"25","level":"Interstate"},"geometry":{"type":"LineString","coordinates":[[-105.03968,39.71986],[-104.99279,39.81364]]}},{"type":"Feature","properties":{"name":"64","level":"Interstate"},"geometry":{"type":"LineString","coordinates":[[-79.37628,37.81829],[-79.34155,37.85997],[-79.24083,37.92596],[-79.15574,38.02669],[-79.1019,38.05273],[-79.04807,38.11699]]}},{"type":"Feature","properties":{"name":"70","level":"Interstate"},"geometry":{"type":"LineString","coordinates":[[-105.66832,39.75633],[-105.6006,39.76849],[-105.50161,39.73897],[-105.44083,39.74765],[-105.32795,39.7025],[-105.28454,39.71118],[-105.20118,39.69382],[-105.16645,39.71986],[-105.03968,39.71986]]}},{"type":"Feature","properties":{"name":"64","level":"Interstate"},"geometry":{"type":"LineString","coordinates":[[-82.59767,38.38095],[-82.48479,38.40005],[-82.43964,38.3879],[-82.21909,38.43652],[-82.07495,38.42784],[-81.93255,38.45736],[-81.84746,38.44694],[-81.72937,38.36532],[-81.65296,38.3549],[-81.60607,38.37574]]}},{"type":"Feature","properties":{"name":"70","level":"Interstate"},"geometry":{"type":"LineString","coordinates":[[-87.53133,39.4368],[-87.69631,39.42638],[-87.89949,39.36213],[-88.03842,39.29613],[-88.36837,39.17631],[-88.51251,39.15026]]}},{"type":"Feature","properties":{"name":"70","level":"Interstate"},"geometry":{"type":"LineString","coordinates":[[-88.51251,39.15026],[-88.56982,39.15026],[-88.58371,39.13289],[-88.58023,39.09643]]}},{"type":"Feature","properties":{"name":"64","level":"Interstate"},"geometry":{"type":"LineString","coordinates":[[-76.31814,37.01251],[-76.3303,37.0403],[-76.37024,37.02988],[-76.50743,37.11845],[-76.56647,37.20354],[-76.63246,37.24348],[-76.74013,37.36331],[-76.89295,37.47271],[-76.95026,37.49181],[-77.26632,37.52134]]}},{"type":"Feature","properties":{"name":"64","level":"Interstate"},"geometry":{"type":"LineString","coordinates":[[-76.26604,36.95173],[-76.29904,36.96736],[-76.31814,37.01251]]}},{"type":"Feature","properties":{"name":"70","level":"Interstate"},"geometry":{"type":"LineString","coordinates":[[-106.45674,39.60699],[-106.4029,39.63998],[-106.31434,39.64519],[-106.28481,39.62783],[-106.27266,39.5983],[-106.24487,39.58962],[-106.19972,39.51147],[-106.17194,39.50105],[-106.15283,39.50626],[-106.06948,39.62956],[-105.84372,39.69902],[-105.71348,39.69729],[-105.66832,39.75633]]}},{"type":"Feature","properties":{"name":"280","level":"Interstate"},"geometry":{"type":"LineString","coordinates":[[-121.94195,37.31468],[-121.84644,37.34247]]}},{"type":"Feature","properties":{"name":"280","level":"Interstate"},"geometry":{"type":"LineString","coordinates":[[-121.94195,37.31468],[-122.08088,37.33378],[-122.19723,37.41193]]}},{"type":"Feature","properties":{"name":"280","level":"Interstate"},"geometry":{"type":"LineString","coordinates":[[-122.19723,37.41193],[-122.27364,37.45014],[-122.29969,37.49181],[-122.35005,37.51265],[-122.46467,37.66895],[-122.4664,37.7002],[-122.41951,37.72452],[-122.40736,37.76793]]}},{"type":"Feature","properties":{"name":"295","level":"Interstate"},"geometry":{"type":"LineString","coordinates":[[-77.35836,37.15318],[-77.32884,37.19659],[-77.31147,37.27648],[-77.33926,37.33552],[-77.3462,37.44145],[-77.26632,37.52134]]}},{"type":"Feature","properties":{"name":"295","level":"Interstate"},"geometry":{"type":"LineString","coordinates":[[-77.42609,37.20354],[-77.40004,37.21917],[-77.37052,37.19833],[-77.35836,37.15318]]}},{"type":"Feature","properties":{"name":"264","level":"Interstate"},"geometry":{"type":"LineString","coordinates":[[-75.98645,36.85101],[-76.11322,36.83017],[-76.20179,36.84754]]}},{"type":"Feature","properties":{"name":"64","level":"Interstate"},"geometry":{"type":"LineString","coordinates":[[-76.26604,36.95173],[-76.26604,36.91353],[-76.22263,36.88748],[-76.20179,36.84754]]}},{"type":"Feature","properties":{"name":"70","level":"Interstate"},"geometry":{"type":"LineString","coordinates":[[-108.60317,39.12074],[-108.64311,39.11032],[-108.9227,39.23362],[-109.05295,39.1902]]}},{"type":"Feature","properties":{"name":"70","level":"Interstate"},"geometry":{"type":"LineString","coordinates":[[-106.45674,39.60699],[-106.63561,39.66429],[-106.7207,39.71292],[-106.83011,39.65908],[-107.08191,39.6504],[-107.23647,39.56704],[-107.33025,39.55489],[-107.52474,39.57225],[-107.70188,39.53231],[-107.85643,39.52189],[-108.00404,39.48021],[-108.18812,39.35865],[-108.25932,39.25446],[-108.27148,39.18847],[-108.33052,39.12248],[-108.60317,39.12074]]}},{"type":"Feature","properties":{"name":"64","level":"Interstate"},"geometry":{"type":"LineString","coordinates":[[-81.20318,37.7332],[-81.13893,37.76446],[-81.0382,37.76099],[-80.83329,37.79398],[-80.79855,37.83045],[-80.62663,37.91033],[-80.59364,37.89991],[-80.56932,37.85824],[-80.47728,37.8374],[-80.34009,37.75925],[-80.27063,37.79051],[-80.23242,37.7853]]}},{"type":"Feature","properties":{"name":"64","level":"Interstate"},"geometry":{"type":"LineString","coordinates":[[-81.26577,37.87868],[-81.21881,37.8374],[-81.22576,37.77835],[-81.20318,37.7332]]}},{"type":"Feature","properties":{"name":"70","level":"Interstate"},"geometry":{"type":"LineString","coordinates":[[-109.05295,39.1902],[-109.11546,39.18499],[-109.19361,39.09816],[-109.40374,38.93666],[-109.61213,38.94013],[-109.7198,38.96271],[-109.81531,38.94013]]}},{"type":"Feature","properties":{"name":"70","level":"Interstate"},"geometry":{"type":"LineString","coordinates":[[-104.98237,39.82059],[-104.90422,39.78238],[-104.7323,39.73897],[-104.30683,39.72855],[-104.12797,39.68861],[-104.03593,39.60351],[-103.82406,39.31177],[-103.70771,39.27356]]}},{"type":"Feature","properties":{"name":"13","level":"Federal"},"geometry":{"type":"LineString","coordinates":[[-76.39108,36.78502],[-76.52827,36.75029],[-76.60468,36.76418],[-76.62725,36.72077]]}},{"type":"Feature","properties":{"name":"70","level":"Interstate"},"geometry":{"type":"LineString","coordinates":[[-103.70771,39.27356],[-103.58094,39.26661]]}},{"type":"Feature","properties":{"name":"15","level":"Interstate"},"geometry":{"type":"LineString","coordinates":[[-112.6147,38.57719],[-112.61644,38.6397],[-112.59386,38.66054],[-112.60081,38.70569],[-112.5765,38.74043],[-112.35942,38.93492],[-112.23439,39.15026],[-112.0833,39.28745],[-112.05552,39.41943],[-111.9739,39.48195],[-111.89923,39.64519],[-111.81934,39.70945],[-111.84018,39.80669],[-111.80545,39.94215],[-111.77419,39.97862]]}},{"type":"Feature","properties":{"name":"70","level":"Interstate"},"geometry":{"type":"LineString","coordinates":[[-103.58094,39.26661],[-103.10685,39.28745],[-102.98702,39.2753],[-102.87414,39.29266],[-102.32364,39.28919],[-102.04579,39.33087]]}},{"type":"Feature","properties":{"name":"35","level":"Interstate"},"geometry":{"type":"LineString","coordinates":[[-94.5628,39.17631],[-94.51591,39.18499],[-94.42735,39.2944],[-94.27974,39.55315],[-94.22243,39.75286]]}},{"type":"Feature","properties":{"name":"29","level":"Interstate"},"geometry":{"type":"LineString","coordinates":[[-94.5628,39.17631],[-94.63574,39.2232],[-94.68957,39.3326],[-94.76598,39.37081],[-94.78509,39.41249],[-94.79377,39.74939]]}},{"type":"Feature","properties":{"name":"75","level":"Interstate"},"geometry":{"type":"LineString","coordinates":[[-84.52355,38.11351],[-84.52876,38.20903],[-84.55481,38.26981],[-84.57044,38.44173],[-84.59996,38.55461],[-84.57565,38.63623],[-84.60864,38.75953],[-84.59649,38.82899],[-84.61732,38.84809],[-84.6208,38.87762]]}},{"type":"Feature","properties":{"name":"70","level":"Interstate"},"geometry":{"type":"LineString","coordinates":[[-94.5628,39.17631],[-94.57496,39.09643]]}},{"type":"Feature","properties":{"name":"70","level":"Interstate"},"geometry":{"type":"LineString","coordinates":[[-88.58023,39.09643],[-88.9727,38.97487],[-89.1151,38.98181],[-89.33739,38.87935],[-89.55099,38.82726],[-89.63087,38.78905],[-89.90699,38.75258]]}},{"type":"Feature","properties":{"name":"55","level":"Interstate"},"geometry":{"type":"LineString","coordinates":[[-89.64477,39.73897],[-89.64303,39.23883],[-89.75244,39.08774],[-89.74896,38.97313],[-89.86879,38.8533],[-89.90699,38.75258]]}},{"type":"Feature","properties":{"name":"64","level":"Interstate"},"geometry":{"type":"LineString","coordinates":[[-85.85031,38.31496],[-85.81384,38.27849],[-85.79647,38.28023]]}},{"type":"Feature","properties":{"name":"70","level":"Interstate"},"geometry":{"type":"LineString","coordinates":[[-94.60795,39.09295],[-94.57496,39.09643]]}},{"type":"Feature","properties":{"name":"65","level":"Interstate"},"geometry":{"type":"LineString","coordinates":[[-85.8451,38.99397],[-85.83468,38.9245],[-85.80168,38.88456],[-85.82252,38.763],[-85.77911,38.6536],[-85.75132,38.26807]]}},{"type":"Feature","properties":{"name":"75","level":"Interstate"},"geometry":{"type":"LineString","coordinates":[[-84.45582,38.07878],[-84.52355,38.11351]]}},{"type":"Feature","properties":{"name":"70","level":"Interstate"},"geometry":{"type":"LineString","coordinates":[[-94.60795,39.07038],[-94.57496,39.09643]]}},{"type":"Feature","properties":{"name":"64","level":"Interstate"},"geometry":{"type":"LineString","coordinates":[[-84.14844,38.018],[-84.03209,38.06142],[-83.81502,38.10483],[-83.78723,38.12393],[-83.49896,38.18124],[-83.46596,38.19861],[-83.40518,38.27502],[-83.24368,38.31843],[-83.00056,38.32538],[-82.86337,38.36706],[-82.59767,38.38095]]}},{"type":"Feature","properties":{"name":"71","level":"Interstate"},"geometry":{"type":"LineString","coordinates":[[-85.72006,38.25939],[-85.67144,38.28891],[-85.62281,38.29065],[-85.36059,38.38963],[-85.21819,38.53551],[-85.15741,38.62581],[-84.87955,38.71611],[-84.6208,38.87762]]}},{"type":"Feature","properties":{"name":"64","level":"Interstate"},"geometry":{"type":"LineString","coordinates":[[-85.75132,38.26807],[-85.74958,38.24376]]}},{"type":"Feature","properties":{"name":"64","level":"Interstate"},"geometry":{"type":"LineString","coordinates":[[-85.79647,38.28023],[-85.74958,38.25939]]}},{"type":"Feature","properties":{"name":"75","level":"Interstate"},"geometry":{"type":"LineString","coordinates":[[-84.42804,38.05273],[-84.45582,38.07878]]}},{"type":"Feature","properties":{"name":"64","level":"Interstate"},"geometry":{"type":"LineString","coordinates":[[-84.52355,38.11351],[-84.60864,38.15867],[-84.81182,38.1743],[-84.95943,38.14825],[-85.03932,38.14998],[-85.39532,38.2125],[-85.67491,38.23334],[-85.74958,38.26112]]}},{"type":"Feature","properties":{"name":"70","level":"Interstate"},"geometry":{"type":"LineString","coordinates":[[-102.04579,39.33087],[-101.39283,39.33087],[-101.31294,39.3656],[-101.03335,39.3656],[-100.87011,39.19194]]}},{"type":"Feature","properties":{"name":"70","level":"Interstate"},"geometry":{"type":"LineString","coordinates":[[-92.29481,38.96097],[-91.80509,38.93492],[-91.70784,38.90714],[-91.49424,38.90019],[-91.18165,38.82726],[-91.09656,38.82205],[-91.02362,38.83767],[-90.82391,38.79947]]}},{"type":"Feature","properties":{"name":"64","level":"Interstate"},"geometry":{"type":"LineString","coordinates":[[-84.14844,38.018],[-84.20923,38.01105],[-84.36726,38.05794],[-84.42804,38.05273]]}},{"type":"Feature","properties":{"name":"70","level":"Interstate"},"geometry":{"type":"LineString","coordinates":[[-93.19957,38.96445],[-94.23632,39.02349],[-94.47945,39.04954],[-94.57496,39.09643]]}},{"type":"Feature","properties":{"name":"70","level":"Interstate"},"geometry":{"type":"LineString","coordinates":[[-92.29481,38.96097],[-92.51709,38.96966],[-92.58829,38.93319],[-92.94603,38.92798],[-93.19957,38.96445]]}},{"type":"Feature","properties":{"name":"70","level":"Interstate"},"geometry":{"type":"LineString","coordinates":[[-95.72285,39.02696],[-95.62386,39.02696]]}},{"type":"Feature","properties":{"name":"70","level":"Interstate"},"geometry":{"type":"LineString","coordinates":[[-95.23313,38.99397],[-95.18277,38.9957],[-95.07683,39.04954],[-94.86358,39.10082]]}},{"type":"Feature","properties":{"name":"70","level":"Interstate"},"geometry":{"type":"LineString","coordinates":[[-95.62386,39.02696],[-95.23313,38.99397]]}},{"type":"Feature","properties":{"name":"70","level":"Interstate"},"geometry":{"type":"LineString","coordinates":[[-89.90699,38.75258],[-89.91567,38.71959],[-90.11712,38.65012],[-90.14491,38.62755]]}},{"type":"Feature","properties":{"name":"70","level":"Interstate"},"geometry":{"type":"LineString","coordinates":[[-90.18137,38.62581],[-90.14491,38.62755]]}},{"type":"Feature","properties":{"name":"70","level":"Interstate"},"geometry":{"type":"LineString","coordinates":[[-90.197,38.62581],[-90.18137,38.62581]]}},{"type":"Feature","properties":{"name":"70","level":"Interstate"},"geometry":{"type":"LineString","coordinates":[[-90.197,38.62581],[-90.21958,38.67443],[-90.24215,38.68833],[-90.44534,38.74216],[-90.55127,38.78731],[-90.82391,38.79947]]}},{"type":"Feature","properties":{"name":"40","level":"Federal"},"geometry":{"type":"LineString","coordinates":[[-90.69888,38.7109],[-90.64504,38.66575],[-90.55822,38.64839],[-90.197,38.62581]]}},{"type":"Feature","properties":{"name":"85","level":"Interstate"},"geometry":{"type":"LineString","coordinates":[[-78.0912,36.75723],[-77.91928,36.84233],[-77.86197,36.84927],[-77.72826,36.93437],[-77.56154,37.08892],[-77.50597,37.17749],[-77.47471,37.20007],[-77.42609,37.20354]]}},{"type":"Feature","properties":{"name":"MP","level":"State"},"geometry":{"type":"LineString","coordinates":[[-84.14844,38.018],[-84.0373,37.96764],[-83.90185,37.8374],[-83.7716,37.84781],[-83.65352,37.79919],[-83.59447,37.75057],[-83.47812,37.74709],[-83.45381,37.72973],[-83.38261,37.74188],[-83.36003,37.76099],[-83.22284,37.73667],[-83.17074,37.74883],[-83.10475,37.72973],[-83.08218,37.75057]]}},{"type":"Feature","properties":{},"geometry":{"type":"LineString","coordinates":[[-78.0912,36.75723],[-78.11899,36.71556]]}},{"type":"Feature","properties":{"name":"77","level":"Interstate"},"geometry":{"type":"LineString","coordinates":[[-81.1094,37.27821],[-81.06252,37.31468],[-81.04689,37.37373],[-81.0712,37.46924],[-81.11809,37.51092],[-81.12405,37.58638]]}},{"type":"Feature","properties":{"name":"77","level":"Interstate"},"geometry":{"type":"LineString","coordinates":[[-81.13024,37.25564],[-81.1094,37.27821]]}},{"type":"Feature","properties":{"name":"25","level":"Interstate"},"geometry":{"type":"LineString","coordinates":[[-105.03968,39.71986],[-104.9459,39.68861],[-104.88338,39.59136],[-104.88165,39.43854],[-104.85733,39.37428],[-104.89554,39.27877],[-104.85212,39.18673],[-104.86081,39.08948],[-104.80697,38.97139],[-104.83476,38.88456],[-104.83476,38.82726]]}},{"type":"Feature","properties":{"name":"64","level":"Interstate"},"geometry":{"type":"LineString","coordinates":[[-87.44624,38.17603],[-87.25,38.20034],[-86.97909,38.19513],[-86.86969,38.2125],[-86.82627,38.19861],[-86.6613,38.23681],[-86.41296,38.24723],[-86.37997,38.23334],[-86.31051,38.25244],[-86.10038,38.2455],[-85.94582,38.27675],[-85.85031,38.31496]]}},{"type":"Feature","properties":{"name":"64","level":"Interstate"},"geometry":{"type":"LineString","coordinates":[[-90.14491,38.62755],[-89.74028,38.54245],[-89.59093,38.48862],[-89.52494,38.43652],[-89.38428,38.39832],[-89.12726,38.38963],[-89.09079,38.36879],[-88.91713,38.33406]]}},{"type":"Feature","properties":{"name":"81","level":"Federal"},"geometry":{"type":"LineString","coordinates":[[-97.66957,39.119],[-97.65047,39.10511],[-97.64005,39.01654],[-97.64178,38.87762]]}},{"type":"Feature","properties":{"name":"64","level":"Interstate"},"geometry":{"type":"LineString","coordinates":[[-87.55043,38.17082],[-87.44624,38.17603]]}},{"type":"Feature","properties":{"name":"64","level":"Interstate"},"geometry":{"type":"LineString","coordinates":[[-87.98285,38.22292],[-87.94638,38.19861],[-87.83697,38.19166],[-87.75014,38.16561],[-87.55043,38.17082]]}},{"type":"Feature","properties":{"name":"1","level":"State"},"geometry":{"type":"LineString","coordinates":[[-122.01662,36.98299],[-121.85686,36.97604],[-121.77003,36.86838],[-121.76482,36.74855],[-121.81692,36.62352],[-121.88638,36.56621]]}},{"type":"Feature","properties":{"name":"70","level":"Interstate"},"geometry":{"type":"LineString","coordinates":[[-100.87011,39.19194],[-100.79891,39.11206],[-100.33524,39.09643],[-100.16158,39.02349],[-99.92367,39.02002],[-99.67534,38.97487],[-99.6024,38.94708],[-99.38185,38.91929],[-99.2655,38.87588],[-98.84177,38.86199]]}},{"type":"Feature","properties":{"name":"70","level":"Interstate"},"geometry":{"type":"LineString","coordinates":[[-98.84177,38.86199],[-98.16971,38.84636],[-98.00994,38.87762],[-97.64178,38.87762]]}},{"type":"Feature","properties":{"name":"64","level":"Interstate"},"geometry":{"type":"LineString","coordinates":[[-88.89456,38.26633],[-88.75737,38.27849],[-88.29717,38.26633],[-88.22076,38.2455],[-87.98285,38.22292]]}},{"type":"Feature","properties":{},"geometry":{"type":"LineString","coordinates":[[-88.89456,38.26633],[-88.91713,38.33406]]}},{"type":"Feature","properties":{"name":"71","level":"Federal"},"geometry":{"type":"LineString","coordinates":[[-94.35615,38.61192],[-94.36309,38.65186],[-94.46034,38.71611],[-94.52633,38.82552],[-94.53154,38.93145],[-94.55238,38.94361],[-94.56801,38.98528],[-94.55933,39.03565],[-94.57496,39.09643]]}},{"type":"Feature","properties":{"name":"81","level":"Interstate"},"geometry":{"type":"LineString","coordinates":[[-80.91838,36.94826],[-80.86802,36.95347],[-80.82113,36.99341],[-80.76209,37.00557],[-80.68915,37.08198],[-80.38004,37.12539],[-80.24805,37.23132],[-80.0414,37.32857],[-80.01014,37.3581],[-79.98235,37.35983]]}},{"type":"Feature","properties":{"name":"35","level":"Interstate"},"geometry":{"type":"LineString","coordinates":[[-95.26786,38.57545],[-95.24702,38.58413],[-95.23139,38.63797],[-95.05252,38.71264],[-94.83718,38.83767],[-94.69478,38.99397],[-94.68089,39.03391],[-94.60795,39.07038]]}},{"type":"Feature","properties":{"name":"77","level":"Interstate"},"geometry":{"type":"LineString","coordinates":[[-81.13024,37.25564],[-81.0903,37.21743],[-81.13024,37.17749],[-81.1424,37.09761],[-81.11635,37.02814],[-81.06078,36.95347]]}},{"type":"Feature","properties":{"name":"81","level":"Interstate"},"geometry":{"type":"LineString","coordinates":[[-81.06078,36.95347],[-81.03126,36.93958],[-80.91838,36.94826]]}},{"type":"Feature","properties":{"name":"BGP","level":"State"},"geometry":{"type":"LineString","coordinates":[[-84.56523,38.04579],[-84.67984,38.04579],[-84.82398,37.98327],[-84.86218,37.98501],[-84.91776,37.94333],[-85.16609,37.86518],[-85.28418,37.87386],[-85.46305,37.77661],[-85.6315,37.75751],[-85.83642,37.7002]]}},{"type":"Feature","properties":{"name":"65","level":"Interstate"},"geometry":{"type":"LineString","coordinates":[[-85.83642,37.7002],[-85.74264,37.79051],[-85.6888,37.91207],[-85.69749,38.1031],[-85.72354,38.17777],[-85.7548,38.21424],[-85.74958,38.24376]]}},{"type":"Feature","properties":{"name":"29","level":"Federal"},"geometry":{"type":"LineString","coordinates":[[-79.46659,36.54016],[-79.34676,36.58184]]}},{"type":"Feature","properties":{"name":"41","level":"Federal"},"geometry":{"type":"LineString","coordinates":[[-87.57475,37.86692],[-87.56085,37.81135]]}},{"type":"Feature","properties":{"name":"35","level":"Interstate"},"geometry":{"type":"LineString","coordinates":[[-96.23688,38.41394],[-96.20388,38.43131],[-95.72979,38.42784],[-95.53008,38.46604],[-95.26786,38.57545]]}},{"type":"Feature","properties":{"name":"335","level":"Interstate"},"geometry":{"type":"LineString","coordinates":[[-96.23688,38.41394],[-96.05627,38.61018],[-95.89651,38.81857],[-95.69854,38.98528],[-95.62386,39.02696]]}},{"type":"Feature","properties":{"name":"25","level":"Interstate"},"geometry":{"type":"LineString","coordinates":[[-104.83476,38.82726],[-104.70104,38.67443],[-104.61421,38.4782],[-104.61421,38.30801]]}},{"type":"Feature","properties":{"name":"135","level":"Interstate"},"geometry":{"type":"LineString","coordinates":[[-97.62095,38.37574],[-97.62095,38.77342],[-97.64699,38.84462],[-97.64178,38.87762]]}},{"type":"Feature","properties":{"name":"75","level":"Interstate"},"geometry":{"type":"LineString","coordinates":[[-84.42804,38.05273],[-84.38462,37.93291],[-84.33252,37.86344],[-84.31342,37.80787],[-84.32558,37.73667],[-84.30821,37.64984],[-84.34294,37.45535],[-84.33773,37.38414],[-84.31168,37.37199],[-84.28737,37.30774],[-84.21791,37.22785],[-84.15366,37.2018],[-84.11198,37.1497]]}},{"type":"Feature","properties":{"level":"State"},"geometry":{"type":"LineString","coordinates":[[-83.58876,37.17464],[-83.6292,37.18444],[-83.63441,37.16012],[-83.66046,37.14449],[-83.74208,37.12886],[-83.8046,37.14102],[-83.93658,37.10803],[-84.11198,37.1497]]}},{"type":"Feature","properties":{"name":"95","level":"Interstate"},"geometry":{"type":"LineString","coordinates":[[-77.8776,35.97924],[-77.87587,36.00702],[-77.82724,36.06433],[-77.58065,36.54537]]}},{"type":"Feature","properties":{"name":"77","level":"Interstate"},"geometry":{"type":"LineString","coordinates":[[-80.74298,36.55926],[-80.7343,36.62873],[-80.70999,36.65651]]}},{"type":"Feature","properties":{"name":"WKP","level":"State"},"geometry":{"type":"LineString","coordinates":[[-85.83642,37.7002],[-86.02918,37.57343],[-86.14032,37.53697],[-86.18894,37.49181],[-86.42859,37.41193],[-86.52063,37.41367],[-86.64914,37.38414],[-86.80022,37.38588]]}},{"type":"Feature","properties":{"name":"26","level":"Interstate"},"geometry":{"type":"LineString","coordinates":[[-82.17741,36.62873],[-82.25729,36.59573]]}},{"type":"Feature","properties":{"name":"15","level":"Interstate"},"geometry":{"type":"LineString","coordinates":[[-113.45521,37.16533],[-113.27114,37.35115],[-113.22946,37.41888],[-113.21035,37.53349],[-113.15131,37.62206],[-113.08879,37.6429],[-113.07316,37.71757],[-113.03322,37.76099],[-112.80573,37.88428],[-112.61991,38.14825],[-112.65117,38.20208],[-112.67548,38.37748],[-112.6147,38.4782],[-112.6147,38.57719]]}},{"type":"Feature","properties":{"name":"40","level":"Interstate"},"geometry":{"type":"LineString","coordinates":[[-79.16616,36.05912],[-79.25646,36.07475],[-79.77396,36.04523]]}},{"type":"Feature","properties":{"name":"29","level":"Federal"},"geometry":{"type":"LineString","coordinates":[[-79.77396,36.04523],[-79.76702,36.09733],[-79.64372,36.26751],[-79.64198,36.32308],[-79.62114,36.36129],[-79.53605,36.46549],[-79.49958,36.47591],[-79.46659,36.54016]]}},{"type":"Feature","properties":{},"geometry":{"type":"LineString","coordinates":[[-79.77396,36.04523],[-79.81217,36.03134]]}},{"type":"Feature","properties":{"name":"65","level":"Interstate"},"geometry":{"type":"LineString","coordinates":[[-85.83642,37.7002],[-85.87983,37.55259],[-85.8833,37.37893],[-85.94582,37.19138],[-85.97708,37.13581],[-86.11253,37.06114]]}},{"type":"Feature","properties":{"name":"40","level":"Interstate"},"geometry":{"type":"LineString","coordinates":[[-80.23416,36.09733],[-80.08481,36.10948],[-79.81217,36.03134]]}},{"type":"Feature","properties":{"name":"52","level":"Federal"},"geometry":{"type":"LineString","coordinates":[[-80.56081,36.45843],[-80.49639,36.4047],[-80.4495,36.32135],[-80.24458,36.14943],[-80.23416,36.09733]]}},{"type":"Feature","properties":{"name":"64","level":"Federal"},"geometry":{"type":"LineString","coordinates":[[-77.8776,35.97924],[-77.98701,35.98271],[-78.22319,35.8681],[-78.40553,35.81947],[-78.49062,35.76564],[-78.56703,35.77258],[-78.64865,35.8351],[-78.73548,35.80558]]}},{"type":"Feature","properties":{"name":"40","level":"Interstate"},"geometry":{"type":"LineString","coordinates":[[-79.16616,36.05912],[-79.06196,35.98619],[-78.99771,35.96361],[-78.97166,35.90804],[-78.88656,35.9202],[-78.82926,35.89241],[-78.74069,35.82295],[-78.73722,35.76738]]}},{"type":"Feature","properties":{"level":"State"},"geometry":{"type":"LineString","coordinates":[[-86.80022,37.38588],[-87.02945,37.31815],[-87.10586,37.27474],[-87.2691,37.23653],[-87.3733,37.23306],[-87.39588,37.21222],[-87.44276,37.21396]]}},{"type":"Feature","properties":{"level":"State"},"geometry":{"type":"LineString","coordinates":[[-87.56085,37.81135],[-87.52438,37.74709],[-87.51223,37.62727],[-87.48271,37.56475],[-87.47229,37.4675],[-87.48444,37.37025],[-87.44276,37.21396]]}},{"type":"Feature","properties":{"name":"35","level":"Interstate"},"geometry":{"type":"LineString","coordinates":[[-96.84642,37.90339],[-96.46611,38.17603],[-96.23688,38.41394]]}},{"type":"Feature","properties":{"name":"80","level":"State"},"geometry":{"type":"LineString","coordinates":[[-84.62253,37.09934],[-84.8153,37.08892],[-84.86218,37.10108],[-85.10878,37.04724],[-85.28244,37.08719],[-85.39879,37.06982],[-85.49257,37.02467],[-85.5464,37.02641],[-85.62108,36.99688],[-85.87636,36.99688],[-85.93019,36.97431],[-86.11253,37.06114]]}},{"type":"Feature","properties":{"name":"40","level":"Interstate"},"geometry":{"type":"LineString","coordinates":[[-78.73722,35.76738],[-78.68685,35.75175],[-78.59134,35.75348],[-78.58266,35.70312]]}},{"type":"Feature","properties":{"name":"15","level":"Interstate"},"geometry":{"type":"LineString","coordinates":[[-113.59935,37.04724],[-113.56462,37.09761],[-113.45521,37.16533]]}},{"type":"Feature","properties":{"name":"75","level":"Interstate"},"geometry":{"type":"LineString","coordinates":[[-84.11198,37.1497],[-84.09635,37.04551],[-84.17623,36.80586],[-84.16755,36.72597],[-84.10329,36.59399]]}},{"type":"Feature","properties":{"name":"65","level":"Interstate"},"geometry":{"type":"LineString","coordinates":[[-86.43207,36.91353],[-86.36955,37.00557],[-86.26709,37.01599],[-86.23409,37.0403],[-86.11253,37.06114]]}},{"type":"Feature","properties":{"name":"95","level":"Interstate"},"geometry":{"type":"LineString","coordinates":[[-78.29612,35.51731],[-78.13983,35.57809],[-78.08599,35.66144],[-78.03216,35.71007],[-77.98701,35.82816],[-77.8776,35.97924]]}},{"type":"Feature","properties":{"name":"95","level":"Interstate"},"geometry":{"type":"LineString","coordinates":[[-78.31696,35.50689],[-78.29786,35.51557]]}},{"type":"Feature","properties":{"name":"24","level":"Interstate"},"geometry":{"type":"LineString","coordinates":[[-88.68617,37.12886],[-88.68096,37.17923],[-88.76258,37.32163],[-88.86677,37.41714],[-88.91019,37.52307],[-88.99528,37.60469]]}},{"type":"Feature","properties":{"name":"25","level":"Interstate"},"geometry":{"type":"LineString","coordinates":[[-104.61421,38.30801],[-104.60553,38.25939],[-104.63158,38.17777],[-104.82781,37.91728],[-104.83476,37.75925],[-104.76356,37.62553]]}},{"type":"Feature","properties":{"name":"135","level":"Interstate"},"geometry":{"type":"LineString","coordinates":[[-97.3101,37.67937],[-97.3292,37.81829],[-97.32225,38.06489],[-97.62095,38.31496],[-97.62095,38.37574]]}},{"type":"Feature","properties":{"name":"24","level":"Interstate"},"geometry":{"type":"LineString","coordinates":[[-88.66185,37.0594],[-88.68617,37.0924],[-88.68617,37.12886]]}},{"type":"Feature","properties":{"name":"57","level":"Interstate"},"geometry":{"type":"LineString","coordinates":[[-89.18631,37.09761],[-89.15505,37.17575],[-89.15157,37.43624],[-89.12552,37.47966],[-89.00049,37.58212],[-88.99528,37.60469]]}},{"type":"Feature","properties":{"name":"235","level":"Interstate"},"geometry":{"type":"LineString","coordinates":[[-97.3101,37.60816],[-97.24584,37.66547],[-96.96278,37.77488],[-96.84642,37.90339]]}},{"type":"Feature","properties":{},"geometry":{"type":"LineString","coordinates":[[-97.3101,37.67937],[-97.3101,37.60816]]}},{"type":"Feature","properties":{"name":"24","level":"Interstate"},"geometry":{"type":"LineString","coordinates":[[-88.66185,37.0594],[-88.58892,37.01946],[-88.50903,37.00209],[-88.33711,36.99167]]}},{"type":"Feature","properties":{"name":"95","level":"Interstate"},"geometry":{"type":"LineString","coordinates":[[-78.31522,35.51036],[-78.36906,35.47736],[-78.39163,35.44437],[-78.50972,35.39401]]}},{"type":"Feature","properties":{"name":"40","level":"Interstate"},"geometry":{"type":"LineString","coordinates":[[-78.48194,35.36449],[-78.51146,35.39574],[-78.56877,35.53988],[-78.56356,35.66665],[-78.58092,35.70312]]}},{"type":"Feature","properties":{"name":"41","level":"Federal"},"geometry":{"type":"LineString","coordinates":[[-87.44276,37.21396],[-87.43929,37.19138],[-87.46187,37.15665],[-87.46881,37.05593],[-87.45666,37.0073],[-87.47923,36.83885]]}},{"type":"Feature","properties":{"name":"220","level":"Federal"},"geometry":{"type":"LineString","coordinates":[[-79.82606,35.61629],[-79.84169,35.65276],[-79.82953,35.9393],[-79.81217,36.03134]]}},{"type":"Feature","properties":{"name":"40","level":"Interstate"},"geometry":{"type":"LineString","coordinates":[[-80.84371,35.81079],[-80.61795,35.9063],[-80.47902,36.00008],[-80.39566,36.0296],[-80.31231,36.08344],[-80.23416,36.09733]]}},{"type":"Feature","properties":{"name":"77","level":"Interstate"},"geometry":{"type":"LineString","coordinates":[[-80.84371,35.81079],[-80.84371,35.93583],[-80.80897,36.20847],[-80.82287,36.27967],[-80.79334,36.33524],[-80.79508,36.37692],[-80.74819,36.49674],[-80.74298,36.55926]]}},{"type":"Feature","properties":{"name":"65","level":"Interstate"},"geometry":{"type":"LineString","coordinates":[[-86.43207,36.91353],[-86.4859,36.76592],[-86.57447,36.64262]]}},{"type":"Feature","properties":{"name":"5","level":"Interstate"},"geometry":{"type":"LineString","coordinates":[[-121.34985,37.60218],[-121.18132,37.46924],[-121.13617,37.39109],[-121.08581,37.23132],[-121.01808,37.11324],[-120.80448,36.89269],[-120.60304,36.61483],[-120.44674,36.49501],[-120.24877,36.26057]]}},{"type":"Feature","properties":{"name":"5","level":"Interstate"},"geometry":{"type":"LineString","coordinates":[[-120.24877,36.26057],[-120.11679,36.08864],[-119.93966,35.96361],[-119.81636,35.84031],[-119.65138,35.61629]]}},{"type":"Feature","properties":{"name":"26","level":"Interstate"},"geometry":{"type":"LineString","coordinates":[[-82.37017,36.35434],[-82.31981,36.27967],[-82.33023,36.23626],[-82.35281,36.19284],[-82.41532,36.13553],[-82.55078,36.04002],[-82.55772,35.95666]]}},{"type":"Feature","properties":{"name":"24","level":"Interstate"},"geometry":{"type":"LineString","coordinates":[[-87.33683,36.64262],[-87.45839,36.70687]]}},{"type":"Feature","properties":{"name":"57","level":"Interstate"},"geometry":{"type":"LineString","coordinates":[[-89.20888,37.01946],[-89.32176,36.90658],[-89.47284,36.89442],[-89.54057,36.87185]]}},{"type":"Feature","properties":{"name":"99","level":"State"},"geometry":{"type":"LineString","coordinates":[[-121.19,37.79745],[-121.06497,37.70194],[-120.99377,37.61859],[-120.87395,37.52307],[-120.85832,37.48313],[-120.73328,37.38762],[-120.44501,37.28342],[-120.28177,37.15839],[-120.18452,37.05593],[-119.83025,36.75897]]}},{"type":"Feature","properties":{"name":"99","level":"State"},"geometry":{"type":"LineString","coordinates":[[-119.83025,36.75897],[-119.51593,36.48112],[-119.40826,36.33003]]}},{"type":"Feature","properties":{"name":"99","level":"State"},"geometry":{"type":"LineString","coordinates":[[-119.40826,36.33003],[-119.32664,36.205],[-119.32317,36.11122],[-119.21897,35.6024]]}},{"type":"Feature","properties":{"level":"State"},"geometry":{"type":"LineString","coordinates":[[-88.33711,36.99167],[-88.35621,36.88401],[-88.37705,36.86317],[-88.49861,36.80239],[-88.63754,36.76939]]}},{"type":"Feature","properties":{"name":"65","level":"Federal"},"geometry":{"type":"LineString","coordinates":[[-93.24473,37.12192],[-93.24125,37.24522]]}},{"type":"Feature","properties":{"name":"95","level":"Federal"},"geometry":{"type":"LineString","coordinates":[[-115.16402,36.17374],[-115.24043,36.17374],[-115.24043,36.25015],[-115.29427,36.31093]]}},{"type":"Feature","properties":{"name":"40","level":"Interstate"},"geometry":{"type":"LineString","coordinates":[[-83.38434,36.06954],[-83.47986,36.01918],[-83.59968,35.98619],[-83.85843,36.01223],[-83.94526,35.96708]]}},{"type":"Feature","properties":{"name":"75","level":"Interstate"},"geometry":{"type":"LineString","coordinates":[[-84.10329,36.59399],[-84.20923,36.48806],[-84.29432,36.43075],[-84.24222,36.38039],[-84.21791,36.27967],[-84.03383,36.13553],[-84.01125,36.09385],[-84.00604,36.00529],[-83.94526,35.96708]]}},{"type":"Feature","properties":{"name":"44","level":"Interstate"},"geometry":{"type":"LineString","coordinates":[[-93.24125,37.24522],[-93.33677,37.24348],[-93.40449,37.20875],[-93.50522,37.18444],[-93.64067,37.17749],[-93.81954,37.08892],[-93.88553,37.07329],[-94.35267,37.08198],[-94.48118,37.03683]]}},{"type":"Feature","properties":{"name":"40","level":"Interstate"},"geometry":{"type":"MultiLineString","coordinates":[[[-83.03355,35.70486],[-82.99708,35.66665],[-83.0075,35.6024],[-82.92241,35.53988]],[[-83.03702,35.75522],[-83.03702,35.70312]],[[-83.38434,36.06954],[-83.31662,36.03134],[-83.29404,35.96708],[-83.19505,35.93062],[-83.17422,35.82295],[-83.03876,35.75696]]]}},{"type":"Feature","properties":{"name":"44","level":"Interstate"},"geometry":{"type":"LineString","coordinates":[[-94.48118,37.03683],[-94.61837,36.99688]]}},{"type":"Feature","properties":{"level":"State"},"geometry":{"type":"LineString","coordinates":[[-88.89109,36.52453],[-88.85983,36.52974],[-88.74174,36.68951],[-88.6688,36.73119],[-88.63754,36.76939]]}},{"type":"Feature","properties":{"name":"99","level":"State"},"geometry":{"type":"LineString","coordinates":[[-119.21897,35.6024],[-119.19813,35.58677],[-119.16861,35.51383],[-119.06094,35.43221],[-119.04184,35.35059]]}},{"type":"Feature","properties":{"name":"25","level":"Interstate"},"geometry":{"type":"LineString","coordinates":[[-104.76356,37.62553],[-104.54996,37.306],[-104.50133,37.26085],[-104.50133,37.16881],[-104.52217,37.13581],[-104.51523,37.05767],[-104.47181,37.01425],[-104.45792,36.93958],[-104.41103,36.91353],[-104.41798,36.88227]]}},{"type":"Feature","properties":{"name":"24","level":"Interstate"},"geometry":{"type":"LineString","coordinates":[[-86.78807,36.24841],[-86.81759,36.30572],[-86.90095,36.33351],[-87.21353,36.51585],[-87.28126,36.60268],[-87.33683,36.64262]]}},{"type":"Feature","properties":{"name":"515","level":"Interstate"},"geometry":{"type":"LineString","coordinates":[[-114.89311,35.96361],[-115.06156,36.07649],[-115.09109,36.16506],[-115.16402,36.17374]]}},{"type":"Feature","properties":{"name":"40","level":"Interstate"},"geometry":{"type":"LineString","coordinates":[[-83.94526,35.96708],[-84.12761,35.92367],[-84.25438,35.87157]]}},{"type":"Feature","properties":{"name":"277","level":"Interstate"},"geometry":{"type":"LineString","coordinates":[[-80.85239,35.27245],[-80.85412,35.27245]]}},{"type":"Feature","properties":{"name":"45W","level":"Federal"},"geometry":{"type":"LineString","coordinates":[[-89.00223,36.44465],[-88.92582,36.48285],[-88.89109,36.52453]]}},{"type":"Feature","properties":{"name":"26","level":"Interstate"},"geometry":{"type":"LineString","coordinates":[[-82.53168,35.79863],[-82.58551,35.6736],[-82.56814,35.59545],[-82.60809,35.55725]]}},{"type":"Feature","properties":{"name":"24","level":"Interstate"},"geometry":{"type":"LineString","coordinates":[[-86.78633,36.16332],[-86.78807,36.24841]]}},{"type":"Feature","properties":{"name":"277","level":"Interstate"},"geometry":{"type":"LineString","coordinates":[[-80.85239,35.27245],[-80.86455,35.22035]]}},{"type":"Feature","properties":{"name":"65","level":"Interstate"},"geometry":{"type":"LineString","coordinates":[[-86.72729,36.14769],[-86.78633,36.16332]]}},{"type":"Feature","properties":{"name":"40","level":"Interstate"},"geometry":{"type":"LineString","coordinates":[[-82.60809,35.55725],[-82.92067,35.53988]]}},{"type":"Feature","properties":{"name":"277","level":"Interstate"},"geometry":{"type":"LineString","coordinates":[[-80.86455,35.22035],[-80.92706,35.10052]]}},{"type":"Feature","properties":{"name":"85","level":"Interstate"},"geometry":{"type":"LineString","coordinates":[[-80.85412,35.27245],[-80.93574,35.25508],[-81.05904,35.27592],[-81.22576,35.27939],[-81.29001,35.25855],[-81.43415,35.16825]]}},{"type":"Feature","properties":{"name":"26","level":"Interstate"},"geometry":{"type":"LineString","coordinates":[[-82.39969,35.28634],[-82.48131,35.3888],[-82.52473,35.41485],[-82.60809,35.55725]]}},{"type":"Feature","properties":{"name":"99","level":"State"},"geometry":{"type":"LineString","coordinates":[[-119.04184,35.35059],[-119.01058,35.18214],[-118.95674,35.02238]]}},{"type":"Feature","properties":{"name":"5","level":"Interstate"},"geometry":{"type":"LineString","coordinates":[[-119.65138,35.61629],[-119.54198,35.50341],[-119.29538,35.32802],[-118.95674,35.02238]]}},{"type":"Feature","properties":{"name":"15","level":"Interstate"},"geometry":{"type":"LineString","coordinates":[[-115.39325,35.61108],[-115.35505,35.75522],[-115.18139,35.94972],[-115.16402,36.17374]]}},{"type":"Feature","properties":{"name":"26","level":"Interstate"},"geometry":{"type":"LineString","coordinates":[[-82.17046,35.1943],[-82.20693,35.24466],[-82.34239,35.25161],[-82.39969,35.28634]]}},{"type":"Feature","properties":{"name":"95","level":"Interstate"},"geometry":{"type":"MultiLineString","coordinates":[[[-78.64518,35.22556],[-78.77195,35.104],[-78.84141,34.97549],[-78.94561,34.92165],[-78.98555,34.8192],[-79.00813,34.66464],[-79.04633,34.6247],[-79.10364,34.60212]],[[-78.50972,35.39401],[-78.60871,35.29502],[-78.64344,35.22729]]]}},{"type":"Feature","properties":{"name":"55","level":"Interstate"},"geometry":{"type":"LineString","coordinates":[[-89.54057,36.87185],[-89.54231,36.65304],[-89.61003,36.51064],[-89.6986,36.4047],[-89.70728,36.30051],[-89.7507,36.20152]]}},{"type":"Feature","properties":{"name":"58","level":"State"},"geometry":{"type":"LineString","coordinates":[[-119.04184,35.35059],[-118.91333,35.35233],[-118.80393,35.32628],[-118.74488,35.28807],[-118.60769,35.25334],[-118.40103,35.1231],[-118.30726,35.09879],[-118.19785,35.12136],[-118.16833,35.07621]]}},{"type":"Feature","properties":{"name":"44","level":"Interstate"},"geometry":{"type":"LineString","coordinates":[[-94.61837,36.99688],[-94.68263,36.94479],[-94.84587,36.88053],[-94.92228,36.72945],[-95.17408,36.61657],[-95.21923,36.561]]}},{"type":"Feature","properties":{"name":"58","level":"State"},"geometry":{"type":"LineString","coordinates":[[-118.16833,35.07621],[-118.16312,35.04669]]}},{"type":"Feature","properties":{"name":"155","level":"Interstate"},"geometry":{"type":"LineString","coordinates":[[-89.63435,36.11643],[-89.60483,36.09559],[-89.43985,36.06954],[-89.33044,36.09038]]}},{"type":"Feature","properties":{"name":"85","level":"Interstate"},"geometry":{"type":"LineString","coordinates":[[-81.43415,35.16825],[-81.59044,35.10747],[-81.7641,35.06926],[-82.00549,34.97028]]}},{"type":"Feature","properties":{"name":"26","level":"Interstate"},"geometry":{"type":"LineString","coordinates":[[-82.00549,34.97028],[-82.05759,35.07621],[-82.1201,35.15783],[-82.17046,35.1943]]}},{"type":"Feature","properties":{"name":"55","level":"Interstate"},"geometry":{"type":"LineString","coordinates":[[-89.7507,36.20152],[-89.7507,36.12859],[-89.82364,36.06954],[-89.874,36.00182]]}},{"type":"Feature","properties":{"name":"64","level":"Federal"},"geometry":{"type":"LineString","coordinates":[[-97.31704,36.39429],[-97.06176,36.38908]]}},{"type":"Feature","properties":{"name":"35","level":"Interstate"},"geometry":{"type":"LineString","coordinates":[[-97.34309,37.00036],[-97.35177,36.58531],[-97.31704,36.46028],[-97.31704,36.39429]]}},{"type":"Feature","properties":{"name":"15","level":"Interstate"},"geometry":{"type":"LineString","coordinates":[[-117.00829,34.88692],[-116.98571,34.91297]]}},{"type":"Feature","properties":{"name":"40","level":"Interstate"},"geometry":{"type":"LineString","coordinates":[[-88.85635,35.66144],[-88.74521,35.67881],[-88.56982,35.7448],[-88.26244,35.81947],[-88.1565,35.81947],[-88.04015,35.86636],[-87.89602,35.86636],[-87.84392,35.88199],[-87.70325,35.87157],[-87.63379,35.89936],[-87.54001,35.96882],[-87.46187,35.99834],[-87.3212,36.02439],[-87.18922,36.02266],[-87.11107,36.07823],[-87.0694,36.08864],[-86.97041,36.07128],[-86.86969,36.13727],[-86.78633,36.16332]]}},{"type":"Feature","properties":{"name":"244","level":"Interstate"},"geometry":{"type":"LineString","coordinates":[[-95.97465,36.16158],[-95.76279,36.16679],[-95.59955,36.2953],[-95.46757,36.35087],[-95.39116,36.43249],[-95.21923,36.561]]}},{"type":"Feature","properties":{"name":"75","level":"Federal"},"geometry":{"type":"LineString","coordinates":[[-95.92429,36.27793],[-95.93992,36.1911],[-95.97465,36.16158]]}},{"type":"Feature","properties":{"name":"75","level":"Interstate"},"geometry":{"type":"LineString","coordinates":[[-95.98681,36.14595],[-95.97465,36.16158]]}},{"type":"Feature","properties":{"name":"64","level":"Federal"},"geometry":{"type":"LineString","coordinates":[[-96.35469,36.22091],[-96.82559,36.21368],[-96.9593,36.23973]]}},{"type":"Feature","properties":{"name":"75","level":"Interstate"},"geometry":{"type":"LineString","coordinates":[[-96.00765,36.11296],[-95.98681,36.14595]]}},{"type":"Feature","properties":{"name":"95","level":"Interstate"},"geometry":{"type":"LineString","coordinates":[[-79.10364,34.60212],[-79.33634,34.49271],[-79.36934,34.45104],[-79.53779,34.34337],[-79.78265,34.24438],[-79.84864,34.19576]]}},{"type":"Feature","properties":{"name":"26","level":"Interstate"},"geometry":{"type":"LineString","coordinates":[[-81.87177,34.51355],[-81.94123,34.70284],[-81.9586,34.8053],[-81.99333,34.87303],[-82.00549,34.97028]]}},{"type":"Feature","properties":{"name":"385","level":"Interstate"},"geometry":{"type":"LineString","coordinates":[[-82.29029,34.7532],[-82.23819,34.69937],[-82.08711,34.61949],[-82.01591,34.55697],[-81.87177,34.51355]]}},{"type":"Feature","properties":{"name":"75","level":"Federal"},"geometry":{"type":"LineString","coordinates":[[-96.01112,36.0105],[-96.00765,36.11296]]}},{"type":"Feature","properties":{"name":"75","level":"Interstate"},"geometry":{"type":"LineString","coordinates":[[-84.8865,35.1943],[-84.94728,35.15088],[-85.04453,35.12136],[-85.06363,35.09184],[-85.12615,35.06753],[-85.20777,35.00501]]}},{"type":"Feature","properties":{"name":"24","level":"Interstate"},"geometry":{"type":"LineString","coordinates":[[-85.19735,34.98591],[-85.20777,35.00501]]}},{"type":"Feature","properties":{"name":"24","level":"Interstate"},"geometry":{"type":"LineString","coordinates":[[-86.72729,36.14769],[-86.72902,36.11643],[-86.6804,36.05739],[-86.57794,35.98792],[-86.38692,35.81079],[-86.24452,35.62671],[-86.23409,35.58503],[-86.0778,35.4982],[-85.90414,35.30023],[-85.87288,35.23771],[-85.82426,35.23077],[-85.80689,35.18214],[-85.74264,35.10747],[-85.73569,35.06926],[-85.70791,35.05016]]}},{"type":"Feature","properties":{"name":"24","level":"Interstate"},"geometry":{"type":"LineString","coordinates":[[-85.20777,35.00501],[-85.36927,35.02064],[-85.4179,34.98417]]}},{"type":"Feature","properties":{"name":"14","level":"State"},"geometry":{"type":"LineString","coordinates":[[-118.16312,35.04669],[-118.17007,34.68548],[-118.1527,34.66985],[-118.1527,34.60386],[-118.1336,34.5917],[-118.11276,34.51182],[-118.14055,34.4875],[-118.24821,34.50487],[-118.3802,34.43714],[-118.4375,34.42846],[-118.50002,34.36942],[-118.5087,34.33295]]}},{"type":"Feature","properties":{"name":"5","level":"Interstate"},"geometry":{"type":"LineString","coordinates":[[-118.95674,35.02238],[-118.91854,34.89387],[-118.86123,34.84003],[-118.88381,34.81051],[-118.80045,34.76883],[-118.7935,34.70805],[-118.71536,34.6247],[-118.70494,34.58475],[-118.62679,34.51008],[-118.60943,34.45104],[-118.58164,34.42672],[-118.54691,34.35031],[-118.5087,34.33295]]}},{"type":"Feature","properties":{"name":"24","level":"Interstate"},"geometry":{"type":"LineString","coordinates":[[-85.4179,34.98417],[-85.44221,34.97028]]}},{"type":"Feature","properties":{"name":"24","level":"Interstate"},"geometry":{"type":"LineString","coordinates":[[-85.46999,34.98417],[-85.44221,34.97028]]}},{"type":"Feature","properties":{"level":"State"},"geometry":{"type":"LineString","coordinates":[[-95.98681,36.14595],[-95.72111,36.04697],[-95.6256,35.98619],[-95.57524,35.92888],[-95.41373,35.85594]]}},{"type":"Feature","properties":{"name":"85","level":"Interstate"},"geometry":{"type":"LineString","coordinates":[[-82.30765,34.82961],[-82.46048,34.78273],[-82.51084,34.68895],[-82.67755,34.58996],[-82.87205,34.51876],[-83.00056,34.49966]]}},{"type":"Feature","properties":{"name":"77","level":"Interstate"},"geometry":{"type":"LineString","coordinates":[[-80.92706,35.10052],[-80.99305,34.99459],[-80.9809,34.91644],[-81.02778,34.83656],[-81.04168,34.77925],[-81.03473,34.66637],[-80.99826,34.53092],[-81.01389,34.24265],[-80.94269,34.07246]]}},{"type":"Feature","properties":{"name":"55","level":"Interstate"},"geometry":{"type":"LineString","coordinates":[[-89.874,36.00182],[-89.87747,35.91499],[-89.9313,35.87331],[-90.23868,35.41137],[-90.27341,35.39227]]}},{"type":"Feature","properties":{"name":"101","level":"Federal"},"geometry":{"type":"LineString","coordinates":[[-120.67771,35.64408],[-120.71591,35.54335],[-120.65166,35.47215],[-120.62214,35.40095],[-120.6395,35.36449],[-120.61867,35.31412],[-120.6534,35.28981]]}},{"type":"Feature","properties":{"name":"101","level":"Federal"},"geometry":{"type":"LineString","coordinates":[[-120.6534,35.28981],[-120.68292,35.21514],[-120.58914,35.14741],[-120.42417,34.9807],[-120.40333,34.87129],[-120.27829,34.74452],[-120.16889,34.70284],[-120.15499,34.68027],[-120.20362,34.53787]]}},{"type":"Feature","properties":{"name":"101","level":"Federal"},"geometry":{"type":"LineString","coordinates":[[-120.20362,34.53787],[-120.20015,34.52397],[-120.00912,34.51529],[-119.89451,34.4823],[-119.75905,34.49098],[-119.69132,34.46667],[-119.53677,34.45625],[-119.46904,34.42846],[-119.45515,34.39894],[-119.36658,34.34684],[-119.20855,34.28606]]}},{"type":"Feature","properties":{"name":"101","level":"Federal"},"geometry":{"type":"LineString","coordinates":[[-119.20855,34.28606],[-119.08699,34.22181],[-118.99842,34.21833],[-118.79872,34.1454],[-118.72057,34.13845],[-118.55385,34.17492],[-118.46703,34.15929]]}},{"type":"Feature","properties":{"name":"65","level":"Interstate"},"geometry":{"type":"LineString","coordinates":[[-86.78633,36.16332],[-86.76723,36.09038],[-86.81933,35.93756],[-86.83669,35.81947],[-86.87663,35.73959],[-86.90789,35.55551],[-86.87837,35.40964],[-86.88532,34.99285]]}},{"type":"Feature","properties":{"name":"40","level":"Interstate"},"geometry":{"type":"LineString","coordinates":[[-114.75245,34.87998],[-114.67257,34.88518],[-114.59442,34.81399]]}},{"type":"Feature","properties":{"name":"5","level":"Interstate"},"geometry":{"type":"LineString","coordinates":[[-118.5087,34.33295],[-118.40798,34.23223],[-118.37499,34.15408]]}},{"type":"Feature","properties":{"name":"134","level":"State"},"geometry":{"type":"LineString","coordinates":[[-118.37499,34.15408],[-118.46703,34.15929]]}},{"type":"Feature","properties":{"name":"20","level":"Interstate"},"geometry":{"type":"LineString","coordinates":[[-81.1094,34.03599],[-81.02952,34.06899],[-80.94269,34.07246]]}},{"type":"Feature","properties":{"name":"26","level":"Interstate"},"geometry":{"type":"LineString","coordinates":[[-81.1094,34.03599],[-81.21013,34.12977],[-81.48972,34.2548],[-81.6599,34.35726],[-81.71721,34.41978],[-81.87177,34.51355]]}},{"type":"Feature","properties":{"name":"59","level":"Interstate"},"geometry":{"type":"LineString","coordinates":[[-85.55335,34.715],[-85.53425,34.84872],[-85.44221,34.97028]]}},{"type":"Feature","properties":{"name":"25","level":"Interstate"},"geometry":{"type":"LineString","coordinates":[[-105.9236,35.63018],[-105.87672,35.55551]]}},{"type":"Feature","properties":{"name":"134","level":"State"},"geometry":{"type":"LineString","coordinates":[[-118.37499,34.15408],[-118.24995,34.15582],[-118.18049,34.14019],[-118.13678,34.15111]]}},{"type":"Feature","properties":{"name":"40","level":"Interstate"},"geometry":{"type":"LineString","coordinates":[[-88.85635,35.66144],[-89.25751,35.53641],[-89.28008,35.47563],[-89.35475,35.427],[-89.89136,35.15436],[-89.92957,35.19604],[-90.02855,35.19951]]}},{"type":"Feature","properties":{"name":"55","level":"Interstate"},"geometry":{"type":"LineString","coordinates":[[-90.27341,35.39227],[-90.27168,35.35059],[-90.19179,35.17346]]}},{"type":"Feature","properties":{"name":"44","level":"Interstate"},"geometry":{"type":"LineString","coordinates":[[-96.00765,36.11296],[-96.06843,36.06954],[-96.10143,36.01745],[-96.18999,35.98966],[-96.3567,35.86636],[-96.41227,35.84205],[-96.70923,35.75175],[-97.05655,35.68055],[-97.13123,35.64234],[-97.42645,35.59893]]}},{"type":"Feature","properties":{"name":"35","level":"Interstate"},"geometry":{"type":"LineString","coordinates":[[-97.31704,36.39429],[-97.34656,35.97924],[-97.38303,35.91325],[-97.39345,35.83337],[-97.41603,35.80732],[-97.42645,35.59893]]}},{"type":"Feature","properties":{"name":"44","level":"Interstate"},"geometry":{"type":"LineString","coordinates":[[-94.32489,35.47215],[-94.29189,35.47389],[-94.22243,35.52425]]}},{"type":"Feature","properties":{"name":"65","level":"Interstate"},"geometry":{"type":"LineString","coordinates":[[-86.88532,34.99285],[-86.92179,34.87477],[-86.92005,34.78794]]}},{"type":"Feature","properties":{"name":"55","level":"Interstate"},"geometry":{"type":"LineString","coordinates":[[-90.19179,35.17346],[-90.07197,35.13699]]}},{"type":"Feature","properties":{"name":"40","level":"Interstate"},"geometry":{"type":"LineString","coordinates":[[-90.02855,35.19951],[-90.03029,35.13178]]}},{"type":"Feature","properties":{"name":"40","level":"Interstate"},"geometry":{"type":"LineString","coordinates":[[-90.07197,35.13699],[-90.03029,35.13178]]}},{"type":"Feature","properties":{"name":"431","level":"Federal"},"geometry":{"type":"LineString","coordinates":[[-86.59878,34.7341],[-86.56405,34.75841]]}},{"type":"Feature","properties":{"level":"State"},"geometry":{"type":"LineString","coordinates":[[-95.41373,35.85594],[-95.31996,35.78821],[-95.3078,35.65623],[-95.17582,35.48605]]}},{"type":"Feature","properties":{"name":"35","level":"Interstate"},"geometry":{"type":"LineString","coordinates":[[-97.46465,35.54509],[-97.42645,35.59893]]}},{"type":"Feature","properties":{"name":"40","level":"Interstate"},"geometry":{"type":"LineString","coordinates":[[-95.17582,35.48605],[-95.39116,35.45652],[-95.53182,35.45479]]}},{"type":"Feature","properties":{"name":"605","level":"Interstate"},"geometry":{"type":"LineString","coordinates":[[-117.95126,34.12977],[-117.97383,34.07072],[-118.05545,34.0082],[-118.09366,33.94221]]}},{"type":"Feature","properties":{"name":"5","level":"Interstate"},"geometry":{"type":"LineString","coordinates":[[-118.37499,34.15408],[-118.33157,34.11066],[-118.2239,34.05336],[-118.22043,34.03425],[-118.15965,34.0082],[-118.09366,33.94221]]}},{"type":"Feature","properties":{"name":"15","level":"Interstate"},"geometry":{"type":"LineString","coordinates":[[-117.00829,34.88692],[-117.06733,34.87998],[-117.09164,34.81746],[-117.19758,34.71153],[-117.22362,34.63512],[-117.31219,34.53439],[-117.37471,34.42672],[-117.41118,34.37984],[-117.48238,34.33816],[-117.44938,34.25827],[-117.39996,34.22004]]}},{"type":"Feature","properties":{"name":"210","level":"State"},"geometry":{"type":"LineString","coordinates":[[-117.80362,34.06601],[-117.66124,34.08635],[-117.59178,34.07072],[-117.29482,34.06378]]}},{"type":"Feature","properties":{"name":"40","level":"Interstate"},"geometry":{"type":"LineString","coordinates":[[-97.93874,35.49994],[-98.003,35.5312],[-98.19923,35.53294],[-98.28432,35.54856],[-98.33121,35.53467]]}},{"type":"Feature","properties":{"name":"215","level":"Interstate"},"geometry":{"type":"LineString","coordinates":[[-117.35829,33.98998],[-117.29482,34.06378]]}},{"type":"Feature","properties":{"name":"40","level":"Interstate"},"geometry":{"type":"LineString","coordinates":[[-95.53182,35.45479],[-95.96771,35.43048]]}},{"type":"Feature","properties":{"name":"35","level":"Interstate"},"geometry":{"type":"LineString","coordinates":[[-97.46465,35.54509],[-97.47507,35.47389]]}},{"type":"Feature","properties":{"name":"40","level":"Interstate"},"geometry":{"type":"LineString","coordinates":[[-97.581,35.46173],[-97.68867,35.46],[-97.8085,35.49994],[-97.93874,35.49994]]}},{"type":"Feature","properties":{"name":"55","level":"Interstate"},"geometry":{"type":"LineString","coordinates":[[-90.03029,35.13178],[-90.00598,34.99633]]}},{"type":"Feature","properties":{"name":"565","level":"Interstate"},"geometry":{"type":"LineString","coordinates":[[-86.89053,34.62991],[-86.7325,34.67158],[-86.59878,34.7341]]}},{"type":"Feature","properties":{"name":"5","level":"Interstate"},"geometry":{"type":"LineString","coordinates":[[-118.09366,33.94221],[-118.0433,33.89359],[-117.97383,33.85712]]}},{"type":"Feature","properties":{"name":"40","level":"Interstate"},"geometry":{"type":"LineString","coordinates":[[-110.16263,34.90602],[-110.22168,34.91471],[-110.3033,34.95465],[-110.52558,34.98244],[-110.66624,35.02064],[-110.6975,35.05016],[-111.15944,35.1231],[-111.42166,35.20298],[-111.57796,35.21514],[-111.66305,35.17346]]}},{"type":"Feature","properties":{"name":"40","level":"Interstate"},"geometry":{"type":"LineString","coordinates":[[-97.47507,35.47389],[-97.4004,35.43395],[-97.23542,35.38706],[-96.48521,35.38185],[-96.24904,35.42527],[-95.96771,35.43048]]}},{"type":"Feature","properties":{"name":"35","level":"Interstate"},"geometry":{"type":"LineString","coordinates":[[-97.47507,35.47389],[-97.4907,35.45479],[-97.49591,35.39227]]}},{"type":"Feature","properties":{"name":"91","level":"State"},"geometry":{"type":"LineString","coordinates":[[-117.564,33.87796],[-117.46501,33.90748],[-117.37818,33.95784],[-117.35829,33.98998]]}},{"type":"Feature","properties":{"name":"91","level":"State"},"geometry":{"type":"LineString","coordinates":[[-117.97383,33.85712],[-117.82622,33.84323],[-117.75155,33.86928],[-117.70193,33.86822]]}},{"type":"Feature","properties":{"name":"91","level":"State"},"geometry":{"type":"LineString","coordinates":[[-118.09192,33.78418],[-118.07976,33.80502],[-118.10408,33.90401],[-118.09366,33.94221]]}},{"type":"Feature","properties":{"name":"405","level":"Interstate"},"geometry":{"type":"LineString","coordinates":[[-118.46703,34.15929],[-118.47918,34.11066],[-118.46876,34.08114],[-118.3663,33.96132],[-118.3663,33.89706],[-118.33331,33.8658],[-118.27426,33.85191],[-118.24648,33.82586],[-118.09192,33.78418]]}},{"type":"Feature","properties":{"name":"25","level":"Interstate"},"geometry":{"type":"LineString","coordinates":[[-105.9236,35.63018],[-105.94792,35.63713],[-105.98959,35.6215],[-106.15457,35.52946],[-106.23445,35.51036],[-106.48452,35.36275],[-106.55746,35.27071],[-106.61303,35.11789]]}},{"type":"Feature","properties":{"name":"85","level":"Interstate"},"geometry":{"type":"LineString","coordinates":[[-83.00056,34.49966],[-83.33919,34.34337],[-83.49201,34.2357],[-83.67088,34.13845],[-84.03209,34.03425]]}},{"type":"Feature","properties":{"name":"985","level":"Interstate"},"geometry":{"type":"LineString","coordinates":[[-83.8046,34.29822],[-83.8428,34.24265],[-83.92442,34.1836],[-84.03209,34.03425]]}},{"type":"Feature","properties":{"name":"40","level":"Interstate"},"geometry":{"type":"LineString","coordinates":[[-98.33121,35.53467],[-98.64554,35.53988],[-98.68027,35.53641],[-98.69242,35.51904],[-98.90602,35.51557],[-99.12831,35.47389],[-99.22209,35.42527],[-99.34712,35.42179],[-99.40443,35.39053],[-99.51731,35.38012],[-99.59719,35.33323],[-99.64755,35.25855],[-99.816,35.22903],[-100.00008,35.22903]]}},{"type":"Feature","properties":{"name":"40","level":"Interstate"},"geometry":{"type":"LineString","coordinates":[[-100.00008,35.22903],[-100.24841,35.23077]]}},{"type":"Feature","properties":{"name":"40","level":"Interstate"},"geometry":{"type":"LineString","coordinates":[[-103.04259,35.18214],[-102.97487,35.18909],[-102.73522,35.26897],[-102.63623,35.27592],[-102.10136,35.19256],[-101.83913,35.19083]]}},{"type":"Feature","properties":{"name":"40","level":"Interstate"},"geometry":{"type":"LineString","coordinates":[[-101.83913,35.19083],[-101.69847,35.19083]]}},{"type":"Feature","properties":{"name":"5","level":"Interstate"},"geometry":{"type":"LineString","coordinates":[[-117.97383,33.85712],[-117.78107,33.70951],[-117.73418,33.64352]]}},{"type":"Feature","properties":{"name":"73","level":"State"},"geometry":{"type":"LineString","coordinates":[[-118.03809,33.77376],[-117.91132,33.68693],[-117.73418,33.64352]]}},{"type":"Feature","properties":{"name":"40","level":"Interstate"},"geometry":{"type":"LineString","coordinates":[[-100.24841,35.23077],[-100.63394,35.22556],[-100.76939,35.2134],[-100.83191,35.18388],[-101.54565,35.22382],[-101.69847,35.19083]]}},{"type":"Feature","properties":{"name":"95","level":"Interstate"},"geometry":{"type":"LineString","coordinates":[[-80.54848,33.31878],[-80.46513,33.49244],[-80.30536,33.61921],[-80.23937,33.70951],[-80.18727,33.74945],[-80.01361,34.00299],[-79.84864,34.19576]]}},{"type":"Feature","properties":{"name":"26","level":"Interstate"},"geometry":{"type":"LineString","coordinates":[[-80.54848,33.31878],[-80.75688,33.48202],[-80.84023,33.57406],[-80.93401,33.73382],[-80.98611,33.7755],[-81.04341,33.89185],[-81.09725,33.95958],[-81.1094,34.03599]]}},{"type":"Feature","properties":{"name":"40","level":"Interstate"},"geometry":{"type":"LineString","coordinates":[[-106.58698,35.10747],[-106.46021,35.06405],[-106.38206,35.07968],[-106.31434,35.11442],[-106.03648,35.00501],[-105.66138,35.00848]]}},{"type":"Feature","properties":{"name":"40","level":"Interstate"},"geometry":{"type":"LineString","coordinates":[[-103.70076,35.15783],[-103.67471,35.17172],[-103.49584,35.18214],[-103.45764,35.15262],[-103.32739,35.10573],[-103.04259,35.18214]]}},{"type":"Feature","properties":{"name":"20","level":"Interstate"},"geometry":{"type":"LineString","coordinates":[[-81.1094,34.03599],[-81.33169,33.91096],[-81.63733,33.67999],[-81.72937,33.64005],[-81.80752,33.62615],[-82.01243,33.52891]]}},{"type":"Feature","properties":{"name":"67","level":"Federal"},"geometry":{"type":"LineString","coordinates":[[-92.23229,34.78099],[-92.10205,34.88866],[-92.04474,34.96854],[-91.77383,35.17172],[-91.64359,35.29676],[-91.59323,35.32107],[-91.54634,35.31933],[-91.44388,35.41658],[-91.298,35.48952],[-91.25633,35.54335],[-91.24764,35.5833]]}},{"type":"Feature","properties":{"name":"BUS40","level":"Interstate"},"geometry":{"type":"LineString","coordinates":[[-101.83913,35.19083],[-101.92596,35.10052],[-101.93986,35.05363]]}},{"type":"Feature","properties":{"name":"44","level":"Interstate"},"geometry":{"type":"LineString","coordinates":[[-97.67316,35.2452],[-97.83455,35.13352],[-97.937,35.02411]]}},{"type":"Feature","properties":{"name":"40","level":"Interstate"},"geometry":{"type":"LineString","coordinates":[[-104.66457,34.93555],[-104.49091,35.01196],[-104.4475,35.01022],[-104.28947,35.06405],[-104.15749,35.06405],[-103.99772,35.11268],[-103.94562,35.1231],[-103.86053,35.11268],[-103.79627,35.14567],[-103.70076,35.15783]]}},{"type":"Feature","properties":{"name":"40","level":"Interstate"},"geometry":{"type":"LineString","coordinates":[[-105.66138,35.00848],[-104.77571,34.97375],[-104.66457,34.93555]]}},{"type":"Feature","properties":{"name":"20","level":"Interstate"},"geometry":{"type":"LineString","coordinates":[[-82.01243,33.52891],[-82.11142,33.48723],[-82.50215,33.51328]]}},{"type":"Feature","properties":{"name":"85","level":"Interstate"},"geometry":{"type":"LineString","coordinates":[[-84.37767,33.80676],[-84.08419,33.97695],[-84.03209,34.03425]]}},{"type":"Feature","properties":{"name":"75","level":"Interstate"},"geometry":{"type":"LineString","coordinates":[[-84.37767,33.80676],[-84.60691,34.07767],[-84.65032,34.09504],[-84.71805,34.08635],[-84.75973,34.12282],[-84.76667,34.19055],[-84.73541,34.22181],[-84.80661,34.2548],[-84.84656,34.32079],[-84.91602,34.38852],[-84.91776,34.54308],[-84.9959,34.66985],[-85.00111,34.80183],[-85.01848,34.85393],[-85.04279,34.87824],[-85.14351,34.91818],[-85.19735,34.98591]]}},{"type":"Feature","properties":{"name":"40","level":"Interstate"},"geometry":{"type":"LineString","coordinates":[[-92.23229,34.78099],[-92.2705,34.70979]]}},{"type":"Feature","properties":{"name":"59","level":"Interstate"},"geometry":{"type":"LineString","coordinates":[[-86.07433,34.02036],[-85.99271,34.08982],[-85.97708,34.16276],[-85.70096,34.49098],[-85.68533,34.54655],[-85.55335,34.715]]}},{"type":"Feature","properties":{"name":"85","level":"Interstate"},"geometry":{"type":"LineString","coordinates":[[-84.37767,33.80676],[-84.3881,33.77203]]}},{"type":"Feature","properties":{"name":"INT","level":"State"},"geometry":{"type":"LineString","coordinates":[[-95.96771,35.43048],[-95.95034,35.31412],[-95.92082,35.25334],[-95.91735,35.18562],[-95.88782,35.11094],[-95.88088,35.02932],[-95.81141,34.86435]]}},{"type":"Feature","properties":{"name":"85","level":"Interstate"},"geometry":{"type":"LineString","coordinates":[[-84.3881,33.77203],[-84.3881,33.73903]]}},{"type":"Feature","properties":{"name":"85","level":"Interstate"},"geometry":{"type":"LineString","coordinates":[[-84.49055,33.76335],[-84.3881,33.73903]]}},{"type":"Feature","properties":{"name":"215","level":"Interstate"},"geometry":{"type":"LineString","coordinates":[[-117.18194,33.55322],[-117.16979,33.6852],[-117.18716,33.76161],[-117.23231,33.79808],[-117.2983,33.94395]]}},{"type":"Feature","properties":{"name":"15","level":"Interstate"},"geometry":{"type":"LineString","coordinates":[[-117.564,33.87796],[-117.56573,33.85538],[-117.50843,33.81718],[-117.48411,33.76161],[-117.45806,33.76335],[-117.33303,33.69736],[-117.24099,33.58969],[-117.18368,33.54801]]}},{"type":"Feature","properties":{"name":"78","level":"Federal"},"geometry":{"type":"LineString","coordinates":[[-88.70527,34.28259],[-88.79731,34.31385],[-89.11858,34.55871],[-89.15157,34.61601],[-89.30266,34.64727],[-89.32002,34.67158],[-89.42422,34.72889],[-89.47805,34.79488],[-89.72812,34.88692],[-90.03029,35.13178]]}},{"type":"Feature","properties":{"name":"78","level":"Federal"},"geometry":{"type":"LineString","coordinates":[[-88.70527,34.28259],[-88.51424,34.27564],[-88.18603,34.21312]]}},{"type":"Feature","properties":{"name":"20","level":"Interstate"},"geometry":{"type":"LineString","coordinates":[[-84.242,33.71617],[-84.11545,33.70604],[-83.97826,33.63484],[-83.88969,33.60879],[-83.69867,33.61226],[-83.45728,33.55148],[-83.36003,33.54974],[-83.29057,33.53064],[-83.03702,33.54974],[-82.69318,33.48549],[-82.50215,33.51328]]}},{"type":"Feature","properties":{"name":"78","level":"Federal"},"geometry":{"type":"LineString","coordinates":[[-88.18603,34.21312],[-88.06794,34.17665],[-88.04015,34.12803],[-87.98632,34.09677]]}},{"type":"Feature","properties":{"name":"26","level":"Interstate"},"geometry":{"type":"LineString","coordinates":[[-79.94241,32.79433],[-79.97367,32.84469],[-80.01361,32.87421],[-80.0796,32.98709],[-80.16817,33.06002],[-80.35051,33.15901],[-80.54848,33.31878]]}},{"type":"Feature","properties":{"name":"44","level":"Interstate"},"geometry":{"type":"LineString","coordinates":[[-97.937,35.02411],[-98.04988,34.91992],[-98.33121,34.77057]]}},{"type":"Feature","properties":{"name":"210","level":"State"},"geometry":{"type":"LineString","coordinates":[[-117.29482,34.06378],[-117.19931,34.06725],[-117.06907,34.0082],[-117.00134,33.94569]]}},{"type":"Feature","properties":{"name":"10","level":"Interstate"},"geometry":{"type":"LineString","coordinates":[[-117.00134,33.94569],[-116.97529,33.93006],[-116.69223,33.92832],[-116.53941,33.90575],[-116.38832,33.81023],[-116.19209,33.71646]]}},{"type":"Feature","properties":{"name":"10","level":"Interstate"},"geometry":{"type":"LineString","coordinates":[[-116.19209,33.71646],[-115.82045,33.66089],[-115.69889,33.66089],[-115.42799,33.7043],[-115.33594,33.70256],[-114.96084,33.60531],[-114.58921,33.60705]]}},{"type":"Feature","properties":{"name":"10","level":"Interstate"},"geometry":{"type":"LineString","coordinates":[[-114.58921,33.60705],[-114.51801,33.60184],[-114.36693,33.64526],[-114.21584,33.66262]]}},{"type":"Feature","properties":{"name":"10","level":"Interstate"},"geometry":{"type":"LineString","coordinates":[[-114.21584,33.66262],[-114.09081,33.68173],[-114.01961,33.66262]]}},{"type":"Feature","properties":{"name":"15","level":"Interstate"},"geometry":{"type":"LineString","coordinates":[[-117.13679,33.48202],[-117.13332,33.4577],[-117.17326,33.38129],[-117.14721,33.29967],[-117.1559,33.26321],[-117.0847,33.1208]]}},{"type":"Feature","properties":{"name":"530","level":"Interstate"},"geometry":{"type":"LineString","coordinates":[[-92.2705,34.70979],[-92.26181,34.56565],[-92.20972,34.49445],[-92.16978,34.34163],[-92.08989,34.24091],[-91.9857,34.2357],[-91.95791,34.20618]]}},{"type":"Feature","properties":{"name":"95","level":"Interstate"},"geometry":{"type":"LineString","coordinates":[[-80.88365,32.63109],[-80.86802,32.70576],[-80.76556,32.79085],[-80.68568,32.94367],[-80.64226,33.11907],[-80.54848,33.31878]]}},{"type":"Feature","properties":{"name":"59","level":"Interstate"},"geometry":{"type":"LineString","coordinates":[[-86.07433,34.02036],[-86.12469,33.96653],[-86.20631,33.92659],[-86.3765,33.79808],[-86.46506,33.76855],[-86.55189,33.67304],[-86.59704,33.65741],[-86.66651,33.58969],[-86.74986,33.54801]]}},{"type":"Feature","properties":{"name":"20","level":"Interstate"},"geometry":{"type":"LineString","coordinates":[[-86.74986,33.54801],[-86.65261,33.52891],[-86.40949,33.60531],[-86.25667,33.61053],[-86.00486,33.57927],[-85.87983,33.58448],[-85.82947,33.60531]]}},{"type":"Feature","properties":{"name":"20","level":"Interstate"},"geometry":{"type":"LineString","coordinates":[[-86.82627,33.52196],[-86.74986,33.54801]]}},{"type":"Feature","properties":{"name":"65","level":"Interstate"},"geometry":{"type":"LineString","coordinates":[[-86.82627,33.52196],[-86.82454,33.84149],[-86.86621,33.91096],[-86.87663,34.22528],[-86.9131,34.29474],[-86.88532,34.36594],[-86.90268,34.62817],[-86.89053,34.62991]]}},{"type":"Feature","properties":{"name":"65","level":"Interstate"},"geometry":{"type":"LineString","coordinates":[[-86.84885,33.52196],[-86.82627,33.52196]]}},{"type":"Feature","properties":{"name":"25","level":"Interstate"},"geometry":{"type":"LineString","coordinates":[[-106.61998,35.1231],[-106.78148,34.77404],[-106.80058,34.69763],[-106.79885,34.56044],[-106.92041,34.25827],[-106.92909,34.1836],[-106.90131,34.04988]]}},{"type":"Feature","properties":{"name":"17","level":"Interstate"},"geometry":{"type":"LineString","coordinates":[[-111.66305,35.17346],[-111.68389,35.13873],[-111.68389,34.96681],[-111.6561,34.94423],[-111.63353,34.87303],[-111.60227,34.85045],[-111.60921,34.81746],[-111.59011,34.78967],[-111.66652,34.75668],[-111.81587,34.65248],[-111.90791,34.56218],[-111.90964,34.54134],[-111.97911,34.53266],[-112.04684,34.43193],[-112.11283,34.37289],[-112.11993,34.32418]]}},{"type":"Feature","properties":{"name":"8","level":"Interstate"},"geometry":{"type":"LineString","coordinates":[[-117.23752,32.75438],[-117.10901,32.77696]]}},{"type":"Feature","properties":{"name":"10","level":"Interstate"},"geometry":{"type":"LineString","coordinates":[[-112.10414,33.46639],[-112.27433,33.4577],[-112.46362,33.47507],[-112.55392,33.46291],[-112.60775,33.42818]]}},{"type":"Feature","properties":{"name":"10","level":"Interstate"},"geometry":{"type":"LineString","coordinates":[[-114.01961,33.66262],[-113.55941,33.60705],[-112.60775,33.42818]]}},{"type":"Feature","properties":{"name":"85","level":"Interstate"},"geometry":{"type":"LineString","coordinates":[[-84.48534,33.61921],[-84.52008,33.57927],[-84.61385,33.52891],[-84.74583,33.39692],[-84.8153,33.21805],[-84.8674,33.17117],[-84.9438,33.06176]]}},{"type":"Feature","properties":{},"geometry":{"type":"LineString","coordinates":[[-83.65699,32.81169],[-83.67783,32.8499]]}},{"type":"Feature","properties":{"name":"82","level":"Federal"},"geometry":{"type":"LineString","coordinates":[[-88.27807,33.4907],[-88.40136,33.51328],[-88.5073,33.48028],[-88.66012,33.4907]]}},{"type":"Feature","properties":{"name":"44","level":"Interstate"},"geometry":{"type":"LineString","coordinates":[[-98.33121,34.77057],[-98.3972,34.72542],[-98.3781,34.59691],[-98.41283,34.54308],[-98.41457,34.31558],[-98.51243,34.14]]}},{"type":"Feature","properties":{"name":"10","level":"Interstate"},"geometry":{"type":"LineString","coordinates":[[-112.10005,33.46383],[-112.10067,33.44034],[-111.98605,33.42297],[-111.96695,33.37956]]}},{"type":"Feature","properties":{"name":"INT","level":"State"},"geometry":{"type":"LineString","coordinates":[[-95.81141,34.86435],[-95.72632,34.64901],[-95.76626,34.55523],[-95.73327,34.51529],[-95.71937,34.46493],[-95.72458,34.33816],[-95.59608,34.17144],[-95.5214,33.99605]]}},{"type":"Feature","properties":{"name":"60","level":"Federal"},"geometry":{"type":"LineString","coordinates":[[-111.49112,33.38129],[-111.96695,33.37956]]}},{"type":"Feature","properties":{"name":"55","level":"Interstate"},"geometry":{"type":"LineString","coordinates":[[-90.00598,34.99633],[-89.98688,34.86087],[-89.96256,34.8053],[-89.96083,34.68027],[-89.90005,34.45625],[-89.92088,34.17839],[-89.83753,33.8467],[-89.83579,33.7373],[-89.78196,33.59663],[-89.76286,33.48723]]}},{"type":"Feature","properties":{"name":"1D","level":"Federal"},"geometry":{"type":"LineString","coordinates":[[-117.0708,32.52515],[-117.10727,32.52168]]}},{"type":"Feature","properties":{"name":"1D","level":"Federal"},"geometry":{"type":"LineString","coordinates":[[-117.13158,32.77175],[-117.07949,32.5703],[-117.02044,32.52863]]}},{"type":"Feature","properties":{"name":"8","level":"Interstate"},"geometry":{"type":"LineString","coordinates":[[-115.56865,32.77349],[-115.49903,32.77349]]}},{"type":"Feature","properties":{"name":"20","level":"Interstate"},"geometry":{"type":"LineString","coordinates":[[-86.84885,33.52196],[-86.91658,33.49417],[-87.01209,33.35524],[-87.16665,33.23021],[-87.26042,33.19027],[-87.52265,33.17117]]}},{"type":"Feature","properties":{"name":"8","level":"Interstate"},"geometry":{"type":"LineString","coordinates":[[-117.11074,32.77696],[-117.02218,32.77001],[-116.98224,32.7978],[-116.92319,32.80301],[-116.86415,32.85337],[-116.80858,32.85337],[-116.74085,32.83079],[-116.63666,32.83427],[-116.50641,32.80822],[-116.46994,32.71791],[-116.40916,32.72139],[-116.13825,32.63456],[-116.11047,32.63803],[-116.09484,32.66061],[-116.10352,32.67624],[-116.05663,32.7266],[-115.77878,32.77349],[-115.56865,32.77349]]}},{"type":"Feature","properties":{"name":"16","level":"Interstate"},"geometry":{"type":"LineString","coordinates":[[-83.67783,32.8499],[-83.62226,32.8499],[-83.55974,32.79259],[-83.51806,32.70055],[-83.49201,32.68492],[-83.10475,32.52168],[-82.81648,32.47306],[-82.70186,32.43659],[-82.65497,32.44701],[-82.457,32.42964],[-82.2625,32.38623],[-82.03327,32.36712],[-81.87351,32.30634]]}},{"type":"Feature","properties":{"name":"281","level":"Federal"},"geometry":{"type":"LineString","coordinates":[[-98.5205,33.94221],[-98.49792,33.90054]]}},{"type":"Feature","properties":{"name":"111","level":"State"},"geometry":{"type":"LineString","coordinates":[[-115.50092,32.77349],[-115.49571,32.68145],[-115.45751,32.66234]]}},{"type":"Feature","properties":{"name":"16","level":"Interstate"},"geometry":{"type":"LineString","coordinates":[[-81.24833,32.07538],[-81.356,32.11358],[-81.48798,32.20215],[-81.65122,32.2334],[-81.87351,32.30634]]}},{"type":"Feature","properties":{"name":"16","level":"Interstate"},"geometry":{"type":"LineString","coordinates":[[-81.24833,32.07538],[-81.18234,32.05975],[-81.10593,32.06669]]}},{"type":"Feature","properties":{"name":"8","level":"Interstate"},"geometry":{"type":"LineString","coordinates":[[-115.49903,32.77349],[-115.28558,32.77522],[-115.08935,32.7075],[-114.91395,32.72486],[-114.83581,32.75959],[-114.62047,32.73354],[-114.60484,32.69881]]}},{"type":"Feature","properties":{"name":"69","level":"Federal"},"geometry":{"type":"LineString","coordinates":[[-96.54426,33.83281],[-96.53905,33.74598],[-96.55468,33.72688],[-96.59288,33.72514],[-96.60851,33.66957]]}},{"type":"Feature","properties":{"name":"35","level":"Interstate"},"geometry":{"type":"LineString","coordinates":[[-97.15206,33.73556],[-97.16943,33.71993],[-97.16248,33.64005]]}},{"type":"Feature","properties":{"name":"185","level":"Interstate"},"geometry":{"type":"LineString","coordinates":[[-84.96117,32.54426],[-84.9768,32.67103],[-85.01327,32.73007],[-85.01501,32.80474],[-84.95249,32.92283],[-84.9438,33.06176]]}},{"type":"Feature","properties":{},"geometry":{"type":"LineString","coordinates":[[-94.0453,33.46986],[-94.04703,33.46812]]}},{"type":"Feature","properties":{},"geometry":{"type":"LineString","coordinates":[[-94.06787,33.45423],[-94.04703,33.46812]]}},{"type":"Feature","properties":{"name":"27","level":"Interstate"},"geometry":{"type":"LineString","coordinates":[[-101.93986,35.05363],[-101.91728,34.87824],[-101.76967,34.54134],[-101.78182,34.52918],[-101.76793,34.43367],[-101.71062,34.25654],[-101.71583,34.22702],[-101.74709,34.19923],[-101.74883,34.13324],[-101.84434,34.05857],[-101.85303,33.97868],[-101.83566,33.62963]]}},{"type":"Feature","properties":{"name":"185","level":"Interstate"},"geometry":{"type":"LineString","coordinates":[[-84.9247,32.40533],[-84.96117,32.54426]]}},{"type":"Feature","properties":{"name":"10","level":"Interstate"},"geometry":{"type":"LineString","coordinates":[[-111.96695,33.37956],[-111.97216,33.30488],[-111.69257,32.93152],[-111.68562,32.82037]]}},{"type":"Feature","properties":{"name":"8","level":"Interstate"},"geometry":{"type":"LineString","coordinates":[[-112.74495,32.94541],[-112.53829,32.90894],[-112.35942,32.85337],[-112.05899,32.83253],[-111.70994,32.83774],[-111.68562,32.82037]]}},{"type":"Feature","properties":{"name":"95","level":"Interstate"},"geometry":{"type":"LineString","coordinates":[[-81.38205,31.76279],[-81.32648,31.90172],[-81.33343,31.95381],[-81.27438,32.00939],[-81.24833,32.07538]]}},{"type":"Feature","properties":{"name":"85","level":"Interstate"},"geometry":{"type":"LineString","coordinates":[[-86.24104,32.32892],[-86.33482,32.32892]]}},{"type":"Feature","properties":{"name":"65","level":"Interstate"},"geometry":{"type":"LineString","coordinates":[[-86.82627,33.52196],[-86.81412,33.49938],[-86.82801,33.47854],[-86.82454,33.43339],[-86.78633,33.4004],[-86.78112,33.36393],[-86.80891,33.23195],[-86.7516,33.14338],[-86.72208,33.03224],[-86.61267,32.87421],[-86.45812,32.56162],[-86.34176,32.41748],[-86.31919,32.36539],[-86.33482,32.32892]]}},{"type":"Feature","properties":{"name":"20","level":"Interstate"},"geometry":{"type":"LineString","coordinates":[[-88.4031,32.45048],[-88.23292,32.58593],[-88.15477,32.69187],[-87.77619,32.99403],[-87.62858,33.13643],[-87.52265,33.17117]]}},{"type":"Feature","properties":{"name":"20","level":"Interstate"},"geometry":{"type":"LineString","coordinates":[[-88.44652,32.42617],[-88.4031,32.45048]]}},{"type":"Feature","properties":{"name":"20","level":"Interstate"},"geometry":{"type":"LineString","coordinates":[[-88.63407,32.38449],[-88.44652,32.42617]]}},{"type":"Feature","properties":{"name":"20","level":"Interstate"},"geometry":{"type":"LineString","coordinates":[[-88.63407,32.38449],[-88.71743,32.34802]]}},{"type":"Feature","properties":{"name":"20","level":"Interstate"},"geometry":{"type":"LineString","coordinates":[[-88.71743,32.34802],[-88.76605,32.34107]]}},{"type":"Feature","properties":{"name":"95","level":"Interstate"},"geometry":{"type":"LineString","coordinates":[[-81.38205,31.76279],[-81.40636,31.63081],[-81.44978,31.50751],[-81.44978,31.39289],[-81.50535,31.24181],[-81.57308,31.13761]]}},{"type":"Feature","properties":{"name":"30","level":"Interstate"},"geometry":{"type":"LineString","coordinates":[[-94.99869,33.17117],[-95.05252,33.15554],[-95.29738,33.16422],[-95.54224,33.14859],[-95.59608,33.11733],[-96.08095,33.12622]]}},{"type":"Feature","properties":{"name":"45","level":"Interstate"},"geometry":{"type":"LineString","coordinates":[[-96.79085,32.79433],[-96.79606,32.78217]]}},{"type":"Feature","properties":{"name":"30","level":"Interstate"},"geometry":{"type":"LineString","coordinates":[[-96.67103,32.79953],[-96.77349,32.78043]]}},{"type":"Feature","properties":{"name":"45","level":"Interstate"},"geometry":{"type":"LineString","coordinates":[[-96.77349,32.78043],[-96.79085,32.79433]]}},{"type":"Feature","properties":{"name":"75","level":"Interstate"},"geometry":{"type":"LineString","coordinates":[[-83.53022,31.45194],[-83.51112,31.5023],[-83.51806,31.52835],[-83.71082,31.82531],[-83.75598,31.95729],[-83.75945,32.10837],[-83.74035,32.24383],[-83.76639,32.34107],[-83.74208,32.50779],[-83.74382,32.64151],[-83.72645,32.71791],[-83.65699,32.81169]]}},{"type":"Feature","properties":{},"geometry":{"type":"LineString","coordinates":[[-92.04995,32.49563],[-92.04821,32.49563]]}},{"type":"Feature","properties":{"name":"20","level":"Interstate"},"geometry":{"type":"LineString","coordinates":[[-92.04821,32.49563],[-91.52897,32.44874],[-91.26154,32.41401],[-91.20076,32.39317]]}},{"type":"Feature","properties":{"name":"30","level":"Interstate"},"geometry":{"type":"LineString","coordinates":[[-96.79606,32.78217],[-96.90894,32.73528],[-96.99403,32.73354],[-97.15206,32.76828],[-97.31878,32.7266]]}},{"type":"Feature","properties":{"name":"35W","level":"Interstate"},"geometry":{"type":"LineString","coordinates":[[-97.31878,32.7266],[-97.3101,32.93846],[-97.16596,33.21111]]}},{"type":"Feature","properties":{"name":"55","level":"Interstate"},"geometry":{"type":"LineString","coordinates":[[-89.76286,33.48723],[-89.79932,33.24237],[-89.88789,33.11386],[-89.89831,33.07565],[-89.94172,33.0305],[-89.97472,32.94541],[-90.05287,32.84642],[-90.07371,32.59462],[-90.14838,32.45395],[-90.15359,32.36018],[-90.1779,32.27682]]}},{"type":"Feature","properties":{"name":"20","level":"Interstate"},"geometry":{"type":"LineString","coordinates":[[-88.76605,32.34107],[-88.82509,32.35323],[-89.06822,32.34976],[-89.42943,32.32197],[-89.51973,32.34107],[-89.86879,32.27682],[-90.1779,32.27682]]}},{"type":"Feature","properties":{},"geometry":{"type":"LineString","coordinates":[[-90.21263,32.27508],[-90.1779,32.27682]]}},{"type":"Feature","properties":{"name":"20","level":"Interstate"},"geometry":{"type":"LineString","coordinates":[[-93.60146,32.54137],[-93.51737,32.5512],[-93.4809,32.57899],[-93.33329,32.59462],[-93.16137,32.56509],[-92.95124,32.5703],[-92.04995,32.49563]]}},{"type":"Feature","properties":{"name":"10","level":"Interstate"},"geometry":{"type":"LineString","coordinates":[[-108.94701,32.23514],[-108.75078,32.35323],[-108.70042,32.34976]]}},{"type":"Feature","properties":{"name":"20","level":"Interstate"},"geometry":{"type":"LineString","coordinates":[[-94.35788,32.49042],[-94.14428,32.48521],[-93.98104,32.44874]]}},{"type":"Feature","properties":{"name":"20","level":"Interstate"},"geometry":{"type":"LineString","coordinates":[[-98.11066,32.61198],[-97.99258,32.68839],[-97.85886,32.73181],[-97.69736,32.75612],[-97.61747,32.73007],[-97.48386,32.72895]]}},{"type":"Feature","properties":{"name":"20","level":"Interstate"},"geometry":{"type":"LineString","coordinates":[[-93.7466,32.49737],[-93.88032,32.44353],[-93.98104,32.44874]]}},{"type":"Feature","properties":{"name":"10","level":"Interstate"},"geometry":{"type":"LineString","coordinates":[[-109.04774,32.22125],[-108.94701,32.23514]]}},{"type":"Feature","properties":{"name":"20","level":"Interstate"},"geometry":{"type":"LineString","coordinates":[[-96.61992,32.70179],[-96.38358,32.69526],[-96.32981,32.71469],[-96.29766,32.70923],[-95.98855,32.62588],[-95.64644,32.50258],[-95.38768,32.46958]]}},{"type":"Feature","properties":{"name":"20","level":"Interstate"},"geometry":{"type":"LineString","coordinates":[[-94.35788,32.49042],[-94.52807,32.48],[-94.76251,32.43311],[-94.8285,32.43311]]}},{"type":"Feature","properties":{"name":"20","level":"Interstate"},"geometry":{"type":"LineString","coordinates":[[-94.8285,32.43311],[-95.10636,32.43832],[-95.38768,32.46958]]}},{"type":"Feature","properties":{"name":"10","level":"Interstate"},"geometry":{"type":"LineString","coordinates":[[-108.70042,32.34976],[-108.37046,32.17436],[-107.7505,32.2664]]}},{"type":"Feature","properties":{"name":"10","level":"Interstate"},"geometry":{"type":"LineString","coordinates":[[-110.95799,32.19694],[-110.87811,32.124],[-110.65756,31.99723],[-110.44222,31.96423],[-110.31371,31.97118]]}},{"type":"Feature","properties":{"name":"10","level":"Interstate"},"geometry":{"type":"LineString","coordinates":[[-110.31371,31.97118],[-110.26683,31.96771],[-110.11748,32.01633],[-109.99592,32.15352],[-109.88478,32.21951],[-109.75974,32.33934],[-109.72154,32.35497],[-109.62429,32.36365],[-109.04774,32.22125]]}},{"type":"Feature","properties":{"name":"25","level":"Interstate"},"geometry":{"type":"LineString","coordinates":[[-106.76932,32.34976],[-106.72938,32.30634],[-106.71028,32.25424]]}},{"type":"Feature","properties":{"name":"10","level":"Interstate"},"geometry":{"type":"LineString","coordinates":[[-107.7505,32.2664],[-107.59247,32.2855],[-107.38234,32.23514],[-107.13054,32.24556],[-106.86657,32.28203],[-106.71723,32.25772]]}},{"type":"Feature","properties":{"name":"20","level":"Interstate"},"geometry":{"type":"LineString","coordinates":[[-100.50195,32.44701],[-100.40471,32.44874],[-100.35956,32.48347],[-100.27967,32.4939],[-100.12511,32.4939],[-99.85941,32.45916],[-99.77085,32.48347]]}},{"type":"Feature","properties":{"name":"95","level":"Interstate"},"geometry":{"type":"LineString","coordinates":[[-81.57308,31.13761],[-81.64775,31.05599],[-81.68422,30.93096],[-81.65296,30.75035],[-81.67553,30.69305],[-81.63386,30.51591],[-81.64774,30.45443]]}},{"type":"Feature","properties":{"name":"20","level":"Interstate"},"geometry":{"type":"LineString","coordinates":[[-99.77085,32.48347],[-99.72396,32.49042],[-99.62845,32.43659],[-99.22382,32.37581],[-98.86261,32.3706],[-98.61949,32.47653],[-98.36421,32.51647],[-98.1645,32.57552],[-98.11066,32.61198]]}},{"type":"Feature","properties":{"name":"20","level":"Interstate"},"geometry":{"type":"LineString","coordinates":[[-100.50195,32.44701],[-100.68603,32.40707],[-100.86838,32.4088],[-101.02467,32.35497],[-101.21222,32.32371],[-101.21222,32.30982],[-101.45014,32.25945],[-101.49008,32.26293]]}},{"type":"Feature","properties":{"name":"10","level":"Interstate"},"geometry":{"type":"LineString","coordinates":[[-106.71723,32.25772],[-106.66687,32.19346],[-106.57483,32.01459],[-106.5592,31.89477],[-106.48626,31.80447]]}},{"type":"Feature","properties":{"name":"35E","level":"Interstate"},"geometry":{"type":"LineString","coordinates":[[-96.79606,32.78217],[-96.82906,32.71097],[-96.82559,32.50258],[-96.87247,32.39838],[-96.85511,32.36191],[-96.87421,32.24556],[-96.91241,32.17089],[-96.98188,32.11532],[-97.09476,32.05627]]}},{"type":"Feature","properties":{"name":"35W","level":"Interstate"},"geometry":{"type":"LineString","coordinates":[[-97.09476,32.05627],[-97.20069,32.37754],[-97.31878,32.55294],[-97.31878,32.7266]]}},{"type":"Feature","properties":{"name":"202","level":"State"},"geometry":{"type":"LineString","coordinates":[[-81.41505,30.25716],[-81.389,30.25716]]}},{"type":"Feature","properties":{"name":"10","level":"Interstate"},"geometry":{"type":"LineString","coordinates":[[-106.48626,31.80447],[-106.46889,31.78189],[-106.42374,31.77842]]}},{"type":"Feature","properties":{"name":"202","level":"State"},"geometry":{"type":"LineString","coordinates":[[-81.58176,30.25022],[-81.43067,30.25716]]}},{"type":"Feature","properties":{"name":"95","level":"Interstate"},"geometry":{"type":"LineString","coordinates":[[-81.58176,30.25022],[-81.6738,30.31794]]}},{"type":"Feature","properties":{"name":"19","level":"Interstate"},"geometry":{"type":"LineString","coordinates":[[-110.95799,32.19694],[-110.98578,32.15179],[-110.99446,32.08579],[-110.99446,31.99202],[-110.97015,31.89824],[-111.05698,31.73153],[-111.06219,31.67422],[-111.0535,31.56829],[-110.97015,31.43804],[-110.94236,31.33906]]}},{"type":"Feature","properties":{"name":"59","level":"Interstate"},"geometry":{"type":"LineString","coordinates":[[-88.76605,32.34107],[-88.86156,32.18131],[-88.92061,32.01286],[-89.0439,31.87393],[-89.0578,31.76974],[-89.32002,31.49362],[-89.31829,31.39463],[-89.34955,31.3599]]}},{"type":"Feature","properties":{"name":"20","level":"Interstate"},"geometry":{"type":"LineString","coordinates":[[-101.49008,32.26293],[-101.93812,32.07364],[-101.97459,32.05454],[-102.0371,31.98334],[-102.15693,31.94339],[-102.3549,31.82878]]}},{"type":"Feature","properties":{"name":"10","level":"Interstate"},"geometry":{"type":"LineString","coordinates":[[-83.88969,30.47597],[-83.61357,30.43256],[-83.48333,30.43777],[-83.12733,30.34225],[-82.9884,30.34746],[-82.91199,30.30231],[-82.75396,30.26584]]}},{"type":"Feature","properties":{"name":"10","level":"Interstate"},"geometry":{"type":"LineString","coordinates":[[-85.38143,30.75383],[-85.27029,30.75383],[-84.99417,30.64095],[-84.78056,30.62358],[-84.59649,30.54023],[-84.44367,30.49507],[-84.34294,30.47771],[-84.24743,30.50376]]}},{"type":"Feature","properties":{"name":"35","level":"Interstate"},"geometry":{"type":"LineString","coordinates":[[-97.10865,31.60302],[-97.10865,31.77147],[-97.08607,31.88956],[-97.11733,31.96423],[-97.09476,32.05627]]}},{"type":"Feature","properties":{"name":"45","level":"Interstate"},"geometry":{"type":"LineString","coordinates":[[-96.77349,32.78043],[-96.66755,32.57204],[-96.65713,32.40707],[-96.59983,32.31676],[-96.5321,32.28377],[-96.48348,32.22646],[-96.43832,32.09969],[-96.45222,32.06322],[-96.41401,31.96944],[-96.42096,31.9295],[-96.19173,31.75063],[-96.13963,31.56829],[-96.07364,31.4502]]}},{"type":"Feature","properties":{"name":"20","level":"Interstate"},"geometry":{"type":"LineString","coordinates":[[-103.48195,31.40158],[-103.40554,31.42242],[-103.32739,31.47104],[-102.88804,31.57697],[-102.43305,31.81662],[-102.3549,31.82878]]}},{"type":"Feature","properties":{"name":"55","level":"Interstate"},"geometry":{"type":"LineString","coordinates":[[-90.47833,31.54224],[-90.47833,31.14803],[-90.50785,30.98653]]}},{"type":"Feature","properties":{"name":"10","level":"Interstate"},"geometry":{"type":"LineString","coordinates":[[-87.22222,30.50549],[-87.29689,30.51418],[-87.37851,30.56628],[-87.52612,30.58364],[-87.60253,30.62706],[-88.03668,30.69131]]}},{"type":"Feature","properties":{"name":"10","level":"Interstate"},"geometry":{"type":"LineString","coordinates":[[-87.11281,30.53328],[-87.0555,30.55412],[-86.97215,30.61664],[-86.70471,30.71389],[-86.54494,30.72951],[-86.43033,30.72083],[-86.26709,30.74862],[-86.13685,30.69652],[-86.02744,30.69478],[-85.97187,30.70173],[-85.82426,30.75904],[-85.38143,30.75383]]}},{"type":"Feature","properties":{"name":"10","level":"Interstate"},"geometry":{"type":"LineString","coordinates":[[-88.03668,30.69131],[-88.05752,30.67047],[-88.12351,30.65484]]}},{"type":"Feature","properties":{"name":"65","level":"Interstate"},"geometry":{"type":"LineString","coordinates":[[-88.12351,30.65484],[-88.12351,30.72604],[-88.09746,30.7573],[-88.10614,30.80245],[-88.07141,30.85802],[-87.93943,30.92575],[-87.71367,30.98132],[-87.38198,31.17061],[-87.00862,31.41894]]}},{"type":"Feature","properties":{"name":"65","level":"Interstate"},"geometry":{"type":"LineString","coordinates":[[-87.00862,31.41894],[-86.77418,31.64991],[-86.66303,31.83052],[-86.538,31.96597],[-86.42338,32.18652],[-86.34524,32.2855],[-86.33482,32.32892]]}},{"type":"Feature","properties":{"name":"10","level":"Interstate"},"geometry":{"type":"LineString","coordinates":[[-87.22222,30.50549],[-87.1597,30.50897]]}},{"type":"Feature","properties":{"name":"20","level":"Interstate"},"geometry":{"type":"LineString","coordinates":[[-104.05155,31.09073],[-104.0394,31.11678],[-103.74765,31.33211],[-103.54447,31.40679],[-103.48195,31.40158]]}},{"type":"Feature","properties":{"name":"10","level":"Interstate"},"geometry":{"type":"LineString","coordinates":[[-104.05155,31.09073],[-104.1627,31.05773],[-104.44055,31.07162],[-104.82608,31.03689]]}},{"type":"Feature","properties":{"name":"35","level":"Interstate"},"geometry":{"type":"LineString","coordinates":[[-97.46986,31.02995],[-97.39345,31.0612],[-97.33093,31.1272],[-97.1347,31.5214],[-97.10865,31.60302]]}},{"type":"Feature","properties":{"name":"10","level":"Interstate"},"geometry":{"type":"LineString","coordinates":[[-88.12351,30.65484],[-88.1704,30.60101],[-88.31974,30.50897],[-88.53335,30.4395],[-88.70353,30.43256],[-88.78342,30.45861],[-88.92408,30.44819],[-88.96576,30.46208],[-89.096,30.43603]]}},{"type":"Feature","properties":{"name":"59","level":"Interstate"},"geometry":{"type":"LineString","coordinates":[[-89.34955,31.3599],[-89.35475,31.28349],[-89.3235,31.22792],[-89.41033,31.00737],[-89.51799,30.79377],[-89.52494,30.75035],[-89.68471,30.46902]]}},{"type":"Feature","properties":{"name":"95","level":"Interstate"},"geometry":{"type":"LineString","coordinates":[[-81.58176,30.25022],[-81.53487,30.2068],[-81.53313,30.16512],[-81.4793,30.1026],[-81.48972,30.02793],[-81.40984,29.91679],[-81.3178,29.68061],[-81.27438,29.65283],[-81.19102,29.50348],[-81.07467,29.15616],[-81.09377,29.14748]]}},{"type":"Feature","properties":{"name":"10","level":"Interstate"},"geometry":{"type":"LineString","coordinates":[[-102.90887,30.90144],[-103.12942,30.91186],[-103.74418,31.00911],[-103.84837,31.00737],[-104.05155,31.09073]]}},{"type":"Feature","properties":{"name":"55","level":"Interstate"},"geometry":{"type":"LineString","coordinates":[[-90.50785,30.98653],[-90.53043,30.90144],[-90.5339,30.68784],[-90.49049,30.48118]]}},{"type":"Feature","properties":{"name":"12","level":"Interstate"},"geometry":{"type":"LineString","coordinates":[[-90.49049,30.48118],[-90.26126,30.48118],[-90.08413,30.42908]]}},{"type":"Feature","properties":{"name":"10","level":"Interstate"},"geometry":{"type":"LineString","coordinates":[[-102.64491,30.87712],[-102.90887,30.90144]]}},{"type":"Feature","properties":{"name":"10","level":"Interstate"},"geometry":{"type":"LineString","coordinates":[[-89.62393,30.30752],[-89.29224,30.40477],[-89.096,30.43603]]}},{"type":"Feature","properties":{"name":"59","level":"Interstate"},"geometry":{"type":"LineString","coordinates":[[-89.68471,30.46902],[-89.74028,30.37699],[-89.74202,30.30752]]}},{"type":"Feature","properties":{"name":"12","level":"Interstate"},"geometry":{"type":"LineString","coordinates":[[-90.08413,30.42908],[-89.86184,30.32662],[-89.74202,30.30752]]}},{"type":"Feature","properties":{"name":"10","level":"Interstate"},"geometry":{"type":"LineString","coordinates":[[-89.74202,30.30752],[-89.67602,30.2971],[-89.62393,30.30752]]}},{"type":"Feature","properties":{"name":"12","level":"Interstate"},"geometry":{"type":"LineString","coordinates":[[-91.12261,30.39088],[-91.05835,30.43256],[-90.89512,30.46729],[-90.49049,30.48118]]}},{"type":"Feature","properties":{"name":"10","level":"Interstate"},"geometry":{"type":"LineString","coordinates":[[-91.15213,30.40477],[-91.12261,30.39088]]}},{"type":"Feature","properties":{"name":"10","level":"Interstate"},"geometry":{"type":"LineString","coordinates":[[-91.15213,30.40477],[-91.28411,30.4534],[-91.33795,30.44819],[-92.01522,30.26063]]}},{"type":"Feature","properties":{"name":"49","level":"Interstate"},"geometry":{"type":"LineString","coordinates":[[-92.01522,30.26063],[-92.07426,30.46729],[-92.04995,30.63574],[-92.08989,30.70347],[-92.20798,30.79898],[-92.22708,30.8285],[-92.23056,30.89449],[-92.29134,30.96743],[-92.37817,31.01084],[-92.432,31.07336],[-92.43374,31.29043]]}},{"type":"Feature","properties":{"name":"55","level":"Interstate"},"geometry":{"type":"LineString","coordinates":[[-90.43839,30.08871],[-90.45402,30.15644],[-90.38977,30.30231],[-90.41061,30.36483],[-90.49049,30.48118]]}},{"type":"Feature","properties":{"name":"35","level":"Interstate"},"geometry":{"type":"LineString","coordinates":[[-97.68694,30.51939],[-97.69041,30.64095],[-97.65047,30.70173],[-97.59316,30.85108],[-97.46986,31.02995]]}},{"type":"Feature","properties":{"name":"75","level":"Interstate"},"geometry":{"type":"LineString","coordinates":[[-82.75396,30.26584],[-82.70707,30.21896],[-82.58204,29.98972],[-82.5091,29.77786],[-82.31287,29.52953],[-82.22603,29.36976],[-82.18783,29.23431],[-82.18262,29.07628],[-82.08884,28.85747]]}},{"type":"Feature","properties":{"level":"Other"},"geometry":{"type":"LineString","coordinates":[[-90.08413,30.42908],[-90.17096,29.90637]]}},{"type":"Feature","properties":{"name":"10","level":"Interstate"},"geometry":{"type":"LineString","coordinates":[[-89.74202,30.30752],[-89.7698,30.23806],[-89.91741,30.08177],[-90.06501,29.97052]]}},{"type":"Feature","properties":{"name":"A1A","level":"State"},"geometry":{"type":"LineString","coordinates":[[-80.72214,28.40595],[-80.66484,28.40769]]}},{"type":"Feature","properties":{"name":"528","level":"State"},"geometry":{"type":"LineString","coordinates":[[-80.74646,28.40248],[-80.72214,28.40595]]}},{"type":"Feature","properties":{"name":"528","level":"State"},"geometry":{"type":"LineString","coordinates":[[-80.81939,28.4129],[-80.74646,28.40248]]}},{"type":"Feature","properties":{"name":"95","level":"Interstate"},"geometry":{"type":"LineString","coordinates":[[-80.81939,28.4129],[-80.83329,28.44763]]}},{"type":"Feature","properties":{"name":"35","level":"Interstate"},"geometry":{"type":"LineString","coordinates":[[-97.75293,30.21375],[-97.67304,30.39261],[-97.67131,30.46902],[-97.68694,30.51939]]}},{"type":"Feature","properties":{"name":"528","level":"State"},"geometry":{"type":"LineString","coordinates":[[-80.83329,28.44763],[-81.3369,28.4511],[-81.4081,28.43374]]}},{"type":"Feature","properties":{"name":"528","level":"State"},"geometry":{"type":"LineString","coordinates":[[-81.4081,28.43374],[-81.47235,28.42158]]}},{"type":"Feature","properties":{"name":"4","level":"Interstate"},"geometry":{"type":"LineString","coordinates":[[-81.47235,28.42158],[-81.47409,28.45805],[-81.41852,28.51015],[-81.38726,28.51709],[-81.39073,28.5362]]}},{"type":"Feature","properties":{"name":"45","level":"Interstate"},"geometry":{"type":"LineString","coordinates":[[-95.37726,29.81259],[-95.412,29.87685],[-95.4311,29.98799],[-95.46583,30.29537],[-95.50056,30.42387],[-95.50751,30.62879],[-95.53008,30.67742],[-95.59087,30.73646],[-95.735,30.85108],[-95.79578,30.92054],[-95.88261,30.96743],[-95.93819,31.03168],[-96.0007,31.1845],[-95.99376,31.27828],[-96.01286,31.3599],[-96.07364,31.4502]]}},{"type":"Feature","properties":{"name":"45","level":"Interstate"},"geometry":{"type":"LineString","coordinates":[[-95.37726,29.81259],[-95.36858,29.7796]]}},{"type":"Feature","properties":{"name":"10","level":"Interstate"},"geometry":{"type":"LineString","coordinates":[[-95.34774,29.76918],[-95.13588,29.77265],[-95.07336,29.79523],[-94.85281,29.82649],[-94.39435,29.82649],[-94.26411,29.93068],[-94.13907,30.05919]]}},{"type":"Feature","properties":{"name":"59","level":"Federal"},"geometry":{"type":"LineString","coordinates":[[-95.34774,29.76918],[-95.32517,29.87511],[-95.22618,30.13734],[-95.09073,30.35094]]}},{"type":"Feature","properties":{"name":"45","level":"Interstate"},"geometry":{"type":"LineString","coordinates":[[-95.36858,29.7796],[-95.34774,29.76918]]}},{"type":"Feature","properties":{"name":"45","level":"Interstate"},"geometry":{"type":"LineString","coordinates":[[-95.36511,29.74313],[-95.34774,29.76918]]}},{"type":"Feature","properties":{"name":"10","level":"Interstate"},"geometry":{"type":"LineString","coordinates":[[-95.56849,29.78051],[-96.04238,29.76397],[-96.15005,29.77265],[-96.51994,29.6945]]}},{"type":"Feature","properties":{"name":"4","level":"Interstate"},"geometry":{"type":"LineString","coordinates":[[-81.96902,28.08468],[-81.90998,28.13678],[-81.78147,28.16109],[-81.64428,28.23403],[-81.54223,28.3382]]}},{"type":"Feature","properties":{"name":"4","level":"Interstate"},"geometry":{"type":"LineString","coordinates":[[-81.96902,28.08468],[-82.04022,28.04127],[-82.11837,28.043],[-82.32849,28.00133]]}},{"type":"Feature","properties":{"name":"75","level":"Interstate"},"geometry":{"type":"LineString","coordinates":[[-82.08884,28.85747],[-82.09753,28.77758],[-82.14441,28.6647],[-82.23645,28.56398],[-82.25035,28.48236],[-82.2764,28.46326],[-82.28161,28.42505],[-82.31807,28.39727],[-82.32502,28.27571],[-82.40143,28.16109],[-82.35107,28.08121],[-82.32849,28.00133]]}},{"type":"Feature","properties":{"name":"59","level":"Federal"},"geometry":{"type":"LineString","coordinates":[[-95.85309,29.51737],[-95.65338,29.57294],[-95.49014,29.7275],[-95.36511,29.74313]]}},{"type":"Feature","properties":{"name":"275","level":"Interstate"},"geometry":{"type":"LineString","coordinates":[[-82.54036,27.96312],[-82.32849,28.00133]]}},{"type":"Feature","properties":{"name":"35","level":"Interstate"},"geometry":{"type":"LineString","coordinates":[[-97.75293,30.21375],[-97.8606,30.0123],[-97.89533,29.91505],[-98.08983,29.70145],[-98.33534,29.57052]]}},{"type":"Feature","properties":{"name":"275","level":"Interstate"},"geometry":{"type":"LineString","coordinates":[[-82.64282,27.89887],[-82.54036,27.96312]]}},{"type":"Feature","properties":{"name":"45","level":"Interstate"},"geometry":{"type":"LineString","coordinates":[[-94.91359,29.30898],[-95.023,29.39407],[-95.17235,29.57468],[-95.29912,29.69971],[-95.36511,29.74313]]}},{"type":"Feature","properties":{"name":"35","level":"Interstate"},"geometry":{"type":"LineString","coordinates":[[-98.47709,29.43923],[-98.49792,29.42533]]}},{"type":"Feature","properties":{},"geometry":{"type":"LineString","coordinates":[[-94.82503,29.28293],[-94.85976,29.2864]]}},{"type":"Feature","properties":{"name":"10","level":"Interstate"},"geometry":{"type":"LineString","coordinates":[[-96.90199,29.69624],[-97.21632,29.69971],[-97.35177,29.66325],[-97.65915,29.65109],[-97.86407,29.6042],[-97.97174,29.59899],[-98.05683,29.54516],[-98.38567,29.43907]]}},{"type":"Feature","properties":{"name":"10","level":"Interstate"},"geometry":{"type":"LineString","coordinates":[[-98.49792,29.42533],[-98.47535,29.39755]]}},{"type":"Feature","properties":{"name":"FT","level":"State"},"geometry":{"type":"LineString","coordinates":[[-80.39393,27.39873],[-80.4686,27.48556],[-80.57106,27.49077],[-80.64226,27.56197],[-80.79682,27.57412],[-80.88886,27.68179],[-80.90449,27.72],[-81.0,27.80856],[-81.01216,27.86413],[-81.07988,27.94402],[-81.27612,28.09336],[-81.30738,28.21145],[-81.389,28.35906],[-81.4081,28.43374]]}},{"type":"Feature","properties":{"name":"275","level":"Interstate"},"geometry":{"type":"LineString","coordinates":[[-82.66018,27.7773],[-82.66366,27.87108],[-82.64282,27.89887]]}},{"type":"Feature","properties":{"name":"75","level":"Interstate"},"geometry":{"type":"LineString","coordinates":[[-82.32849,28.00133],[-82.35281,27.79988],[-82.38407,27.71652],[-82.51431,27.58975]]}},{"type":"Feature","properties":{"name":"275","level":"Interstate"},"geometry":{"type":"LineString","coordinates":[[-82.51431,27.58975],[-82.5803,27.58628],[-82.64629,27.60885],[-82.67581,27.65227],[-82.66018,27.7773]]}},{"type":"Feature","properties":{"level":"State"},"geometry":{"type":"LineString","coordinates":[[-80.16858,26.9463],[-80.17338,26.72145],[-80.2029,26.68151]]}},{"type":"Feature","properties":{"name":"75","level":"Interstate"},"geometry":{"type":"LineString","coordinates":[[-82.03675,26.975],[-82.0489,27.02015],[-82.12184,27.09135],[-82.38233,27.11219],[-82.42574,27.15908],[-82.45526,27.22854],[-82.44485,27.37094],[-82.46048,27.46993],[-82.51084,27.53939],[-82.51431,27.58975]]}},{"type":"Feature","properties":{"name":"75","level":"Interstate"},"geometry":{"type":"LineString","coordinates":[[-82.02633,26.94547],[-82.03675,26.975]]}},{"type":"Feature","properties":{"name":"37","level":"Interstate"},"geometry":{"type":"LineString","coordinates":[[-98.47535,29.39755],[-98.40068,29.30551],[-98.43888,29.13706],[-98.43888,28.90609],[-98.29995,28.76716],[-98.27043,28.6786],[-98.19576,28.5744],[-98.1836,28.52057],[-98.0933,28.44242],[-98.02036,28.33475]]}},{"type":"Feature","properties":{"name":"95","level":"Interstate"},"geometry":{"type":"LineString","coordinates":[[-80.09871,26.67804],[-80.10044,26.60337],[-80.11955,26.58774],[-80.12476,26.5478],[-80.11607,26.31683],[-80.13518,26.2109],[-80.1647,26.15185],[-80.16817,26.08586]]}},{"type":"Feature","properties":{"name":"595","level":"Interstate"},"geometry":{"type":"LineString","coordinates":[[-80.24632,26.09454],[-80.16817,26.08586]]}},{"type":"Feature","properties":{"level":"State"},"geometry":{"type":"LineString","coordinates":[[-80.24632,26.09454],[-80.24632,26.18137],[-80.19596,26.25605],[-80.2029,26.68151]]}},{"type":"Feature","properties":{"name":"595","level":"Interstate"},"geometry":{"type":"LineString","coordinates":[[-80.34707,26.12129],[-80.24632,26.09454]]}},{"type":"Feature","properties":{"level":"State"},"geometry":{"type":"LineString","coordinates":[[-80.23069,25.93825],[-80.24805,25.97993],[-80.24632,26.09454]]}},{"type":"Feature","properties":{"name":"95","level":"Interstate"},"geometry":{"type":"LineString","coordinates":[[-80.16817,26.08586],[-80.17164,25.95562],[-80.21506,25.92262]]}},{"type":"Feature","properties":{"level":"State"},"geometry":{"type":"LineString","coordinates":[[-80.21506,25.92262],[-80.23069,25.93825]]}},{"type":"Feature","properties":{"name":"37","level":"Interstate"},"geometry":{"type":"LineString","coordinates":[[-97.63137,27.90234],[-97.67825,27.98049],[-97.76161,28.04648],[-97.85538,28.15067],[-97.91617,28.24619],[-98.02036,28.33475]]}},{"type":"Feature","properties":{"name":"75","level":"Interstate"},"geometry":{"type":"LineString","coordinates":[[-81.17305,26.16845],[-80.86802,26.17269],[-80.61196,26.14664]]}},{"type":"Feature","properties":{"name":"75","level":"Interstate"},"geometry":{"type":"LineString","coordinates":[[-81.67206,26.15533],[-81.73284,26.17095],[-81.745,26.31162],[-81.79189,26.47139],[-81.79883,26.69367],[-81.96902,26.84475],[-82.02633,26.94547]]}},{"type":"Feature","properties":{"name":"37","level":"Interstate"},"geometry":{"type":"LineString","coordinates":[[-97.62268,27.86587],[-97.63137,27.90234]]}},{"type":"Feature","properties":{"name":"181","level":"Federal"},"geometry":{"type":"LineString","coordinates":[[-97.29099,27.92665],[-97.39172,27.81898]]}},{"type":"Feature","properties":{"name":"95","level":"Interstate"},"geometry":{"type":"LineString","coordinates":[[-80.21506,25.92262],[-80.20985,25.78369]]}},{"type":"Feature","properties":{"name":"836","level":"State"},"geometry":{"type":"LineString","coordinates":[[-80.34704,25.78196],[-80.20985,25.78369]]}},{"type":"Feature","properties":{"level":"State"},"geometry":{"type":"LineString","coordinates":[[-80.23069,25.93825],[-80.35399,25.93478],[-80.34704,25.78196]]}},{"type":"Feature","properties":{"name":"836","level":"State"},"geometry":{"type":"LineString","coordinates":[[-80.38524,25.77501],[-80.34704,25.78196]]}},{"type":"Feature","properties":{},"geometry":{"type":"LineString","coordinates":[[-98.24959,26.18658],[-98.33121,26.197],[-98.35552,26.22132]]}},{"type":"Feature","properties":{"name":"2","level":"Federal"},"geometry":{"type":"LineString","coordinates":[[-98.18013,26.20742],[-98.24959,26.18658]]}},{"type":"Feature","properties":{"name":"83","level":"Federal"},"geometry":{"type":"LineString","coordinates":[[-97.71993,26.18832],[-97.78939,26.19006],[-97.85017,26.16574],[-97.94395,26.1588],[-98.18013,26.20742]]}},{"type":"Feature","properties":{},"geometry":{"type":"LineString","coordinates":[[-66.08265,18.38059],[-66.08786,18.34586],[-66.05834,18.31286],[-66.05834,18.26945]]}},{"type":"Feature","properties":{},"geometry":{"type":"LineString","coordinates":[[-66.49423,18.4188],[-66.39177,18.43963],[-66.36224,18.43616],[-66.33098,18.4049]]}},{"type":"Feature","properties":{},"geometry":{"type":"LineString","coordinates":[[-66.0,18.24968],[-66.03229,18.24687],[-66.05834,18.26945]]}},{"type":"Feature","properties":{},"geometry":{"type":"LineString","coordinates":[[-66.29799,18.00201],[-66.25805,18.01591],[-66.2511,18.05585],[-66.22505,18.0819],[-66.07744,18.18436],[-66.05834,18.26945]]}},{"type":"Feature","properties":{},"geometry":{"type":"MultiLineString","coordinates":[[[-66.5826,18.02028],[-66.64651,18.0]],[[-66.69605,18.0],[-66.77903,18.04716],[-66.88496,18.01591],[-66.944,18.03327],[-67.10551,18.14441],[-67.10724,18.21214],[-67.12461,18.24861]]]}},{"type":"Feature","properties":{"name":"39","level":"Interstate"},"geometry":{"type":"LineString","coordinates":[[-89.00396,40.53606],[-89.01438,40.64721],[-89.03522,40.6802],[-89.04043,40.86949],[-89.05259,40.87644],[-89.08558,41.24459],[-89.08558,41.31232],[-89.0578,41.36616]]}},{"type":"Feature","properties":{"name":"55","level":"Interstate"},"geometry":{"type":"LineString","coordinates":[[-88.19645,41.48772],[-88.19297,41.3158],[-88.351,41.1595],[-88.43783,41.10567],[-88.58718,40.95111],[-88.67054,40.90075],[-88.68096,40.84344],[-88.78168,40.65936],[-88.8112,40.65242],[-88.83899,40.609],[-88.94492,40.53954],[-89.02654,40.53606]]}},{"type":"Feature","properties":{"name":"416","level":"State"},"geometry":{"type":"LineString","coordinates":[[-76.02292,44.39304],[-75.98645,44.30621]]}},{"type":"Feature","properties":{"name":"95","level":"Interstate"},"geometry":{"type":"LineString","coordinates":[[-70.85829,42.95861],[-70.82703,43.02981],[-70.67768,43.15138],[-70.57001,43.3945],[-70.46061,43.52648],[-70.34599,43.63241]]}},{"type":"Feature","properties":{"name":"195","level":"Interstate"},"geometry":{"type":"LineString","coordinates":[[-71.16393,41.70305],[-71.10836,41.66485],[-71.05452,41.65096],[-70.88607,41.66138],[-70.80098,41.70305],[-70.72978,41.78294]]}},{"type":"Feature","properties":{"name":"SSP","level":"State"},"geometry":{"type":"LineString","coordinates":[[-73.72936,40.68154],[-73.74103,40.66457],[-73.87917,40.6582],[-73.95504,40.60081],[-73.98033,40.59789],[-74.02119,40.62707]]}},{"type":"Feature","properties":{"name":"278","level":"Interstate"},"geometry":{"type":"LineString","coordinates":[[-74.02757,40.61595],[-73.97895,40.69409],[-74.00847,40.72188]]}},{"type":"Feature","properties":{"name":"95","level":"Interstate"},"geometry":{"type":"LineString","coordinates":[[-73.72193,41.02405],[-73.75145,40.95632],[-73.89466,40.83714]]}},{"type":"Feature","properties":{"name":"895","level":"Interstate"},"geometry":{"type":"LineString","coordinates":[[-76.57516,39.25446],[-76.59079,39.23362]]}},{"type":"Feature","properties":{"name":"80","level":"Interstate"},"geometry":{"type":"LineString","coordinates":[[-122.40736,37.76793],[-122.36047,37.80787],[-122.29448,37.83219]]}},{"type":"Feature","properties":{"name":"10","level":"Interstate"},"geometry":{"type":"LineString","coordinates":[[-87.1597,30.50897],[-87.11281,30.53328]]}},{"type":"Feature","properties":{"name":"202","level":"State"},"geometry":{"type":"LineString","coordinates":[[-81.43067,30.25716],[-81.41505,30.25716]]}},{"type":"Feature","properties":{},"geometry":{"type":"LineString","coordinates":[[-94.85976,29.2864],[-94.91359,29.30898]]}},{"type":"Feature","properties":{"name":"A1A","level":"State"},"geometry":{"type":"LineString","coordinates":[[-80.60232,28.40595],[-80.66484,28.40769]]}},{"type":"Feature","properties":{"name":"37","level":"Interstate"},"geometry":{"type":"LineString","coordinates":[[-97.39172,27.81898],[-97.40734,27.7912],[-97.47854,27.79293],[-97.62268,27.86587]]}},{"type":"Feature","properties":{"name":"75","level":"Interstate"},"geometry":{"type":"LineString","coordinates":[[-84.34468,46.50648],[-84.34294,46.50474]]}},{"type":"Feature","properties":{"name":"77","level":"Federal"},"geometry":{"type":"LineString","coordinates":[[-97.50112,25.87747],[-97.49591,25.9313],[-97.51675,26.01119],[-97.55322,26.06676],[-97.71993,26.18832]]}},{"type":"Feature","properties":{"name":"85","level":"Interstate"},"geometry":{"type":"LineString","coordinates":[[-82.00549,34.97028],[-82.05585,34.9616],[-82.11489,34.91297],[-82.30592,34.83135]]}},{"type":"Feature","properties":{"name":"84","level":"Interstate"},"geometry":{"type":"LineString","coordinates":[[-72.14163,42.03127],[-72.19373,41.96181],[-72.29098,41.89755],[-72.38302,41.85414],[-72.43511,41.85067],[-72.57057,41.77947],[-72.66261,41.7621]]}},{"type":"Feature","properties":{"name":"95","level":"Interstate"},"geometry":{"type":"LineString","coordinates":[[-77.39657,37.21743],[-77.38962,37.29905],[-77.4313,37.43624],[-77.4313,37.55607]]}},{"type":"Feature","properties":{"name":"267","level":"State"},"geometry":{"type":"LineString","coordinates":[[-77.1847,38.89672],[-77.21075,38.92971],[-77.42609,38.96097],[-77.50944,39.01307],[-77.5598,39.09469]]}},{"type":"Feature","properties":{"name":"795","level":"Interstate"},"geometry":{"type":"LineString","coordinates":[[-76.83912,39.47848],[-76.81133,39.42638],[-76.77139,39.40554],[-76.74708,39.36907]]}},{"type":"Feature","properties":{"name":"83","level":"Interstate"},"geometry":{"type":"LineString","coordinates":[[-76.66546,39.40901],[-76.64636,39.33955],[-76.61336,39.2944],[-76.64636,39.24577],[-76.64288,39.22841]]}},{"type":"Feature","properties":{"name":"32","level":"State"},"geometry":{"type":"LineString","coordinates":[[-76.94679,39.29961],[-76.96936,39.28572],[-76.97284,39.23015],[-76.94505,39.20236],[-76.82999,39.15444]]}},{"type":"Feature","properties":{"name":"26","level":"Interstate"},"geometry":{"type":"LineString","coordinates":[[-82.53168,35.79863],[-82.52473,35.85247]]}},{"type":"Feature","properties":{"name":"26","level":"Interstate"},"geometry":{"type":"LineString","coordinates":[[-82.52473,35.849],[-82.54904,35.88546],[-82.55772,35.95666]]}},{"type":"Feature","properties":{"name":"675","level":"Interstate"},"geometry":{"type":"LineString","coordinates":[[-84.336,33.67131],[-84.28911,33.61574],[-84.26827,33.53411]]}},{"type":"Feature","properties":{"name":"10","level":"Interstate"},"geometry":{"type":"LineString","coordinates":[[-90.29948,29.99931],[-90.22305,30.00883],[-90.06155,29.97583]]}},{"type":"Feature","properties":{"name":"12","level":"State"},"geometry":{"type":"LineString","coordinates":[[-96.88984,32.90199],[-96.91415,32.82906],[-96.92804,32.6745]]}},{"type":"Feature","properties":{"name":"408","level":"State"},"geometry":{"type":"LineString","coordinates":[[-97.06871,32.82906],[-97.06697,32.68492]]}},{"type":"Feature","properties":{"name":"55","level":"Interstate"},"geometry":{"type":"LineString","coordinates":[[-87.69631,41.62665],[-87.67199,41.67701],[-87.61295,41.73605]]}},{"type":"Feature","properties":{"name":"94","level":"Interstate"},"geometry":{"type":"LineString","coordinates":[[-87.90644,42.32128],[-87.83003,42.17888],[-87.7814,42.11984],[-87.74667,41.95312]]}},{"type":"Feature","properties":{"name":"275","level":"Interstate"},"geometry":{"type":"LineString","coordinates":[[-83.43941,42.38041],[-83.43123,42.26224],[-83.41285,42.22548]]}},{"type":"Feature","properties":{"name":"14","level":"State"},"geometry":{"type":"LineString","coordinates":[[-83.74208,42.30913],[-83.43312,42.38033]]}},{"type":"Feature","properties":{"name":"76","level":"Interstate"},"geometry":{"type":"LineString","coordinates":[[-81.89087,41.03273],[-81.50709,41.05878]]}},{"type":"Feature","properties":{"name":"90","level":"Interstate"},"geometry":{"type":"LineString","coordinates":[[-82.17046,41.39047],[-82.02633,41.45993],[-81.70853,41.48424],[-81.59912,41.52592],[-81.51577,41.58497],[-81.44109,41.57628]]}},{"type":"Feature","properties":{"name":"96","level":"Interstate"},"geometry":{"type":"LineString","coordinates":[[-84.6587,42.70527],[-84.64337,42.68076],[-84.58607,42.66339],[-84.49403,42.66339]]}},{"type":"Feature","properties":{"name":"22","level":"Federal"},"geometry":{"type":"LineString","coordinates":[[-80.15254,40.43881],[-80.26889,40.43881],[-80.63011,40.38845]]}},{"type":"Feature","properties":{"name":"95","level":"Interstate"},"geometry":{"type":"LineString","coordinates":[[-75.59745,39.7025],[-75.48284,39.79627],[-75.37517,39.85532],[-75.18067,39.91089],[-75.11989,39.97167],[-74.90455,40.10886],[-74.89934,40.15401],[-74.86455,40.18904]]}},{"type":"Feature","properties":{"name":"490","level":"Interstate"},"geometry":{"type":"LineString","coordinates":[[-77.97832,43.03155],[-77.91928,43.08365],[-77.80814,43.0958],[-77.69352,43.15658]]}},{"type":"Feature","properties":{"name":"590","level":"Interstate"},"geometry":{"type":"LineString","coordinates":[[-77.61017,43.10101],[-77.64664,43.04892]]}},{"type":"Feature","properties":{"name":"12","level":"State"},"geometry":{"type":"LineString","coordinates":[[-75.18588,43.28162],[-75.18588,43.233],[-75.1633,43.17742],[-75.2345,43.10449]]}},{"type":"Feature","properties":{"level":"State"},"geometry":{"type":"LineString","coordinates":[[-71.49388,41.67701],[-71.50604,41.59886],[-71.49388,41.56065],[-71.46089,41.52766],[-71.38969,41.52245],[-71.35148,41.49466],[-71.3237,41.49466],[-71.2577,41.61102],[-71.14309,41.67701]]}},{"type":"Feature","properties":{"name":"128","level":"State"},"geometry":{"type":"LineString","coordinates":[[-70.97811,42.51926],[-70.92254,42.56788],[-70.84613,42.57309],[-70.72457,42.6165],[-70.636,42.61129]]}},{"type":"Feature","properties":{"name":"25","level":"State"},"geometry":{"type":"LineString","coordinates":[[-72.7477,40.90075],[-72.72686,40.92332],[-72.56189,40.96153],[-72.32397,41.13692],[-72.23714,41.14908]]}},{"type":"Feature","properties":{"name":"6","level":"Federal"},"geometry":{"type":"LineString","coordinates":[[-70.2088,42.06079],[-70.11676,42.066],[-70.06987,42.0278],[-69.98131,41.89929],[-69.9761,41.8142],[-69.99346,41.77599]]}},{"type":"Feature","properties":{"name":"93","level":"Interstate"},"geometry":{"type":"LineString","coordinates":[[-71.69533,44.19507],[-71.73179,44.20202],[-71.77347,44.24022],[-71.75263,44.29058],[-71.79605,44.30274],[-71.80473,44.32358],[-71.86551,44.31142],[-71.89851,44.33573]]}},{"type":"Feature","properties":{"name":"93","level":"Interstate"},"geometry":{"type":"LineString","coordinates":[[-71.55119,43.17395],[-71.52514,43.22952],[-71.60155,43.33719],[-71.59287,43.42402]]}},{"type":"Feature","properties":{"name":"213","level":"State"},"geometry":{"type":"LineString","coordinates":[[-71.14135,42.74675],[-71.22124,42.72591]]}},{"type":"Feature","properties":{"name":"3","level":"Federal"},"geometry":{"type":"LineString","coordinates":[[-71.33064,42.61129],[-71.41921,42.64082],[-71.45568,42.73112],[-71.4852,42.74154],[-71.49562,42.76411],[-71.49909,42.87352],[-71.46262,42.91172],[-71.47131,43.00376],[-71.48867,43.02287],[-71.47478,43.04371]]}},{"type":"Feature","properties":{"name":"90","level":"Interstate"},"geometry":{"type":"LineString","coordinates":[[-75.04001,43.01418],[-75.106,43.06628],[-75.2345,43.10449]]}},{"type":"Feature","properties":{"name":"90","level":"Interstate"},"geometry":{"type":"LineString","coordinates":[[-73.78098,42.63387],[-73.8487,42.67728],[-73.84176,42.69639]]}},{"type":"Feature","properties":{"name":"13","level":"State"},"geometry":{"type":"LineString","coordinates":[[-76.8096,42.16673],[-76.76792,42.21361],[-76.74708,42.27787],[-76.69325,42.2935],[-76.55432,42.38901],[-76.52132,42.4168],[-76.49701,42.47758],[-76.38587,42.47237],[-76.31293,42.48973],[-76.17227,42.61129]]}},{"type":"Feature","properties":{"name":"2","level":"Federal"},"geometry":{"type":"LineString","coordinates":[[-106.46368,31.61344],[-106.41853,31.60129],[-106.37338,31.61344],[-106.35949,31.66554],[-106.27961,31.69506]]}},{"type":"Feature","properties":{},"geometry":{"type":"LineString","coordinates":[[-102.34622,31.83399],[-102.32712,31.90866],[-102.23508,31.98681],[-102.13088,32.03891],[-102.07184,32.05106],[-101.97806,32.03891]]}},{"type":"Feature","properties":{"name":"289","level":"State"},"geometry":{"type":"LineString","coordinates":[[-101.83566,33.62963],[-101.7853,33.60705],[-101.7853,33.53585],[-101.92249,33.52891],[-101.95548,33.5619],[-101.93465,33.6001],[-101.83566,33.62963]]}},{"type":"Feature","properties":{"name":"36","level":"Federal"},"geometry":{"type":"LineString","coordinates":[[-105.26196,40.00467],[-105.15082,39.95951],[-104.99974,39.80843]]}},{"type":"Feature","properties":{"name":"710","level":"Interstate"},"geometry":{"type":"LineString","coordinates":[[-118.21348,33.78592],[-118.19091,33.83107],[-118.15965,34.0082]]}},{"type":"Feature","properties":{"name":"71","level":"State"},"geometry":{"type":"LineString","coordinates":[[-117.80017,34.0603],[-117.74286,34.02036],[-117.61957,33.8797]]}},{"type":"Feature","properties":{"name":"57","level":"State"},"geometry":{"type":"LineString","coordinates":[[-117.8158,34.02036],[-117.89742,33.93006],[-117.9061,33.85538]]}},{"type":"Feature","properties":{"name":"405","level":"Interstate"},"geometry":{"type":"LineString","coordinates":[[-118.0373,33.77335],[-117.86755,33.77047]]}},{"type":"Feature","properties":{"name":"118","level":"State"},"geometry":{"type":"LineString","coordinates":[[-118.85255,34.28533],[-118.46193,34.28758]]}},{"type":"Feature","properties":{"name":"215","level":"Interstate"},"geometry":{"type":"LineString","coordinates":[[-118.46876,34.29648],[-118.37151,34.28085],[-118.18396,34.20791],[-118.14228,34.15929]]}},{"type":"Feature","properties":{"name":"15","level":"Interstate"},"geometry":{"type":"LineString","coordinates":[[-117.40076,34.22007],[-117.47369,34.15929],[-117.53795,34.07593],[-117.56226,34.00299],[-117.56226,33.88838]]}},{"type":"Feature","properties":{"name":"10","level":"Interstate"},"geometry":{"type":"LineString","coordinates":[[-118.01289,34.0395],[-117.9391,34.01168],[-117.77412,34.02731],[-117.55577,34.02241]]}},{"type":"Feature","properties":{"name":"125","level":"State"},"geometry":{"type":"LineString","coordinates":[[-117.02787,32.84309],[-117.01523,32.84295],[-117.00655,32.7787],[-117.02115,32.69219]]}},{"type":"Feature","properties":{"name":"56","level":"State"},"geometry":{"type":"LineString","coordinates":[[-117.2271,32.94194],[-117.09338,32.95583]]}},{"type":"Feature","properties":{"name":"680","level":"Interstate"},"geometry":{"type":"LineString","coordinates":[[-121.92632,37.7002],[-122.04788,37.8756],[-122.05136,37.90339]]}},{"type":"Feature","properties":{"name":"780","level":"Interstate"},"geometry":{"type":"LineString","coordinates":[[-122.06645,37.99723],[-122.13819,37.9989],[-122.21807,38.03884]]}},{"type":"Feature","properties":{"name":"580","level":"Interstate"},"geometry":{"type":"LineString","coordinates":[[-122.54281,37.97285],[-122.46467,37.94159],[-122.30837,37.93291]]}},{"type":"Feature","properties":{"name":"92","level":"State"},"geometry":{"type":"LineString","coordinates":[[-122.06525,37.67416],[-122.12082,37.63769],[-122.21807,37.60643],[-122.34137,37.51613]]}},{"type":"Feature","properties":{"name":"85","level":"State"},"geometry":{"type":"LineString","coordinates":[[-122.06013,37.33214],[-121.98189,37.22959],[-121.77003,37.24695]]}},{"type":"Feature","properties":{"name":"505","level":"Interstate"},"geometry":{"type":"LineString","coordinates":[[-121.92979,38.83594],[-121.95758,38.72132],[-121.94195,38.38269]]}},{"type":"Feature","properties":{"name":"880","level":"Interstate"},"geometry":{"type":"LineString","coordinates":[[-122.07046,37.68979],[-122.04788,37.61337],[-122.0062,37.55607],[-121.93327,37.50744]]}},{"type":"Feature","properties":{"name":"5","level":"Interstate"},"geometry":{"type":"LineString","coordinates":[[-122.31705,41.31059],[-122.37957,41.37658],[-122.38826,41.41652],[-122.41951,41.42694]]}},{"type":"Feature","properties":{"name":"5","level":"Interstate"},"geometry":{"type":"LineString","coordinates":[[-122.36221,40.609],[-122.36568,40.63679],[-122.31705,40.73577],[-122.324,40.83302],[-122.44035,40.96153],[-122.36047,41.0692],[-122.27538,41.22375],[-122.27017,41.24807],[-122.31879,41.31059]]}},{"type":"Feature","properties":{"name":"5","level":"Interstate"},"geometry":{"type":"LineString","coordinates":[[-123.36596,43.16006],[-123.36075,43.07844],[-123.29649,43.01766],[-123.33644,42.95861],[-123.27913,42.93777],[-123.23745,42.8822],[-123.26176,42.82316],[-123.25655,42.78669],[-123.37117,42.74675],[-123.39027,42.68076],[-123.37985,42.66339],[-123.38853,42.59219],[-123.36422,42.55572],[-123.36422,42.49147],[-123.30691,42.43937],[-123.2444,42.42548],[-123.1732,42.43069],[-123.13846,42.40638],[-123.069,42.43069],[-122.93702,42.39943],[-122.88318,42.36296],[-122.86582,42.32476]]}},{"type":"Feature","properties":{"name":"217","level":"State"},"geometry":{"type":"LineString","coordinates":[[-122.78594,45.51141],[-122.78767,45.46278],[-122.74599,45.42458]]}},{"type":"Feature","properties":{"name":"5","level":"Interstate"},"geometry":{"type":"LineString","coordinates":[[-122.22154,45.54787],[-122.31185,45.53398],[-122.5567,45.53572]]}},{"type":"Feature","properties":{"name":"395","level":"Federal"},"geometry":{"type":"LineString","coordinates":[[-119.11998,46.24772],[-119.13735,46.21126],[-119.19987,46.15916]]}},{"type":"Feature","properties":{"name":"182","level":"Interstate"},"geometry":{"type":"LineString","coordinates":[[-119.06094,46.24772],[-119.19292,46.2703],[-119.36311,46.2512]]}},{"type":"Feature","properties":{"name":"167","level":"State"},"geometry":{"type":"LineString","coordinates":[[-122.25084,47.30514],[-122.24759,47.37651],[-122.22675,47.40082],[-122.2146,47.4616]]}},{"type":"Feature","properties":{"name":"5","level":"Interstate"},"geometry":{"type":"LineString","coordinates":[[-122.17639,47.57969],[-122.32227,47.59358]]}},{"type":"Feature","properties":{"name":"520","level":"State"},"geometry":{"type":"LineString","coordinates":[[-122.32053,47.64395],[-122.18695,47.63289]]}},{"type":"Feature","properties":{"name":"509","level":"State"},"geometry":{"type":"LineString","coordinates":[[-122.32748,47.62137],[-122.33963,47.57448],[-122.32191,47.46922]]}},{"type":"Feature","properties":{"name":"18","level":"State"},"geometry":{"type":"LineString","coordinates":[[-122.30837,47.28794],[-122.16597,47.31052],[-122.11735,47.35914],[-121.91243,47.46681],[-121.88291,47.50849]]}},{"type":"Feature","properties":{"name":"20","level":"State"},"geometry":{"type":"LineString","coordinates":[[-122.88666,47.993],[-122.82588,48.01384],[-122.81719,48.09372],[-122.75641,48.11283]]}},{"type":"Feature","properties":{"name":"82","level":"Interstate"},"geometry":{"type":"LineString","coordinates":[[-120.50752,46.97015],[-120.49016,46.92847],[-120.38423,46.859],[-120.35818,46.81038],[-120.39464,46.7305],[-120.47453,46.68534],[-120.50926,46.62977]]}},{"type":"Feature","properties":{"name":"5","level":"Interstate"},"geometry":{"type":"LineString","coordinates":[[-122.46293,48.69979],[-122.47682,48.71716],[-122.46467,48.7762],[-122.54629,48.81441],[-122.58275,48.85609],[-122.59317,48.89429],[-122.67653,48.94986]]}},{"type":"Feature","properties":{"name":"5","level":"Interstate"},"geometry":{"type":"LineString","coordinates":[[-122.19028,47.97563],[-122.17118,48.00863],[-122.18334,48.1354],[-122.20591,48.20486],[-122.33095,48.3299],[-122.34484,48.59734],[-122.37957,48.67374],[-122.46293,48.70674]]}},{"type":"Feature","properties":{"name":"20","level":"State"},"geometry":{"type":"LineString","coordinates":[[-122.33616,48.42889],[-122.41083,48.44278],[-122.47682,48.43062],[-122.57581,48.45667],[-122.64006,48.41152],[-122.64701,48.36984],[-122.62791,48.32816],[-122.73384,48.22049],[-122.63312,48.20486],[-122.62443,48.17361],[-122.66437,48.16319]]}},{"type":"Feature","properties":{"name":"15","level":"Interstate"},"geometry":{"type":"LineString","coordinates":[[-117.18368,33.54801],[-117.13679,33.48202]]}},{"type":"Feature","properties":{"name":"90","level":"Interstate"},"geometry":{"type":"LineString","coordinates":[[-73.84176,42.69639],[-73.92685,42.75022]]}},{"type":"Feature","properties":{"name":"15","level":"Interstate"},"geometry":{"type":"LineString","coordinates":[[-117.0847,33.1208],[-117.06907,33.07218],[-117.08296,32.98188],[-117.11769,32.91068],[-117.11074,32.77696]]}},{"type":"Feature","properties":{"name":"55","level":"Interstate"},"geometry":{"type":"LineString","coordinates":[[-89.03001,40.50654],[-89.02133,40.44229]]}},{"type":"Feature","properties":{"name":"17","level":"State"},"geometry":{"type":"LineString","coordinates":[[-121.97629,37.22554],[-121.99405,37.18965],[-121.97668,37.08024],[-122.02704,37.0212],[-122.01662,36.98299]]}},{"type":"Feature","properties":{"name":"405","level":"Interstate"},"geometry":{"type":"LineString","coordinates":[[-118.09192,33.78418],[-118.03809,33.77376]]}},{"type":"Feature","properties":{"name":"10","level":"Interstate"},"geometry":{"type":"LineString","coordinates":[[-117.29579,33.94387],[-116.98918,33.93874]]}},{"type":"Feature","properties":{"name":"10","level":"Interstate"},"geometry":{"type":"LineString","coordinates":[[-118.4375,34.02731],[-118.22511,34.0448]]}},{"type":"Feature","properties":{"name":"10","level":"Interstate"},"geometry":{"type":"LineString","coordinates":[[-118.22511,34.0448],[-118.04503,34.05162],[-118.01289,34.0395]]}},{"type":"Feature","properties":{"name":"10","level":"Interstate"},"geometry":{"type":"LineString","coordinates":[[-117.55577,34.02241],[-117.35908,33.99084],[-117.29579,33.94387]]}},{"type":"Feature","properties":{"name":"215","level":"Interstate"},"geometry":{"type":"LineString","coordinates":[[-118.13678,34.15111],[-117.95126,34.12977]]}},{"type":"Feature","properties":{"name":"215","level":"Interstate"},"geometry":{"type":"LineString","coordinates":[[-117.95126,34.12977],[-117.83143,34.11761],[-117.80362,34.06601]]}},{"type":"Feature","properties":{"name":"215","level":"Interstate"},"geometry":{"type":"LineString","coordinates":[[-117.39996,34.22004],[-117.30003,34.12629],[-117.29482,34.06378]]}},{"type":"Feature","properties":{"name":"110","level":"Interstate"},"geometry":{"type":"LineString","coordinates":[[-118.27079,34.04294],[-118.28121,33.83107],[-118.26953,33.76894]]}},{"type":"Feature","properties":{"name":"47","level":"State"},"geometry":{"type":"LineString","coordinates":[[-118.26953,33.76894],[-118.21348,33.78592]]}},{"type":"Feature","properties":{"name":"405","level":"Interstate"},"geometry":{"type":"LineString","coordinates":[[-118.46193,34.28758],[-118.46876,34.16624]]}},{"type":"Feature","properties":{"name":"17","level":"State"},"geometry":{"type":"LineString","coordinates":[[-121.94195,37.31468],[-121.93848,37.27821],[-121.97629,37.22554]]}},{"type":"Feature","properties":{"name":"85","level":"State"},"geometry":{"type":"LineString","coordinates":[[-122.05483,37.41019],[-122.06013,37.33214]]}},{"type":"Feature","properties":{"name":"237","level":"State"},"geometry":{"type":"LineString","coordinates":[[-121.88464,37.44319],[-122.05483,37.41019]]}},{"type":"Feature","properties":{"name":"80","level":"Interstate"},"geometry":{"type":"LineString","coordinates":[[-122.30347,37.93158],[-122.27711,37.87907],[-122.29448,37.83219]]}},{"type":"Feature","properties":{"name":"680","level":"Interstate"},"geometry":{"type":"LineString","coordinates":[[-122.05136,37.90339],[-122.06645,37.99723]]}},{"type":"Feature","properties":{"name":"5","level":"Interstate"},"geometry":{"type":"LineString","coordinates":[[-121.92635,38.83279],[-122.10519,39.07385],[-122.14687,39.1711]]}},{"type":"Feature","properties":{"name":"580","level":"Interstate"},"geometry":{"type":"LineString","coordinates":[[-121.56511,37.74362],[-121.34985,37.60218]]}},{"type":"Feature","properties":{"name":"5","level":"Interstate"},"geometry":{"type":"MultiLineString","coordinates":[[[-121.34738,37.76561],[-121.34886,37.60351]],[[-121.29941,37.79745],[-121.35413,37.7674]]]}},{"type":"Feature","properties":{"name":"5","level":"Interstate"},"geometry":{"type":"LineString","coordinates":[[-122.2719,47.4616],[-122.26843,47.49633],[-122.32053,47.55712],[-122.32183,47.59155]]}},{"type":"Feature","properties":{"name":"518","level":"State"},"geometry":{"type":"LineString","coordinates":[[-122.32191,47.46922],[-122.27364,47.4616]]}},{"type":"Feature","properties":{"name":"167","level":"State"},"geometry":{"type":"LineString","coordinates":[[-122.24586,47.19417],[-122.26148,47.27752],[-122.25084,47.30514]]}},{"type":"Feature","properties":{"name":"520","level":"State"},"geometry":{"type":"LineString","coordinates":[[-122.18695,47.63289],[-122.14166,47.63179],[-122.13298,47.65957],[-122.09998,47.66999]]}},{"type":"Feature","properties":{"name":"17","level":"Interstate"},"geometry":{"type":"LineString","coordinates":[[-112.09901,33.50362],[-112.10005,33.46383]]}},{"type":"Feature","properties":{"name":"17","level":"Interstate"},"geometry":{"type":"LineString","coordinates":[[-112.11306,33.67264],[-112.09901,33.50362]]}},{"type":"Feature","properties":{"name":"17","level":"Interstate"},"geometry":{"type":"LineString","coordinates":[[-112.11993,34.32418],[-112.12498,34.28953],[-112.10588,34.23049],[-112.15277,34.1315],[-112.13366,33.95958],[-112.14409,33.82413],[-112.11306,33.67264]]}},{"type":"Feature","properties":{"name":"10","level":"Interstate"},"geometry":{"type":"LineString","coordinates":[[-106.27501,31.69221],[-106.37338,31.77147],[-106.42374,31.77842]]}},{"type":"Feature","properties":{"name":"40","level":"Interstate"},"geometry":{"type":"LineString","coordinates":[[-112.4567,35.22277],[-112.28301,35.22035],[-112.17187,35.25855],[-112.05552,35.26724],[-111.97216,35.24987],[-111.94959,35.26029],[-111.86449,35.25161],[-111.66305,35.17346]]}},{"type":"Feature","properties":{"name":"15","level":"Interstate"},"geometry":{"type":"LineString","coordinates":[[-115.02633,36.28341],[-115.07198,36.26404],[-115.16402,36.17374]]}},{"type":"Feature","properties":{"name":"90","level":"Interstate"},"geometry":{"type":"LineString","coordinates":[[-122.17813,47.57969],[-122.13124,47.57622],[-122.00447,47.52586],[-121.86479,47.50899]]}},{"type":"Feature","properties":{"name":"44","level":"Interstate"},"geometry":{"type":"LineString","coordinates":[[-97.46465,35.54509],[-97.57753,35.50515],[-97.581,35.46173]]}},{"type":"Feature","properties":{"name":"35E","level":"Interstate"},"geometry":{"type":"LineString","coordinates":[[-96.88332,32.91739],[-96.84816,32.80822],[-96.79606,32.78217]]}},{"type":"Feature","properties":{"name":"10","level":"Interstate"},"geometry":{"type":"LineString","coordinates":[[-95.36858,29.7796],[-95.56849,29.78051]]}},{"type":"Feature","properties":{"name":"35","level":"Interstate"},"geometry":{"type":"LineString","coordinates":[[-98.33534,29.57052],[-98.39199,29.52953],[-98.39894,29.49132],[-98.47709,29.43923]]}},{"type":"Feature","properties":{"name":"10","level":"Interstate"},"geometry":{"type":"LineString","coordinates":[[-98.38567,29.43907],[-98.47535,29.39755]]}},{"type":"Feature","properties":{"name":"10","level":"Interstate"},"geometry":{"type":"LineString","coordinates":[[-98.60209,29.59323],[-98.58302,29.54342],[-98.52224,29.48264],[-98.49792,29.42533]]}},{"type":"Feature","properties":{"name":"35","level":"Interstate"},"geometry":{"type":"LineString","coordinates":[[-98.59428,29.30729],[-98.53787,29.34024],[-98.49792,29.42533]]}},{"type":"Feature","properties":{"name":"310","level":"Interstate"},"geometry":{"type":"LineString","coordinates":[[-90.40018,29.88553],[-90.41061,29.91505],[-90.38282,29.94805],[-90.29948,29.99931]]}},{"type":"Feature","properties":{"name":"90","level":"Federal"},"geometry":{"type":"LineString","coordinates":[[-90.06501,29.97052],[-90.07718,29.94284],[-90.0355,29.92026],[-90.07172,29.89419]]}},{"type":"Feature","properties":{"name":"10","level":"Interstate"},"geometry":{"type":"LineString","coordinates":[[-90.29746,30.00223],[-90.36893,30.06266],[-90.44026,30.0865]]}},{"type":"Feature","properties":{"name":"95","level":"Interstate"},"geometry":{"type":"LineString","coordinates":[[-81.64774,30.45443],[-81.66859,30.33878]]}},{"type":"Feature","properties":{"name":"FT","level":"State"},"geometry":{"type":"LineString","coordinates":[[-81.39073,28.5362],[-81.54517,28.54452]]}},{"type":"Feature","properties":{"name":"70","level":"Interstate"},"geometry":{"type":"LineString","coordinates":[[-80.44255,26.14664],[-80.34707,26.12129]]}},{"type":"Feature","properties":{"name":"4","level":"Interstate"},"geometry":{"type":"LineString","coordinates":[[-81.54223,28.3382],[-81.47235,28.42158]]}},{"type":"Feature","properties":{"name":"4","level":"Interstate"},"geometry":{"type":"LineString","coordinates":[[-81.33886,28.80913],[-81.39073,28.6647],[-81.37684,28.5744],[-81.39073,28.5362]]}},{"type":"Feature","properties":{"name":"96","level":"Interstate"},"geometry":{"type":"LineString","coordinates":[[-83.74208,42.30565],[-83.7855,42.30739],[-83.80634,42.28829]]}},{"type":"Feature","properties":{"name":"75","level":"Interstate"},"geometry":{"type":"LineString","coordinates":[[-83.11255,42.48089],[-83.0596,42.36817]]}},{"type":"Feature","properties":{"name":"496","level":"Interstate"},"geometry":{"type":"LineString","coordinates":[[-84.50271,42.72765],[-84.66013,42.72601]]}},{"type":"Feature","properties":{"name":"32","level":"State"},"geometry":{"type":"LineString","coordinates":[[-76.77771,39.11396],[-76.7384,39.08774],[-76.70193,39.10164],[-76.6342,39.05996]]}},{"type":"Feature","properties":{"name":"32","level":"State"},"geometry":{"type":"LineString","coordinates":[[-76.82999,39.15444],[-76.77771,39.11396]]}},{"type":"Feature","properties":{"name":"295","level":"State"},"geometry":{"type":"LineString","coordinates":[[-76.62204,39.22841],[-76.64809,39.23015],[-76.70714,39.19368],[-76.77836,39.11471]]}},{"type":"Feature","properties":{"name":"70","level":"Interstate"},"geometry":{"type":"LineString","coordinates":[[-76.60586,39.28545],[-76.74291,39.30399]]}},{"type":"Feature","properties":{"name":"695","level":"Interstate"},"geometry":{"type":"LineString","coordinates":[[-76.50222,39.35344],[-76.58558,39.41596],[-76.64318,39.42081]]}},{"type":"Feature","properties":{"name":"80","level":"Interstate"},"geometry":{"type":"LineString","coordinates":[[-74.42004,40.86428],[-74.35757,40.8471]]}},{"type":"Feature","properties":{"level":"Other"},"geometry":{"type":"LineString","coordinates":[[-73.89466,40.83714],[-73.93681,40.80907],[-73.98039,40.74744]]}},{"type":"Feature","properties":{"name":"495","level":"Interstate"},"geometry":{"type":"LineString","coordinates":[[-73.75959,40.75112],[-73.86607,40.7323],[-73.972,40.74446]]}},{"type":"Feature","properties":{"name":"95","level":"Interstate"},"geometry":{"type":"LineString","coordinates":[[-74.69753,40.19222],[-74.65796,40.20264],[-74.59717,40.19222]]}},{"type":"Feature","properties":{"name":"1","level":"Federal"},"geometry":{"type":"LineString","coordinates":[[-74.86455,40.18904],[-74.81772,40.20264],[-74.69753,40.19222]]}},{"type":"Feature","properties":{"name":"6","level":"Federal"},"geometry":{"type":"LineString","coordinates":[[-69.99173,41.78294],[-70.04382,41.71],[-70.16365,41.70305],[-70.25048,41.67353],[-70.36162,41.6718],[-70.44324,41.72563],[-70.50963,41.74286]]}},{"type":"Feature","properties":{"name":"290","level":"Interstate"},"geometry":{"type":"LineString","coordinates":[[-71.78593,42.27849],[-71.84815,42.18756]]}},{"type":"Feature","properties":{"name":"86","level":"Interstate"},"geometry":{"type":"LineString","coordinates":[[-75.77459,42.10247],[-75.58182,42.07121],[-75.54188,42.03995],[-75.45942,42.04873]]}},{"type":"Feature","properties":{},"geometry":{"type":"LineString","coordinates":[[-66.29799,18.00201],[-66.50464,18.05758],[-66.54632,18.0489],[-66.5826,18.02028]]}},{"type":"Feature","properties":{"name":"2","level":"State"},"geometry":{"type":"LineString","coordinates":[[-148.76803,65.49633],[-148.66988,65.48572],[-148.52921,65.52045],[-148.26525,65.46314],[-148.24441,65.40062],[-148.27393,65.32248],[-148.13153,65.27212],[-148.12459,65.20091],[-148.07423,65.17313],[-147.69912,65.09498],[-147.63487,65.01684],[-147.62792,64.94564],[-147.71301,64.83276]]}},{"type":"Feature","properties":{"name":"23","level":"State"},"geometry":{"type":"LineString","coordinates":[[-118.86992,34.17492],[-118.85255,34.28533]]}},{"type":"Feature","properties":{"name":"52","level":"State"},"geometry":{"type":"LineString","coordinates":[[-117.17674,32.84469],[-117.02787,32.84309]]}},{"type":"Feature","properties":{"name":"54","level":"State"},"geometry":{"type":"LineString","coordinates":[[-117.02115,32.69219],[-117.09338,32.64672]]}},{"type":"Feature","properties":{"name":"94","level":"Interstate"},"geometry":{"type":"LineString","coordinates":[[-93.42343,45.0876],[-93.32461,45.07552],[-93.29335,45.05295],[-93.28641,44.93138],[-93.29856,44.89144]]}},{"type":"Feature","properties":{"name":"64","level":"Federal"},"geometry":{"type":"LineString","coordinates":[[-95.97465,36.16158],[-96.10143,36.13727],[-96.16568,36.15811],[-96.21083,36.15116],[-96.25077,36.16506],[-96.29419,36.21889],[-96.35469,36.22091]]}},{"type":"Feature","properties":{"name":"70","level":"Interstate"},"geometry":{"type":"LineString","coordinates":[[-94.86358,39.10082],[-94.71041,39.10685],[-94.60795,39.09295]]}},{"type":"Feature","properties":{"name":"44","level":"Interstate"},"geometry":{"type":"LineString","coordinates":[[-97.49591,35.39227],[-97.57232,35.39748],[-97.60879,35.27939],[-97.67316,35.2452]]}},{"type":"Feature","properties":{"name":"44","level":"Interstate"},"geometry":{"type":"LineString","coordinates":[[-98.51243,34.14],[-98.55002,34.09677],[-98.55697,34.0603],[-98.5205,33.94221]]}},{"type":"Feature","properties":{"name":"30","level":"Interstate"},"geometry":{"type":"LineString","coordinates":[[-97.48386,32.72895],[-97.3674,32.73181],[-97.32746,32.74744]]}},{"type":"Feature","properties":{"name":"81","level":"Federal"},"geometry":{"type":"LineString","coordinates":[[-97.4828,33.12031],[-97.47854,33.05655],[-97.43339,32.99056],[-97.42471,32.92283],[-97.36914,32.84469],[-97.32746,32.74744]]}},{"type":"Feature","properties":{"name":"75","level":"Federal"},"geometry":{"type":"LineString","coordinates":[[-96.79085,32.79433],[-96.7677,32.8997]]}},{"type":"Feature","properties":{"name":"30","level":"Interstate"},"geometry":{"type":"LineString","coordinates":[[-96.08095,33.12622],[-96.23514,32.99924],[-96.67103,32.79953]]}},{"type":"Feature","properties":{"name":"20","level":"Interstate"},"geometry":{"type":"LineString","coordinates":[[-93.7466,32.49737],[-93.70319,32.52689],[-93.60146,32.54137]]}},{"type":"Feature","properties":{"name":"358","level":"State"},"geometry":{"type":"LineString","coordinates":[[-97.44538,27.78789],[-97.41239,27.72739],[-97.2749,27.6724],[-97.23641,27.61191]]}},{"type":"Feature","properties":{"name":"355","level":"Interstate"},"geometry":{"type":"LineString","coordinates":[[-88.06904,41.94314],[-88.06354,42.04762],[-88.02505,42.13561],[-88.04704,42.2181]]}},{"type":"Feature","properties":{"name":"88","level":"Interstate"},"geometry":{"type":"LineString","coordinates":[[-89.69117,41.75422],[-89.58572,41.77078],[-89.47284,41.81941],[-89.27835,41.83156],[-89.1672,41.87498],[-89.01612,41.9045]]}},{"type":"Feature","properties":{},"geometry":{"type":"LineString","coordinates":[[-87.95356,41.54169],[-88.03055,41.66267],[-88.04704,41.71766],[-88.06904,41.94314]]}},{"type":"Feature","properties":{"name":"44","level":"Interstate"},"geometry":{"type":"LineString","coordinates":[[-90.40548,38.53675],[-90.197,38.62581]]}},{"type":"Feature","properties":{"name":"90","level":"Federal"},"geometry":{"type":"LineString","coordinates":[[-90.07172,29.89419],[-90.13101,29.88379],[-90.17193,29.90663]]}},{"type":"Feature","properties":{"name":"20","level":"Interstate"},"geometry":{"type":"LineString","coordinates":[[-84.3881,33.73903],[-84.29779,33.71125],[-84.242,33.71617]]}},{"type":"Feature","properties":{"name":"385","level":"Interstate"},"geometry":{"type":"LineString","coordinates":[[-82.29607,34.82845],[-82.28266,34.76114]]}},{"type":"Feature","properties":{"level":"State"},"geometry":{"type":"LineString","coordinates":[[-83.24194,37.26432],[-83.38087,37.21569],[-83.43644,37.17228],[-83.58876,37.17464]]}},{"type":"Feature","properties":{"name":"4","level":"State"},"geometry":{"type":"LineString","coordinates":[[-84.13629,39.77891],[-84.18761,39.75933]]}},{"type":"Feature","properties":{"name":"75","level":"Interstate"},"geometry":{"type":"LineString","coordinates":[[-84.18761,39.75933],[-84.22833,39.70423],[-84.2316,39.61475]]}},{"type":"Feature","properties":{"name":"74","level":"Interstate"},"geometry":{"type":"LineString","coordinates":[[-86.03439,39.79975],[-86.03127,39.74652]]}},{"type":"Feature","properties":{"name":"275","level":"Interstate"},"geometry":{"type":"LineString","coordinates":[[-83.41285,42.22548],[-83.35656,42.01217]]}},{"type":"Feature","properties":{"name":"96","level":"Interstate"},"geometry":{"type":"LineString","coordinates":[[-83.43312,42.38033],[-83.23152,42.38033]]}},{"type":"Feature","properties":{"name":"96","level":"Interstate"},"geometry":{"type":"LineString","coordinates":[[-83.75598,42.52446],[-83.63094,42.52099],[-83.43774,42.4853]]}},{"type":"Feature","properties":{"name":"696","level":"Interstate"},"geometry":{"type":"LineString","coordinates":[[-83.43774,42.4853],[-83.28188,42.48973],[-83.24134,42.47057]]}},{"type":"Feature","properties":{"name":"96","level":"Interstate"},"geometry":{"type":"LineString","coordinates":[[-83.43818,42.48279],[-83.43941,42.38041]]}},{"type":"Feature","properties":{"name":"96","level":"Interstate"},"geometry":{"type":"LineString","coordinates":[[-84.67811,42.79885],[-84.6587,42.70527]]}},{"type":"Feature","properties":{"name":"96","level":"Interstate"},"geometry":{"type":"LineString","coordinates":[[-86.19828,43.2321],[-86.17158,43.15138],[-86.08822,43.07323],[-85.67839,43.01418]]}},{"type":"Feature","properties":{"name":"90","level":"Interstate"},"geometry":{"type":"LineString","coordinates":[[-79.7242,42.24798],[-79.76354,42.22403]]}},{"type":"Feature","properties":{"name":"90","level":"Interstate"},"geometry":{"type":"LineString","coordinates":[[-78.78123,42.9761],[-78.81363,42.96556],[-78.85183,42.92388]]}},{"type":"Feature","properties":{"name":"7","level":"State"},"geometry":{"type":"LineString","coordinates":[[-80.63705,40.38498],[-80.61447,40.36414],[-80.62489,40.26689],[-80.6631,40.23911],[-80.71867,40.15054],[-80.71693,40.11407],[-80.7534,40.06197]]}},{"type":"Feature","properties":{"name":"7","level":"State"},"geometry":{"type":"LineString","coordinates":[[-80.58989,40.65432],[-80.59364,40.6281],[-80.67005,40.58816],[-80.61274,40.48744],[-80.61795,40.41971],[-80.63705,40.38498]]}},{"type":"Feature","properties":{"name":"376","level":"Interstate"},"geometry":{"type":"LineString","coordinates":[[-80.11101,40.43074],[-80.02751,40.4145],[-79.90073,40.4475],[-79.75139,40.43881]]}},{"type":"Feature","properties":{"name":"79","level":"Interstate"},"geometry":{"type":"LineString","coordinates":[[-80.09176,40.66284],[-80.09871,40.58816],[-80.11607,40.57948],[-80.13865,40.50654],[-80.10598,40.4268]]}},{"type":"Feature","properties":{"name":"64","level":"Interstate"},"geometry":{"type":"LineString","coordinates":[[-81.63386,38.36011],[-81.56266,38.31496],[-81.57481,38.27502],[-81.56613,38.23855],[-81.50133,38.19562]]}},{"type":"Feature","properties":{"name":"64","level":"Interstate"},"geometry":{"type":"LineString","coordinates":[[-81.44891,38.15692],[-81.44457,38.13435],[-81.39073,38.12914],[-81.39073,38.08399],[-81.34906,38.00064],[-81.32683,37.99199]]}},{"type":"Feature","properties":{"name":"77","level":"Interstate"},"geometry":{"type":"LineString","coordinates":[[-81.12405,37.58638],[-81.11982,37.66374],[-81.20318,37.7332]]}},{"type":"Feature","properties":{"name":"64","level":"Interstate"},"geometry":{"type":"LineString","coordinates":[[-81.32683,37.99199],[-81.26223,37.95375],[-81.26577,37.87868]]}},{"type":"Feature","properties":{"name":"64","level":"Interstate"},"geometry":{"type":"LineString","coordinates":[[-81.50133,38.19562],[-81.44804,38.17082],[-81.44891,38.15692]]}},{"type":"Feature","properties":{"name":"74","level":"Interstate"},"geometry":{"type":"LineString","coordinates":[[-80.56247,36.45757],[-80.67246,36.44107],[-80.74945,36.48506]]}},{"type":"Feature","properties":{"name":"FT","level":"State"},"geometry":{"type":"LineString","coordinates":[[-81.38187,28.52755],[-81.39287,28.43406]]}},{"type":"Feature","properties":{"name":"FT","level":"State"},"geometry":{"type":"LineString","coordinates":[[-80.38649,27.40568],[-80.315,27.2792],[-80.21601,27.00973],[-80.16102,26.92174]]}},{"type":"Feature","properties":{"name":"1","level":"Federal"},"geometry":{"type":"LineString","coordinates":[[-80.47728,25.45343],[-80.35572,25.59267],[-80.31821,25.66619]]}},{"type":"Feature","properties":{"name":"75","level":"Interstate"},"geometry":{"type":"LineString","coordinates":[[-81.67206,26.15533],[-81.26223,26.15533],[-81.17305,26.16845]]}},{"type":"Feature","properties":{"name":"75","level":"Interstate"},"geometry":{"type":"LineString","coordinates":[[-80.61196,26.14664],[-80.44255,26.14664]]}},{"type":"Feature","properties":{"name":"50","level":"Federal"},"geometry":{"type":"LineString","coordinates":[[-76.30966,38.97339],[-76.4015,39.00612]]}},{"type":"Feature","properties":{"name":"95","level":"Interstate"},"geometry":{"type":"LineString","coordinates":[[-75.78674,39.63998],[-75.92741,39.64693],[-76.043,39.60631]]}},{"type":"Feature","properties":{"name":"95","level":"Interstate"},"geometry":{"type":"LineString","coordinates":[[-76.043,39.60631],[-76.15095,39.56241]]}},{"type":"Feature","properties":{"name":"70","level":"Interstate"},"geometry":{"type":"LineString","coordinates":[[-76.55258,39.27703],[-76.60586,39.28545]]}},{"type":"Feature","properties":{"name":"GSP","level":"State"},"geometry":{"type":"LineString","coordinates":[[-74.92713,38.96966],[-74.7592,39.14301]]}},{"type":"Feature","properties":{"name":"81","level":"Interstate"},"geometry":{"type":"LineString","coordinates":[[-75.70923,41.34275],[-75.76069,41.30016]]}},{"type":"Feature","properties":{"name":"322","level":"Federal"},"geometry":{"type":"LineString","coordinates":[[-77.63274,40.78092],[-77.76993,40.77398],[-77.8585,40.81913]]}},{"type":"Feature","properties":{"name":"81","level":"Interstate"},"geometry":{"type":"LineString","coordinates":[[-76.16796,42.61296],[-76.17574,42.6495],[-76.10975,42.8822],[-76.13927,42.93777],[-76.14101,43.05239],[-76.17574,43.08017],[-76.16358,43.0958]]}},{"type":"Feature","properties":{"name":"90","level":"Interstate"},"geometry":{"type":"LineString","coordinates":[[-73.29126,42.3126],[-73.41229,42.33669]]}},{"type":"Feature","properties":{"name":"90","level":"Interstate"},"geometry":{"type":"LineString","coordinates":[[-71.06515,42.36658],[-71.18063,42.36109],[-71.27228,42.33597]]}},{"type":"Feature","properties":{"name":"93","level":"Interstate"},"geometry":{"type":"LineString","coordinates":[[-71.06302,42.3539],[-71.01979,42.22751]]}},{"type":"Feature","properties":{"name":"93","level":"Interstate"},"geometry":{"type":"LineString","coordinates":[[-71.42442,42.98466],[-71.47825,43.04892]]}},{"type":"Feature","properties":{"name":"589","level":"State"},"geometry":{"type":"LineString","coordinates":[[-82.54663,27.95836],[-82.54113,28.02435],[-82.56313,28.04635],[-82.53563,28.17834],[-82.55213,28.31032],[-82.54113,28.37631],[-82.48614,28.42581],[-82.48064,28.54129],[-82.50263,28.67877],[-82.55213,28.72277]]}},{"type":"Feature","properties":{"name":"101","level":"Federal"},"geometry":{"type":"LineString","coordinates":[[-122.48377,37.82524],[-122.50684,37.86543]]}},{"type":"Feature","properties":{"name":"91","level":"State"},"geometry":{"type":"LineString","coordinates":[[-117.70193,33.86822],[-117.564,33.87796]]}},{"type":"Feature","properties":{"name":"125","level":"State"},"geometry":{"type":"LineString","coordinates":[[-117.02736,32.69328],[-116.98337,32.66028],[-116.92838,32.5448]]}},{"type":"Feature","properties":{"name":"165","level":"Interstate"},"geometry":{"type":"LineString","coordinates":[[-88.09478,30.75293],[-88.04693,30.69911]]}},{"type":"Feature","properties":{"name":"210","level":"State"},"geometry":{"type":"LineString","coordinates":[[-110.96309,32.22107],[-110.90628,32.18968]]}},{"type":"Feature","properties":{"name":"167","level":"Federal"},"geometry":{"type":"LineString","coordinates":[[-92.63525,33.21379],[-92.63375,33.24219],[-92.64871,33.25415]]}},{"type":"Feature","properties":{"name":"63","level":"Federal"},"geometry":{"type":"LineString","coordinates":[[-92.63525,33.18688],[-92.63525,33.21379]]}},{"type":"Feature","properties":{"name":"270","level":"Federal"},"geometry":{"type":"LineString","coordinates":[[-93.11367,34.49206],[-93.11516,34.47711]]}},{"type":"Feature","properties":{"name":"71","level":"Federal"},"geometry":{"type":"LineString","coordinates":[[-94.17366,36.10821],[-94.14525,36.11718]]}},{"type":"Feature","properties":{"name":"67","level":"Federal"},"geometry":{"type":"LineString","coordinates":[[-90.95033,36.03794],[-90.93837,36.06784]]}},{"type":"Feature","properties":{"name":"70","level":"Federal"},"geometry":{"type":"LineString","coordinates":[[-93.03443,34.51897],[-92.97164,34.50551],[-92.98659,34.47113],[-93.11516,34.47711]]}},{"type":"Feature","properties":{"name":"630","level":"Interstate"},"geometry":{"type":"LineString","coordinates":[[-92.26149,34.73425],[-92.39156,34.74921]]}},{"type":"Feature","properties":{"name":"8","level":"Interstate"},"geometry":{"type":"LineString","coordinates":[[-116.10458,32.67706],[-116.07468,32.67407],[-116.02983,32.7249]]}},{"type":"Feature","properties":{"level":"U/C"},"geometry":{"type":"LineString","coordinates":[[-117.01507,32.56792],[-116.93882,32.55596]]}},{"type":"Feature","properties":{"level":"U/C"},"geometry":{"type":"LineString","coordinates":[[-119.70018,36.75407],[-119.62991,36.73613]]}},{"type":"Feature","properties":{"level":"Other"},"geometry":{"type":"LineString","coordinates":[[-117.91509,33.64436],[-117.88519,33.67426]]}},{"type":"Feature","properties":{"level":"Other"},"geometry":{"type":"LineString","coordinates":[[-118.20662,33.77742],[-118.20363,33.76696]]}},{"type":"Feature","properties":{"name":"160","level":"State"},"geometry":{"type":"LineString","coordinates":[[-121.4778,38.59448],[-121.43892,38.60046]]}},{"type":"Feature","properties":{"name":"4","level":"State"},"geometry":{"type":"LineString","coordinates":[[-121.75887,37.99197],[-121.74093,37.96207]]}},{"type":"Feature","properties":{"name":"242","level":"State"},"geometry":{"type":"LineString","coordinates":[[-122.0519,37.95908],[-122.03545,38.00543]]}},{"type":"Feature","properties":{"name":"87","level":"State"},"geometry":{"type":"LineString","coordinates":[[-121.85754,37.25491],[-121.92781,37.37452]]}},{"type":"Feature","properties":{"name":"168","level":"State"},"geometry":{"type":"LineString","coordinates":[[-119.74802,36.75556],[-119.73158,36.80939],[-119.62094,36.8662]]}},{"type":"Feature","properties":{"name":"103","level":"State"},"geometry":{"type":"LineString","coordinates":[[-118.23802,33.75798],[-118.22008,33.80433]]}},{"type":"Feature","properties":{"name":"1","level":"State"},"geometry":{"type":"LineString","coordinates":[[-122.47201,37.78566],[-122.46752,37.8036]]}},{"type":"Feature","properties":{"name":"110","level":"State"},"geometry":{"type":"LineString","coordinates":[[-118.27241,34.03756],[-118.20214,34.09886],[-118.14532,34.12577]]}},{"type":"Feature","properties":{"name":"113","level":"State"},"geometry":{"type":"LineString","coordinates":[[-121.76784,38.52122],[-121.7499,38.68418]]}},{"type":"Feature","properties":{"name":"12","level":"State"},"geometry":{"type":"LineString","coordinates":[[-122.76803,38.42703],[-122.6858,38.4375]]}},{"type":"Feature","properties":{"name":"12","level":"State"},"geometry":{"type":"LineString","coordinates":[[-122.30008,38.26108],[-122.29858,38.28201]]}},{"type":"Feature","properties":{"name":"126","level":"State"},"geometry":{"type":"LineString","coordinates":[[-119.23671,34.26481],[-119.17392,34.27826],[-119.04086,34.36199]]}},{"type":"Feature","properties":{"name":"13","level":"State"},"geometry":{"type":"LineString","coordinates":[[-122.17748,37.78416],[-122.22831,37.84845]]}},{"type":"Feature","properties":{"name":"15","level":"State"},"geometry":{"type":"LineString","coordinates":[[-117.12121,32.69201],[-117.11224,32.77873]]}},{"type":"Feature","properties":{"name":"156","level":"State"},"geometry":{"type":"LineString","coordinates":[[-121.76784,36.74809],[-121.74541,36.76603]]}},{"type":"Feature","properties":{"name":"163","level":"State"},"geometry":{"type":"LineString","coordinates":[[-117.15411,32.71892],[-117.16158,32.78321],[-117.11075,32.85946]]}},{"type":"Feature","properties":{"name":"190","level":"State"},"geometry":{"type":"LineString","coordinates":[[-119.03787,36.05139],[-119.01545,36.05139]]}},{"type":"Feature","properties":{"name":"2","level":"State"},"geometry":{"type":"LineString","coordinates":[[-118.25745,34.09138],[-118.22755,34.12427],[-118.21709,34.208]]}},{"type":"Feature","properties":{"name":"20","level":"State"},"geometry":{"type":"LineString","coordinates":[[-121.05769,39.19998],[-121.06666,39.21044],[-121.01433,39.26875]]}},{"type":"Feature","properties":{"name":"217","level":"State"},"geometry":{"type":"LineString","coordinates":[[-119.83922,34.41581],[-119.81231,34.44122]]}},{"type":"Feature","properties":{"name":"22","level":"State"},"geometry":{"type":"LineString","coordinates":[[-118.04067,33.77443],[-117.92406,33.76546],[-117.82987,33.77742]]}},{"type":"Feature","properties":{"name":"29","level":"State"},"geometry":{"type":"LineString","coordinates":[[-122.91155,39.01758],[-122.92949,39.07738],[-122.90258,39.11775]]}},{"type":"Feature","properties":{"name":"29","level":"State"},"geometry":{"type":"LineString","coordinates":[[-122.90109,39.11775],[-122.90557,39.12821]]}},{"type":"Feature","properties":{"name":"29","level":"State"},"geometry":{"type":"LineString","coordinates":[[-122.29858,38.28201],[-122.30755,38.32088]]}},{"type":"Feature","properties":{"name":"33","level":"State"},"geometry":{"type":"LineString","coordinates":[[-119.30399,34.27826],[-119.29203,34.32012],[-119.3025,34.35152]]}},{"type":"Feature","properties":{"name":"4","level":"State"},"geometry":{"type":"LineString","coordinates":[[-122.07133,37.99347],[-121.96967,38.02486],[-121.76036,37.99197],[-121.75289,38.00543]]}},{"type":"Feature","properties":{"name":"4","level":"State"},"geometry":{"type":"LineString","coordinates":[[-121.31185,37.94413],[-121.24158,37.96058]]}},{"type":"Feature","properties":{"name":"41","level":"State"},"geometry":{"type":"LineString","coordinates":[[-119.7839,36.83779],[-119.79287,36.92301]]}},{"type":"Feature","properties":{"name":"47","level":"State"},"geometry":{"type":"LineString","coordinates":[[-118.29035,33.74901],[-118.25596,33.752]]}},{"type":"Feature","properties":{"name":"49","level":"State"},"geometry":{"type":"LineString","coordinates":[[-121.05171,39.18951],[-121.05769,39.19998]]}},{"type":"Feature","properties":{"name":"55","level":"State"},"geometry":{"type":"LineString","coordinates":[[-117.88519,33.67426],[-117.83585,33.7236],[-117.82688,33.8447]]}},{"type":"Feature","properties":{"name":"65","level":"State"},"geometry":{"type":"LineString","coordinates":[[-119.03787,36.04093],[-119.03787,36.08728]]}},{"type":"Feature","properties":{"name":"67","level":"State"},"geometry":{"type":"LineString","coordinates":[[-116.96124,32.80265],[-116.95975,32.84301],[-116.92237,32.86095]]}},{"type":"Feature","properties":{"name":"68","level":"State"},"geometry":{"type":"LineString","coordinates":[[-121.70056,36.59559],[-121.66617,36.63596]]}},{"type":"Feature","properties":{"name":"70","level":"State"},"geometry":{"type":"LineString","coordinates":[[-121.57497,39.48703],[-121.57198,39.5244],[-121.61983,39.58121]]}},{"type":"Feature","properties":{"name":"73","level":"State"},"geometry":{"type":"LineString","coordinates":[[-117.89715,33.68772],[-117.86425,33.65632]]}},{"type":"Feature","properties":{"name":"90","level":"State"},"geometry":{"type":"LineString","coordinates":[[-118.44135,33.98523],[-118.38902,33.98822]]}},{"type":"Feature","properties":{"name":"905","level":"State"},"geometry":{"type":"LineString","coordinates":[[-117.07337,32.56493],[-117.01507,32.56792]]}},{"type":"Feature","properties":{"name":"905","level":"State"},"geometry":{"type":"LineString","coordinates":[[-116.93882,32.55596],[-116.93583,32.54998]]}},{"type":"Feature","properties":{"name":"94","level":"State"},"geometry":{"type":"LineString","coordinates":[[-117.01058,32.75331],[-116.96124,32.74583]]}},{"type":"Feature","properties":{"name":"94","level":"State"},"geometry":{"type":"LineString","coordinates":[[-117.14663,32.71294],[-117.08234,32.71743],[-117.01806,32.74733]]}},{"type":"Feature","properties":{"name":"105","level":"Interstate"},"geometry":{"type":"LineString","coordinates":[[-118.26493,33.92693],[-118.18868,33.91646]]}},{"type":"Feature","properties":{"name":"105","level":"Interstate"},"geometry":{"type":"LineString","coordinates":[[-118.28137,33.92842],[-118.26493,33.92693]]}},{"type":"Feature","properties":{"name":"105","level":"Interstate"},"geometry":{"type":"LineString","coordinates":[[-118.18868,33.91646],[-118.10346,33.91347]]}},{"type":"Feature","properties":{"name":"105","level":"Interstate"},"geometry":{"type":"LineString","coordinates":[[-118.37706,33.92992],[-118.30679,33.92543]]}},{"type":"Feature","properties":{"name":"105","level":"Interstate"},"geometry":{"type":"LineString","coordinates":[[-118.30679,33.92543],[-118.28137,33.92842]]}},{"type":"Feature","properties":{"name":"680","level":"Interstate"},"geometry":{"type":"LineString","coordinates":[[-122.12814,38.04729],[-122.10273,38.10261],[-122.13711,38.21623]]}},{"type":"Feature","properties":{"name":"780","level":"Interstate"},"geometry":{"type":"LineString","coordinates":[[-122.22981,38.09214],[-122.12814,38.04879]]}},{"type":"Feature","properties":{"name":"805","level":"Interstate"},"geometry":{"type":"LineString","coordinates":[[-117.04048,32.54998],[-117.04497,32.63221],[-117.07786,32.66361],[-117.13467,32.77723]]}},{"type":"Feature","properties":{"name":"980","level":"Interstate"},"geometry":{"type":"LineString","coordinates":[[-122.27765,37.80061],[-122.26718,37.82453]]}},{"type":"Feature","properties":{"name":"261","level":"State"},"geometry":{"type":"LineString","coordinates":[[-117.80595,33.70566],[-117.74764,33.7834]]}},{"type":"Feature","properties":{"name":"125","level":"State"},"geometry":{"type":"LineString","coordinates":[[-116.93882,32.56792],[-116.95526,32.63371],[-117.01806,32.68902]]}},{"type":"Feature","properties":{"name":"133","level":"State"},"geometry":{"type":"LineString","coordinates":[[-117.75362,33.66828],[-117.72073,33.71762]]}},{"type":"Feature","properties":{"name":"160","level":"State"},"geometry":{"type":"LineString","coordinates":[[-121.75289,38.00543],[-121.7499,38.02038]]}},{"type":"Feature","properties":{"name":"73","level":"State"},"geometry":{"type":"LineString","coordinates":[[-117.86425,33.65632],[-117.85229,33.6339],[-117.70727,33.57559],[-117.67289,33.54419]]}},{"type":"Feature","properties":{"name":"75","level":"State"},"geometry":{"type":"LineString","coordinates":[[-117.16906,32.69201],[-117.14065,32.70098]]}},{"type":"Feature","properties":{"name":"680","level":"Interstate"},"geometry":{"type":"LineString","coordinates":[[-122.11469,38.02785],[-122.12814,38.04729]]}},{"type":"Feature","properties":{"name":"11","level":"State"},"geometry":{"type":"LineString","coordinates":[[-72.27862,41.46498],[-72.29805,41.47843],[-72.32646,41.56515]]}},{"type":"Feature","properties":{"name":"15","level":"State"},"geometry":{"type":"LineString","coordinates":[[-73.4627,41.13009],[-73.31918,41.17494],[-73.23246,41.23175],[-73.08146,41.2482],[-73.03063,41.31099],[-72.86617,41.40069],[-72.82132,41.48143],[-72.77199,41.52179]]}},{"type":"Feature","properties":{"name":"15","level":"State"},"geometry":{"type":"LineString","coordinates":[[-73.67649,41.0359],[-73.65257,41.09421],[-73.4627,41.13009]]}},{"type":"Feature","properties":{"name":"8","level":"State"},"geometry":{"type":"LineString","coordinates":[[-73.19209,41.17195],[-73.18014,41.22129],[-73.08445,41.31846],[-73.09492,41.34837],[-73.06801,41.40219],[-73.04408,41.54721],[-73.07847,41.66083]]}},{"type":"Feature","properties":{"name":"8","level":"State"},"geometry":{"type":"LineString","coordinates":[[-73.06651,41.67429],[-73.071,41.70269],[-73.10688,41.7311],[-73.11435,41.77146],[-73.10987,41.82529],[-73.05605,41.91499]]}},{"type":"Feature","properties":{"name":"6","level":"State"},"geometry":{"type":"LineString","coordinates":[[-72.27862,41.71914],[-72.18294,41.73558]]}},{"type":"Feature","properties":{"name":"291","level":"Interstate"},"geometry":{"type":"LineString","coordinates":[[-72.66434,41.81931],[-72.58062,41.79987],[-72.56716,41.78343]]}},{"type":"Feature","properties":{"name":"384","level":"Interstate"},"geometry":{"type":"LineString","coordinates":[[-72.5851,41.77446],[-72.50886,41.761],[-72.45503,41.78642]]}},{"type":"Feature","properties":{"name":"691","level":"Interstate"},"geometry":{"type":"LineString","coordinates":[[-72.76152,41.53824],[-72.9185,41.55917]]}},{"type":"Feature","properties":{"name":"495","level":"Interstate"},"geometry":{"type":"LineString","coordinates":[[-75.58418,39.71427],[-75.53933,39.72025],[-75.45261,39.798],[-75.45411,39.81295]]}},{"type":"Feature","properties":{"name":"29","level":"Federal"},"geometry":{"type":"LineString","coordinates":[[-77.06877,38.90545],[-77.0568,38.90246]]}},{"type":"Feature","properties":{"name":"295","level":"Interstate"},"geometry":{"type":"LineString","coordinates":[[-76.98056,38.87854],[-77.00298,38.8606],[-77.02242,38.80379]]}},{"type":"Feature","properties":{"name":"618","level":"State"},"geometry":{"type":"LineString","coordinates":[[-82.50777,27.89439],[-82.47487,27.94223],[-82.44946,27.9527],[-82.36873,27.94971],[-82.33135,27.92728]]}},{"type":"Feature","properties":{"name":"821","level":"State"},"geometry":{"type":"LineString","coordinates":[[-80.4745,25.45297],[-80.36237,25.54566],[-80.38479,25.63238],[-80.38928,25.88952],[-80.37582,25.9269],[-80.32948,25.96577],[-80.29509,25.97026]]}},{"type":"Feature","properties":{"name":"ALT1","level":"Federal"},"geometry":{"type":"LineString","coordinates":[[-81.66904,30.35674],[-81.63765,30.35674],[-81.61522,30.29694]]}},{"type":"Feature","properties":{"name":"ALT90","level":"Federal"},"geometry":{"type":"LineString","coordinates":[[-81.5599,30.28647],[-81.55841,30.31638]]}},{"type":"Feature","properties":{"name":"195","level":"Interstate"},"geometry":{"type":"LineString","coordinates":[[-80.20688,25.81178],[-80.13512,25.81328]]}},{"type":"Feature","properties":{"name":"316","level":"State"},"geometry":{"type":"LineString","coordinates":[[-84.1,33.9643],[-84.01777,33.96729]]}},{"type":"Feature","properties":{"name":"17","level":"Federal"},"geometry":{"type":"LineString","coordinates":[[-81.10391,32.07157],[-81.08747,32.10296]]}},{"type":"Feature","properties":{"name":"19","level":"Federal"},"geometry":{"type":"LineString","coordinates":[[-84.28837,33.21678],[-84.29136,33.23023]]}},{"type":"Feature","properties":{"name":"19","level":"Federal"},"geometry":{"type":"LineString","coordinates":[[-84.29136,33.23023],[-84.28987,33.26312]]}},{"type":"Feature","properties":{"name":"27","level":"Federal"},"geometry":{"type":"LineString","coordinates":[[-84.93125,32.51111],[-84.83108,32.56344],[-84.80417,32.62922]]}},{"type":"Feature","properties":{"name":"27","level":"Federal"},"geometry":{"type":"LineString","coordinates":[[-85.16896,34.22295],[-85.15849,34.22594]]}},{"type":"Feature","properties":{"name":"27","level":"Federal"},"geometry":{"type":"LineString","coordinates":[[-85.19138,34.20949],[-85.16896,34.22295]]}},{"type":"Feature","properties":{"name":"411","level":"Federal"},"geometry":{"type":"LineString","coordinates":[[-85.15849,34.22594],[-85.14055,34.21846]]}},{"type":"Feature","properties":{"name":"H3","level":"Interstate"},"geometry":{"type":"LineString","coordinates":[[-157.93016,21.37148],[-157.86587,21.40586],[-157.78514,21.38942],[-157.76271,21.43726]]}},{"type":"Feature","properties":{"name":"184","level":"Interstate"},"geometry":{"type":"LineString","coordinates":[[-116.29595,43.59692],[-116.23315,43.61785]]}},{"type":"Feature","properties":{"name":"255","level":"State"},"geometry":{"type":"LineString","coordinates":[[-90.04582,38.75744],[-90.04582,38.84714],[-90.08469,38.92638]]}},{"type":"Feature","properties":{"name":"29","level":"State"},"geometry":{"type":"LineString","coordinates":[[-89.39996,41.24371],[-89.39996,41.27062]]}},{"type":"Feature","properties":{"name":"53","level":"State"},"geometry":{"type":"LineString","coordinates":[[-88.01554,42.1542],[-88.00208,42.11234],[-88.03049,42.08991],[-88.0275,42.05702]]}},{"type":"Feature","properties":{"name":"6","level":"State"},"geometry":{"type":"LineString","coordinates":[[-89.66757,40.74287],[-89.6586,40.79819],[-89.56441,40.82061]]}},{"type":"Feature","properties":{"name":"92","level":"State"},"geometry":{"type":"LineString","coordinates":[[-90.61992,41.45152],[-90.57955,41.51133]]}},{"type":"Feature","properties":{"name":"20","level":"Federal"},"geometry":{"type":"LineString","coordinates":[[-88.33847,42.0316],[-88.23531,42.01815]]}},{"type":"Feature","properties":{"name":"50","level":"Federal"},"geometry":{"type":"LineString","coordinates":[[-87.64327,38.72455],[-87.51918,38.7081]]}},{"type":"Feature","properties":{"name":"51","level":"Federal"},"geometry":{"type":"LineString","coordinates":[[-88.98732,39.75015],[-88.97237,39.78005],[-89.0247,39.80996],[-89.04563,39.84733]]}},{"type":"Feature","properties":{"name":"67","level":"Federal"},"geometry":{"type":"LineString","coordinates":[[-90.294,39.67989],[-90.29549,39.75015]]}},{"type":"Feature","properties":{"name":"290","level":"Interstate"},"geometry":{"type":"LineString","coordinates":[[-88.0275,42.05702],[-88.026,41.95835],[-87.92284,41.90452],[-87.91985,41.8806],[-87.89145,41.87014],[-87.6358,41.87612]]}},{"type":"Feature","properties":{"name":"190","level":"Interstate"},"geometry":{"type":"LineString","coordinates":[[-87.87052,41.98376],[-87.90191,41.98077]]}},{"type":"Feature","properties":{"name":"355","level":"Interstate"},"geometry":{"type":"LineString","coordinates":[[-88.03796,41.93592],[-88.026,41.95835]]}},{"type":"Feature","properties":{"name":"474","level":"Interstate"},"geometry":{"type":"LineString","coordinates":[[-89.66757,40.74287],[-89.67505,40.68008],[-89.62272,40.63522],[-89.51807,40.63224]]}},{"type":"Feature","properties":{"name":"74","level":"Interstate"},"geometry":{"type":"LineString","coordinates":[[-90.51377,41.5188],[-90.49434,41.47395]]}},{"type":"Feature","properties":{"name":"50","level":"Federal"},"geometry":{"type":"LineString","coordinates":[[-87.51918,38.7081],[-87.49376,38.69465]]}},{"type":"Feature","properties":{"name":"5","level":"State"},"geometry":{"type":"LineString","coordinates":[[-93.0733,41.30052],[-93.14207,41.32145]]}},{"type":"Feature","properties":{"name":"60","level":"State"},"geometry":{"type":"LineString","coordinates":[[-95.97669,43.00937],[-96.03649,42.95106]]}},{"type":"Feature","properties":{"name":"151","level":"Federal"},"geometry":{"type":"LineString","coordinates":[[-91.04302,42.29324],[-90.97574,42.31267]]}},{"type":"Feature","properties":{"name":"151","level":"Federal"},"geometry":{"type":"LineString","coordinates":[[-91.1985,42.20652],[-91.17309,42.21251],[-91.15365,42.25885]]}},{"type":"Feature","properties":{"name":"75","level":"Federal"},"geometry":{"type":"LineString","coordinates":[[-96.20992,42.75222],[-96.19796,42.80903],[-96.17553,42.818]]}},{"type":"Feature","properties":{"name":"34","level":"Federal"},"geometry":{"type":"LineString","coordinates":[[-92.33624,40.99852],[-92.2271,40.99553]]}},{"type":"Feature","properties":{"name":"18","level":"Federal"},"geometry":{"type":"LineString","coordinates":[[-93.34839,43.10356],[-92.88941,43.12598]]}},{"type":"Feature","properties":{"name":"18","level":"Federal"},"geometry":{"type":"LineString","coordinates":[[-92.3183,43.0004],[-92.33624,43.05571],[-92.33175,43.07814],[-92.30933,43.08562]]}},{"type":"Feature","properties":{"name":"20","level":"Federal"},"geometry":{"type":"LineString","coordinates":[[-96.37438,42.44573],[-96.37139,42.44573]]}},{"type":"Feature","properties":{"name":"30","level":"Federal"},"geometry":{"type":"LineString","coordinates":[[-90.56909,41.82529],[-90.56759,41.81183],[-90.53919,41.80735]]}},{"type":"Feature","properties":{"name":"30","level":"Federal"},"geometry":{"type":"LineString","coordinates":[[-91.79354,41.96433],[-91.65898,41.92695]]}},{"type":"Feature","properties":{"name":"30","level":"Federal"},"geometry":{"type":"LineString","coordinates":[[-93.02097,42.00768],[-92.90286,42.00619]]}},{"type":"Feature","properties":{"name":"30","level":"Federal"},"geometry":{"type":"LineString","coordinates":[[-93.72813,42.02263],[-93.64291,42.0032],[-93.57115,42.00768]]}},{"type":"Feature","properties":{"name":"34","level":"Federal"},"geometry":{"type":"LineString","coordinates":[[-91.09684,40.81164],[-91.32857,40.84154]]}},{"type":"Feature","properties":{"name":"34","level":"Federal"},"geometry":{"type":"LineString","coordinates":[[-91.51994,40.95965],[-91.52742,40.98955],[-91.61263,40.98357],[-91.62758,40.96713]]}},{"type":"Feature","properties":{"name":"75","level":"Federal"},"geometry":{"type":"LineString","coordinates":[[-96.37139,42.44573],[-96.34298,42.44424],[-96.32354,42.46517],[-96.32205,42.50404],[-96.34148,42.52497],[-96.3355,42.55936]]}},{"type":"Feature","properties":{"name":"129","level":"Interstate"},"geometry":{"type":"LineString","coordinates":[[-96.38035,42.44723],[-96.37438,42.44573]]}},{"type":"Feature","properties":{"name":"10","level":"State"},"geometry":{"type":"LineString","coordinates":[[-95.17684,38.93984],[-95.10059,38.92937],[-95.00042,38.96077]]}},{"type":"Feature","properties":{"name":"10","level":"State"},"geometry":{"type":"LineString","coordinates":[[-95.00042,38.96077],[-94.77168,38.94432]]}},{"type":"Feature","properties":{"name":"75","level":"Federal"},"geometry":{"type":"LineString","coordinates":[[-95.68217,38.78286],[-95.68217,38.88302],[-95.70908,38.93087],[-95.70609,38.99814]]}},{"type":"Feature","properties":{"name":"169","level":"Federal"},"geometry":{"type":"LineString","coordinates":[[-94.95557,38.46291],[-94.92716,38.51225],[-94.83447,38.58551],[-94.8255,38.738]]}},{"type":"Feature","properties":{"name":"40","level":"Federal"},"geometry":{"type":"LineString","coordinates":[[-94.73879,39.10579],[-94.74178,39.11625]]}},{"type":"Feature","properties":{"name":"69","level":"Federal"},"geometry":{"type":"LineString","coordinates":[[-94.68796,38.38816],[-94.69543,38.56906],[-94.676,38.69913],[-94.67749,38.89947],[-94.70291,38.91741],[-94.71337,38.97572]]}},{"type":"Feature","properties":{"name":"69","level":"Federal"},"geometry":{"type":"LineString","coordinates":[[-94.71337,38.03683],[-94.71337,38.17287],[-94.676,38.25809],[-94.68796,38.38816]]}},{"type":"Feature","properties":{"name":"69","level":"Federal"},"geometry":{"type":"LineString","coordinates":[[-94.70291,37.85592],[-94.71337,38.03683]]}},{"type":"Feature","properties":{"name":"75","level":"Federal"},"geometry":{"type":"LineString","coordinates":[[-95.72851,38.43451],[-95.72552,38.48385],[-95.69562,38.50926]]}},{"type":"Feature","properties":{"name":"81","level":"Federal"},"geometry":{"type":"LineString","coordinates":[[-97.6676,38.33584],[-97.62125,38.34032]]}},{"type":"Feature","properties":{"name":"167","level":"Federal"},"geometry":{"type":"LineString","coordinates":[[-92.41398,31.35544],[-92.4693,31.40926]]}},{"type":"Feature","properties":{"name":"210","level":"Interstate"},"geometry":{"type":"LineString","coordinates":[[-93.30204,30.22817],[-93.27364,30.19528],[-93.17496,30.19677],[-93.16151,30.24611]]}},{"type":"Feature","properties":{"name":"220","level":"Interstate"},"geometry":{"type":"LineString","coordinates":[[-93.84325,32.45729],[-93.77448,32.55746],[-93.64291,32.55895],[-93.63095,32.53952]]}},{"type":"Feature","properties":{"name":"195","level":"Interstate"},"geometry":{"type":"LineString","coordinates":[[-70.45316,43.52666],[-70.40831,43.50722]]}},{"type":"Feature","properties":{"name":"665","level":"State"},"geometry":{"type":"LineString","coordinates":[[-76.56194,38.98319],[-76.544,38.96824]]}},{"type":"Feature","properties":{"name":"4","level":"State"},"geometry":{"type":"LineString","coordinates":[[-76.66809,38.79033],[-76.6965,38.80827],[-76.81311,38.81126],[-76.85647,38.8292]]}},{"type":"Feature","properties":{"name":"15","level":"Federal"},"geometry":{"type":"LineString","coordinates":[[-77.43505,39.41526],[-77.40366,39.44217]]}},{"type":"Feature","properties":{"name":"15","level":"Federal"},"geometry":{"type":"LineString","coordinates":[[-77.30947,39.71577],[-77.30648,39.72025]]}},{"type":"Feature","properties":{"name":"340","level":"Federal"},"geometry":{"type":"LineString","coordinates":[[-77.70566,39.32706],[-77.50233,39.36593]]}},{"type":"Feature","properties":{"name":"29","level":"Federal"},"geometry":{"type":"LineString","coordinates":[[-76.91777,39.1327],[-76.82208,39.2523],[-76.82507,39.29566]]}},{"type":"Feature","properties":{"name":"15","level":"Federal"},"geometry":{"type":"LineString","coordinates":[[-77.50233,39.36593],[-77.43356,39.4048]]}},{"type":"Feature","properties":{"name":"195","level":"Interstate"},"geometry":{"type":"LineString","coordinates":[[-76.67108,39.18054],[-76.71444,39.24034]]}},{"type":"Feature","properties":{"name":"295","level":"Interstate"},"geometry":{"type":"LineString","coordinates":[[-76.9985,38.80229],[-77.02242,38.80379]]}},{"type":"Feature","properties":{"name":"370","level":"Interstate"},"geometry":{"type":"LineString","coordinates":[[-77.19884,39.12223],[-77.15847,39.12672]]}},{"type":"Feature","properties":{"name":"1","level":"Federal"},"geometry":{"type":"LineString","coordinates":[[-71.06165,42.37098],[-71.03772,42.39191]]}},{"type":"Feature","properties":{"name":"146","level":"State"},"geometry":{"type":"LineString","coordinates":[[-71.78077,42.20952],[-71.8017,42.2454]]}},{"type":"Feature","properties":{"name":"122","level":"State"},"geometry":{"type":"LineString","coordinates":[[-71.70452,42.10486],[-71.70153,42.13476],[-71.71947,42.14672]]}},{"type":"Feature","properties":{"name":"140","level":"State"},"geometry":{"type":"LineString","coordinates":[[-71.05567,41.87163],[-70.96746,41.81781],[-70.95998,41.74455],[-70.93905,41.71615],[-70.95699,41.63691]]}},{"type":"Feature","properties":{"name":"146","level":"State"},"geometry":{"type":"LineString","coordinates":[[-71.58641,42.01366],[-71.70452,42.10486]]}},{"type":"Feature","properties":{"name":"2","level":"State"},"geometry":{"type":"LineString","coordinates":[[-71.26049,42.42929],[-71.14537,42.39939]]}},{"type":"Feature","properties":{"name":"24","level":"State"},"geometry":{"type":"LineString","coordinates":[[-71.12444,41.68176],[-71.12145,41.74754],[-71.07959,41.78343],[-71.02128,41.94938],[-71.06015,42.05702],[-71.07809,42.20204]]}},{"type":"Feature","properties":{"name":"28","level":"State"},"geometry":{"type":"LineString","coordinates":[[-70.5907,41.68774],[-70.62808,41.59355]]}},{"type":"Feature","properties":{"name":"44","level":"Federal"},"geometry":{"type":"LineString","coordinates":[[-70.80599,41.92545],[-70.69237,41.96283]]}},{"type":"Feature","properties":{"name":"1","level":"Federal"},"geometry":{"type":"LineString","coordinates":[[-71.06314,42.36949],[-71.06165,42.37098]]}},{"type":"Feature","properties":{"name":"3","level":"Federal"},"geometry":{"type":"LineString","coordinates":[[-71.22012,42.47713],[-71.32627,42.60869]]}},{"type":"Feature","properties":{"name":"5","level":"Federal"},"geometry":{"type":"LineString","coordinates":[[-72.57912,42.08244],[-72.615,42.10785]]}},{"type":"Feature","properties":{"name":"391","level":"Interstate"},"geometry":{"type":"LineString","coordinates":[[-72.60903,42.13028],[-72.60604,42.1841],[-72.62099,42.20204]]}},{"type":"Feature","properties":{"name":"1","level":"Federal"},"geometry":{"type":"LineString","coordinates":[[-71.03025,42.37397],[-71.02427,42.37995]]}},{"type":"Feature","properties":{"name":"290","level":"Interstate"},"geometry":{"type":"LineString","coordinates":[[-71.79721,42.27978],[-71.5894,42.36351]]}},{"type":"Feature","properties":{"name":"291","level":"Interstate"},"geometry":{"type":"LineString","coordinates":[[-72.60005,42.10486],[-72.5567,42.13177],[-72.54623,42.16167]]}},{"type":"Feature","properties":{"name":"14","level":"Federal"},"geometry":{"type":"LineString","coordinates":[[-89.37454,42.94957],[-89.36706,42.91518]]}},{"type":"Feature","properties":{"name":"11","level":"State"},"geometry":{"type":"LineString","coordinates":[[-89.67056,42.60271],[-89.63767,42.61767],[-89.59581,42.59673]]}},{"type":"Feature","properties":{"name":"145","level":"State"},"geometry":{"type":"LineString","coordinates":[[-88.05441,43.1514],[-87.99461,43.10505]]}},{"type":"Feature","properties":{"name":"23","level":"State"},"geometry":{"type":"LineString","coordinates":[[-87.81969,43.75091],[-87.76437,43.7539]]}},{"type":"Feature","properties":{"name":"29","level":"State"},"geometry":{"type":"LineString","coordinates":[[-91.58572,44.90061],[-91.40482,44.89164],[-91.3525,44.92005],[-91.24336,44.91107],[-91.20747,44.935],[-91.14618,44.93799]]}},{"type":"Feature","properties":{"name":"57","level":"State"},"geometry":{"type":"LineString","coordinates":[[-87.95424,44.51788],[-87.9348,44.52535]]}},{"type":"Feature","properties":{"name":"10","level":"Federal"},"geometry":{"type":"LineString","coordinates":[[-88.68682,44.20541],[-88.47302,44.21887]]}},{"type":"Feature","properties":{"name":"10","level":"Federal"},"geometry":{"type":"LineString","coordinates":[[-88.92005,44.26521],[-88.73914,44.23382]]}},{"type":"Feature","properties":{"name":"12","level":"Federal"},"geometry":{"type":"LineString","coordinates":[[-88.5418,42.6984],[-88.50293,42.64757],[-88.42369,42.61168],[-88.31604,42.52946],[-88.31754,42.49806]]}},{"type":"Feature","properties":{"name":"12","level":"Federal"},"geometry":{"type":"LineString","coordinates":[[-89.51208,43.11851],[-89.51657,43.09608]]}},{"type":"Feature","properties":{"name":"14","level":"Federal"},"geometry":{"type":"LineString","coordinates":[[-89.51657,43.09608],[-89.52255,43.06319],[-89.44929,43.03478]]}},{"type":"Feature","properties":{"name":"14","level":"Federal"},"geometry":{"type":"LineString","coordinates":[[-89.39697,43.03478],[-89.38052,43.01684],[-89.3865,42.95704],[-89.37454,42.94957]]}},{"type":"Feature","properties":{"name":"151","level":"Federal"},"geometry":{"type":"LineString","coordinates":[[-88.73466,43.59543],[-88.71373,43.6358]]}},{"type":"Feature","properties":{"name":"151","level":"Federal"},"geometry":{"type":"LineString","coordinates":[[-88.71373,43.6358],[-88.68383,43.65822]]}},{"type":"Feature","properties":{"name":"151","level":"Federal"},"geometry":{"type":"LineString","coordinates":[[-89.2968,43.13645],[-89.22504,43.19176],[-89.17271,43.2097],[-89.04712,43.30838],[-89.04114,43.34127],[-88.9948,43.35771]]}},{"type":"Feature","properties":{"name":"151","level":"Federal"},"geometry":{"type":"LineString","coordinates":[[-88.86622,43.43546],[-88.81838,43.45041],[-88.81539,43.48629]]}},{"type":"Feature","properties":{"name":"18","level":"Federal"},"geometry":{"type":"LineString","coordinates":[[-89.39697,43.03478],[-89.27736,43.04675]]}},{"type":"Feature","properties":{"name":"41","level":"Federal"},"geometry":{"type":"LineString","coordinates":[[-87.97069,43.03329],[-87.97368,43.0602]]}},{"type":"Feature","properties":{"name":"441","level":"Federal"},"geometry":{"type":"LineString","coordinates":[[-88.47302,44.21887],[-88.40425,44.23382]]}},{"type":"Feature","properties":{"name":"45","level":"Federal"},"geometry":{"type":"LineString","coordinates":[[-88.68682,44.20541],[-88.73914,44.23382]]}},{"type":"Feature","properties":{"name":"45","level":"Federal"},"geometry":{"type":"LineString","coordinates":[[-88.18448,43.271],[-88.20391,43.45938]]}},{"type":"Feature","properties":{"name":"45","level":"Federal"},"geometry":{"type":"LineString","coordinates":[[-88.73765,44.35791],[-88.71821,44.38033],[-88.74213,44.43116]]}},{"type":"Feature","properties":{"name":"51","level":"Federal"},"geometry":{"type":"LineString","coordinates":[[-89.31025,43.07814],[-89.31623,43.10655]]}},{"type":"Feature","properties":{"name":"53","level":"Federal"},"geometry":{"type":"LineString","coordinates":[[-91.20897,43.87351],[-91.24635,43.93331],[-91.28522,43.96321],[-91.28821,44.01554]]}},{"type":"Feature","properties":{"name":"794","level":"Interstate"},"geometry":{"type":"LineString","coordinates":[[-87.89294,43.00189],[-87.90191,43.03628]]}},{"type":"Feature","properties":{"name":"19","level":"Federal"},"geometry":{"type":"LineString","coordinates":[[-81.14727,37.96506],[-81.1368,38.00543]]}},{"type":"Feature","properties":{"name":"19","level":"Federal"},"geometry":{"type":"LineString","coordinates":[[-81.21754,37.83649],[-81.19661,37.85144]]}},{"type":"Feature","properties":{"name":"250","level":"Federal"},"geometry":{"type":"LineString","coordinates":[[-80.75407,39.95797],[-80.73314,39.9774],[-80.7137,40.07309]]}},{"type":"Feature","properties":{"name":"30","level":"Federal"},"geometry":{"type":"LineString","coordinates":[[-80.5642,40.62177],[-80.55822,40.61579]]}},{"type":"Feature","properties":{"name":"35","level":"Federal"},"geometry":{"type":"LineString","coordinates":[[-82.14297,38.8307],[-82.14895,38.83518]]}},{"type":"Feature","properties":{"name":"52","level":"Federal"},"geometry":{"type":"LineString","coordinates":[[-82.48683,38.41806],[-82.48086,38.40162]]}},{"type":"Feature","properties":{"name":"196B","level":"Interstate"},"geometry":{"type":"LineString","coordinates":[[-86.08094,42.79707],[-85.98077,42.81202]]}},{"type":"Feature","properties":{"name":"BUS75","level":"Interstate"},"geometry":{"type":"LineString","coordinates":[[-83.26426,42.60421],[-83.27473,42.61467]]}},{"type":"Feature","properties":{"name":"BUS69","level":"Interstate"},"geometry":{"type":"LineString","coordinates":[[-84.50516,42.74175],[-84.44685,42.75222],[-84.40798,42.77913]]}},{"type":"Feature","properties":{"name":"BUS94","level":"Interstate"},"geometry":{"type":"LineString","coordinates":[[-85.55468,42.28427],[-85.51432,42.26932]]}},{"type":"Feature","properties":{"name":"BUS94","level":"Interstate"},"geometry":{"type":"LineString","coordinates":[[-86.47862,42.11084],[-86.39042,42.11981]]}},{"type":"Feature","properties":{"name":"5","level":"State"},"geometry":{"type":"LineString","coordinates":[[-83.43769,42.48161],[-83.40928,42.46068],[-83.34201,42.45022]]}},{"type":"Feature","properties":{"name":"53","level":"State"},"geometry":{"type":"LineString","coordinates":[[-83.02954,42.59524],[-83.0116,42.61318],[-83.02655,42.73577]]}},{"type":"Feature","properties":{"name":"59","level":"State"},"geometry":{"type":"LineString","coordinates":[[-83.27921,42.64308],[-83.1611,42.64458],[-83.11924,42.62514],[-83.04598,42.62514]]}},{"type":"Feature","properties":{"name":"BUS10","level":"Federal"},"geometry":{"type":"LineString","coordinates":[[-84.16727,43.61038],[-84.21362,43.61187]]}},{"type":"Feature","properties":{"name":"127","level":"Federal"},"geometry":{"type":"LineString","coordinates":[[-84.36911,42.19756],[-84.35864,42.27679]]}},{"type":"Feature","properties":{"name":"24","level":"Federal"},"geometry":{"type":"LineString","coordinates":[[-83.26725,42.19307],[-83.24483,42.18709]]}},{"type":"Feature","properties":{"name":"194","level":"Interstate"},"geometry":{"type":"LineString","coordinates":[[-85.17942,42.26782],[-85.18092,42.31566]]}},{"type":"Feature","properties":{"name":"675","level":"Interstate"},"geometry":{"type":"LineString","coordinates":[[-83.89069,43.43396],[-83.9475,43.43845],[-83.95647,43.4519],[-83.95199,43.48629],[-83.92956,43.49825]]}},{"type":"Feature","properties":{"level":"Other"},"geometry":{"type":"LineString","coordinates":[[-122.31951,47.57227],[-122.37632,47.56479]]}},{"type":"Feature","properties":{"name":"432","level":"State"},"geometry":{"type":"LineString","coordinates":[[-122.88016,46.10712],[-122.93248,46.12356]]}},{"type":"Feature","properties":{"name":"522","level":"State"},"geometry":{"type":"LineString","coordinates":[[-122.18795,47.75765],[-122.15805,47.76214],[-122.1102,47.804]]}},{"type":"Feature","properties":{"name":"705","level":"Interstate"},"geometry":{"type":"LineString","coordinates":[[-122.42715,47.22243],[-122.44061,47.25831]]}},{"type":"Feature","properties":{"name":"10","level":"Federal"},"geometry":{"type":"LineString","coordinates":[[-93.40072,45.2056],[-93.35138,45.2041],[-93.27065,45.14131],[-93.23476,45.13384]]}},{"type":"Feature","properties":{"name":"10","level":"Federal"},"geometry":{"type":"LineString","coordinates":[[-93.00602,44.89014],[-92.99406,44.85576],[-92.90884,44.80343]]}},{"type":"Feature","properties":{"name":"12","level":"Federal"},"geometry":{"type":"LineString","coordinates":[[-93.53677,44.97387],[-93.46052,44.97088]]}},{"type":"Feature","properties":{"name":"169","level":"Federal"},"geometry":{"type":"LineString","coordinates":[[-93.39474,44.85875],[-93.39773,45.10394]]}},{"type":"Feature","properties":{"name":"169","level":"Federal"},"geometry":{"type":"LineString","coordinates":[[-93.58461,45.55395],[-93.60105,45.59431]]}},{"type":"Feature","properties":{"name":"169","level":"Federal"},"geometry":{"type":"LineString","coordinates":[[-93.64142,45.72887],[-93.62946,45.76026],[-93.65338,45.78717]]}},{"type":"Feature","properties":{"name":"212","level":"Federal"},"geometry":{"type":"LineString","coordinates":[[-93.40819,44.88715],[-93.42912,44.86473]]}},{"type":"Feature","properties":{"name":"5","level":"Federal"},"geometry":{"type":"LineString","coordinates":[[-93.45753,44.86174],[-93.42912,44.86473]]}},{"type":"Feature","properties":{"name":"52","level":"Federal"},"geometry":{"type":"LineString","coordinates":[[-93.08227,44.95294],[-93.06283,44.91705],[-93.05984,44.82436],[-93.04041,44.80792]]}},{"type":"Feature","properties":{"name":"62","level":"Federal"},"geometry":{"type":"LineString","coordinates":[[-93.40819,44.88715],[-93.39922,44.89014]]}},{"type":"Feature","properties":{"name":"394","level":"Interstate"},"geometry":{"type":"LineString","coordinates":[[-93.46052,44.97088],[-93.30204,44.96938],[-93.27065,44.98284]]}},{"type":"Feature","properties":{"name":"94","level":"Interstate"},"geometry":{"type":"LineString","coordinates":[[-93.25271,44.96639],[-93.09871,44.94995]]}},{"type":"Feature","properties":{"name":"258","level":"Federal"},"geometry":{"type":"LineString","coordinates":[[-76.64118,36.97683],[-76.6053,36.96188]]}},{"type":"Feature","properties":{"name":"501","level":"Federal"},"geometry":{"type":"LineString","coordinates":[[-79.22314,37.39694],[-79.23061,37.44329]]}},{"type":"Feature","properties":{"name":"168","level":"State"},"geometry":{"type":"LineString","coordinates":[[-76.19416,36.55074],[-76.22705,36.67782]]}},{"type":"Feature","properties":{"name":"168","level":"State"},"geometry":{"type":"LineString","coordinates":[[-76.22705,36.67782],[-76.22556,36.71669],[-76.242,36.73613]]}},{"type":"Feature","properties":{"name":"28","level":"State"},"geometry":{"type":"LineString","coordinates":[[-77.44103,38.86658],[-77.43057,39.04449]]}},{"type":"Feature","properties":{"name":"7","level":"State"},"geometry":{"type":"LineString","coordinates":[[-77.84619,39.11476],[-77.66529,39.14466],[-77.59054,39.1327],[-77.57409,39.1028]]}},{"type":"Feature","properties":{"name":"7","level":"State"},"geometry":{"type":"LineString","coordinates":[[-78.00616,39.16858],[-77.95533,39.14316]]}},{"type":"Feature","properties":{"name":"15","level":"Federal"},"geometry":{"type":"LineString","coordinates":[[-78.48607,36.98879],[-78.47113,37.06504]]}},{"type":"Feature","properties":{"name":"15","level":"Federal"},"geometry":{"type":"LineString","coordinates":[[-78.40534,37.26986],[-78.46066,37.31322]]}},{"type":"Feature","properties":{"name":"15","level":"Federal"},"geometry":{"type":"LineString","coordinates":[[-77.57409,39.1028],[-77.54569,39.10429]]}},{"type":"Feature","properties":{"name":"15","level":"Federal"},"geometry":{"type":"LineString","coordinates":[[-77.78789,38.6782],[-77.77294,38.72455],[-77.81181,38.74548]]}},{"type":"Feature","properties":{"name":"19","level":"Federal"},"geometry":{"type":"LineString","coordinates":[[-82.10261,36.88563],[-82.06373,36.90208]]}},{"type":"Feature","properties":{"name":"220","level":"Federal"},"geometry":{"type":"LineString","coordinates":[[-79.97216,37.23249],[-79.93628,37.26687]]}},{"type":"Feature","properties":{"name":"220","level":"Federal"},"geometry":{"type":"LineString","coordinates":[[-79.869,36.99776],[-79.88096,37.01869]]}},{"type":"Feature","properties":{"name":"220","level":"Federal"},"geometry":{"type":"LineString","coordinates":[[-79.86003,36.6225],[-79.91535,36.64792],[-79.95422,36.69726],[-79.93628,36.73912]]}},{"type":"Feature","properties":{"name":"29","level":"Federal"},"geometry":{"type":"LineString","coordinates":[[-79.03476,37.59279],[-79.07363,37.54794],[-79.09456,37.39096]]}},{"type":"Feature","properties":{"name":"460","level":"Federal"},"geometry":{"type":"LineString","coordinates":[[-81.31172,37.24445],[-81.23697,37.24295]]}},{"type":"Feature","properties":{"name":"460","level":"Federal"},"geometry":{"type":"LineString","coordinates":[[-80.41918,37.27136],[-80.44011,37.23249],[-80.40572,37.19212],[-80.42366,37.16371],[-80.37433,37.13381]]}},{"type":"Feature","properties":{"name":"460","level":"Federal"},"geometry":{"type":"LineString","coordinates":[[-80.73613,37.33714],[-80.69576,37.33116]]}},{"type":"Feature","properties":{"name":"50","level":"Federal"},"geometry":{"type":"LineString","coordinates":[[-77.06727,38.8905],[-77.06428,38.89199]]}},{"type":"Feature","properties":{"name":"501","level":"Federal"},"geometry":{"type":"LineString","coordinates":[[-79.18277,37.36555],[-79.20819,37.36854],[-79.22314,37.39694]]}},{"type":"Feature","properties":{"name":"58","level":"Federal"},"geometry":{"type":"LineString","coordinates":[[-79.81518,36.6853],[-79.83013,36.64045],[-79.86003,36.6225]]}},{"type":"Feature","properties":{"name":"195","level":"Interstate"},"geometry":{"type":"LineString","coordinates":[[-77.49037,37.55691],[-77.46944,37.5898]]}},{"type":"Feature","properties":{"name":"464","level":"Interstate"},"geometry":{"type":"LineString","coordinates":[[-76.26742,36.76304],[-76.28536,36.78696],[-76.28835,36.8363]]}},{"type":"Feature","properties":{"name":"564","level":"Interstate"},"geometry":{"type":"LineString","coordinates":[[-76.26742,36.91703],[-76.30778,36.94394]]}},{"type":"Feature","properties":{"name":"581","level":"Interstate"},"geometry":{"type":"LineString","coordinates":[[-79.93628,37.26687],[-79.93927,37.28631],[-79.99757,37.34163]]}},{"type":"Feature","properties":{"name":"6","level":"State"},"geometry":{"type":"LineString","coordinates":[[-89.57189,34.36049],[-89.48517,34.359]]}},{"type":"Feature","properties":{"name":"7","level":"State"},"geometry":{"type":"LineString","coordinates":[[-89.5091,34.35451],[-89.49714,34.38441]]}},{"type":"Feature","properties":{"name":"49","level":"Federal"},"geometry":{"type":"LineString","coordinates":[[-90.54965,34.16913],[-90.53022,34.18856],[-90.53171,34.23341]]}},{"type":"Feature","properties":{"name":"98","level":"Federal"},"geometry":{"type":"LineString","coordinates":[[-89.32371,31.23882],[-89.27587,31.2463]]}},{"type":"Feature","properties":{"name":"110","level":"Interstate"},"geometry":{"type":"LineString","coordinates":[[-88.89313,30.39412],[-88.89612,30.45243]]}},{"type":"Feature","properties":{"name":"13","level":"State"},"geometry":{"type":"LineString","coordinates":[[-93.44706,37.61223],[-93.39623,37.57186]]}},{"type":"Feature","properties":{"name":"169","level":"Federal"},"geometry":{"type":"LineString","coordinates":[[-94.5848,39.33453],[-94.5848,39.30463]]}},{"type":"Feature","properties":{"name":"24","level":"Federal"},"geometry":{"type":"LineString","coordinates":[[-93.49042,39.33902],[-93.48145,39.35845]]}},{"type":"Feature","properties":{"name":"50","level":"Federal"},"geometry":{"type":"LineString","coordinates":[[-92.27644,38.58401],[-92.18374,38.58252],[-92.11198,38.54066]]}},{"type":"Feature","properties":{"name":"50","level":"Federal"},"geometry":{"type":"LineString","coordinates":[[-94.40689,38.93386],[-94.36353,38.90246]]}},{"type":"Feature","properties":{"name":"54","level":"Federal"},"geometry":{"type":"LineString","coordinates":[[-92.20916,38.54066],[-92.18374,38.58252],[-92.12245,38.63186],[-92.08208,38.72156]]}},{"type":"Feature","properties":{"name":"54","level":"Federal"},"geometry":{"type":"LineString","coordinates":[[-92.0163,38.78734],[-91.98341,38.81425],[-91.96995,38.86957],[-91.94304,38.89199]]}},{"type":"Feature","properties":{"name":"71","level":"Federal"},"geometry":{"type":"LineString","coordinates":[[-94.33363,37.17867],[-94.3112,37.12484],[-94.3127,37.08149]]}},{"type":"Feature","properties":{"name":"170","level":"Interstate"},"geometry":{"type":"LineString","coordinates":[[-90.34333,38.62886],[-90.36128,38.67671],[-90.33436,38.7096],[-90.34034,38.77538]]}},{"type":"Feature","properties":{"level":"Other"},"geometry":{"type":"LineString","coordinates":[[-95.95127,41.29903],[-95.94828,41.30351]]}},{"type":"Feature","properties":{"name":"75","level":"Federal"},"geometry":{"type":"LineString","coordinates":[[-95.93333,41.11514],[-95.95277,41.22577]]}},{"type":"Feature","properties":{"name":"75","level":"Federal"},"geometry":{"type":"LineString","coordinates":[[-95.95277,41.26016],[-95.95127,41.29903]]}},{"type":"Feature","properties":{"name":"77","level":"Federal"},"geometry":{"type":"LineString","coordinates":[[-96.74515,40.80267],[-96.75561,40.81762]]}},{"type":"Feature","properties":{"name":"129","level":"Interstate"},"geometry":{"type":"LineString","coordinates":[[-96.43567,42.44872],[-96.38035,42.44723]]}},{"type":"Feature","properties":{"name":"180","level":"Interstate"},"geometry":{"type":"LineString","coordinates":[[-96.71674,40.86247],[-96.70777,40.81613]]}},{"type":"Feature","properties":{"level":"U/C"},"geometry":{"type":"LineString","coordinates":[[-119.82277,39.31061],[-119.81679,39.32855],[-119.78241,39.34051],[-119.74653,39.4033]]}},{"type":"Feature","properties":{"level":"Other"},"geometry":{"type":"LineString","coordinates":[[-115.34061,36.18894],[-115.24492,36.17549]]}},{"type":"Feature","properties":{"name":"101","level":"State"},"geometry":{"type":"LineString","coordinates":[[-71.70302,42.84192],[-71.65219,42.818],[-71.6193,42.82249],[-71.61332,42.87182]]}},{"type":"Feature","properties":{"name":"16","level":"State"},"geometry":{"type":"LineString","coordinates":[[-70.9854,43.32781],[-71.00932,43.42499],[-70.99885,43.48031]]}},{"type":"Feature","properties":{"name":"16","level":"State"},"geometry":{"type":"LineString","coordinates":[[-70.8344,43.12449],[-70.88224,43.18279]]}},{"type":"Feature","properties":{"name":"16","level":"State"},"geometry":{"type":"LineString","coordinates":[[-70.8942,43.21868],[-70.97942,43.28147]]}},{"type":"Feature","properties":{"name":"16","level":"State"},"geometry":{"type":"LineString","coordinates":[[-70.97942,43.28147],[-70.99437,43.29642]]}},{"type":"Feature","properties":{"name":"9","level":"State"},"geometry":{"type":"LineString","coordinates":[[-71.94223,43.11552],[-71.91831,43.11103]]}},{"type":"Feature","properties":{"name":"9","level":"State"},"geometry":{"type":"LineString","coordinates":[[-72.29357,42.94508],[-72.27413,42.95555]]}},{"type":"Feature","properties":{"name":"202","level":"Federal"},"geometry":{"type":"LineString","coordinates":[[-70.99437,43.29642],[-70.99736,43.31436],[-70.97493,43.32931]]}},{"type":"Feature","properties":{"name":"4","level":"Federal"},"geometry":{"type":"LineString","coordinates":[[-70.78207,43.07366],[-70.8344,43.12449]]}},{"type":"Feature","properties":{"name":"202","level":"Federal"},"geometry":{"type":"LineString","coordinates":[[-71.91831,43.11103],[-71.88692,43.12],[-71.87495,43.14542]]}},{"type":"Feature","properties":{"name":"3","level":"Federal"},"geometry":{"type":"LineString","coordinates":[[-71.48774,43.51619],[-71.45784,43.51171],[-71.43391,43.56553]]}},{"type":"Feature","properties":{"name":"393","level":"Interstate"},"geometry":{"type":"LineString","coordinates":[[-71.53408,43.21718],[-71.45335,43.2426]]}},{"type":"Feature","properties":{"name":"202","level":"Federal"},"geometry":{"type":"LineString","coordinates":[[-74.95626,40.37957],[-74.94878,40.38107]]}},{"type":"Feature","properties":{"name":"22","level":"Federal"},"geometry":{"type":"LineString","coordinates":[[-75.20294,40.69503],[-75.20145,40.69503]]}},{"type":"Feature","properties":{"name":"322","level":"Federal"},"geometry":{"type":"LineString","coordinates":[[-75.37039,39.8279],[-75.34796,39.80248]]}},{"type":"Feature","properties":{"name":"278","level":"Interstate"},"geometry":{"type":"LineString","coordinates":[[-74.20574,40.64121],[-74.19677,40.63522]]}},{"type":"Feature","properties":{"name":"78","level":"Interstate"},"geometry":{"type":"LineString","coordinates":[[-74.16089,40.70998],[-74.09511,40.68606],[-74.05474,40.71147],[-74.05026,40.73091],[-74.02035,40.72792]]}},{"type":"Feature","properties":{"name":"95","level":"Interstate"},"geometry":{"type":"LineString","coordinates":[[-74.12052,40.74735],[-74.06222,40.76978],[-74.02035,40.83556]]}},{"type":"Feature","properties":{"level":"State"},"geometry":{"type":"LineString","coordinates":[[-73.96504,40.86098],[-73.92168,40.94321],[-73.92019,41.006]]}},{"type":"Feature","properties":{"name":"124","level":"State"},"geometry":{"type":"LineString","coordinates":[[-74.3687,40.73988],[-74.33432,40.72044]]}},{"type":"Feature","properties":{"name":"15","level":"State"},"geometry":{"type":"LineString","coordinates":[[-74.60043,40.97161],[-74.60043,40.99404],[-74.64828,41.06132]]}},{"type":"Feature","properties":{"name":"18","level":"State"},"geometry":{"type":"LineString","coordinates":[[-74.07119,40.17176],[-74.05026,40.23156],[-74.06072,40.26894],[-74.14743,40.28389],[-74.19827,40.26296],[-74.30591,40.3706]]}},{"type":"Feature","properties":{"name":"24","level":"State"},"geometry":{"type":"LineString","coordinates":[[-74.44794,40.81015],[-74.3687,40.73988]]}},{"type":"Feature","properties":{"name":"24","level":"State"},"geometry":{"type":"LineString","coordinates":[[-74.33432,40.72044],[-74.32385,40.71147]]}},{"type":"Feature","properties":{"name":"3","level":"State"},"geometry":{"type":"LineString","coordinates":[[-74.18631,40.86995],[-74.16537,40.84154],[-74.07268,40.80566],[-74.04129,40.77277]]}},{"type":"Feature","properties":{"name":"1","level":"Federal"},"geometry":{"type":"LineString","coordinates":[[-74.19228,40.68157],[-74.18182,40.70848],[-74.12351,40.73539],[-74.06521,40.73988]]}},{"type":"Feature","properties":{"name":"1","level":"Federal"},"geometry":{"type":"LineString","coordinates":[[-74.76638,40.20914],[-74.71406,40.26744]]}},{"type":"Feature","properties":{"name":"202","level":"Federal"},"geometry":{"type":"LineString","coordinates":[[-74.94878,40.38107],[-74.86506,40.42293]]}},{"type":"Feature","properties":{"name":"206","level":"Federal"},"geometry":{"type":"LineString","coordinates":[[-74.72452,40.90583],[-74.71555,40.9148]]}},{"type":"Feature","properties":{"name":"22","level":"Federal"},"geometry":{"type":"LineString","coordinates":[[-74.21621,40.69652],[-74.18182,40.70848]]}},{"type":"Feature","properties":{"name":"278","level":"Interstate"},"geometry":{"type":"LineString","coordinates":[[-74.22966,40.64121],[-74.20574,40.64121]]}},{"type":"Feature","properties":{"name":"295","level":"Interstate"},"geometry":{"type":"LineString","coordinates":[[-75.49298,39.67989],[-75.30909,39.80398],[-75.10128,39.86677]]}},{"type":"Feature","properties":{"name":"676","level":"Interstate"},"geometry":{"type":"LineString","coordinates":[[-75.11174,39.90265],[-75.12071,39.95049]]}},{"type":"Feature","properties":{"name":"289","level":"State"},"geometry":{"type":"LineString","coordinates":[[-73.12332,44.51788],[-73.071,44.50442],[-73.06801,44.4805]]}},{"type":"Feature","properties":{"level":"Other"},"geometry":{"type":"LineString","coordinates":[[-111.94534,40.83108],[-111.94086,40.89237],[-111.89302,40.94171],[-111.899,40.98656]]}},{"type":"Feature","properties":{"name":"270","level":"State"},"geometry":{"type":"LineString","coordinates":[[-111.90348,40.74586],[-111.89302,40.74885]]}},{"type":"Feature","properties":{"level":"State"},"geometry":{"type":"LineString","coordinates":[[-95.78383,29.69892],[-95.4908,29.72284]]}},{"type":"Feature","properties":{"name":"183","level":"Federal"},"geometry":{"type":"LineString","coordinates":[[-97.79617,30.46738],[-97.8171,30.53764]]}},{"type":"Feature","properties":{"name":"114","level":"State"},"geometry":{"type":"LineString","coordinates":[[-97.16825,32.98355],[-97.0935,32.93122]]}},{"type":"Feature","properties":{"name":"146","level":"State"},"geometry":{"type":"LineString","coordinates":[[-95.03331,29.68845],[-95.03331,29.61968]]}},{"type":"Feature","properties":{"name":"146","level":"State"},"geometry":{"type":"LineString","coordinates":[[-94.98697,29.74526],[-94.99145,29.72284],[-95.03032,29.68995]]}},{"type":"Feature","properties":{"name":"1604","level":"State"},"geometry":{"type":"LineString","coordinates":[[-98.66928,29.55091],[-98.6334,29.58679],[-98.47193,29.60921],[-98.3598,29.60174],[-98.32691,29.55988]]}},{"type":"Feature","properties":{"name":"225","level":"State"},"geometry":{"type":"LineString","coordinates":[[-95.2785,29.71387],[-95.11554,29.71088],[-95.03331,29.68845]]}},{"type":"Feature","properties":{"name":"288","level":"State"},"geometry":{"type":"LineString","coordinates":[[-95.3697,29.7348],[-95.38764,29.65407],[-95.38614,29.51802],[-95.4011,29.48214]]}},{"type":"Feature","properties":{"name":"306L","level":"State"},"geometry":{"type":"LineString","coordinates":[[-100.5052,31.43019],[-100.43643,31.40178]]}},{"type":"Feature","properties":{"name":"358","level":"State"},"geometry":{"type":"LineString","coordinates":[[-97.45978,27.75535],[-97.28636,27.67013]]}},{"type":"Feature","properties":{"name":"6","level":"State"},"geometry":{"type":"LineString","coordinates":[[-97.29682,31.5782],[-97.26543,31.54082],[-97.15031,31.49298]]}},{"type":"Feature","properties":{"name":"99","level":"State"},"geometry":{"type":"LineString","coordinates":[[-95.78383,29.69892],[-95.77037,29.72284],[-95.77635,29.78414]]}},{"type":"Feature","properties":{"name":"P22","level":"State"},"geometry":{"type":"LineString","coordinates":[[-97.28636,27.67013],[-97.22207,27.61781]]}},{"type":"Feature","properties":{"name":"175","level":"Federal"},"geometry":{"type":"LineString","coordinates":[[-96.77505,32.76677],[-96.7586,32.74583],[-96.72422,32.74434],[-96.54182,32.64866],[-96.45361,32.63221],[-96.32354,32.58885],[-96.29962,32.56792]]}},{"type":"Feature","properties":{"name":"181","level":"Federal"},"geometry":{"type":"LineString","coordinates":[[-97.74534,28.43709],[-97.72441,28.40271],[-97.73188,28.36982]]}},{"type":"Feature","properties":{"name":"183","level":"Federal"},"geometry":{"type":"LineString","coordinates":[[-97.69152,30.25059],[-97.69002,30.24162]]}},{"type":"Feature","properties":{"name":"287","level":"Federal"},"geometry":{"type":"LineString","coordinates":[[-96.90362,32.43187],[-96.83336,32.41692],[-96.79598,32.35264]]}},{"type":"Feature","properties":{"name":"287","level":"Federal"},"geometry":{"type":"LineString","coordinates":[[-97.21011,32.66959],[-97.09649,32.53055]]}},{"type":"Feature","properties":{"name":"287","level":"Federal"},"geometry":{"type":"LineString","coordinates":[[-97.31925,32.7563],[-97.29533,32.72341],[-97.24001,32.69052]]}},{"type":"Feature","properties":{"name":"290","level":"Federal"},"geometry":{"type":"LineString","coordinates":[[-97.86494,30.23415],[-97.79617,30.23415],[-97.75132,30.21621]]}},{"type":"Feature","properties":{"name":"67","level":"Federal"},"geometry":{"type":"LineString","coordinates":[[-96.82887,32.70846],[-96.96492,32.57241],[-97.01276,32.47224]]}},{"type":"Feature","properties":{"name":"67","level":"Federal"},"geometry":{"type":"LineString","coordinates":[[-100.3856,31.47953],[-100.43045,31.47504],[-100.5052,31.43019]]}},{"type":"Feature","properties":{"name":"69","level":"Federal"},"geometry":{"type":"LineString","coordinates":[[-94.15422,30.12501],[-94.13628,30.0966]]}},{"type":"Feature","properties":{"name":"69","level":"Federal"},"geometry":{"type":"LineString","coordinates":[[-94.19459,30.22518],[-94.17964,30.14743],[-94.15422,30.12501]]}},{"type":"Feature","properties":{"name":"75","level":"Federal"},"geometry":{"type":"LineString","coordinates":[[-96.53584,33.80134],[-96.58368,33.77742],[-96.58518,33.71911],[-96.61657,33.63539],[-96.60162,33.56961],[-96.61657,33.47243],[-96.58219,33.41113],[-96.59265,33.27508],[-96.62554,33.24518],[-96.65395,33.13604],[-96.70927,33.02541],[-96.71525,32.97458],[-96.76907,32.91029],[-96.79149,32.79517]]}},{"type":"Feature","properties":{"name":"77B","level":"Federal"},"geometry":{"type":"LineString","coordinates":[[-97.10246,31.56175],[-97.11443,31.58119]]}},{"type":"Feature","properties":{"name":"83","level":"Federal"},"geometry":{"type":"LineString","coordinates":[[-99.75319,32.52008],[-99.78608,32.43038],[-99.74123,32.38702]]}},{"type":"Feature","properties":{"name":"84","level":"Federal"},"geometry":{"type":"LineString","coordinates":[[-97.25047,31.48551],[-97.18918,31.51242]]}},{"type":"Feature","properties":{"name":"90","level":"Federal"},"geometry":{"type":"LineString","coordinates":[[-95.18581,29.82749],[-95.08265,29.86935],[-95.04527,29.9157]]}},{"type":"Feature","properties":{"name":"24","level":"Federal"},"geometry":{"type":"LineString","coordinates":[[-85.82678,35.23061],[-85.78791,35.20968],[-85.79538,35.17081]]}},{"type":"Feature","properties":{"name":"111","level":"State"},"geometry":{"type":"LineString","coordinates":[[-85.4874,35.96917],[-85.50086,35.99159],[-85.50385,36.10223]]}},{"type":"Feature","properties":{"name":"124","level":"Federal"},"geometry":{"type":"LineString","coordinates":[[-85.31846,35.03177],[-85.32444,35.09157],[-85.27511,35.17529],[-85.18391,35.24108],[-85.15102,35.29938]]}},{"type":"Feature","properties":{"name":"23","level":"Federal"},"geometry":{"type":"LineString","coordinates":[[-82.58252,36.55672],[-82.57205,36.5941]]}},{"type":"Feature","properties":{"name":"67","level":"Federal"},"geometry":{"type":"LineString","coordinates":[[-82.33882,36.30854],[-82.27005,36.32798]]}},{"type":"Feature","properties":{"name":"140","level":"Interstate"},"geometry":{"type":"LineString","coordinates":[[-84.12093,35.91086],[-84.08206,35.85554],[-84.0387,35.86601],[-83.97142,35.83611]]}},{"type":"Feature","properties":{"name":"278","level":"Federal"},"geometry":{"type":"LineString","coordinates":[[-80.76304,32.15529],[-80.77351,32.17173],[-80.73912,32.21659]]}},{"type":"Feature","properties":{"name":"22","level":"State"},"geometry":{"type":"LineString","coordinates":[[-78.77462,33.78639],[-78.7806,33.8148],[-78.86133,33.90599],[-78.91366,33.91646],[-78.94356,33.94038],[-79.06018,33.94188],[-79.15287,33.91796]]}},{"type":"Feature","properties":{"name":"12","level":"Federal"},"geometry":{"type":"LineString","coordinates":[[-81.06952,33.99271],[-81.05457,33.99869]]}},{"type":"Feature","properties":{"name":"12","level":"Federal"},"geometry":{"type":"LineString","coordinates":[[-81.05457,33.99869],[-81.04411,34.00317]]}},{"type":"Feature","properties":{"name":"123","level":"Federal"},"geometry":{"type":"LineString","coordinates":[[-82.81425,34.68641],[-82.78734,34.68791],[-82.60195,34.81798]]}},{"type":"Feature","properties":{"name":"378","level":"Federal"},"geometry":{"type":"LineString","coordinates":[[-80.30705,33.92842],[-80.2921,33.91646]]}},{"type":"Feature","properties":{"name":"76","level":"Federal"},"geometry":{"type":"LineString","coordinates":[[-80.38479,33.95683],[-80.30705,33.92842]]}},{"type":"Feature","properties":{"name":"BUS85","level":"Interstate"},"geometry":{"type":"LineString","coordinates":[[-82.03383,34.96449],[-81.90975,35.01084]]}},{"type":"Feature","properties":{"name":"126","level":"Interstate"},"geometry":{"type":"LineString","coordinates":[[-81.10092,34.0271],[-81.0471,34.01065]]}},{"type":"Feature","properties":{"name":"585","level":"Interstate"},"geometry":{"type":"LineString","coordinates":[[-81.96506,34.98841],[-81.93666,34.97047]]}},{"type":"Feature","properties":{"name":"423","level":"State"},"geometry":{"type":"LineString","coordinates":[[-106.66781,35.18127],[-106.58857,35.1738]]}},{"type":"Feature","properties":{"name":"412","level":"Federal"},"geometry":{"type":"LineString","coordinates":[[-94.71337,36.19342],[-94.81055,36.21884],[-94.99295,36.21735],[-95.0976,36.21286],[-95.13049,36.18894],[-95.26056,36.17847]]}},{"type":"Feature","properties":{"name":"169","level":"Federal"},"geometry":{"type":"LineString","coordinates":[[-95.86008,36.09924],[-95.84812,36.34143],[-95.83018,36.36536]]}},{"type":"Feature","properties":{"name":"377","level":"Federal"},"geometry":{"type":"LineString","coordinates":[[-96.63451,34.72678],[-96.70329,34.76416],[-96.67937,34.78957]]}},{"type":"Feature","properties":{"name":"62","level":"Federal"},"geometry":{"type":"LineString","coordinates":[[-98.6319,34.64007],[-98.5422,34.6311]]}},{"type":"Feature","properties":{"name":"77","level":"Federal"},"geometry":{"type":"LineString","coordinates":[[-97.5136,35.52962],[-97.5136,35.58494],[-97.49716,35.60886]]}},{"type":"Feature","properties":{"name":"235","level":"Interstate"},"geometry":{"type":"LineString","coordinates":[[-97.49267,35.46234],[-97.5136,35.52962]]}},{"type":"Feature","properties":{"name":"220","level":"Federal"},"geometry":{"type":"LineString","coordinates":[[-76.4543,41.73857],[-76.4543,41.77446],[-76.4827,41.79539]]}},{"type":"Feature","properties":{"name":"60","level":"State"},"geometry":{"type":"LineString","coordinates":[[-80.36237,40.7638],[-80.36984,40.87593],[-80.40124,40.9761],[-80.38928,40.99254]]}},{"type":"Feature","properties":{"name":"202","level":"Federal"},"geometry":{"type":"LineString","coordinates":[[-74.96074,40.37808],[-74.95626,40.37957]]}},{"type":"Feature","properties":{"name":"22","level":"Federal"},"geometry":{"type":"LineString","coordinates":[[-75.20593,40.69503],[-75.20294,40.69503]]}},{"type":"Feature","properties":{"name":"322","level":"Federal"},"geometry":{"type":"LineString","coordinates":[[-75.37188,39.8279],[-75.38534,39.84285]]}},{"type":"Feature","properties":{"name":"28","level":"State"},"geometry":{"type":"LineString","coordinates":[[-79.95123,40.4917],[-79.87498,40.49021],[-79.8376,40.54403],[-79.72398,40.63971],[-79.70753,40.69503],[-79.64923,40.75632],[-79.55354,40.81015]]}},{"type":"Feature","properties":{"name":"28","level":"State"},"geometry":{"type":"LineString","coordinates":[[-79.99608,40.45283],[-79.99458,40.45432]]}},{"type":"Feature","properties":{"name":"283","level":"State"},"geometry":{"type":"LineString","coordinates":[[-76.7877,40.2196],[-76.71444,40.22259],[-76.68603,40.19418],[-76.61277,40.18671],[-76.544,40.13438],[-76.48719,40.1299],[-76.32573,40.07159]]}},{"type":"Feature","properties":{"name":"309","level":"State"},"geometry":{"type":"LineString","coordinates":[[-75.8204,41.25119],[-75.8488,41.25119],[-75.9086,41.29006]]}},{"type":"Feature","properties":{"name":"309","level":"State"},"geometry":{"type":"LineString","coordinates":[[-75.28965,40.30183],[-75.32703,40.34817],[-75.336,40.40349]]}},{"type":"Feature","properties":{"name":"309","level":"State"},"geometry":{"type":"LineString","coordinates":[[-75.16706,40.08953],[-75.20593,40.12093],[-75.20294,40.16578],[-75.22537,40.20614]]}},{"type":"Feature","properties":{"name":"33","level":"State"},"geometry":{"type":"LineString","coordinates":[[-75.2762,40.63373],[-75.29414,40.66662],[-75.29115,40.71297],[-75.26573,40.74436],[-75.30161,40.81015],[-75.29414,40.85948],[-75.31357,40.89536],[-75.30012,40.92527]]}},{"type":"Feature","properties":{"name":"56","level":"State"},"geometry":{"type":"LineString","coordinates":[[-78.92413,40.32276],[-78.8419,40.29585]]}},{"type":"Feature","properties":{"name":"60","level":"State"},"geometry":{"type":"LineString","coordinates":[[-80.39077,41.02842],[-80.3833,41.08524],[-80.42815,41.11663],[-80.43413,41.16597],[-80.45655,41.1869]]}},{"type":"Feature","properties":{"name":"8","level":"State"},"geometry":{"type":"LineString","coordinates":[[-79.97515,41.20185],[-79.87348,41.32145],[-79.87199,41.35883]]}},{"type":"Feature","properties":{"name":"219","level":"Federal"},"geometry":{"type":"LineString","coordinates":[[-79.03177,39.78454],[-79.04672,39.84285]]}},{"type":"Feature","properties":{"name":"6","level":"Federal"},"geometry":{"type":"LineString","coordinates":[[-75.60362,41.42013],[-75.5782,41.4276],[-75.58567,41.44853],[-75.53933,41.47545],[-75.50793,41.5487],[-75.46906,41.57561]]}},{"type":"Feature","properties":{"name":"322","level":"Federal"},"geometry":{"type":"LineString","coordinates":[[-76.44533,40.2794],[-76.43187,40.25847],[-76.40048,40.25548]]}},{"type":"Feature","properties":{"name":"22","level":"Federal"},"geometry":{"type":"LineString","coordinates":[[-77.64137,40.56944],[-77.57409,40.61579]]}},{"type":"Feature","properties":{"name":"1","level":"Federal"},"geometry":{"type":"LineString","coordinates":[[-74.96822,40.1299],[-74.883,40.19269],[-74.77536,40.20614]]}},{"type":"Feature","properties":{"name":"1","level":"Federal"},"geometry":{"type":"LineString","coordinates":[[-75.19546,40.00431],[-75.14912,40.01926]]}},{"type":"Feature","properties":{"name":"1","level":"Federal"},"geometry":{"type":"LineString","coordinates":[[-75.41972,39.91461],[-75.3659,39.93704]]}},{"type":"Feature","properties":{"name":"1","level":"Federal"},"geometry":{"type":"LineString","coordinates":[[-76.0312,39.72175],[-76.02223,39.75763],[-75.96841,39.80697],[-75.69182,39.8578]]}},{"type":"Feature","properties":{"name":"11","level":"Federal"},"geometry":{"type":"LineString","coordinates":[[-75.66043,41.40966],[-75.66342,41.45451]]}},{"type":"Feature","properties":{"name":"11","level":"Federal"},"geometry":{"type":"LineString","coordinates":[[-76.86693,40.76828],[-76.85348,40.81912]]}},{"type":"Feature","properties":{"name":"11","level":"Federal"},"geometry":{"type":"LineString","coordinates":[[-76.93272,40.23156],[-76.97757,40.23754]]}},{"type":"Feature","properties":{"name":"119","level":"Federal"},"geometry":{"type":"LineString","coordinates":[[-79.16184,40.57542],[-79.11699,40.62327],[-79.1125,40.67559]]}},{"type":"Feature","properties":{"name":"119","level":"Federal"},"geometry":{"type":"LineString","coordinates":[[-79.59241,40.22708],[-79.56102,40.15382]]}},{"type":"Feature","properties":{"name":"119","level":"Federal"},"geometry":{"type":"LineString","coordinates":[[-79.7479,39.86527],[-79.75388,39.89517],[-79.73145,39.91461],[-79.66268,39.93704]]}},{"type":"Feature","properties":{"name":"13","level":"Federal"},"geometry":{"type":"LineString","coordinates":[[-74.81423,40.14784],[-74.80227,40.19718]]}},{"type":"Feature","properties":{"name":"15","level":"Federal"},"geometry":{"type":"LineString","coordinates":[[-77.00896,40.14933],[-76.93272,40.23156]]}},{"type":"Feature","properties":{"name":"15","level":"Federal"},"geometry":{"type":"LineString","coordinates":[[-76.86843,41.02095],[-76.87291,41.07178]]}},{"type":"Feature","properties":{"name":"15","level":"Federal"},"geometry":{"type":"LineString","coordinates":[[-77.30648,39.72025],[-77.19585,39.80697],[-77.19884,39.85929],[-77.12707,39.9774]]}},{"type":"Feature","properties":{"name":"19","level":"Federal"},"geometry":{"type":"LineString","coordinates":[[-80.02598,40.44984],[-80.03495,40.46628]]}},{"type":"Feature","properties":{"name":"202","level":"Federal"},"geometry":{"type":"LineString","coordinates":[[-75.14912,40.30332],[-75.13865,40.29435],[-75.10576,40.31379]]}},{"type":"Feature","properties":{"name":"202","level":"Federal"},"geometry":{"type":"LineString","coordinates":[[-75.59165,39.94003],[-75.58119,40.0387],[-75.39431,40.08355]]}},{"type":"Feature","properties":{"name":"2059","level":"Federal"},"geometry":{"type":"LineString","coordinates":[[-75.77704,41.31846],[-75.74564,41.32893]]}},{"type":"Feature","properties":{"name":"209","level":"Federal"},"geometry":{"type":"LineString","coordinates":[[-75.32703,40.92826],[-75.30012,40.92527],[-75.28218,40.96115],[-75.22238,40.98507]]}},{"type":"Feature","properties":{"name":"22","level":"Federal"},"geometry":{"type":"LineString","coordinates":[[-75.59016,40.58888],[-75.35544,40.67709],[-75.20593,40.69503]]}},{"type":"Feature","properties":{"name":"22","level":"Federal"},"geometry":{"type":"LineString","coordinates":[[-79.04672,40.45133],[-79.03326,40.45582]]}},{"type":"Feature","properties":{"name":"220","level":"Federal"},"geometry":{"type":"LineString","coordinates":[[-76.52606,41.93592],[-76.54998,42.00021]]}},{"type":"Feature","properties":{"name":"220","level":"Federal"},"geometry":{"type":"LineString","coordinates":[[-77.47542,41.08673],[-77.47093,41.11215],[-77.37525,41.13906],[-77.299,41.19587],[-77.22126,41.21979]]}},{"type":"Feature","properties":{"name":"220","level":"Federal"},"geometry":{"type":"LineString","coordinates":[[-77.11212,41.23175],[-77.04036,41.23175]]}},{"type":"Feature","properties":{"name":"220","level":"Federal"},"geometry":{"type":"LineString","coordinates":[[-78.56232,39.95946],[-78.51448,40.02375],[-78.51747,40.04917]]}},{"type":"Feature","properties":{"name":"422","level":"Federal"},"geometry":{"type":"LineString","coordinates":[[-75.93402,40.32425],[-75.95944,40.35117]]}},{"type":"Feature","properties":{"name":"222","level":"Federal"},"geometry":{"type":"LineString","coordinates":[[-75.8189,40.4932],[-75.78601,40.52609],[-75.7576,40.53207]]}},{"type":"Feature","properties":{"name":"28","level":"Federal"},"geometry":{"type":"LineString","coordinates":[[-80.00505,40.44984],[-80.01103,40.44834]]}},{"type":"Feature","properties":{"name":"30","level":"Federal"},"geometry":{"type":"LineString","coordinates":[[-75.92505,39.98189],[-75.70079,40.01926],[-75.64697,40.01328],[-75.58567,40.03272]]}},{"type":"Feature","properties":{"name":"30","level":"Federal"},"geometry":{"type":"LineString","coordinates":[[-76.69351,39.98189],[-76.49018,40.04468],[-76.45729,40.0387],[-76.32573,40.07159],[-76.28835,40.0671],[-76.242,40.03122]]}},{"type":"Feature","properties":{"name":"30","level":"Federal"},"geometry":{"type":"LineString","coordinates":[[-76.79966,39.93704],[-76.7578,39.9789]]}},{"type":"Feature","properties":{"name":"30","level":"Federal"},"geometry":{"type":"LineString","coordinates":[[-78.38292,40.0088],[-78.36797,40.02524]]}},{"type":"Feature","properties":{"name":"30","level":"Federal"},"geometry":{"type":"LineString","coordinates":[[-79.57597,40.30631],[-79.5371,40.28389],[-79.51766,40.30332]]}},{"type":"Feature","properties":{"name":"322","level":"Federal"},"geometry":{"type":"LineString","coordinates":[[-76.72789,40.26146],[-76.68902,40.26445]]}},{"type":"Feature","properties":{"name":"38","level":"Federal"},"geometry":{"type":"LineString","coordinates":[[-79.87348,40.87294],[-79.87348,40.87443]]}},{"type":"Feature","properties":{"name":"38","level":"Federal"},"geometry":{"type":"LineString","coordinates":[[-79.87498,40.87443],[-79.87348,40.87294]]}},{"type":"Feature","properties":{"name":"40","level":"Federal"},"geometry":{"type":"LineString","coordinates":[[-79.91983,40.0372],[-79.88544,40.02524]]}},{"type":"Feature","properties":{"name":"40","level":"Federal"},"geometry":{"type":"LineString","coordinates":[[-79.74341,39.86976],[-79.69707,39.86976]]}},{"type":"Feature","properties":{"name":"422","level":"Federal"},"geometry":{"type":"LineString","coordinates":[[-75.67538,40.24352],[-75.62903,40.23007],[-75.5767,40.24203]]}},{"type":"Feature","properties":{"name":"422","level":"Federal"},"geometry":{"type":"LineString","coordinates":[[-75.5767,40.24203],[-75.44663,40.13438]]}},{"type":"Feature","properties":{"name":"422","level":"Federal"},"geometry":{"type":"LineString","coordinates":[[-75.44663,40.13438],[-75.45411,40.11345],[-75.42271,40.11495],[-75.40776,40.07907]]}},{"type":"Feature","properties":{"name":"422","level":"Federal"},"geometry":{"type":"LineString","coordinates":[[-75.93402,40.32425],[-75.86226,40.30631]]}},{"type":"Feature","properties":{"name":"222","level":"Federal"},"geometry":{"type":"LineString","coordinates":[[-76.28835,40.0671],[-76.20313,40.14036],[-76.15529,40.15681],[-76.11642,40.20614],[-76.05811,40.22558],[-75.99681,40.31678],[-75.9699,40.33322],[-75.96392,40.35266],[-75.99233,40.36761],[-75.98784,40.37808],[-75.91309,40.4304]]}},{"type":"Feature","properties":{"name":"422","level":"Federal"},"geometry":{"type":"LineString","coordinates":[[-79.22762,40.62027],[-79.18426,40.58888],[-79.13941,40.5829],[-79.07961,40.60383],[-79.01383,40.60233]]}},{"type":"Feature","properties":{"name":"422","level":"Federal"},"geometry":{"type":"LineString","coordinates":[[-79.55354,40.81015],[-79.50122,40.78922],[-79.48776,40.80118]]}},{"type":"Feature","properties":{"name":"422","level":"Federal"},"geometry":{"type":"LineString","coordinates":[[-79.95272,40.88191],[-79.87498,40.87443]]}},{"type":"Feature","properties":{"name":"422","level":"Federal"},"geometry":{"type":"LineString","coordinates":[[-80.12914,40.96115],[-80.05887,40.9148]]}},{"type":"Feature","properties":{"name":"422","level":"Federal"},"geometry":{"type":"LineString","coordinates":[[-80.39077,41.02842],[-80.39376,40.99852],[-80.36685,40.97012],[-80.29808,40.97759]]}},{"type":"Feature","properties":{"name":"422","level":"Federal"},"geometry":{"type":"LineString","coordinates":[[-79.87348,40.87443],[-79.86451,40.86995]]}},{"type":"Feature","properties":{"name":"6","level":"Federal"},"geometry":{"type":"LineString","coordinates":[[-79.19025,41.83874],[-79.14838,41.83725]]}},{"type":"Feature","properties":{"name":"6","level":"Federal"},"geometry":{"type":"LineString","coordinates":[[-79.29938,41.84771],[-79.24108,41.84921]]}},{"type":"Feature","properties":{"name":"65","level":"Federal"},"geometry":{"type":"LineString","coordinates":[[-80.02598,40.44984],[-80.01103,40.44834]]}},{"type":"Feature","properties":{"name":"65","level":"Federal"},"geometry":{"type":"LineString","coordinates":[[-80.00953,40.44535],[-80.01103,40.44834]]}},{"type":"Feature","properties":{"name":"176","level":"Interstate"},"geometry":{"type":"LineString","coordinates":[[-75.89814,40.15382],[-75.92057,40.19568],[-75.91608,40.27043],[-75.89814,40.30631]]}},{"type":"Feature","properties":{"name":"279","level":"Interstate"},"geometry":{"type":"LineString","coordinates":[[-80.10671,40.42293],[-80.07083,40.41097],[-80.03495,40.41994],[-79.99757,40.45133],[-80.01551,40.49618],[-80.07083,40.52459],[-80.10073,40.58589]]}},{"type":"Feature","properties":{"name":"380","level":"Interstate"},"geometry":{"type":"LineString","coordinates":[[-75.50494,41.23474],[-75.40477,41.14504],[-75.3958,41.07029]]}},{"type":"Feature","properties":{"name":"380","level":"Interstate"},"geometry":{"type":"LineString","coordinates":[[-75.57371,41.37229],[-75.50494,41.23474]]}},{"type":"Feature","properties":{"name":"579","level":"Interstate"},"geometry":{"type":"LineString","coordinates":[[-79.99458,40.43788],[-79.99757,40.45432]]}},{"type":"Feature","properties":{"name":"76","level":"Interstate"},"geometry":{"type":"LineString","coordinates":[[-75.40926,40.09103],[-75.32703,40.06412],[-75.28517,40.07159],[-75.19546,40.00431],[-75.20743,39.98189],[-75.18201,39.95498]]}},{"type":"Feature","properties":{"name":"18","level":"State"},"geometry":{"type":"LineString","coordinates":[[-123.21804,45.18915],[-123.17767,45.20112]]}},{"type":"Feature","properties":{"name":"22","level":"State"},"geometry":{"type":"LineString","coordinates":[[-122.9878,44.91556],[-122.82334,44.83034]]}},{"type":"Feature","properties":{"level":"Other"},"geometry":{"type":"LineString","coordinates":[[-78.9316,35.03625],[-79.00187,35.16333]]}},{"type":"Feature","properties":{"name":"64","level":"Federal"},"geometry":{"type":"LineString","coordinates":[[-76.68155,35.87348],[-76.60979,35.86601],[-76.57689,35.88844],[-76.47523,35.90637],[-76.38403,35.87647],[-76.2719,35.91385]]}},{"type":"Feature","properties":{"name":"1","level":"Federal"},"geometry":{"type":"LineString","coordinates":[[-79.23211,35.35769],[-79.25304,35.26051],[-79.29191,35.24556]]}},{"type":"Feature","properties":{"name":"421","level":"Federal"},"geometry":{"type":"LineString","coordinates":[[-79.11848,35.4459],[-79.12147,35.4758],[-79.18725,35.51019]]}},{"type":"Feature","properties":{"name":"311","level":"Federal"},"geometry":{"type":"LineString","coordinates":[[-80.03794,36.01103],[-80.18744,36.06336]]}},{"type":"Feature","properties":{"name":"1","level":"Federal"},"geometry":{"type":"LineString","coordinates":[[-78.40684,36.27266],[-78.36199,36.37134]]}},{"type":"Feature","properties":{"name":"1","level":"Federal"},"geometry":{"type":"LineString","coordinates":[[-79.20221,35.46833],[-79.18277,35.52962],[-79.08858,35.62381],[-78.97645,35.64624],[-78.73575,35.76734]]}},{"type":"Feature","properties":{"name":"1","level":"Federal"},"geometry":{"type":"LineString","coordinates":[[-79.416,35.15287],[-79.39058,35.18875],[-79.34125,35.2052]]}},{"type":"Feature","properties":{"name":"117","level":"Federal"},"geometry":{"type":"LineString","coordinates":[[-78.06746,35.21417],[-78.03756,35.31732]]}},{"type":"Feature","properties":{"name":"13","level":"Federal"},"geometry":{"type":"LineString","coordinates":[[-78.01065,35.36218],[-78.00018,35.39806],[-77.93739,35.37862]]}},{"type":"Feature","properties":{"name":"13","level":"Federal"},"geometry":{"type":"LineString","coordinates":[[-77.37376,35.79275],[-77.37376,35.80621]]}},{"type":"Feature","properties":{"name":"15","level":"Federal"},"geometry":{"type":"LineString","coordinates":[[-78.963,35.96767],[-78.94655,36.02448]]}},{"type":"Feature","properties":{"name":"21","level":"Federal"},"geometry":{"type":"LineString","coordinates":[[-80.82434,36.26369],[-80.85274,36.29359]]}},{"type":"Feature","properties":{"name":"264","level":"Federal"},"geometry":{"type":"LineString","coordinates":[[-78.30667,35.83461],[-78.02859,35.76285]]}},{"type":"Feature","properties":{"name":"74","level":"Federal"},"geometry":{"type":"LineString","coordinates":[[-77.94935,34.25135],[-77.91945,34.25434]]}},{"type":"Feature","properties":{"name":"311","level":"Federal"},"geometry":{"type":"LineString","coordinates":[[-79.96917,35.94824],[-79.98113,35.99458],[-80.00804,36.00953],[-80.03794,36.00355]]}},{"type":"Feature","properties":{"name":"321","level":"Federal"},"geometry":{"type":"LineString","coordinates":[[-81.18764,35.28294],[-81.22352,35.51916],[-81.24893,35.5969],[-81.35209,35.70155]]}},{"type":"Feature","properties":{"name":"401","level":"Federal"},"geometry":{"type":"LineString","coordinates":[[-78.89123,35.04523],[-78.88077,35.07064]]}},{"type":"Feature","properties":{"name":"421","level":"Federal"},"geometry":{"type":"LineString","coordinates":[[-79.42945,35.69258],[-79.43693,35.74341],[-79.55354,35.81219]]}},{"type":"Feature","properties":{"name":"421","level":"Federal"},"geometry":{"type":"LineString","coordinates":[[-80.32499,36.07233],[-80.54925,36.11718],[-80.76453,36.11269],[-80.93796,36.15306],[-81.13531,36.13213],[-81.18464,36.15007]]}},{"type":"Feature","properties":{"name":"421","level":"Federal"},"geometry":{"type":"LineString","coordinates":[[-78.32909,34.98841],[-78.34105,35.00785]]}},{"type":"Feature","properties":{"name":"421","level":"Federal"},"geometry":{"type":"LineString","coordinates":[[-78.30517,34.96449],[-78.32909,34.98841]]}},{"type":"Feature","properties":{"name":"64","level":"Federal"},"geometry":{"type":"LineString","coordinates":[[-79.24257,35.72846],[-79.19025,35.7479],[-79.10802,35.72996]]}},{"type":"Feature","properties":{"name":"70","level":"Federal"},"geometry":{"type":"LineString","coordinates":[[-78.8718,36.01402],[-78.85236,35.97365]]}},{"type":"Feature","properties":{"name":"701","level":"Federal"},"geometry":{"type":"LineString","coordinates":[[-78.34105,35.00785],[-78.3276,35.04223]]}},{"type":"Feature","properties":{"name":"74","level":"Federal"},"geometry":{"type":"LineString","coordinates":[[-81.40741,35.24706],[-81.36256,35.25902],[-81.30873,35.24108]]}},{"type":"Feature","properties":{"name":"74","level":"Federal"},"geometry":{"type":"LineString","coordinates":[[-82.21324,35.25154],[-81.92469,35.30985],[-81.81556,35.31882],[-81.72735,35.29639],[-81.69745,35.30237]]}},{"type":"Feature","properties":{"name":"74","level":"Federal"},"geometry":{"type":"LineString","coordinates":[[-81.94114,35.36218],[-81.87386,35.31433]]}},{"type":"Feature","properties":{"name":"295","level":"Interstate"},"geometry":{"type":"LineString","coordinates":[[-78.8703,35.15436],[-78.75518,35.12297]]}},{"type":"Feature","properties":{"name":"BUS40","level":"Interstate"},"geometry":{"type":"LineString","coordinates":[[-80.32499,36.07233],[-80.28313,36.09326],[-80.16053,36.11269],[-80.01551,36.09774]]}},{"type":"Feature","properties":{"name":"74","level":"Interstate"},"geometry":{"type":"LineString","coordinates":[[-79.5072,34.78957],[-79.47431,34.75518],[-79.38759,34.76266],[-79.33676,34.74621],[-79.28593,34.67894],[-79.19772,34.62212],[-79.0542,34.57877]]}},{"type":"Feature","properties":{"name":"74","level":"Interstate"},"geometry":{"type":"LineString","coordinates":[[-80.74211,36.49692],[-80.624,36.45805],[-80.55523,36.45506]]}},{"type":"Feature","properties":{"name":"129","level":"State"},"geometry":{"type":"LineString","coordinates":[[-84.54253,39.39284],[-84.36462,39.37938]]}},{"type":"Feature","properties":{"name":"16","level":"State"},"geometry":{"type":"LineString","coordinates":[[-82.41657,40.05963],[-82.38218,40.06262]]}},{"type":"Feature","properties":{"name":"29","level":"State"},"geometry":{"type":"LineString","coordinates":[[-84.45582,40.55748],[-84.41545,40.55748]]}},{"type":"Feature","properties":{"name":"315","level":"State"},"geometry":{"type":"LineString","coordinates":[[-83.03701,40.12392],[-83.02206,39.97292]]}},{"type":"Feature","properties":{"name":"20","level":"Federal"},"geometry":{"type":"LineString","coordinates":[[-81.2594,41.7296],[-81.19361,41.75801]]}},{"type":"Feature","properties":{"name":"20","level":"Federal"},"geometry":{"type":"LineString","coordinates":[[-82.70212,41.2482],[-82.60793,41.22129],[-82.58252,41.22577],[-82.57355,41.24969]]}},{"type":"Feature","properties":{"name":"20","level":"Federal"},"geometry":{"type":"LineString","coordinates":[[-82.1938,41.27511],[-82.06673,41.33342]]}},{"type":"Feature","properties":{"name":"22","level":"Federal"},"geometry":{"type":"LineString","coordinates":[[-80.87367,40.32874],[-80.73912,40.3721],[-80.72865,40.39303],[-80.61204,40.37359]]}},{"type":"Feature","properties":{"name":"22","level":"Federal"},"geometry":{"type":"LineString","coordinates":[[-83.46161,39.5244],[-83.46011,39.52291]]}},{"type":"Feature","properties":{"name":"224","level":"Federal"},"geometry":{"type":"LineString","coordinates":[[-81.50159,41.02543],[-81.48365,41.02543]]}},{"type":"Feature","properties":{"name":"24","level":"Federal"},"geometry":{"type":"LineString","coordinates":[[-83.70979,41.53674],[-83.68138,41.55468]]}},{"type":"Feature","properties":{"name":"24","level":"Federal"},"geometry":{"type":"LineString","coordinates":[[-84.37658,41.30202],[-84.36013,41.308]]}},{"type":"Feature","properties":{"name":"250","level":"Federal"},"geometry":{"type":"LineString","coordinates":[[-81.47917,40.4917],[-81.32518,40.4005]]}},{"type":"Feature","properties":{"name":"27","level":"Federal"},"geometry":{"type":"LineString","coordinates":[[-84.60383,39.27473],[-84.63822,39.32257]]}},{"type":"Feature","properties":{"name":"33","level":"Federal"},"geometry":{"type":"LineString","coordinates":[[-82.10709,39.36144],[-82.08168,39.33304],[-82.1056,39.31061]]}},{"type":"Feature","properties":{"name":"33","level":"Federal"},"geometry":{"type":"LineString","coordinates":[[-84.41545,40.55748],[-84.38107,40.55748]]}},{"type":"Feature","properties":{"name":"33","level":"Federal"},"geometry":{"type":"LineString","coordinates":[[-84.23007,40.56496],[-84.17026,40.55449]]}},{"type":"Feature","properties":{"name":"33","level":"Federal"},"geometry":{"type":"LineString","coordinates":[[-83.78603,40.402],[-83.6754,40.32724],[-83.59168,40.32425],[-83.52889,40.27043],[-83.40181,40.24053],[-83.36293,40.25249],[-83.2523,40.18372],[-83.17605,40.10448],[-83.13419,40.0985]]}},{"type":"Feature","properties":{"name":"35","level":"Federal"},"geometry":{"type":"LineString","coordinates":[[-82.43301,38.8905],[-82.35976,38.89349],[-82.23716,38.84864],[-82.14895,38.83518]]}},{"type":"Feature","properties":{"name":"35","level":"Federal"},"geometry":{"type":"LineString","coordinates":[[-82.66325,39.09682],[-82.53916,38.99216]]}},{"type":"Feature","properties":{"name":"35","level":"Federal"},"geometry":{"type":"LineString","coordinates":[[-82.93984,39.32107],[-82.91143,39.29865]]}},{"type":"Feature","properties":{"name":"35","level":"Federal"},"geometry":{"type":"LineString","coordinates":[[-83.46011,39.52291],[-83.37789,39.50796],[-83.34201,39.48105],[-83.21492,39.44965],[-82.99067,39.34799],[-82.96077,39.34799]]}},{"type":"Feature","properties":{"name":"35","level":"Federal"},"geometry":{"type":"LineString","coordinates":[[-83.97441,39.69035],[-83.95199,39.66344],[-83.9176,39.66344],[-83.85182,39.69932],[-83.62756,39.63204],[-83.51842,39.58271],[-83.46161,39.5244]]}},{"type":"Feature","properties":{"name":"35","level":"Federal"},"geometry":{"type":"LineString","coordinates":[[-84.28987,39.74866],[-84.15083,39.75464],[-84.05215,39.71726]]}},{"type":"Feature","properties":{"name":"35","level":"Federal"},"geometry":{"type":"LineString","coordinates":[[-82.90994,39.29715],[-82.84116,39.21343]]}},{"type":"Feature","properties":{"name":"422","level":"Federal"},"geometry":{"type":"LineString","coordinates":[[-81.50459,41.43209],[-81.44478,41.39471],[-81.21754,41.38425]]}},{"type":"Feature","properties":{"name":"50","level":"Federal"},"geometry":{"type":"LineString","coordinates":[[-84.42592,39.11027],[-84.39153,39.14167]]}},{"type":"Feature","properties":{"name":"50","level":"Federal"},"geometry":{"type":"LineString","coordinates":[[-84.54253,39.1013],[-84.52011,39.09682]]}},{"type":"Feature","properties":{"name":"50","level":"Federal"},"geometry":{"type":"LineString","coordinates":[[-82.1056,39.30612],[-82.1056,39.31061]]}},{"type":"Feature","properties":{"name":"50","level":"Federal"},"geometry":{"type":"LineString","coordinates":[[-82.91143,39.29865],[-82.90994,39.29715]]}},{"type":"Feature","properties":{"name":"52","level":"Federal"},"geometry":{"type":"LineString","coordinates":[[-82.49281,38.42255],[-82.48683,38.41806]]}},{"type":"Feature","properties":{"name":"52","level":"Federal"},"geometry":{"type":"LineString","coordinates":[[-83.03701,38.73202],[-82.99665,38.7395]]}},{"type":"Feature","properties":{"name":"6","level":"Federal"},"geometry":{"type":"LineString","coordinates":[[-81.74828,41.48441],[-81.7124,41.49039]]}},{"type":"Feature","properties":{"name":"62","level":"Federal"},"geometry":{"type":"LineString","coordinates":[[-81.39694,40.82809],[-81.34761,40.83108]]}},{"type":"Feature","properties":{"name":"68","level":"Federal"},"geometry":{"type":"LineString","coordinates":[[-83.84733,39.86677],[-83.8563,39.92807],[-83.81893,39.96694],[-83.80697,40.02076],[-83.77856,40.04767]]}},{"type":"Feature","properties":{"name":"277","level":"Interstate"},"geometry":{"type":"LineString","coordinates":[[-81.56887,41.0359],[-81.50159,41.02543]]}},{"type":"Feature","properties":{"name":"280","level":"Interstate"},"geometry":{"type":"LineString","coordinates":[[-83.4631,41.52628],[-83.47656,41.62495],[-83.51543,41.66831],[-83.51543,41.69073]]}},{"type":"Feature","properties":{"name":"480","level":"Interstate"},"geometry":{"type":"LineString","coordinates":[[-81.51505,41.35734],[-81.37153,41.25567]]}},{"type":"Feature","properties":{"name":"490","level":"Interstate"},"geometry":{"type":"LineString","coordinates":[[-81.69296,41.47395],[-81.64811,41.47993]]}},{"type":"Feature","properties":{"name":"670","level":"Interstate"},"geometry":{"type":"LineString","coordinates":[[-83.06243,39.96843],[-82.94432,39.98039],[-82.90096,40.01179]]}},{"type":"Feature","properties":{"name":"77","level":"Interstate"},"geometry":{"type":"LineString","coordinates":[[-81.56588,41.05982],[-81.5913,41.10318],[-81.65409,41.12411],[-81.62718,41.15401],[-81.62569,41.21231],[-81.64811,41.30949],[-81.64363,41.41415],[-81.67801,41.49638]]}},{"type":"Feature","properties":{"level":"State"},"geometry":{"type":"LineString","coordinates":[[-73.54792,40.60981],[-73.53745,40.59336]]}},{"type":"Feature","properties":{"name":"44","level":"Federal"},"geometry":{"type":"LineString","coordinates":[[-73.96653,41.70718],[-73.93663,41.70269]]}},{"type":"Feature","properties":{"name":"190","level":"Interstate"},"geometry":{"type":"LineString","coordinates":[[-79.03177,43.1514],[-79.04373,43.15289]]}},{"type":"Feature","properties":{"name":"278","level":"Interstate"},"geometry":{"type":"LineString","coordinates":[[-74.19677,40.63522],[-74.17435,40.62177]]}},{"type":"Feature","properties":{"name":"678","level":"Interstate"},"geometry":{"type":"LineString","coordinates":[[-73.82151,40.79071],[-73.83646,40.81463]]}},{"type":"Feature","properties":{"level":"State"},"geometry":{"type":"LineString","coordinates":[[-79.06615,43.08861],[-79.03027,43.17083],[-79.03326,43.26203]]}},{"type":"Feature","properties":{"level":"State"},"geometry":{"type":"LineString","coordinates":[[-73.2818,40.84005],[-73.26386,40.89686]]}},{"type":"Feature","properties":{"name":"104","level":"State"},"geometry":{"type":"LineString","coordinates":[[-77.62941,43.19476],[-77.43057,43.21569]]}},{"type":"Feature","properties":{"name":"16","level":"State"},"geometry":{"type":"LineString","coordinates":[[-78.58026,42.71484],[-78.60119,42.74175]]}},{"type":"Feature","properties":{"name":"26","level":"State"},"geometry":{"type":"LineString","coordinates":[[-75.4885,43.18728],[-75.44962,43.19176],[-75.4571,43.2097]]}},{"type":"Feature","properties":{"name":"27","level":"State"},"geometry":{"type":"LineString","coordinates":[[-73.9755,40.64868],[-73.99494,40.66662]]}},{"type":"Feature","properties":{"name":"400","level":"State"},"geometry":{"type":"LineString","coordinates":[[-78.60119,42.74175],[-78.5982,42.79109],[-78.68043,42.82996],[-78.78957,42.8494]]}},{"type":"Feature","properties":{"name":"440","level":"State"},"geometry":{"type":"LineString","coordinates":[[-74.23415,40.52609],[-74.1893,40.57393],[-74.17435,40.62177]]}},{"type":"Feature","properties":{"name":"481","level":"State"},"geometry":{"type":"LineString","coordinates":[[-76.11343,43.14093],[-76.22855,43.18279],[-76.35114,43.29941],[-76.41244,43.31884]]}},{"type":"Feature","properties":{"name":"49","level":"State"},"geometry":{"type":"LineString","coordinates":[[-75.44663,43.19176],[-75.37637,43.20074],[-75.28517,43.14093],[-75.22985,43.12299]]}},{"type":"Feature","properties":{"name":"5","level":"State"},"geometry":{"type":"LineString","coordinates":[[-76.32273,43.03478],[-76.28835,43.05422],[-76.22556,43.04824]]}},{"type":"Feature","properties":{"name":"695","level":"State"},"geometry":{"type":"LineString","coordinates":[[-76.23752,43.05571],[-76.22406,43.08113]]}},{"type":"Feature","properties":{"name":"7","level":"State"},"geometry":{"type":"LineString","coordinates":[[-73.91869,42.78361],[-73.88879,42.79558]]}},{"type":"Feature","properties":{"level":"State"},"geometry":{"type":"LineString","coordinates":[[-73.26386,40.63971],[-73.28927,40.69802],[-73.27881,40.74436],[-73.19209,40.75782],[-73.17864,40.74586]]}},{"type":"Feature","properties":{"level":"State"},"geometry":{"type":"LineString","coordinates":[[-73.27881,40.74586],[-73.2803,40.80417]]}},{"type":"Feature","properties":{"level":"State"},"geometry":{"type":"LineString","coordinates":[[-73.73181,40.74436],[-73.66304,40.77875],[-73.62417,40.77725],[-73.61071,40.74137],[-73.58529,40.7339],[-73.54792,40.60981],[-73.58679,40.59187]]}},{"type":"Feature","properties":{"level":"State"},"geometry":{"type":"LineString","coordinates":[[-73.50755,40.59635],[-73.50905,40.59934]]}},{"type":"Feature","properties":{"level":"State"},"geometry":{"type":"LineString","coordinates":[[-73.73629,41.20932],[-73.67649,41.25268]]}},{"type":"Feature","properties":{"name":"9W","level":"Federal"},"geometry":{"type":"LineString","coordinates":[[-73.97849,41.91051],[-73.98298,41.94489]]}},{"type":"Feature","properties":{"name":"209","level":"Federal"},"geometry":{"type":"LineString","coordinates":[[-74.01138,41.97629],[-73.98896,41.97479]]}},{"type":"Feature","properties":{"name":"209","level":"Federal"},"geometry":{"type":"LineString","coordinates":[[-74.0353,41.94938],[-74.01138,41.97629]]}},{"type":"Feature","properties":{"name":"6","level":"Federal"},"geometry":{"type":"LineString","coordinates":[[-74.02783,41.3065],[-73.99195,41.31996]]}},{"type":"Feature","properties":{"name":"9","level":"Federal"},"geometry":{"type":"LineString","coordinates":[[-73.92916,41.29006],[-73.93364,41.29604]]}},{"type":"Feature","properties":{"name":"9","level":"Federal"},"geometry":{"type":"LineString","coordinates":[[-73.87085,41.18391],[-73.90972,41.21531],[-73.93364,41.26614],[-73.92916,41.29006]]}},{"type":"Feature","properties":{"name":"9","level":"Federal"},"geometry":{"type":"LineString","coordinates":[[-73.92916,41.68176],[-73.93663,41.70269]]}},{"type":"Feature","properties":{"name":"278","level":"Interstate"},"geometry":{"type":"LineString","coordinates":[[-74.02035,40.6427],[-73.99643,40.66662],[-73.99643,40.69951],[-73.96504,40.69652],[-73.89477,40.74586],[-73.91121,40.76828]]}},{"type":"Feature","properties":{"name":"587","level":"Interstate"},"geometry":{"type":"LineString","coordinates":[[-74.01138,41.93293],[-74.02783,41.9434]]}},{"type":"Feature","properties":{"name":"678","level":"Interstate"},"geometry":{"type":"LineString","coordinates":[[-73.79012,40.6442],[-73.80656,40.65317],[-73.80058,40.6726],[-73.83646,40.7339],[-73.83945,40.7638],[-73.82151,40.79071]]}},{"type":"Feature","properties":{"name":"90","level":"Interstate"},"geometry":{"type":"LineString","coordinates":[[-73.84543,42.69989],[-73.72284,42.66102],[-73.68098,42.59673],[-73.68845,42.51152],[-73.67051,42.48311]]}},{"type":"Feature","properties":{"name":"95","level":"Interstate"},"geometry":{"type":"LineString","coordinates":[[-73.94261,40.84902],[-73.826,40.83407],[-73.82899,40.88191],[-73.80208,40.88789],[-73.78414,40.91331]]}},{"type":"Feature","properties":{"name":"990","level":"Interstate"},"geometry":{"type":"LineString","coordinates":[[-78.80751,42.99741],[-78.79107,43.02432],[-78.73425,43.04824]]}},{"type":"Feature","properties":{"name":"146","level":"State"},"geometry":{"type":"LineString","coordinates":[[-71.48176,41.94639],[-71.41597,41.83575]]}},{"type":"Feature","properties":{"name":"146","level":"State"},"geometry":{"type":"LineString","coordinates":[[-71.5879,42.01366],[-71.4997,41.96433]]}},{"type":"Feature","properties":{"name":"78","level":"State"},"geometry":{"type":"LineString","coordinates":[[-71.84057,41.39471],[-71.80469,41.38724],[-71.80768,41.35734]]}},{"type":"Feature","properties":{"name":"6","level":"Federal"},"geometry":{"type":"LineString","coordinates":[[-71.51315,41.8208],[-71.43989,41.81333],[-71.41896,41.82529]]}},{"type":"Feature","properties":{"name":"1","level":"Federal"},"geometry":{"type":"LineString","coordinates":[[-71.52063,41.4276],[-71.48325,41.43508]]}},{"type":"Feature","properties":{"name":"26","level":"Interstate"},"geometry":{"type":"LineString","coordinates":[[-82.52272,36.45356],[-82.57355,36.51038],[-82.58252,36.55672]]}},{"type":"Feature","properties":{"name":"90","level":"Interstate"},"geometry":{"type":"LineString","coordinates":[[-71.25899,42.34108],[-71.17677,42.35753],[-71.03473,42.34706],[-71.03025,42.37397]]}},{"type":"Feature","properties":{"name":"93","level":"Interstate"},"geometry":{"type":"LineString","coordinates":[[-71.06015,42.34706],[-71.05268,42.36052],[-71.10201,42.40836],[-71.11846,42.50105]]}},{"type":"Feature","properties":{"name":"680","level":"Interstate"},"geometry":{"type":"LineString","coordinates":[[-122.06834,37.99496],[-122.11469,38.02785]]}},{"type":"Feature","properties":{"name":"2","level":"State"},"geometry":{"type":"LineString","coordinates":[[-71.50269,42.51899],[-71.44438,42.47414]]}}]}