{"type":"FeatureCollection","features":[{"type":"Feature","properties":{"name":"Lake Erie","name_en":"Erie","admin":"admin-0"},"geometry":{"type":"Polygon","coordinates":[[[-83.07646,42.27549],[-83.10454,42.21519],[-83.11724,42.11977],[-83.10786,42.071],[-82.93662,42.0064],[-82.83384,41.99722],[-82.64512,42.03726],[-82.56724,41.99995],[-82.51152,41.93218],[-82.496,41.94404],[-82.48984,42.00464],[-82.46177,42.05772],[-82.41191,42.10322],[-82.16016,42.22275],[-82.04439,42.25723],[-81.93789,42.2689],[-81.87446,42.31504],[-81.88701,42.25703],[-81.8668,42.25835],[-81.80903,42.36841],[-81.72993,42.44658],[-81.49492,42.59116],[-81.40439,42.62998],[-81.25249,42.65376],[-81.03916,42.66245],[-80.8272,42.64316],[-80.47305,42.57393],[-80.09385,42.54639],[-80.06211,42.55415],[-80.10483,42.57153],[-80.45122,42.61348],[-80.39556,42.67588],[-80.22046,42.77437],[-80.09946,42.80234],[-79.74658,42.85845],[-79.59385,42.85395],[-79.38594,42.88066],[-79.05693,42.86226],[-78.92236,42.92383],[-79.0397,43.02129],[-79.03452,43.0439],[-79.07319,43.09307],[-79.06606,43.1061],[-78.89473,43.05776],[-78.92432,42.99751],[-78.91973,42.94819],[-78.87227,42.83594],[-78.87783,42.79912],[-78.9936,42.73071],[-79.20923,42.55518],[-79.70405,42.3001],[-80.33447,42.04082],[-80.86924,41.89331],[-81.22861,41.77041],[-81.44707,41.67148],[-81.63721,41.54844],[-81.72319,41.51094],[-82.12134,41.49297],[-82.48027,41.3981],[-82.64263,41.4669],[-82.67349,41.45366],[-82.82227,41.46523],[-82.95957,41.43975],[-83.02749,41.45454],[-82.7,41.52129],[-82.83076,41.57969],[-82.91079,41.53823],[-82.96328,41.54194],[-83.29072,41.69326],[-83.44297,41.72485],[-83.4562,41.74248],[-83.36206,41.87988],[-83.29722,41.93506],[-83.27251,41.93457],[-83.25557,41.9856],[-83.17656,42.04893],[-83.18843,42.0834],[-83.14214,42.22764],[-83.10483,42.28643],[-83.07646,42.27549]],[[-78.96055,42.98823],[-78.91621,43.05317],[-78.98799,43.06352],[-79.01416,43.05151],[-79.01201,43.00269],[-78.96055,42.98823]],[[-82.6272,41.77114],[-82.65439,41.82744],[-82.67441,41.80606],[-82.68452,41.73584],[-82.63823,41.74688],[-82.6272,41.77114]]]}},{"type":"Feature","properties":{"name":"Lake Winnipeg","name_en":"Winnipeg"},"geometry":{"type":"Polygon","coordinates":[[[-96.35855,50.69121],[-96.29439,50.62388],[-96.39175,50.62852],[-96.45205,50.65576],[-96.5418,50.72793],[-96.58755,50.66362],[-96.60757,50.5522],[-96.57637,50.46802],[-96.5958,50.44185],[-96.68315,50.39795],[-96.86558,50.41846],[-96.93071,50.46123],[-96.98325,50.68301],[-96.95596,50.79741],[-96.96655,50.92744],[-96.93828,51.06006],[-96.92651,51.08247],[-96.84063,51.12817],[-96.83247,51.15737],[-96.77437,51.22085],[-96.69263,51.25532],[-96.62676,51.32441],[-96.63096,51.34307],[-96.72539,51.36597],[-96.90815,51.20562],[-96.9373,51.19268],[-96.97949,51.20415],[-96.98154,51.25088],[-96.74214,51.55449],[-96.73647,51.59336],[-96.79668,51.62554],[-96.82617,51.7104],[-96.88052,51.72422],[-97.1063,51.64199],[-97.12705,51.60752],[-97.12446,51.53628],[-97.14102,51.50205],[-97.25278,51.4436],[-97.27588,51.49136],[-97.28945,51.59346],[-97.27744,51.68511],[-97.23999,51.76641],[-97.2498,51.86514],[-97.30684,51.9814],[-97.35674,52.03975],[-97.44585,52.02734],[-97.496,52.00078],[-97.55015,51.92461],[-97.573,51.92388],[-97.60005,51.9876],[-97.52578,52.06138],[-97.49492,52.10776],[-97.49668,52.13281],[-97.74282,52.13535],[-97.77402,52.10898],[-97.72881,52.08823],[-97.7355,52.04512],[-97.79243,51.91445],[-97.82339,51.88916],[-97.9626,51.92715],[-98.03633,51.98135],[-98.04453,52.05166],[-98.07085,52.09971],[-98.13926,52.1624],[-98.14297,52.21055],[-98.18804,52.28023],[-98.42876,52.38179],[-98.45386,52.41567],[-98.46914,52.48613],[-98.80898,52.72495],[-98.82002,52.78301],[-98.89575,52.85635],[-98.89502,52.91582],[-98.77256,52.96475],[-98.50137,53.01787],[-98.45981,53.04355],[-98.52471,53.06509],[-98.69604,53.08242],[-98.99019,53.0478],[-99.0501,53.0729],[-99.18643,53.17505],[-99.22964,53.18511],[-99.23999,53.20977],[-99.20156,53.35273],[-99.08511,53.48008],[-99.04238,53.55689],[-98.98267,53.71826],[-99.00102,53.75356],[-98.9293,53.86743],[-98.81089,53.89697],[-98.61348,53.84268],[-98.45581,53.85239],[-98.29941,53.83433],[-98.00884,53.70996],[-97.96343,53.69517],[-97.90952,53.70024],[-97.89971,53.73838],[-98.26084,53.91245],[-98.29917,53.96548],[-98.29692,54.01772],[-98.17397,54.21816],[-98.02105,54.40991],[-97.93198,54.375],[-97.93198,54.35259],[-97.98271,54.31587],[-97.8436,54.31675],[-97.82036,54.30044],[-97.86421,54.26548],[-98.0835,54.202],[-98.21299,54.02534],[-98.19233,53.99365],[-98.06104,53.93086],[-98.00078,54.00176],[-97.94028,54.02871],[-97.81123,54.0415],[-97.73408,54.08086],[-97.72861,54.0603],[-97.76167,54.01343],[-97.97744,53.96948],[-97.83193,53.73555],[-97.81963,53.69453],[-97.82832,53.64126],[-97.79072,53.5814],[-97.70698,53.51484],[-97.58174,53.29106],[-97.475,53.20122],[-97.43686,53.1187],[-97.3519,53.02632],[-97.34722,53.00601],[-97.37617,52.98042],[-97.42402,52.96484],[-97.398,52.87886],[-97.33281,52.78403],[-97.19775,52.6729],[-97.00249,52.26938],[-97.0186,52.20444],[-96.98618,52.13325],[-96.95767,52.0769],[-96.85889,51.99277],[-96.83472,51.94209],[-96.85366,51.89214],[-96.84419,51.86636],[-96.76943,51.85474],[-96.70674,51.8147],[-96.6894,51.79053],[-96.70625,51.77324],[-96.75732,51.76279],[-96.72236,51.70381],[-96.60147,51.59629],[-96.55059,51.53037],[-96.54624,51.47593],[-96.49522,51.41313],[-96.34429,51.30889],[-96.29033,51.25122],[-96.28809,51.20791],[-96.3375,51.179],[-96.39409,51.0876],[-96.40254,51.01992],[-96.36748,50.85737],[-96.35742,50.7605],[-96.37256,50.72925],[-96.35855,50.69121]],[[-97.88696,52.35791],[-97.9436,52.53071],[-97.99458,52.54204],[-98.0456,52.45986],[-98.04273,52.39756],[-97.97759,52.31543],[-97.93794,52.31826],[-97.88696,52.35791]],[[-96.59819,51.18809],[-96.70864,51.19941],[-96.73696,51.13711],[-96.78227,51.0918],[-96.8418,51.06631],[-96.84458,51.02666],[-96.76245,51.00967],[-96.68032,51.04082],[-96.63218,51.14844],[-96.59819,51.18809]]]}},{"type":"Feature","properties":{"name":"Great Slave Lake","name_en":"Great Slave"},"geometry":{"type":"Polygon","coordinates":[[[-108.91909,62.78794],[-108.95234,62.7522],[-108.99287,62.73931],[-108.98706,62.71245],[-109.00649,62.68989],[-109.25186,62.59707],[-109.29243,62.60254],[-109.26294,62.65723],[-109.30073,62.71709],[-109.3959,62.73906],[-109.69126,62.7773],[-109.74668,62.79775],[-110.28408,62.82676],[-110.66172,62.82856],[-110.75625,62.76323],[-111.26899,62.66118],[-111.29443,62.63408],[-111.27231,62.61665],[-110.83623,62.66562],[-110.53589,62.65957],[-110.41055,62.68511],[-109.86367,62.67329],[-109.76787,62.66763],[-109.73481,62.64951],[-109.9583,62.57607],[-110.10083,62.55718],[-110.18657,62.55381],[-110.26323,62.57114],[-110.45547,62.54238],[-110.76357,62.54561],[-110.77959,62.53765],[-110.6834,62.51553],[-110.64678,62.48223],[-110.70483,62.39546],[-110.95029,62.40254],[-111.06045,62.38052],[-111.29443,62.28106],[-111.30732,62.23311],[-111.38823,62.19238],[-111.58696,62.1294],[-111.59072,62.09815],[-111.63774,62.05947],[-111.50942,62.06499],[-111.50205,62.04907],[-111.62031,61.95005],[-112.08965,61.73628],[-112.2044,61.64531],[-112.20796,61.62441],[-112.67593,61.46314],[-112.96943,61.39043],[-113.00137,61.40483],[-112.99033,61.42612],[-113.00737,61.44897],[-113.09072,61.48403],[-113.35874,61.44492],[-113.67661,61.30122],[-113.7044,61.2457],[-113.68188,61.21387],[-113.69141,61.18882],[-113.72895,61.17173],[-113.64795,61.15708],[-113.63027,61.10566],[-113.72939,61.02773],[-113.83223,60.99663],[-113.97275,60.97891],[-114.08613,60.98203],[-114.17251,61.00601],[-114.3376,60.98843],[-114.72651,60.90742],[-114.7729,60.92275],[-114.91274,60.90981],[-115.33301,60.84463],[-115.87661,60.84815],[-116.05703,60.86826],[-116.42481,60.95308],[-116.5021,60.9939],[-116.52769,61.0293],[-116.61157,61.01748],[-116.71885,61.03857],[-117.08901,61.05107],[-117.22598,61.07466],[-117.50537,61.24033],[-117.66812,61.30781],[-117.47271,61.26816],[-117.06685,61.14985],[-116.73823,61.22441],[-116.72559,61.24126],[-116.79683,61.29771],[-116.76338,61.32939],[-116.5939,61.32397],[-116.45029,61.28501],[-116.19854,61.26641],[-116.12129,61.22847],[-115.94995,61.1831],[-115.93921,61.19258],[-115.98843,61.23452],[-115.98042,61.24487],[-115.86968,61.28374],[-115.85781,61.30166],[-116.03877,61.3813],[-115.91836,61.42256],[-115.82666,61.41079],[-115.71719,61.43979],[-115.71099,61.44971],[-115.75151,61.48135],[-115.74541,61.51133],[-115.65771,61.64126],[-115.57061,61.68711],[-115.55693,61.74043],[-115.33735,61.77847],[-115.2145,61.77285],[-115.19014,61.74248],[-115.16231,61.73613],[-114.84536,61.76807],[-114.72056,61.81206],[-114.6356,61.86894],[-114.66738,61.93491],[-114.72407,61.93652],[-114.76177,61.9562],[-114.78052,61.99404],[-114.84805,62.03184],[-114.94224,62.05493],[-115.03286,62.09888],[-115.05337,62.11934],[-115.03755,62.14492],[-115.04482,62.17446],[-115.1666,62.24394],[-115.28999,62.23711],[-115.30718,62.25435],[-115.25942,62.29907],[-115.25415,62.32915],[-115.29141,62.34468],[-115.30898,62.37085],[-115.29439,62.4397],[-115.27124,62.4666],[-115.28892,62.48223],[-115.70103,62.4853],[-115.79199,62.56489],[-115.80903,62.59917],[-115.99165,62.68154],[-116.03755,62.72568],[-116.00425,62.76577],[-115.91269,62.76392],[-115.76289,62.72012],[-115.73843,62.69595],[-115.7541,62.66743],[-115.72432,62.65962],[-115.67188,62.66367],[-115.28857,62.60742],[-115.2457,62.59106],[-115.16514,62.5188],[-114.90205,62.46602],[-114.71367,62.37617],[-114.62524,62.35869],[-114.43686,62.3729],[-114.32183,62.41602],[-114.28389,62.41289],[-114.2271,62.38535],[-114.24683,62.32617],[-114.22446,62.31235],[-114.15498,62.27856],[-114.08521,62.28345],[-114.02275,62.26807],[-113.89219,62.20586],[-113.75576,62.10303],[-113.57432,62.01885],[-113.30884,62.00493],[-113.11387,62.02866],[-113.0375,62.01855],[-112.92344,62.07349],[-112.90645,62.06992],[-112.8915,62.03682],[-112.52935,62.07397],[-112.30186,62.13447],[-111.77964,62.36816],[-111.7,62.42007],[-111.59292,62.54121],[-111.55083,62.55552],[-111.47778,62.66055],[-111.39341,62.72187],[-111.08096,62.83545],[-110.67266,62.92686],[-110.52456,62.94487],[-110.05586,62.952],[-109.04624,62.82886],[-109.02207,62.80669],[-108.91909,62.78794]],[[-111.66753,62.1228],[-111.70557,62.13115],[-111.82803,62.11294],[-112.07119,61.97398],[-112.3061,61.91606],[-112.52446,61.87471],[-112.97109,61.83169],[-113.01079,61.80855],[-112.91978,61.76221],[-112.7544,61.76387],[-112.72959,61.64971],[-112.68984,61.60508],[-112.59556,61.58359],[-112.45498,61.60508],[-112.33091,61.64971],[-112.24819,61.75561],[-112.13735,61.83667],[-111.92725,61.91606],[-111.78662,62.0021],[-111.74531,62.08149],[-111.66753,62.1228]]]}},{"type":"Feature","properties":{"name":"Lake Ontario","name_en":"Ontario","admin":"admin-0"},"geometry":{"type":"Polygon","coordinates":[[[-75.77568,44.45889],[-75.83218,44.39727],[-76.23779,44.1832],[-76.35244,44.10605],[-76.30606,44.04321],[-76.19761,44.0835],[-76.17329,44.07944],[-76.15415,44.04541],[-76.19228,44.00337],[-76.07065,43.99849],[-76.19834,43.87446],[-76.23643,43.87095],[-76.23252,43.89453],[-76.28462,43.86924],[-76.28818,43.84873],[-76.2582,43.8291],[-76.21811,43.75781],[-76.19502,43.64482],[-76.20259,43.57451],[-76.23179,43.55044],[-76.37602,43.53506],[-76.47271,43.50727],[-76.57969,43.45381],[-76.72231,43.34263],[-76.74141,43.35005],[-76.8853,43.31401],[-76.96309,43.26377],[-76.97642,43.27739],[-77.079,43.28769],[-77.2708,43.29453],[-77.52905,43.26738],[-77.62461,43.2791],[-77.70737,43.32285],[-77.83823,43.35708],[-78.17495,43.39468],[-78.45747,43.38755],[-78.68945,43.36147],[-79.05317,43.28511],[-79.33755,43.1977],[-79.52788,43.20952],[-79.72783,43.25283],[-79.77305,43.30112],[-79.77417,43.31982],[-79.56904,43.57827],[-79.48013,43.63599],[-79.39634,43.64541],[-79.30278,43.6897],[-79.06064,43.83516],[-78.66934,43.90244],[-78.4459,43.91562],[-78.18633,43.96553],[-77.88076,43.99394],[-77.82905,44.01069],[-77.72647,44.00928],[-77.68179,44.04482],[-77.54902,44.02476],[-77.54375,44.01445],[-77.56763,44.00767],[-77.50288,43.96255],[-77.25898,43.96397],[-77.3148,43.94653],[-77.26719,43.92163],[-77.19004,43.94761],[-77.21924,43.89966],[-77.20796,43.87598],[-77.15117,43.86646],[-77.05449,43.88301],[-76.8791,43.94292],[-76.87031,43.96494],[-77.0438,43.9519],[-77.02402,43.98721],[-76.93018,44.03838],[-76.86299,44.0999],[-77.04023,44.04863],[-77.10273,44.04634],[-77.11699,44.07949],[-77.0832,44.1481],[-77.11528,44.17295],[-77.27148,44.13867],[-77.28984,44.12685],[-77.27485,44.1042],[-77.296,44.09795],[-77.33164,44.1042],[-77.31396,44.14268],[-77.33271,44.15293],[-77.58574,44.08433],[-77.58437,44.09434],[-77.54722,44.12373],[-77.25078,44.18882],[-77.20332,44.17539],[-77.05869,44.20508],[-77.02046,44.19692],[-77.03311,44.15644],[-77.01001,44.15288],[-76.95107,44.18623],[-76.91309,44.19775],[-76.89605,44.18755],[-77.02095,44.13311],[-77.06226,44.09116],[-77.04131,44.07109],[-76.9915,44.07412],[-76.78701,44.18223],[-76.6877,44.21797],[-76.40781,44.26245],[-76.34072,44.29473],[-76.05723,44.3666],[-75.9416,44.41079],[-75.8314,44.48999],[-75.78657,44.48433],[-75.77568,44.45889]],[[-76.63955,44.1814],[-76.64263,44.19927],[-76.76069,44.17217],[-76.80947,44.13989],[-76.73105,44.12671],[-76.68755,44.1375],[-76.63955,44.1814]],[[-76.27666,43.98706],[-76.26201,43.99014],[-76.23057,44.02852],[-76.25981,44.02241],[-76.27666,43.98706]],[[-76.22705,44.2541],[-76.43047,44.22681],[-76.48335,44.17852],[-76.48452,44.12778],[-76.4227,44.12153],[-76.36489,44.15635],[-76.32959,44.20781],[-76.23696,44.23262],[-76.22705,44.2541]],[[-76.07544,44.30576],[-76.11914,44.30586],[-76.15029,44.28106],[-76.14272,44.26924],[-76.11123,44.2773],[-76.07544,44.30576]]]}},{"type":"Feature","properties":{"name":"Great Bear Lake","name_en":"Great Bear"},"geometry":{"type":"Polygon","coordinates":[[[-117.84248,66.42368],[-117.54209,66.48281],[-117.5144,66.46025],[-117.67441,66.33608],[-117.67993,66.25322],[-117.98662,66.10537],[-117.97095,66.08374],[-117.90718,66.0665],[-117.92402,66.0436],[-118.07256,66.03594],[-118.11602,66.01084],[-118.13359,65.96216],[-118.19907,65.90523],[-118.20918,65.85635],[-118.15698,65.8314],[-117.84629,65.84019],[-117.90093,65.80005],[-117.90269,65.76353],[-117.94331,65.72266],[-118.03359,65.69321],[-118.26435,65.66953],[-118.37866,65.66372],[-118.38652,65.67983],[-118.45337,65.68335],[-118.56894,65.64395],[-118.71465,65.69375],[-118.83442,65.75488],[-118.94365,65.78403],[-119.27622,65.796],[-119.61914,65.78232],[-119.70479,65.75151],[-119.69795,65.71362],[-119.97383,65.61724],[-119.98784,65.58618],[-119.54053,65.40786],[-119.50859,65.36758],[-119.55644,65.34429],[-119.88501,65.32485],[-120.15913,65.17568],[-121.07266,64.89956],[-121.23013,64.82651],[-121.3668,64.83359],[-121.47148,64.87949],[-121.48003,64.93345],[-121.39741,64.9686],[-121.08892,65.004],[-121.00283,65.03828],[-120.99111,65.08208],[-120.55044,65.28936],[-120.40581,65.41138],[-120.36772,65.50884],[-120.38335,65.55718],[-120.46558,65.58481],[-120.66348,65.60518],[-120.97783,65.55283],[-121.36753,65.43472],[-121.54795,65.36382],[-121.54595,65.34233],[-121.60566,65.22871],[-121.61519,65.09321],[-122.03994,64.96133],[-122.89126,65.06821],[-123.4459,65.11606],[-123.47197,65.15176],[-123.44394,65.18457],[-122.85259,65.27813],[-122.76655,65.34248],[-122.76924,65.40855],[-122.8873,65.48701],[-122.78569,65.5314],[-122.37412,65.65659],[-122.20581,65.75259],[-122.16357,65.81748],[-122.53076,65.94365],[-122.54883,65.98618],[-122.38745,66.00703],[-121.77197,65.94814],[-121.47495,65.95693],[-121.29341,66.00137],[-121.24917,66.0542],[-121.27822,66.09204],[-121.53267,66.12231],[-121.69526,66.17822],[-122.11035,66.23428],[-123.01567,66.25522],[-123.01982,66.22075],[-122.99263,66.17295],[-123.09194,66.10015],[-123.11611,66.05371],[-123.1541,66.06406],[-123.1978,66.10366],[-123.39619,66.13535],[-123.76953,66.12549],[-124.05073,66.13022],[-124.26084,66.15732],[-124.49936,66.15308],[-124.59019,66.10962],[-124.57378,66.05566],[-124.59014,66.01567],[-124.64238,66.00669],[-124.73213,66.03979],[-124.78516,65.99512],[-124.81675,65.94126],[-124.898,65.96616],[-124.96294,66.01016],[-125.02036,66.05718],[-125.09048,66.15727],[-125.06284,66.24775],[-124.80625,66.27954],[-124.52519,66.27617],[-124.40444,66.30903],[-123.55957,66.42749],[-123.17681,66.51694],[-123.14639,66.51143],[-123.14336,66.48281],[-123.08818,66.47339],[-122.84439,66.53291],[-122.52876,66.56006],[-122.52261,66.59941],[-122.34429,66.5835],[-121.98042,66.63618],[-121.52832,66.71914],[-121.2334,66.83247],[-119.87754,67.02944],[-119.75527,66.99038],[-119.44331,66.96597],[-119.09697,66.90913],[-119.25244,66.82905],[-119.56787,66.74575],[-119.76206,66.69648],[-120.08447,66.6541],[-120.12954,66.60044],[-120.33027,66.53731],[-120.34004,66.527],[-120.31372,66.49287],[-120.3251,66.47017],[-120.41108,66.45586],[-120.47788,66.42183],[-120.44536,66.39512],[-120.01645,66.38013],[-119.96196,66.35552],[-119.72236,66.31138],[-119.59248,66.30737],[-119.52119,66.31641],[-119.48945,66.33809],[-118.75576,66.3313],[-118.33726,66.39858],[-118.1917,66.51538],[-118.0041,66.60132],[-117.72617,66.65947],[-117.69648,66.65845],[-117.6832,66.64185],[-117.69873,66.62134],[-117.69097,66.5958],[-117.73379,66.55102],[-117.84121,66.48701],[-117.86445,66.46079],[-117.86206,66.43823],[-117.84248,66.42368]]]}},{"type":"Feature","properties":{"name":"Lake Saint Clair","name_en":"Saint Clair","admin":"admin-0"},"geometry":{"type":"Polygon","coordinates":[[[-83.10483,42.28643],[-83.06338,42.32266],[-82.902,42.39399],[-82.87012,42.51899],[-82.84097,42.56811],[-82.796,42.58911],[-82.78379,42.61274],[-82.80444,42.63892],[-82.78735,42.66455],[-82.73262,42.68955],[-82.6499,42.68657],[-82.63281,42.66103],[-82.62998,42.59453],[-82.64512,42.55806],[-82.61304,42.52461],[-82.43213,42.4978],[-82.41846,42.47227],[-82.41353,42.41108],[-82.42798,42.3667],[-82.51572,42.32178],[-82.5895,42.31455],[-82.86733,42.33525],[-82.97061,42.32676],[-83.07646,42.27549],[-83.10483,42.28643]]]}},{"type":"Feature","properties":{"name":"Lake Okeechobee","name_en":"Okeechobee"},"geometry":{"type":"Polygon","coordinates":[[[-80.62876,26.88706],[-80.74263,26.69727],[-80.78408,26.69087],[-80.89561,26.7522],[-80.97925,26.85552],[-81.07124,26.91738],[-81.08081,26.95566],[-80.87026,27.14707],[-80.80327,27.18218],[-80.75859,27.18218],[-80.6707,27.08657],[-80.62144,26.94927],[-80.62876,26.88706]]]}},{"type":"Feature","properties":{"name":"Cedar Lake","name_en":"Cedar"},"geometry":{"type":"Polygon","coordinates":[[[-99.33027,53.15942],[-99.38857,53.13057],[-99.40288,53.07393],[-99.45869,53.05273],[-99.53882,53.06738],[-99.53823,53.09692],[-99.63818,53.18814],[-99.65684,53.14453],[-99.79756,53.13701],[-99.87554,53.10239],[-99.97173,53.0977],[-100.20039,53.15181],[-100.41221,53.26992],[-100.84238,53.42627],[-100.89121,53.47065],[-100.85464,53.50122],[-100.60356,53.4978],[-100.59238,53.51885],[-100.63359,53.5686],[-100.32251,53.59253],[-100.32363,53.66895],[-100.38311,53.75801],[-100.43169,53.79004],[-100.41328,53.82227],[-100.32998,53.8645],[-100.34722,53.898],[-100.47393,53.89561],[-100.50625,53.91685],[-100.48335,53.94961],[-100.33101,53.95815],[-100.30273,53.97329],[-100.30601,54.09829],[-100.35127,54.17715],[-100.3499,54.21475],[-100.24394,54.21055],[-100.16309,54.25239],[-100.12188,54.24595],[-99.99434,54.19233],[-99.86914,54.18574],[-100.22647,54.01455],[-100.10518,53.97148],[-100.09419,53.94141],[-100.14014,53.88311],[-100.15068,53.86074],[-100.14062,53.84619],[-100.06011,53.84663],[-99.96299,53.87573],[-99.66011,54.03403],[-99.61675,54.04336],[-99.6019,54.01074],[-99.77559,53.83506],[-99.90845,53.82671],[-99.92617,53.7605],[-100.07564,53.69438],[-100.17017,53.67944],[-100.20064,53.66411],[-100.21943,53.63188],[-100.0187,53.53276],[-99.97642,53.49106],[-99.92896,53.40732],[-99.9479,53.35474],[-99.94048,53.33203],[-99.89356,53.25478],[-99.83916,53.24497],[-99.69268,53.29868],[-99.4375,53.33687],[-99.41079,53.31123],[-99.40479,53.25669],[-99.33027,53.15942]]]}},{"type":"Feature","properties":{"name":"Great Salt Lake","name_en":"Great Salt"},"geometry":{"type":"Polygon","coordinates":[[[-111.95112,40.96802],[-111.9606,40.9415],[-112.09707,40.88086],[-112.18994,40.76899],[-112.33208,40.69888],[-112.36997,40.70078],[-112.43574,40.81558],[-112.47803,40.94336],[-112.5083,40.91875],[-112.54624,40.83916],[-112.58032,40.84863],[-112.63198,40.92734],[-112.72842,41.01899],[-112.81377,41.22373],[-112.96128,41.37739],[-112.99717,41.48926],[-112.99673,41.57617],[-113.01435,41.59722],[-112.84434,41.65713],[-112.74199,41.65908],[-112.70732,41.60293],[-112.73765,41.53657],[-112.70752,41.49614],[-112.60395,41.43149],[-112.52725,41.42095],[-112.48901,41.30859],[-112.43711,41.2188],[-112.39004,41.22261],[-112.36616,41.24849],[-112.4022,41.43232],[-112.37354,41.45723],[-112.24297,41.39253],[-112.06445,41.3999],[-112.07622,41.34702],[-112.11411,41.33564],[-112.24111,41.34517],[-112.28657,41.3167],[-112.30361,41.28262],[-112.08286,41.06499],[-111.97388,41.00215],[-111.95112,40.96802]],[[-112.15571,40.95557],[-112.19814,41.05606],[-112.23613,41.06943],[-112.26289,41.05825],[-112.24951,40.96445],[-112.17134,40.87519],[-112.15571,40.95557]]]}},{"type":"Feature","properties":{"name":"Lake Michigan","name_en":"Michigan","admin":"admin-0"},"geometry":{"type":"Polygon","coordinates":[[[-84.77197,45.79478],[-84.80596,45.77505],[-84.9814,45.76704],[-84.95547,45.74341],[-84.97749,45.70654],[-85.04736,45.6564],[-85.08779,45.60527],[-85.09873,45.55313],[-85.08769,45.50688],[-85.05469,45.46665],[-84.92983,45.4126],[-84.96714,45.39268],[-85.22285,45.35615],[-85.37568,45.27695],[-85.39145,45.2438],[-85.38901,45.03276],[-85.48472,44.84033],[-85.54936,44.77188],[-85.56148,44.78125],[-85.55093,44.81465],[-85.49712,44.92383],[-85.49409,44.99443],[-85.51265,44.99678],[-85.53389,44.97559],[-85.55776,44.93096],[-85.55933,44.87266],[-85.59326,44.81567],[-85.62251,44.80396],[-85.64722,44.8375],[-85.64531,44.88164],[-85.60469,44.96992],[-85.61924,44.98706],[-85.58525,45.08198],[-85.59741,45.12334],[-85.58774,45.16133],[-85.5562,45.196],[-85.56587,45.20654],[-85.6166,45.19292],[-85.78413,45.01216],[-85.85781,44.96152],[-85.9105,44.97632],[-85.95293,44.96665],[-86.01992,44.91572],[-86.05767,44.91636],[-86.08047,44.87588],[-86.08843,44.79424],[-86.12583,44.74775],[-86.23701,44.72022],[-86.25874,44.69902],[-86.24219,44.55132],[-86.25908,44.43359],[-86.2959,44.33062],[-86.41543,44.16948],[-86.51919,44.07373],[-86.44863,43.92397],[-86.43804,43.81274],[-86.54214,43.6373],[-86.43501,43.40713],[-86.32915,43.22412],[-86.24849,43.02881],[-86.22153,42.90044],[-86.23271,42.65],[-86.29956,42.41763],[-86.40737,42.22373],[-86.63247,41.91133],[-86.69155,41.85337],[-86.79819,41.78852],[-87.07261,41.66948],[-87.15869,41.64639],[-87.35625,41.64326],[-87.4125,41.65649],[-87.425,41.67856],[-87.47695,41.69546],[-87.55659,41.76597],[-87.69463,42.08438],[-87.73252,42.11152],[-87.79746,42.21143],[-87.81196,42.54297],[-87.7814,42.75342],[-87.78706,42.80918],[-87.8187,42.8477],[-87.84556,42.95308],[-87.88774,43.01245],[-87.87886,43.10312],[-87.89609,43.1374],[-87.90166,43.24492],[-87.88071,43.34702],[-87.82393,43.44302],[-87.80088,43.53809],[-87.69971,43.72373],[-87.72939,43.85117],[-87.70015,43.97661],[-87.6585,44.05903],[-87.60342,44.12495],[-87.53491,44.17427],[-87.5125,44.23027],[-87.53613,44.29297],[-87.52744,44.38569],[-87.48652,44.50859],[-87.35605,44.72036],[-87.33731,44.77583],[-87.34561,44.80063],[-87.41958,44.86563],[-87.48018,44.87412],[-87.60439,44.84687],[-87.67661,44.79028],[-87.74092,44.69204],[-87.78755,44.65156],[-87.89824,44.59336],[-87.929,44.55947],[-87.96924,44.552],[-88.01875,44.57114],[-88.02827,44.61792],[-87.95156,44.76372],[-87.85679,44.88037],[-87.83027,44.94248],[-87.6832,44.99263],[-87.627,45.03227],[-87.59282,45.17783],[-87.39878,45.36465],[-87.15376,45.67676],[-87.11416,45.69248],[-87.03926,45.84458],[-86.98232,45.91728],[-86.97109,45.90498],[-86.99277,45.78965],[-86.97422,45.72315],[-86.93789,45.70024],[-86.88389,45.72095],[-86.83745,45.76479],[-86.79854,45.83179],[-86.75361,45.85947],[-86.66065,45.85229],[-86.56333,45.88252],[-86.55151,45.85708],[-86.55928,45.8063],[-86.57954,45.78184],[-86.61226,45.78364],[-86.64951,45.75684],[-86.69141,45.70142],[-86.6897,45.65732],[-86.62197,45.62275],[-86.62236,45.652],[-86.60117,45.68164],[-86.52749,45.75317],[-86.35132,45.83096],[-86.33809,45.86572],[-86.27178,45.93667],[-86.12295,45.96894],[-85.91372,45.94116],[-85.90288,45.96421],[-85.70781,45.9876],[-85.6148,46.02046],[-85.55508,46.07817],[-85.47881,46.10757],[-85.38594,46.10864],[-85.10063,46.04619],[-84.97183,45.98897],[-84.80186,45.87436],[-84.75693,45.86279],[-84.77197,45.79478]],[[-85.53853,45.77539],[-85.57285,45.73789],[-85.60771,45.65606],[-85.61206,45.60928],[-85.58594,45.59751],[-85.50908,45.62446],[-85.49233,45.66289],[-85.49233,45.7602],[-85.53853,45.77539]],[[-86.05957,45.14683],[-86.01577,45.08916],[-85.97622,45.10215],[-85.99849,45.15015],[-86.05957,45.14683]],[[-86.93799,45.42559],[-86.9667,45.36831],[-86.94688,45.3457],[-86.86186,45.35225],[-86.86186,45.40859],[-86.93799,45.42559]],[[-87.08813,45.27915],[-87.12202,45.22451],[-87.16641,45.1895],[-87.22114,45.17397],[-87.25879,45.13799],[-87.31553,45.0311],[-87.39648,44.95415],[-87.39824,44.90293],[-87.35459,44.83882],[-87.31582,44.82656],[-87.28027,44.83486],[-87.18809,44.92197],[-87.17856,44.9834],[-87.14136,45.04067],[-87.05894,45.10244],[-87.08418,45.15396],[-87.05688,45.15054],[-87.05356,45.21792],[-87.0415,45.23667],[-87.01035,45.22817],[-86.99189,45.24102],[-86.98594,45.27519],[-87.00503,45.2958],[-87.04912,45.30288],[-87.08813,45.27915]]]}},{"type":"Feature","properties":{"name":"Lake Superior","name_en":"Superior","admin":"admin-0"},"geometry":{"type":"Polygon","coordinates":[[[-84.34395,46.53115],[-84.35801,46.50469],[-84.42417,46.49067],[-84.52837,46.43608],[-84.5915,46.44311],[-84.63486,46.48228],[-84.69731,46.49072],[-84.77881,46.46836],[-84.85117,46.46948],[-84.91431,46.49399],[-85.03433,46.50576],[-85.04863,46.52388],[-85.01675,46.61094],[-85.0145,46.68648],[-84.99819,46.7397],[-84.96792,46.7707],[-85.01465,46.7835],[-85.13843,46.77803],[-85.4415,46.70664],[-85.61611,46.69058],[-85.80449,46.70425],[-86.13203,46.68682],[-86.40269,46.58774],[-86.6375,46.45298],[-86.73291,46.49014],[-86.79038,46.49082],[-86.85147,46.47022],[-86.91362,46.4833],[-86.97676,46.53008],[-87.03413,46.54321],[-87.17065,46.51353],[-87.3581,46.52441],[-87.39448,46.59009],[-87.50947,46.68345],[-87.6375,46.82651],[-87.77759,46.88789],[-88.21626,46.95156],[-88.38301,46.87432],[-88.44912,46.80151],[-88.47607,46.83672],[-88.45586,46.96284],[-88.46602,47.01255],[-88.5044,47.03545],[-88.52085,47.06309],[-88.51543,47.09551],[-88.54326,47.12158],[-88.60439,47.14126],[-88.63272,47.16689],[-88.63413,47.22031],[-88.65049,47.23198],[-88.82964,47.14585],[-88.9481,47.04297],[-89.00913,47.01572],[-89.15479,46.98862],[-89.35498,46.88193],[-89.69512,46.83857],[-89.8606,46.79277],[-89.99326,46.71792],[-90.15356,46.65449],[-90.46885,46.58413],[-90.53613,46.59936],[-90.73682,46.68887],[-90.75435,46.68355],[-90.74756,46.66186],[-90.76997,46.64541],[-90.923,46.60308],[-90.94351,46.61899],[-90.88643,46.67749],[-90.86392,46.7208],[-90.86533,46.76069],[-90.76836,46.90801],[-90.83994,46.96245],[-90.94604,46.95376],[-91.12725,46.86768],[-91.21763,46.88564],[-91.35698,46.81074],[-91.49907,46.76611],[-91.83564,46.7021],[-91.98731,46.69897],[-92.10703,46.76187],[-92.10425,46.7894],[-92.06455,46.81885],[-91.64517,47.05005],[-91.38628,47.21475],[-90.95713,47.52373],[-90.84673,47.58525],[-90.59746,47.68774],[-90.19727,47.78643],[-89.82876,47.90088],[-89.67207,47.97871],[-89.54746,48.01294],[-89.43848,48.09878],[-89.34541,48.12114],[-89.22148,48.31074],[-89.225,48.41758],[-89.20073,48.45083],[-89.08643,48.49766],[-88.77456,48.58306],[-88.76377,48.57236],[-88.81826,48.50644],[-88.87642,48.38149],[-88.91567,48.36274],[-88.93272,48.3354],[-88.73438,48.38408],[-88.70571,48.47612],[-88.68315,48.51011],[-88.6541,48.51655],[-88.62529,48.59873],[-88.6021,48.62993],[-88.54961,48.65815],[-88.53516,48.78569],[-88.50264,48.83306],[-88.39531,48.84487],[-88.35244,48.8208],[-88.32285,48.73848],[-88.33359,48.70908],[-88.3938,48.65581],[-88.5665,48.52803],[-88.58452,48.49243],[-88.55938,48.44683],[-88.50093,48.46699],[-88.47583,48.53066],[-88.44351,48.56025],[-88.36875,48.5624],[-88.32549,48.58447],[-88.2331,48.59697],[-88.13843,48.68286],[-88.10918,48.73291],[-88.10879,48.77598],[-88.14722,48.82075],[-88.22432,48.86714],[-88.26357,48.97368],[-88.06982,49.00142],[-88.02251,48.99868],[-87.96563,48.95869],[-87.56777,48.87124],[-87.552,48.84834],[-87.51729,48.83857],[-87.40708,48.83481],[-87.22363,48.77578],[-87.00854,48.78882],[-86.81987,48.77256],[-86.69253,48.80791],[-86.58096,48.75303],[-86.43242,48.75815],[-86.28257,48.59795],[-86.21553,48.42295],[-86.19136,48.40557],[-86.15894,48.30396],[-86.10415,48.2103],[-86.02241,48.1188],[-85.91362,48.02954],[-85.77769,47.97017],[-85.6146,47.94072],[-85.46953,47.93408],[-85.17383,47.95898],[-84.85474,47.94995],[-84.84727,47.92803],[-84.91519,47.85513],[-84.92246,47.79258],[-84.9811,47.71763],[-84.98584,47.67173],[-85.01426,47.63877],[-84.99761,47.59477],[-84.93584,47.53984],[-84.71563,47.42666],[-84.69331,47.39048],[-84.61646,47.35024],[-84.59434,47.32021],[-84.61826,47.26719],[-84.71953,47.14209],[-84.71231,47.11987],[-84.77168,47.03672],[-84.77515,47.004],[-84.6249,46.92236],[-84.60034,46.91841],[-84.54458,46.9457],[-84.48799,46.94404],[-84.38501,46.90576],[-84.36743,46.87998],[-84.38203,46.85332],[-84.48457,46.84766],[-84.52773,46.83398],[-84.55347,46.80557],[-84.56104,46.72978],[-84.53994,46.69731],[-84.48809,46.74351],[-84.46401,46.74692],[-84.43814,46.72305],[-84.46597,46.67407],[-84.56856,46.57666],[-84.56846,46.54331],[-84.50054,46.48325],[-84.43242,46.52207],[-84.34395,46.53115]],[[-90.76597,46.95083],[-90.72275,46.92012],[-90.70796,46.92734],[-90.73809,46.96157],[-90.76597,46.95083]],[[-90.58887,46.85542],[-90.61914,46.86997],[-90.7523,46.81362],[-90.7916,46.77231],[-90.71055,46.78335],[-90.58887,46.85542]],[[-90.53481,46.9543],[-90.65044,46.93677],[-90.65181,46.92227],[-90.54668,46.91929],[-90.53481,46.9543]],[[-90.40972,47.06367],[-90.44736,47.06616],[-90.47173,47.01753],[-90.42666,47.02588],[-90.40972,47.06367]],[[-88.08657,48.80801],[-88.07568,48.74063],[-88.05669,48.7167],[-88.03091,48.71753],[-87.99844,48.74321],[-87.94121,48.75684],[-87.81631,48.76787],[-87.81235,48.78535],[-87.77021,48.81094],[-87.76514,48.84111],[-87.81343,48.85903],[-87.99614,48.85723],[-88.05674,48.83677],[-88.08657,48.80801]],[[-88.62476,48.04204],[-88.59307,48.07197],[-88.5813,48.11074],[-88.48486,48.16743],[-88.58828,48.1585],[-89.14663,47.95264],[-89.2001,47.91709],[-89.16909,47.91709],[-89.19917,47.87227],[-89.19522,47.85181],[-89.15679,47.84077],[-89.08164,47.85059],[-88.96987,47.88125],[-88.92373,47.90454],[-88.96011,47.90947],[-88.95518,47.92603],[-88.62476,48.04204]],[[-87.74102,47.43364],[-87.79346,47.46728],[-87.87793,47.48418],[-87.99429,47.48423],[-88.1102,47.47251],[-88.32031,47.42109],[-88.39434,47.38872],[-88.56196,47.27217],[-88.60889,47.21719],[-88.61572,47.17417],[-88.57373,47.14331],[-88.43408,47.12231],[-88.42705,47.13657],[-88.45381,47.15185],[-88.41675,47.19145],[-88.40908,47.13144],[-88.46846,47.07725],[-88.46865,47.04761],[-88.43906,47.01074],[-88.40225,47.01929],[-88.3582,47.07339],[-88.23677,47.15894],[-88.22187,47.2106],[-87.9749,47.35493],[-88.02065,47.39238],[-87.79048,47.41143],[-87.74102,47.43364]],[[-87.62168,48.75688],[-87.66699,48.82144],[-87.7021,48.84141],[-87.74819,48.83467],[-87.72993,48.77842],[-87.7437,48.76416],[-87.73047,48.75469],[-87.62168,48.75688]],[[-85.59609,47.75708],[-85.64111,47.78179],[-85.76514,47.80674],[-85.88272,47.79102],[-85.95073,47.74731],[-85.94219,47.73374],[-85.85859,47.71909],[-85.66602,47.73335],[-85.60586,47.74214],[-85.59609,47.75708]]]}},{"type":"Feature","properties":{"name":"Lake Huron","name_en":"Huron","admin":"admin-0"},"geometry":{"type":"Polygon","coordinates":[[[-84.34395,46.53115],[-84.16538,46.5626],[-84.08711,46.50698],[-84.10879,46.39321],[-84.09185,46.36084],[-83.88174,46.33291],[-83.84273,46.30195],[-83.66065,46.28984],[-83.45913,46.23765],[-83.02549,46.1813],[-82.71914,46.20713],[-82.63814,46.17241],[-82.35005,46.19326],[-82.31772,46.16294],[-82.196,46.13394],[-81.76929,46.10444],[-81.76519,46.05791],[-81.61533,46.11939],[-81.54453,46.09038],[-81.54165,46.07466],[-81.64023,46.04004],[-81.62383,46.0167],[-81.59727,46.01191],[-81.59497,45.99639],[-81.62705,45.97803],[-81.59673,45.96655],[-81.44941,45.99443],[-81.23682,45.97412],[-81.17368,46.01606],[-81.15752,45.9917],[-81.16025,45.95488],[-81.09702,45.9416],[-80.81777,45.95103],[-80.71338,45.8585],[-80.69644,45.81592],[-80.65615,45.79023],[-80.59268,45.68203],[-80.51992,45.62256],[-80.51069,45.58975],[-80.48555,45.57695],[-80.44429,45.58413],[-80.42705,45.5978],[-80.42949,45.62524],[-80.41401,45.61987],[-80.38853,45.57358],[-80.38486,45.4584],[-80.34961,45.39927],[-80.2707,45.36016],[-80.1773,45.34385],[-80.17612,45.39658],[-80.09165,45.39336],[-80.05708,45.37456],[-80.04111,45.34238],[-80.04971,45.30112],[-80.11147,45.25923],[-80.12109,45.22334],[-80.10757,45.20098],[-80.04936,45.20405],[-80.00649,45.15327],[-80.02266,45.13613],[-80.08335,45.12642],[-80.08594,45.10938],[-79.97187,45.02217],[-79.94609,45.01719],[-79.92891,44.97436],[-79.90239,44.95654],[-79.82837,44.93633],[-79.77158,44.81934],[-79.74961,44.81548],[-79.73276,44.83203],[-79.73247,44.86294],[-79.69595,44.87515],[-79.70859,44.79116],[-79.67793,44.76895],[-79.82695,44.76802],[-79.89131,44.80938],[-79.92495,44.81289],[-79.92959,44.86299],[-79.99678,44.85571],[-80.1082,44.80679],[-80.10791,44.77549],[-80.02114,44.70952],[-79.99746,44.65234],[-80.00781,44.57168],[-80.03696,44.51738],[-80.08481,44.48936],[-80.22598,44.50952],[-80.46025,44.57778],[-80.59287,44.63853],[-80.64951,44.72129],[-80.67017,44.727],[-80.78984,44.70029],[-80.90967,44.61758],[-80.92539,44.63286],[-80.89536,44.78096],[-80.96348,44.80898],[-81.13018,44.76968],[-81.00635,44.87617],[-81.00596,44.90693],[-80.96626,44.95864],[-80.97275,44.96963],[-81.03203,44.95693],[-81.07402,44.91377],[-81.13359,44.91787],[-81.125,44.95254],[-81.13794,44.96807],[-81.17998,44.97436],[-81.19331,45.00264],[-81.25952,45.02832],[-81.26416,45.08135],[-81.31255,45.15625],[-81.31582,45.18867],[-81.28521,45.24126],[-81.59536,45.26196],[-81.69736,45.25122],[-81.70606,45.22349],[-81.59033,45.16587],[-81.45117,45.01499],[-81.41548,44.98735],[-81.35523,44.97754],[-81.35835,44.91103],[-81.27817,44.78994],[-81.27773,44.6437],[-81.29751,44.59668],[-81.4022,44.4606],[-81.56494,44.35967],[-81.60894,44.25254],[-81.70811,44.13071],[-81.73198,44.0604],[-81.71836,43.98159],[-81.71279,43.47407],[-81.7394,43.39155],[-81.78452,43.32686],[-81.91138,43.2456],[-81.97412,43.22344],[-82.08809,43.13267],[-82.18106,43.08511],[-82.41724,43.01738],[-82.46128,43.08101],[-82.66333,43.8542],[-82.71611,43.93901],[-82.78774,44.00352],[-82.87822,44.04775],[-82.94722,44.06699],[-82.99463,44.06108],[-83.06948,44.02505],[-83.2666,43.97285],[-83.33813,43.92891],[-83.38257,43.92407],[-83.35308,43.90635],[-83.35298,43.87935],[-83.4689,43.73091],[-83.5731,43.69712],[-83.62158,43.63647],[-83.66787,43.621],[-83.848,43.66362],[-83.91567,43.70059],[-83.93828,43.73755],[-83.92158,43.87549],[-83.87881,43.96255],[-83.82144,43.99346],[-83.6915,44.01445],[-83.68281,44.03501],[-83.61396,44.05825],[-83.5125,44.27075],[-83.4874,44.28057],[-83.46279,44.26494],[-83.36621,44.33003],[-83.33057,44.3751],[-83.31929,44.55649],[-83.29424,44.68335],[-83.29956,44.7852],[-83.32778,44.86924],[-83.43618,44.96143],[-83.45156,44.99199],[-83.42593,45.05894],[-83.37783,45.0669],[-83.27871,45.04678],[-83.31611,45.09316],[-83.3311,45.16421],[-83.39619,45.22139],[-83.39727,45.27358],[-83.47852,45.33882],[-83.86875,45.45649],[-83.91826,45.48628],[-84.0728,45.50913],[-84.12773,45.53247],[-84.18926,45.61113],[-84.24228,45.64443],[-84.44141,45.67627],[-84.7626,45.79238],[-84.75693,45.86279],[-84.71333,45.87051],[-84.7249,45.95752],[-84.67466,46.0333],[-84.63154,46.05264],[-84.5499,46.02925],[-84.52129,45.99458],[-84.34092,45.99981],[-83.97881,45.96152],[-83.90098,45.98086],[-83.89414,46.00132],[-83.91743,46.0207],[-84.04077,46.08818],[-84.04839,46.11353],[-84.03472,46.1374],[-84.05488,46.15894],[-84.10884,46.17817],[-84.22705,46.18364],[-84.24795,46.20303],[-84.20366,46.24697],[-84.22905,46.36582],[-84.32744,46.49146],[-84.35801,46.50469],[-84.34395,46.53115]],[[-83.39229,45.98823],[-83.46665,45.93603],[-83.47998,45.90674],[-83.45332,45.88428],[-83.38657,45.86856],[-83.33198,45.88037],[-83.26919,45.94658],[-83.29639,45.97666],[-83.34526,45.99277],[-83.39229,45.98823]],[[-83.58008,46.08008],[-83.68389,46.10625],[-83.69941,46.0956],[-83.68325,46.05723],[-83.71479,46.0375],[-83.82026,46.00498],[-83.87109,46.01738],[-83.87515,45.99126],[-83.82324,45.95566],[-83.73076,45.94297],[-83.58828,45.94111],[-83.51802,45.95786],[-83.49375,45.99082],[-83.50347,46.01313],[-83.58008,46.08008]],[[-83.82895,46.14766],[-83.79458,46.21431],[-83.82212,46.25347],[-83.89106,46.28418],[-84.06113,46.30977],[-84.09702,46.2876],[-84.03877,46.17705],[-83.97861,46.10942],[-83.90684,46.09722],[-83.87593,46.1479],[-83.82895,46.14766]],[[-84.18814,46.32349],[-84.18491,46.27944],[-84.13486,46.24043],[-84.12065,46.2459],[-84.11958,46.28501],[-84.1373,46.30625],[-84.18814,46.32349]],[[-84.13272,46.34067],[-84.16357,46.41001],[-84.14243,46.53091],[-84.21553,46.53608],[-84.27417,46.4875],[-84.18896,46.36006],[-84.13272,46.34067]],[[-84.55718,45.82046],[-84.56309,45.80386],[-84.44121,45.73447],[-84.39014,45.74658],[-84.37476,45.76538],[-84.38027,45.78769],[-84.41675,45.81431],[-84.55718,45.82046]],[[-82.93667,45.81099],[-82.73579,45.79673],[-82.62598,45.77217],[-82.25606,45.66011],[-82.20806,45.62749],[-82.09111,45.59087],[-82.05527,45.56133],[-81.82114,45.69155],[-81.75977,45.69756],[-81.8645,45.6106],[-81.92246,45.60371],[-81.97671,45.56987],[-81.88125,45.5355],[-81.82808,45.54668],[-81.75474,45.59111],[-81.68574,45.65669],[-81.59302,45.7917],[-81.68506,45.80137],[-81.69858,45.81484],[-81.66484,45.87192],[-81.67476,45.89648],[-81.69819,45.89375],[-81.73506,45.86367],[-81.80376,45.74321],[-81.83843,45.78843],[-81.82822,45.86216],[-81.84058,45.8854],[-81.879,45.89248],[-81.90933,45.96177],[-81.93887,45.97925],[-82.05459,45.95498],[-82.1064,45.91909],[-82.14258,45.86943],[-82.17534,45.87114],[-82.20459,45.92422],[-82.23555,45.9458],[-82.26836,45.93594],[-82.28799,45.94517],[-82.29453,45.97344],[-82.33203,45.98198],[-82.40063,45.97085],[-82.46265,45.93389],[-82.52725,45.93862],[-82.58047,45.89551],[-82.56001,45.85962],[-82.52041,45.84893],[-82.5314,45.80576],[-82.66025,45.85967],[-82.7646,45.85815],[-82.79346,45.89756],[-82.82295,45.90981],[-82.821,45.97656],[-82.84521,45.99043],[-82.96548,45.94521],[-83.0354,45.95742],[-83.09731,45.93506],[-83.17617,45.9689],[-83.21582,45.93267],[-83.22183,45.90215],[-83.16006,45.87519],[-82.96226,45.83345],[-82.93667,45.81099]],[[-81.7126,45.52632],[-81.82881,45.49766],[-81.83286,45.47251],[-81.78809,45.46582],[-81.72729,45.50049],[-81.7126,45.52632]],[[-80.17305,44.79624],[-80.15767,44.8479],[-80.17144,44.86484],[-80.23628,44.8645],[-80.21572,44.82266],[-80.17305,44.79624]]]}},{"type":"Feature","properties":{"name":"Lago Madre","name_en":"Laguna Madre"},"geometry":{"type":"Polygon","coordinates":[[[-97.42681,25.35356],[-97.53731,25.08154],[-97.68711,24.47637],[-97.75781,23.91484],[-97.77549,24.08213],[-97.74097,24.39092],[-97.76826,24.43613],[-97.80469,24.44404],[-97.82832,24.47656],[-97.83315,24.51709],[-97.82417,24.54443],[-97.80034,24.546],[-97.72519,24.50127],[-97.68857,24.66348],[-97.70293,24.84453],[-97.64302,24.90767],[-97.65469,24.93711],[-97.72871,24.9937],[-97.69971,25.20078],[-97.70581,25.2251],[-97.75449,25.25727],[-97.65352,25.3648],[-97.61089,25.32583],[-97.54307,25.31152],[-97.50767,25.44736],[-97.47261,25.43994],[-97.43755,25.40596],[-97.42681,25.35356]]]}},{"type":"Feature","properties":{"name":"Wollaston Lake","name_en":"Wollaston"},"geometry":{"type":"Polygon","coordinates":[[[-102.86172,58.31758],[-102.91094,58.3227],[-102.94844,58.30552],[-103.00088,58.24302],[-102.93911,58.1981],[-102.94053,58.17344],[-103.05591,58.12427],[-103.10156,58.13379],[-103.2311,58.08076],[-103.25928,58.05332],[-103.28145,57.98408],[-103.28086,57.89683],[-103.26875,57.86958],[-103.21123,57.82808],[-103.26904,57.73784],[-103.32998,57.69722],[-103.36035,57.69458],[-103.3063,57.77847],[-103.31367,57.82788],[-103.35898,57.86138],[-103.46909,57.87666],[-103.55933,57.8687],[-103.72788,57.79648],[-103.8293,57.7791],[-103.83227,57.79365],[-103.79565,57.82339],[-103.6563,57.91934],[-103.67036,57.93857],[-103.77666,57.93242],[-103.80312,57.94687],[-103.67344,58.03735],[-103.68193,58.07793],[-103.70898,58.10161],[-103.70586,58.12744],[-103.65449,58.17305],[-103.61255,58.26743],[-103.61934,58.28267],[-103.66191,58.28364],[-103.6104,58.40854],[-103.5499,58.45513],[-103.49463,58.46226],[-103.38413,58.43159],[-103.23911,58.47158],[-103.22315,58.48472],[-103.22144,58.52456],[-103.18486,58.5522],[-103.14082,58.53291],[-102.95249,58.53252],[-102.92119,58.4772],[-102.80337,58.41157],[-102.79136,58.3813],[-102.86172,58.31758]]]}},{"type":"Feature","properties":{"name":"Lake Athabasca","name_en":"Athabasca"},"geometry":{"type":"Polygon","coordinates":[[[-109.27856,59.12715],[-109.88589,59.0063],[-110.07378,58.94873],[-110.27559,58.86016],[-110.40317,58.76821],[-110.44014,58.71602],[-110.43506,58.69927],[-110.36953,58.67573],[-110.37607,58.64448],[-110.41147,58.63066],[-110.67266,58.63037],[-110.74717,58.61372],[-110.81196,58.51245],[-110.83892,58.51089],[-110.87671,58.62856],[-110.90337,58.6314],[-110.99028,58.59385],[-111.03603,58.52241],[-111.07495,58.50478],[-111.10684,58.54683],[-111.09756,58.61553],[-111.26206,58.70293],[-111.29541,58.72944],[-111.30146,58.75557],[-111.28037,58.78848],[-111.14976,58.7749],[-111.16074,58.73892],[-111.1248,58.73511],[-111.01856,58.76411],[-110.87188,58.83731],[-110.61196,59.04121],[-110.4831,59.11016],[-109.87529,59.35664],[-109.777,59.41323],[-109.80073,59.44502],[-109.62251,59.54253],[-109.39805,59.59722],[-109.17246,59.58672],[-109.03594,59.4978],[-108.79536,59.50366],[-108.8627,59.40644],[-108.85674,59.38696],[-108.74844,59.38672],[-108.53784,59.43516],[-108.21924,59.47334],[-107.23892,59.34819],[-106.02134,59.29009],[-106.01821,59.27134],[-106.04229,59.25185],[-106.70972,59.26294],[-107.45249,59.30396],[-107.58882,59.29243],[-107.62588,59.33125],[-107.7082,59.33999],[-107.75723,59.31963],[-107.83672,59.21582],[-108.21123,59.16108],[-109.10327,59.09775],[-109.27856,59.12715]]]}},{"type":"Feature","properties":{"name":"Lake Mistassini","name_en":"Mistassini"},"geometry":{"type":"Polygon","coordinates":[[[-72.98779,51.10356],[-73.11377,50.99678],[-73.45933,50.79326],[-73.45796,50.81377],[-73.39434,50.89268],[-73.26152,50.97734],[-73.18867,51.06924],[-73.15127,51.06958],[-73.13154,51.09033],[-73.14336,51.14473],[-73.17295,51.15781],[-73.39624,50.99351],[-73.57295,50.8353],[-73.63081,50.82402],[-73.8001,50.59517],[-73.81738,50.49902],[-73.78789,50.38994],[-73.80737,50.3877],[-73.83184,50.41289],[-73.84316,50.40571],[-73.83706,50.34077],[-73.79951,50.23618],[-73.81768,50.21138],[-74.00786,50.12041],[-74.07568,50.04268],[-74.15171,50.03774],[-74.21953,50.05757],[-74.19971,50.07573],[-74.09805,50.09185],[-74.01279,50.17827],[-73.87886,50.21797],[-73.82764,50.24936],[-73.83589,50.27583],[-73.87959,50.29702],[-73.89878,50.35244],[-73.87773,50.3811],[-73.83862,50.63931],[-73.91567,50.54385],[-73.93164,50.45767],[-74.00239,50.47808],[-74.10547,50.39878],[-74.13188,50.40317],[-73.84526,50.88818],[-73.91138,50.89746],[-73.8919,50.98101],[-73.64145,51.07759],[-73.37827,51.24028],[-73.06694,51.39038],[-72.98589,51.39702],[-72.98438,51.37803],[-73.06719,51.31724],[-73.04048,51.30938],[-72.88999,51.354],[-72.79189,51.35312],[-72.85107,51.30479],[-73.06743,51.20601],[-73.0915,51.17842],[-73.07183,51.16025],[-73.04087,51.15449],[-72.81128,51.24409],[-72.72349,51.25435],[-72.69014,51.24063],[-72.98779,51.10356]]]}},{"type":"Feature","properties":{"name":"Lake of the Woods","name_en":"Woods"},"geometry":{"type":"Polygon","coordinates":[[[-94.04111,49.35835],[-94.04727,49.26802],[-94.06523,49.23838],[-94.11899,49.20635],[-94.12871,49.21045],[-94.10947,49.26343],[-94.18213,49.33032],[-94.22114,49.3936],[-94.27837,49.40732],[-94.2542,49.4709],[-94.36455,49.48345],[-94.64639,49.44492],[-94.74522,49.40903],[-94.79014,49.35332],[-94.77813,49.3397],[-94.64023,49.35356],[-94.60898,49.34482],[-94.5772,49.29785],[-94.46411,49.23198],[-94.3541,49.26602],[-94.30264,49.25259],[-94.27158,49.22715],[-94.26743,49.19424],[-94.23999,49.18115],[-94.07402,49.15537],[-94.19688,49.09575],[-94.26499,49.11406],[-94.30952,49.10361],[-94.32378,49.0709],[-94.53682,48.94512],[-94.71279,48.86343],[-94.81777,48.86782],[-95.00264,48.96431],[-95.17925,48.89668],[-95.27353,48.88618],[-95.31284,48.92808],[-95.31548,48.96997],[-95.26729,49.02896],[-95.27656,49.10532],[-95.26055,49.13706],[-95.19854,49.16645],[-94.98276,49.19531],[-94.93564,49.23984],[-94.94087,49.32104],[-95.00898,49.34199],[-95.01421,49.36821],[-94.94067,49.4001],[-94.82231,49.51162],[-94.69087,49.56103],[-94.64541,49.60308],[-94.65049,49.6207],[-94.74487,49.61621],[-94.91084,49.52637],[-95.10742,49.46338],[-95.13862,49.47187],[-95.11606,49.54263],[-95.15249,49.62241],[-95.09922,49.63926],[-95.0084,49.63545],[-94.96152,49.6207],[-94.97339,49.58418],[-94.92627,49.57603],[-94.84014,49.6126],[-94.87026,49.66269],[-94.823,49.69043],[-94.58823,49.72378],[-94.55977,49.76382],[-94.57583,49.80732],[-94.67817,49.95273],[-94.6145,49.99268],[-94.58804,49.98799],[-94.53853,49.93125],[-94.53003,49.85273],[-94.45098,49.73755],[-94.34619,49.72446],[-94.31216,49.68516],[-94.33232,49.63936],[-94.3144,49.59976],[-94.36836,49.56314],[-94.30166,49.51489],[-94.17334,49.49658],[-94.13433,49.44844],[-94.14438,49.42744],[-94.04111,49.35835]],[[-94.7874,49.19248],[-94.73149,49.0918],[-94.65689,49.08994],[-94.59351,49.03589],[-94.52827,49.04145],[-94.50586,49.11792],[-94.44624,49.17944],[-94.4481,49.20176],[-94.51523,49.21484],[-94.62148,49.19058],[-94.7874,49.19248]]]}},{"type":"Feature","properties":{"name":"Lake Nipigon","name_en":"Nipigon"},"geometry":{"type":"Polygon","coordinates":[[[-88.03047,49.96123],[-88.14453,49.91216],[-88.14331,49.89487],[-88.10806,49.86782],[-88.12949,49.78491],[-88.1124,49.71143],[-88.16567,49.58042],[-88.15859,49.50747],[-88.18027,49.46621],[-88.30488,49.45918],[-88.36831,49.43408],[-88.40601,49.38906],[-88.43872,49.39365],[-88.5416,49.54878],[-88.5627,49.46221],[-88.62183,49.42788],[-88.77295,49.45811],[-88.78594,49.48833],[-88.71035,49.58696],[-88.59019,49.60781],[-88.58731,49.62793],[-88.60747,49.64663],[-88.74419,49.63081],[-88.7856,49.56709],[-88.82319,49.53955],[-88.96006,49.50127],[-89.00034,49.52861],[-89.0186,49.56782],[-89.01641,49.58281],[-88.92021,49.55967],[-88.90742,49.57944],[-88.93032,49.75469],[-88.95571,49.75601],[-89.00752,49.71426],[-89.04541,49.72593],[-89.09209,49.77554],[-89.06924,49.82402],[-89.00444,49.78652],[-88.94941,49.80977],[-88.94507,49.87974],[-88.88848,49.93252],[-88.90464,50.02339],[-88.89321,50.05684],[-88.76938,50.21328],[-88.63911,50.277],[-88.55107,50.23911],[-88.46479,50.23765],[-88.31465,50.14795],[-88.27778,50.15933],[-88.28818,50.17798],[-88.41484,50.26533],[-88.42051,50.28916],[-88.3438,50.275],[-88.23184,50.21279],[-88.19922,50.18774],[-88.17051,50.13481],[-88.17222,50.11289],[-88.20449,50.11147],[-88.21538,50.0958],[-88.21763,50.02695],[-88.23472,49.99058],[-88.13257,50.0352],[-88.03325,49.97905],[-88.03047,49.96123]],[[-88.55435,50.03579],[-88.62974,50.04351],[-88.65439,49.94966],[-88.74824,49.86807],[-88.58818,49.80498],[-88.58975,49.83574],[-88.63589,49.91577],[-88.62515,49.95117],[-88.56665,49.99731],[-88.55435,50.03579]],[[-88.37446,49.6894],[-88.39292,49.69995],[-88.48901,49.66045],[-88.49033,49.61172],[-88.39946,49.61699],[-88.37446,49.6894]]]}},{"type":"Feature","properties":{"name":"Reindeer Lake","name_en":"Reindeer"},"geometry":{"type":"Polygon","coordinates":[[[-101.72427,57.90981],[-101.54429,57.92021],[-101.5334,57.87998],[-101.54341,57.81597],[-101.63013,57.75747],[-101.73467,57.64663],[-101.82837,57.57856],[-102.04775,57.48418],[-102.10615,57.4272],[-102.09385,57.36758],[-101.88774,57.30523],[-101.8356,57.27017],[-101.86416,57.25024],[-101.95742,57.23882],[-102.03242,57.19121],[-102.0481,57.11426],[-101.96206,57.02471],[-102.12749,56.91499],[-102.17676,56.86397],[-102.31265,56.83843],[-102.43711,56.65801],[-102.43921,56.62671],[-102.46538,56.60786],[-102.88535,56.47349],[-102.97729,56.36924],[-103.04385,56.37978],[-103.08687,56.41948],[-103.13667,56.41421],[-103.20112,56.35786],[-103.24072,56.27769],[-103.27163,56.27656],[-103.2876,56.3041],[-103.25703,56.47534],[-103.29844,56.49595],[-103.29336,56.54336],[-103.24146,56.57417],[-103.1919,56.55527],[-103.15293,56.61982],[-103.10557,56.85298],[-103.06904,56.84912],[-103.07998,56.67661],[-103.05107,56.56865],[-102.97773,56.56157],[-102.86152,56.6833],[-102.73247,56.71626],[-102.69219,56.7416],[-102.6769,56.77314],[-102.6252,56.78672],[-102.56982,56.83037],[-102.5437,56.92974],[-102.5543,56.99839],[-102.58379,57.04624],[-102.74185,57.10093],[-102.69341,57.20991],[-102.7208,57.24487],[-102.78892,57.28272],[-102.91934,57.29521],[-102.93301,57.3644],[-102.89014,57.45068],[-102.69438,57.56431],[-102.67397,57.59727],[-102.69302,57.63706],[-102.6918,57.68823],[-102.52261,57.73047],[-102.4395,57.79868],[-102.20503,57.93096],[-102.14868,57.99268],[-102.15088,58.03789],[-102.05244,58.10737],[-101.99097,58.08833],[-102.01328,58.00293],[-101.971,57.96343],[-101.91255,57.99082],[-101.86777,58.05352],[-101.81934,58.0646],[-101.80327,58.02041],[-101.84648,57.86646],[-101.81543,57.84311],[-101.7332,57.87295],[-101.72427,57.90981]]]}},{"type":"Feature","properties":{"name":"Oneida Lake","name_en":"Oneida"},"geometry":{"type":"Polygon","coordinates":[[[-75.73345,43.20566],[-75.79961,43.18086],[-75.95918,43.17676],[-76.09561,43.23794],[-76.09639,43.25366],[-75.86074,43.24785],[-75.75,43.22554],[-75.73345,43.20566]]]}},{"type":"Feature","properties":{"name":"Iliamna Lake","name_en":"Iliamna"},"geometry":{"type":"Polygon","coordinates":[[[-154.10874,59.71763],[-154.53384,59.62793],[-154.56289,59.59219],[-154.55518,59.54814],[-154.58301,59.47373],[-154.61353,59.45146],[-154.90742,59.43193],[-155.74336,59.33452],[-155.88135,59.37685],[-155.91372,59.45649],[-155.8457,59.5376],[-154.99273,59.70542],[-154.32817,59.79141],[-153.97129,59.76934],[-154.10874,59.71763]]]}},{"type":"Feature","properties":{},"geometry":{"type":"Polygon","coordinates":[[[-156.02124,57.8374],[-155.99307,57.76348],[-156.04043,57.70527],[-156.15923,57.63335],[-156.1271,57.68887],[-156.11484,57.74888],[-156.1606,57.79717],[-156.67754,57.88809],[-156.83169,57.9314],[-156.88359,57.99907],[-156.8166,58.06719],[-156.63774,58.08579],[-156.279,58.00649],[-155.97578,57.90918],[-155.96084,57.87017],[-156.02124,57.8374]]]}},{"type":"Feature","properties":{"name":"Lake Tahoe","name_en":"Tahoe"},"geometry":{"type":"Polygon","coordinates":[[[-119.96572,38.95742],[-120.0334,38.94526],[-120.08081,38.97095],[-120.13916,39.09077],[-120.13223,39.14292],[-120.05913,39.22144],[-119.93594,39.25395],[-119.91836,39.20654],[-119.94268,39.0251],[-119.96572,38.95742]]]}},{"type":"Feature","properties":{"name":"Lake Winnebago","name_en":"Winnebago"},"geometry":{"type":"Polygon","coordinates":[[[-88.33379,43.93814],[-88.43106,43.8081],[-88.46484,43.81343],[-88.51875,44.02905],[-88.48447,44.11045],[-88.41792,44.19453],[-88.3581,44.19604],[-88.32109,44.18018],[-88.33379,43.93814]]]}},{"type":"Feature","properties":{"name":"Nettilling Lake","name_en":"Nettilling"},"geometry":{"type":"Polygon","coordinates":[[[-71.43848,66.59639],[-71.3727,66.66269],[-71.20923,66.86196],[-71.19414,66.94463],[-71.22744,67.00078],[-71.17388,67.02803],[-71.00137,67.02021],[-70.82568,66.99443],[-70.73691,66.92334],[-70.62998,66.86763],[-70.56899,66.79439],[-70.46284,66.75327],[-70.35293,66.73677],[-70.28813,66.748],[-69.94546,66.68828],[-69.73623,66.62778],[-69.4898,66.58076],[-69.46606,66.54688],[-69.5271,66.50278],[-69.64575,66.47568],[-69.64575,66.44175],[-69.42305,66.42949],[-69.25327,66.45083],[-69.2207,66.40591],[-69.34019,66.33516],[-69.51143,66.26763],[-69.55654,66.21162],[-69.58506,66.20322],[-69.63638,66.2188],[-69.64766,66.24624],[-69.76963,66.20308],[-69.8898,66.25425],[-69.97549,66.25835],[-70.37646,66.19478],[-70.58154,66.28916],[-70.61885,66.28242],[-70.71035,66.20395],[-70.85073,66.15586],[-71.10371,65.99082],[-71.22578,65.95352],[-71.31064,65.96899],[-71.3209,65.9874],[-71.22109,66.02422],[-71.17935,66.08271],[-71.19356,66.15078],[-71.14463,66.21484],[-71.14673,66.29004],[-71.12656,66.33061],[-71.23081,66.41758],[-71.30566,66.51533],[-71.43848,66.59639]]]}},{"type":"Feature","properties":{"name":"Dubawnt Lake","name_en":"Dubawnt"},"geometry":{"type":"Polygon","coordinates":[[[-101.80708,63.26709],[-101.74907,63.33716],[-101.68838,63.37002],[-101.5835,63.39731],[-101.58369,63.42754],[-101.54751,63.45591],[-101.45679,63.44316],[-101.36533,63.39668],[-101.31938,63.3938],[-101.29282,63.41494],[-101.33232,63.46685],[-101.27578,63.49058],[-101.13721,63.43037],[-101.00801,63.46304],[-100.90244,63.53032],[-100.85601,63.51987],[-100.79912,63.54033],[-100.70576,63.54648],[-100.64438,63.46846],[-100.6728,63.37295],[-100.77031,63.31904],[-100.8229,63.29722],[-101.04053,63.2918],[-101.11348,63.17144],[-101.10371,63.10186],[-101.06055,63.06021],[-100.88408,63.00723],[-100.88369,62.95625],[-101.02773,62.89605],[-101.05903,62.85796],[-101.02266,62.80273],[-101.02793,62.76113],[-101.29038,62.66606],[-101.38154,62.68267],[-101.39248,62.721],[-101.32173,62.82812],[-101.33003,62.89126],[-101.38052,62.92813],[-101.41436,62.91065],[-101.43413,62.84477],[-101.49898,62.73975],[-101.51211,62.6749],[-101.52939,62.66401],[-101.5543,62.68398],[-101.55298,62.7228],[-101.58965,62.77602],[-101.75469,62.80054],[-101.8231,62.88057],[-101.98921,62.88657],[-102.03467,62.92456],[-102.04834,63.0042],[-102.09707,63.07637],[-102.17368,63.12197],[-102.16016,63.16479],[-101.80708,63.26709]]]}},{"type":"Feature","properties":{"name":"Baker Lake","name_en":"Baker"},"geometry":{"type":"Polygon","coordinates":[[[-94.62564,64.15884],[-94.24702,64.12368],[-94.22451,64.07607],[-94.31162,64.01245],[-94.45469,63.99639],[-94.8604,64.06553],[-95.29936,64.07915],[-95.50176,64.0583],[-95.78418,64.05625],[-95.94556,64.12681],[-96.22744,64.19297],[-96.27339,64.30142],[-96.20259,64.32461],[-95.25059,64.27388],[-94.65015,64.19678],[-94.62564,64.15884]]]}},{"type":"Feature","properties":{"name":"Lake Champlain","name_en":"Champlain"},"geometry":{"type":"Polygon","coordinates":[[[-73.40493,44.05386],[-73.35571,43.78071],[-73.36763,43.75698],[-73.45122,44.0834],[-73.44394,44.19297],[-73.35405,44.28115],[-73.4438,44.63755],[-73.39985,44.7749],[-73.38286,44.93608],[-73.34678,45.01802],[-73.32393,45.02876],[-73.29639,44.91401],[-73.28506,44.91265],[-73.204,45.02168],[-73.14683,45.073],[-73.104,45.07798],[-73.08784,45.04614],[-73.11084,45.00933],[-73.19268,44.95659],[-73.17251,44.91909],[-73.21372,44.58643],[-73.26255,44.5418],[-73.25562,44.50684],[-73.22852,44.49326],[-73.22764,44.44497],[-73.27056,44.39673],[-73.28779,44.31997],[-73.40493,44.05386]]]}},{"type":"Feature","properties":{"name":"Salton Sea","name_en":"Salton Sea"},"geometry":{"type":"Polygon","coordinates":[[[-115.61606,33.22261],[-115.6979,33.13828],[-115.78887,33.14658],[-115.91133,33.30254],[-116.06172,33.43262],[-116.05347,33.5021],[-116.01045,33.52192],[-115.94844,33.51943],[-115.88394,33.45166],[-115.65996,33.3208],[-115.61162,33.27446],[-115.61606,33.22261]]]}},{"type":"Feature","properties":{"name":"Lac la Martre","name_en":"Martre"},"geometry":{"type":"Polygon","coordinates":[[[-117.3062,63.18535],[-117.35957,63.14624],[-117.55415,63.11348],[-117.73848,63.11313],[-118.10732,63.22344],[-118.20098,63.28267],[-118.62744,63.33696],[-118.62827,63.3751],[-118.56396,63.42788],[-118.34429,63.51294],[-118.10019,63.57021],[-118.00054,63.54414],[-117.91499,63.46641],[-117.76401,63.4042],[-117.57519,63.37158],[-117.43525,63.29766],[-117.3062,63.18535]]]}},{"type":"Feature","properties":{"name":"Lac Saint-Jean","name_en":"Saint-Jean"},"geometry":{"type":"Polygon","coordinates":[[[-71.92441,48.44375],[-72.16543,48.48101],[-72.24209,48.57485],[-72.30615,48.61934],[-72.33052,48.66855],[-72.29053,48.73315],[-72.15806,48.75527],[-71.99961,48.72363],[-71.8457,48.65942],[-71.77563,48.60991],[-71.78057,48.51821],[-71.82251,48.47515],[-71.92441,48.44375]]]}},{"type":"Feature","properties":{"name":"Keuka L.","name_en":"Keuka"},"geometry":{"type":"Polygon","coordinates":[[[-77.10737,42.521],[-77.19102,42.42539],[-77.20303,42.43735],[-77.14814,42.56836],[-77.11338,42.56885],[-77.07749,42.64849],[-77.05757,42.64448],[-77.10737,42.521]]]}},{"type":"Feature","properties":{"name":"Seneca Lake","name_en":"Seneca"},"geometry":{"type":"Polygon","coordinates":[[[-76.91016,42.45923],[-76.91758,42.59136],[-76.954,42.73018],[-76.96992,42.87759],[-76.954,42.86963],[-76.88203,42.68276],[-76.8792,42.41631],[-76.91016,42.45923]]]}},{"type":"Feature","properties":{"name":"Cayuga Lake","name_en":"Cayuga"},"geometry":{"type":"Polygon","coordinates":[[[-76.52769,42.48916],[-76.66714,42.60269],[-76.77275,42.77798],[-76.75083,42.92539],[-76.73486,42.94331],[-76.70103,42.75786],[-76.66514,42.66841],[-76.51973,42.50107],[-76.52769,42.48916]]]}},{"type":"Feature","properties":{"name":"Cree Lake","name_en":"Cree"},"geometry":{"type":"Polygon","coordinates":[[[-106.28013,57.71299],[-106.1104,57.65464],[-106.11436,57.59546],[-106.08696,57.53516],[-106.09541,57.4646],[-106.13999,57.41392],[-106.2544,57.37422],[-106.37378,57.3689],[-106.54145,57.32627],[-106.60762,57.33701],[-106.69834,57.32715],[-106.76362,57.35557],[-106.80356,57.35557],[-106.88384,57.32051],[-106.96982,57.25356],[-107.0355,57.22895],[-107.07925,57.22422],[-107.09058,57.23569],[-107.07305,57.32559],[-107.08306,57.36069],[-107.02817,57.42622],[-107.06914,57.47568],[-106.92354,57.46216],[-106.83135,57.4898],[-106.65493,57.59746],[-106.42212,57.64873],[-106.31631,57.70522],[-106.28013,57.71299]]]}},{"type":"Feature","properties":{},"geometry":{"type":"Polygon","coordinates":[[[-99.60625,62.95884],[-99.3479,63.17266],[-99.29766,63.18706],[-99.33198,63.09951],[-99.30356,63.04756],[-99.15942,62.99053],[-99.14199,62.92876],[-99.38589,62.81694],[-99.5731,62.80747],[-99.72954,62.81948],[-99.76216,62.848],[-99.76431,62.8728],[-99.60625,62.95884]]]}},{"type":"Feature","properties":{"name":"Kasba Lake","name_en":"Kasba"},"geometry":{"type":"Polygon","coordinates":[[[-102.48477,60.31445],[-102.37905,60.36763],[-102.31533,60.42397],[-102.36714,60.44263],[-102.43706,60.50044],[-102.43433,60.58467],[-102.35176,60.6335],[-102.26113,60.64854],[-102.21519,60.61538],[-102.15776,60.5124],[-102.10796,60.45679],[-101.9981,60.3751],[-101.88638,60.23833],[-101.84873,60.11157],[-101.88467,59.98276],[-101.98281,60.00986],[-101.98779,59.96528],[-102.02334,59.9293],[-102.0854,60.0187],[-102.27461,60.21094],[-102.38174,60.25024],[-102.47739,60.23613],[-102.58755,60.24565],[-102.60039,60.30879],[-102.54907,60.32227],[-102.48477,60.31445]]]}},{"type":"Feature","properties":{},"geometry":{"type":"Polygon","coordinates":[[[-90.4666,30.19795],[-90.53745,30.17939],[-90.57402,30.19687],[-90.58003,30.23481],[-90.55688,30.28374],[-90.49312,30.34824],[-90.43272,30.32612],[-90.42505,30.27402],[-90.4666,30.19795]]]}},{"type":"Feature","properties":{"name":"Lac-\u00e0-l'Eau-Claire","name_en":"Wiy\u00e2sh\u00e2kim\u00ee"},"geometry":{"type":"Polygon","coordinates":[[[-74.07031,55.97476],[-74.24932,55.93804],[-74.27642,55.95146],[-74.23062,55.98477],[-74.33618,56.02407],[-74.73242,56.09136],[-74.80039,56.1373],[-74.8248,56.21382],[-74.81914,56.27344],[-74.771,56.30801],[-74.66382,56.33618],[-74.47744,56.31763],[-74.31221,56.26226],[-74.24844,56.16099],[-74.05415,56.13706],[-73.98545,56.09653],[-73.98975,56.02559],[-74.07031,55.97476]]]}},{"type":"Feature","properties":{"name":"Lake Nipissing","name_en":"Nipissing"},"geometry":{"type":"Polygon","coordinates":[[[-80.44722,46.28218],[-80.346,46.28555],[-80.25278,46.24932],[-80.14668,46.25752],[-80.11802,46.27749],[-80.14272,46.30171],[-80.12549,46.32363],[-80.05332,46.3458],[-79.85591,46.33955],[-79.65342,46.35825],[-79.49399,46.31065],[-79.43555,46.23545],[-79.48652,46.18423],[-79.57261,46.16592],[-79.77183,46.21294],[-79.98647,46.16079],[-80.00586,46.16577],[-79.99121,46.19883],[-80.01499,46.23213],[-80.0626,46.24404],[-80.29336,46.225],[-80.44722,46.28218]]]}},{"type":"Feature","properties":{},"geometry":{"type":"Polygon","coordinates":[[[-76.54678,56.16392],[-76.39722,56.34526],[-76.4251,56.38872],[-76.36582,56.5502],[-76.30518,56.46753],[-76.24512,56.4229],[-76.23369,56.39702],[-76.27544,56.37866],[-76.20469,56.32202],[-75.93906,56.19082],[-75.9354,56.17378],[-75.95342,56.14541],[-76.14678,56.12681],[-76.44609,56.13931],[-76.54678,56.16392]]]}},{"type":"Feature","properties":{"name":"R\u00e9s. de La Grande 3","name_en":"La Grande 3"},"geometry":{"type":"Polygon","coordinates":[[[-76.10015,53.73696],[-76.03638,53.73701],[-75.93027,53.76582],[-75.902,53.79106],[-75.91221,53.81274],[-75.84995,53.85508],[-75.5521,53.89194],[-75.29229,53.89653],[-75.24082,53.84263],[-75.18379,53.82046],[-74.73379,53.89565],[-74.72471,53.85718],[-74.81982,53.83833],[-74.88935,53.79414],[-75.26992,53.70913],[-75.26519,53.68403],[-74.7708,53.65386],[-74.59341,53.66743],[-74.45601,53.70137],[-74.43335,53.68452],[-74.46094,53.6625],[-74.67866,53.60903],[-74.80718,53.60493],[-74.93535,53.57788],[-75.02676,53.57627],[-74.99839,53.62227],[-75.03394,53.63926],[-75.2376,53.61865],[-75.6334,53.6377],[-75.65767,53.62007],[-75.60107,53.58203],[-75.63242,53.53838],[-75.71606,53.49741],[-75.93447,53.46528],[-76.10166,53.47534],[-76.12446,53.52261],[-75.90679,53.65313],[-75.94502,53.68574],[-76.08838,53.66621],[-76.10015,53.73696]]]}},{"type":"Feature","properties":{"name":"R\u00e9s. de La Grande 2","name_en":"Robert-Bourassa"},"geometry":{"type":"Polygon","coordinates":[[[-76.08838,53.66621],[-76.36016,53.63013],[-76.38486,53.59575],[-76.51465,53.55747],[-76.83853,53.49922],[-77.18677,53.49282],[-77.22305,53.51455],[-77.39663,53.5208],[-77.4877,53.5605],[-77.49282,53.60708],[-77.46484,53.63813],[-77.68501,53.6792],[-77.41968,53.7978],[-77.34072,53.81138],[-77.28784,53.79111],[-76.90185,53.84717],[-76.76597,53.90972],[-76.73101,53.97651],[-76.88799,54.05664],[-76.86792,54.07236],[-76.84019,54.08804],[-76.65962,54.02632],[-76.61836,54.03301],[-76.60234,54.05479],[-76.50928,54.04785],[-76.47129,54.05879],[-76.47197,54.08242],[-76.57266,54.14043],[-76.55742,54.15718],[-76.36836,54.18799],[-76.26396,54.13584],[-76.202,54.13872],[-76.19087,54.15283],[-76.10532,54.11597],[-76.25537,54.07349],[-76.304,53.96274],[-76.43335,53.89756],[-76.59551,53.78828],[-76.74966,53.72295],[-76.69614,53.69941],[-76.10015,53.73696],[-76.08838,53.66621]]]}},{"type":"Feature","properties":{},"geometry":{"type":"Polygon","coordinates":[[[-156.60444,57.69575],[-156.77749,57.56597],[-156.78252,57.53291],[-156.76802,57.50664],[-156.79604,57.46377],[-156.83428,57.44341],[-157.01934,57.5124],[-157.0438,57.54785],[-156.89258,57.57964],[-156.8415,57.61055],[-156.83667,57.65332],[-156.68345,57.75523],[-156.58984,57.78506],[-156.54829,57.76606],[-156.60444,57.69575]]]}},{"type":"Feature","properties":{"name":"Lago Enriquillo","name_en":"Enriquillo"},"geometry":{"type":"Polygon","coordinates":[[[-71.53652,18.43398],[-71.60684,18.421],[-71.79351,18.49443],[-71.77695,18.5312],[-71.68335,18.55107],[-71.50889,18.46997],[-71.53652,18.43398]]]}},{"type":"Feature","properties":{},"geometry":{"type":"Polygon","coordinates":[[[-159.66265,66.43291],[-159.94546,66.44175],[-160.13438,66.51953],[-160.11509,66.5436],[-159.72881,66.51206],[-159.66548,66.47353],[-159.66265,66.43291]]]}},{"type":"Feature","properties":{},"geometry":{"type":"Polygon","coordinates":[[[-115.06216,60.32939],[-115.15727,60.19468],[-115.28623,60.15977],[-115.29434,60.10903],[-115.60532,60.1729],[-115.8793,60.16299],[-115.89609,60.20137],[-115.8043,60.2542],[-115.53145,60.26211],[-115.34907,60.29492],[-115.22148,60.33701],[-115.10986,60.34985],[-115.06216,60.32939]]]}},{"type":"Feature","properties":{"name":"Lake Sakami","name_en":"Sakami"},"geometry":{"type":"Polygon","coordinates":[[[-76.58921,53.28887],[-76.6919,53.21152],[-76.68789,53.16973],[-76.78428,53.14678],[-76.84326,53.09497],[-76.83857,53.03398],[-76.79854,52.98086],[-76.85454,52.96753],[-76.89946,52.99477],[-76.93755,53.1188],[-76.88071,53.21592],[-76.89199,53.29087],[-76.8729,53.32412],[-76.8918,53.34487],[-76.84355,53.39424],[-76.71987,53.46885],[-76.70332,53.41943],[-76.66123,53.41685],[-76.56392,53.48486],[-76.51455,53.46753],[-76.49668,53.41396],[-76.52256,53.37949],[-76.63721,53.36084],[-76.67153,53.34009],[-76.67617,53.31392],[-76.65615,53.298],[-76.60786,53.30615],[-76.58921,53.28887]]]}},{"type":"Feature","properties":{"name":"Scott Lake","name_en":"Scott"},"geometry":{"type":"Polygon","coordinates":[[[-106.01875,59.9936],[-106.07339,59.95898],[-106.08125,59.89219],[-106.05527,59.84492],[-106.10361,59.80947],[-106.16694,59.80825],[-106.20596,59.85952],[-106.23667,59.8623],[-106.27837,59.81333],[-106.33838,59.80469],[-106.375,59.83066],[-106.32578,59.93452],[-106.33237,60.02207],[-106.39805,60.04346],[-106.40693,60.06357],[-106.37393,60.0874],[-106.30757,60.10078],[-106.19463,60.02139],[-106.12231,60.1437],[-106.01895,60.19219],[-105.87256,60.22827],[-105.7044,60.18369],[-105.77007,60.13057],[-106.02783,60.11113],[-106.06904,60.08306],[-106.04595,60.0499],[-105.93882,60.05938],[-105.88008,60.03818],[-105.87544,60.00625],[-106.01875,59.9936]]]}},{"type":"Feature","properties":{},"geometry":{"type":"Polygon","coordinates":[[[-89.52231,52.88267],[-89.43408,52.91768],[-89.42207,52.94824],[-89.2832,53.00571],[-89.12285,52.96592],[-88.952,52.98774],[-89.0438,52.87022],[-89.15098,52.85386],[-89.47783,52.86836],[-89.52231,52.88267]]]}},{"type":"Feature","properties":{"name":"Yellowstone Lake","name_en":"Yellowstone"},"geometry":{"type":"Polygon","coordinates":[[[-110.19902,44.3354],[-110.27285,44.31885],[-110.32798,44.35635],[-110.34121,44.38281],[-110.39443,44.39141],[-110.3897,44.42471],[-110.42607,44.44673],[-110.53081,44.41367],[-110.55508,44.44673],[-110.52861,44.471],[-110.45034,44.47983],[-110.38091,44.55591],[-110.32685,44.5669],[-110.27178,44.54375],[-110.26406,44.44673],[-110.2023,44.39053],[-110.19902,44.3354]]]}},{"type":"Feature","properties":{"name":"Teshekpuk Lake","name_en":"Teshekpuk"},"geometry":{"type":"Polygon","coordinates":[[[-152.93984,70.5686],[-153.65552,70.47979],[-153.71899,70.49419],[-153.79351,70.48711],[-154.01943,70.54307],[-154.10059,70.59839],[-154.17398,70.63374],[-154.23706,70.63877],[-154.25718,70.66055],[-154.16123,70.67798],[-153.97549,70.67949],[-153.81152,70.72476],[-153.61143,70.73677],[-153.01445,70.60347],[-152.93984,70.5686]]]}},{"type":"Feature","properties":{"name":"Flathead Lake","name_en":"Flathead"},"geometry":{"type":"Polygon","coordinates":[[[-114.18018,48.02212],[-114.19858,48.03955],[-114.19312,48.06934],[-114.13359,48.09136],[-114.04648,48.01533],[-114.00459,47.78491],[-114.0564,47.71104],[-114.1501,47.71435],[-114.16328,47.73984],[-114.12583,47.78379],[-114.1479,47.81245],[-114.24961,47.83662],[-114.254,47.85786],[-114.19419,47.89072],[-114.15561,47.93262],[-114.18018,48.02212]]]}},{"type":"Feature","properties":{"name":"Lake Mead","name_en":"Mead"},"geometry":{"type":"Polygon","coordinates":[[[-113.67036,35.84268],[-113.79453,36.00952],[-113.98857,36.16475],[-114.03901,36.16348],[-114.1104,36.03203],[-114.20845,36.00566],[-114.29404,36.02988],[-114.32114,36.07646],[-114.3727,36.1001],[-114.45088,36.0793],[-114.50386,36.10615],[-114.64038,36.10601],[-114.71421,36.02373],[-114.74136,36.01353],[-114.76856,36.01987],[-114.81191,36.07456],[-114.81616,36.12148],[-114.51196,36.1939],[-114.43154,36.23716],[-114.38682,36.48271],[-114.36367,36.5145],[-114.33643,36.51924],[-114.33457,36.44385],[-114.37031,36.20923],[-114.29512,36.1104],[-114.22588,36.04971],[-114.15933,36.07681],[-114.02988,36.24468],[-113.99634,36.24365],[-113.77749,36.04814],[-113.69883,35.95776],[-113.63286,35.85947],[-113.63569,35.83086],[-113.67036,35.84268]]]}},{"type":"Feature","properties":{"name":"Lake Claire","name_en":"Claire"},"geometry":{"type":"Polygon","coordinates":[[[-111.80854,58.51719],[-111.84341,58.42515],[-111.78892,58.3313],[-111.80889,58.30259],[-111.89829,58.30591],[-112.08042,58.34692],[-112.18877,58.41265],[-112.23682,58.45977],[-112.20786,58.49868],[-112.21108,58.54985],[-112.25508,58.57632],[-112.31489,58.56269],[-112.39321,58.57788],[-112.44727,58.61777],[-112.4313,58.68262],[-112.33731,58.77759],[-112.15352,58.82461],[-112.04092,58.81885],[-112.03706,58.78652],[-112.11313,58.77759],[-112.11904,58.73628],[-111.98467,58.71348],[-111.8438,58.72109],[-111.76562,58.68452],[-111.73135,58.68584],[-111.7167,58.65947],[-111.8167,58.56006],[-111.80854,58.51719]]]}},{"type":"Feature","properties":{"name":"Smallwood Reservoir","name_en":"Smallwood"},"geometry":{"type":"Polygon","coordinates":[[[-66.0,54.26391],[-66.2542,54.42554],[-66.27637,54.47832],[-66.36382,54.54121],[-66.44009,54.56221],[-66.42876,54.50845],[-66.34932,54.42354],[-66.4062,54.33833],[-66.3873,54.2627],[-66.32354,54.15425],[-66.38184,54.16372],[-66.49146,54.27334],[-66.54575,54.36338],[-66.60771,54.48774],[-66.62114,54.6231],[-66.53506,54.62822],[-66.50786,54.65352],[-66.5293,54.76978],[-66.50884,54.80239],[-66.55547,54.8835],[-66.60034,54.92246],[-66.59477,54.94941],[-66.56748,54.95845],[-66.5979,55.02861],[-66.54121,55.0731],[-66.55606,55.10156],[-66.44893,55.05234],[-66.34487,54.97881],[-66.35147,54.91377],[-66.43203,54.89297],[-66.39932,54.85269],[-66.42915,54.81348],[-66.35425,54.68721],[-66.20015,54.57656],[-66.19102,54.47637],[-66.0,54.34135],[-66.0,54.26391]]]}},{"type":"Feature","properties":{"name":"Lake St. Joseph","name_en":"St. Joseph"},"geometry":{"type":"Polygon","coordinates":[[[-91.36709,50.93047],[-91.27437,51.06899],[-91.21387,51.06631],[-90.97622,51.01113],[-90.74531,51.12041],[-90.6041,51.2145],[-90.47241,51.16982],[-90.43081,51.13955],[-90.4269,51.11919],[-90.52778,51.06807],[-90.93652,50.95444],[-91.31797,50.91846],[-91.36709,50.93047]]]}},{"type":"Feature","properties":{"name":"R\u00e9servoir Gouin","name_en":"Gouin"},"geometry":{"type":"Polygon","coordinates":[[[-74.54531,48.43857],[-74.63848,48.41382],[-74.68604,48.35708],[-74.70566,48.41973],[-74.75552,48.44868],[-74.86655,48.55996],[-74.94546,48.57563],[-74.96426,48.5563],[-74.96855,48.51875],[-74.94199,48.48711],[-74.9603,48.36431],[-75.08174,48.34072],[-75.1395,48.28872],[-75.09922,48.47817],[-75.04248,48.51372],[-75.00801,48.56416],[-75.01816,48.61221],[-75.06997,48.59648],[-75.16484,48.52602],[-75.18198,48.47905],[-75.17388,48.4144],[-75.26875,48.4082],[-75.33603,48.43696],[-75.41445,48.43784],[-75.34976,48.53159],[-75.28184,48.59727],[-75.18076,48.60181],[-75.06099,48.7063],[-74.96953,48.69356],[-74.72266,48.78477],[-74.55786,48.80239],[-74.52236,48.7561],[-74.57998,48.6396],[-74.55478,48.6083],[-74.4852,48.58003],[-74.41172,48.58852],[-74.39658,48.5793],[-74.40566,48.54717],[-74.36968,48.48574],[-74.31431,48.44917],[-74.10019,48.37222],[-74.2375,48.34683],[-74.31206,48.37685],[-74.39541,48.44023],[-74.51025,48.47974],[-74.54531,48.43857]]]}},{"type":"Feature","properties":{"name":"Lake Bienville","name_en":"Bienville"},"geometry":{"type":"Polygon","coordinates":[[[-73.15361,55.11279],[-73.1541,55.12505],[-72.92324,55.17954],[-72.51694,55.22104],[-72.22539,55.28144],[-72.2812,55.22632],[-72.28979,55.16641],[-72.35781,55.12578],[-72.62861,55.04912],[-72.70566,55.0102],[-73.04512,54.94639],[-73.21348,54.96787],[-73.55537,54.90283],[-73.60439,54.92744],[-73.51118,54.94204],[-73.40923,54.98652],[-73.51357,55.03418],[-73.51128,55.0479],[-73.36484,55.04785],[-73.15361,55.11279]]]}},{"type":"Feature","properties":{"name":"Canandaigua Lake","name_en":"Canandaigua"},"geometry":{"type":"Polygon","coordinates":[[[-77.30938,42.76831],[-77.354,42.68892],[-77.36065,42.73354],[-77.29111,42.83648],[-77.27051,42.89478],[-77.24487,42.87578],[-77.26221,42.8146],[-77.30938,42.76831]]]}},{"type":"Feature","properties":{"name":"Owasco Lake","name_en":"Owasco"},"geometry":{"type":"Polygon","coordinates":[[[-76.5272,42.83608],[-76.54868,42.89727],[-76.53628,42.92207],[-76.46846,42.76914],[-76.5272,42.83608]]]}},{"type":"Feature","properties":{"name":"Skaneateles Lake","name_en":"Skaneateles"},"geometry":{"type":"Polygon","coordinates":[[[-76.27217,42.78721],[-76.42798,42.9105],[-76.42549,42.96011],[-76.37222,42.8873],[-76.29316,42.83276],[-76.27217,42.78721]]]}},{"type":"Feature","properties":{},"geometry":{"type":"Polygon","coordinates":[[[-163.52905,60.39272],[-163.57656,60.34194],[-163.55664,60.27002],[-163.6292,60.21406],[-163.77041,60.1668],[-163.79522,60.21079],[-163.77451,60.28608],[-163.79302,60.29824],[-164.0418,60.2751],[-164.05356,60.29458],[-163.84956,60.35132],[-163.93852,60.38896],[-163.85225,60.43335],[-163.79688,60.41631],[-163.7209,60.43931],[-163.46797,60.41357],[-163.52905,60.39272]]]}},{"type":"Feature","properties":{"name":"Bear Lake","name_en":"Bear"},"geometry":{"type":"Polygon","coordinates":[[[-111.28535,42.10918],[-111.32656,41.88921],[-111.34873,41.87144],[-111.3729,41.88315],[-111.40737,41.9876],[-111.40273,42.06162],[-111.39341,42.13081],[-111.34443,42.15239],[-111.31274,42.1481],[-111.28535,42.10918]]]}},{"type":"Feature","properties":{"name":"Utah Lake","name_en":"Utah"},"geometry":{"type":"Polygon","coordinates":[[[-111.82676,40.15801],[-111.84824,40.09517],[-111.8919,40.06367],[-111.89048,40.11704],[-111.91436,40.17622],[-111.85234,40.25229],[-111.8813,40.3771],[-111.79282,40.36885],[-111.68008,40.22539],[-111.6895,40.20596],[-111.82676,40.15801]]]}},{"type":"Feature","properties":{},"geometry":{"type":"Polygon","coordinates":[[[-126.39922,66.98291],[-126.35615,67.01118],[-126.29004,67.02056],[-126.21777,67.00957],[-126.1584,66.97861],[-126.12866,66.94082],[-126.1835,66.88262],[-126.1773,66.81694],[-126.18936,66.7956],[-126.27466,66.7543],[-126.36899,66.78428],[-126.4083,66.85718],[-126.4144,66.93809],[-126.39922,66.98291]]]}},{"type":"Feature","properties":{"name":"Leech Lake","name_en":"Leech"},"geometry":{"type":"Polygon","coordinates":[[[-94.24531,47.19145],[-94.30151,47.09668],[-94.39463,47.06699],[-94.43301,47.077],[-94.51938,47.14292],[-94.56567,47.11973],[-94.57808,47.06182],[-94.6208,47.16567],[-94.61084,47.20596],[-94.3793,47.24111],[-94.29648,47.28462],[-94.28149,47.27017],[-94.3081,47.18281],[-94.24531,47.19145]]]}},{"type":"Feature","properties":{"name":"Lac des Mille Lacs","name_en":"Mille Lacs"},"geometry":{"type":"Polygon","coordinates":[[[-90.28774,48.91562],[-90.37515,48.78594],[-90.44038,48.78467],[-90.45815,48.79795],[-90.60093,48.81138],[-90.63433,48.83276],[-90.65015,48.91665],[-90.68428,48.92036],[-90.68818,48.94414],[-90.66582,48.9669],[-90.62622,48.97383],[-90.59106,48.96025],[-90.54648,48.89517],[-90.47959,48.88457],[-90.36079,48.89253],[-90.2918,48.93496],[-90.28774,48.91562]]]}},{"type":"Feature","properties":{"name":"R\u00e9servoir Baskatong","name_en":"Baskatong"},"geometry":{"type":"Polygon","coordinates":[[[-75.68779,46.87207],[-75.75142,46.71763],[-75.79487,46.71494],[-75.86436,46.75493],[-76.01748,46.74673],[-76.0335,46.75947],[-75.97148,46.81909],[-75.95498,46.87485],[-75.83061,46.90161],[-75.73652,46.99707],[-75.68779,46.87207]]]}},{"type":"Feature","properties":{"name":"Trout Lake","name_en":"Trout"},"geometry":{"type":"Polygon","coordinates":[[[-121.25581,60.44756],[-121.40781,60.39966],[-121.49653,60.45859],[-121.58599,60.43789],[-121.48438,60.51743],[-121.31553,60.58833],[-121.30063,60.62324],[-121.33608,60.77061],[-121.17627,60.72236],[-121.10825,60.66455],[-121.09131,60.59155],[-121.14868,60.51343],[-121.25581,60.44756]]]}},{"type":"Feature","properties":{"name":"Grand Lake","name_en":"Foshay Lake"},"geometry":{"type":"Polygon","coordinates":[[[-66.15019,45.8561],[-66.18965,45.88076],[-66.0773,45.95288],[-66.02685,46.04966],[-66.0,46.06708],[-66.0,45.93383],[-66.15019,45.8561]]]}},{"type":"Feature","properties":{"name":"Goose Lake","name_en":"Goose"},"geometry":{"type":"Polygon","coordinates":[[[-120.32417,41.98691],[-120.39556,41.79243],[-120.44282,41.78525],[-120.46582,41.80313],[-120.48945,41.98809],[-120.47515,42.06479],[-120.41069,42.10732],[-120.32329,42.04043],[-120.32417,41.98691]]]}},{"type":"Feature","properties":{"name":"Pyramid Lake","name_en":"Pyramid"},"geometry":{"type":"Polygon","coordinates":[[[-119.43301,39.88594],[-119.44619,39.86807],[-119.48652,39.87812],[-119.63584,40.02827],[-119.69614,40.12349],[-119.64116,40.19082],[-119.5773,40.20928],[-119.53359,40.18071],[-119.48296,39.97378],[-119.43301,39.88594]]]}},{"type":"Feature","properties":{"name":"Millerton Lake","name_en":"Millerton"},"geometry":{"type":"Polygon","coordinates":[[[-119.59805,37.05083],[-119.60303,37.03096],[-119.64102,37.00781],[-119.69312,36.99956],[-119.67163,37.02764],[-119.59805,37.05083]]]}},{"type":"Feature","properties":{"name":"Bluenose Lake","name_en":"Bluenose"},"geometry":{"type":"Polygon","coordinates":[[[-119.87466,68.5585],[-119.80606,68.61904],[-119.82549,68.66099],[-119.69053,68.75474],[-119.66504,68.754],[-119.61289,68.69761],[-119.48565,68.63262],[-119.46977,68.60825],[-119.48662,68.59502],[-119.55195,68.59419],[-119.59453,68.57446],[-119.64956,68.471],[-119.64185,68.4396],[-119.59009,68.39634],[-119.51138,68.36147],[-119.52549,68.33174],[-119.73384,68.25537],[-119.84775,68.25371],[-119.8355,68.48428],[-119.87466,68.5585]]]}},{"type":"Feature","properties":{"name":"R\u00e9servoir Pipmuacan","name_en":"Pipmuacan"},"geometry":{"type":"Polygon","coordinates":[[[-70.1375,49.49077],[-70.13735,49.56523],[-70.15718,49.5917],[-70.19512,49.61743],[-70.28296,49.64102],[-70.32422,49.62378],[-70.35093,49.59033],[-70.3292,49.5231],[-70.35391,49.50386],[-70.46748,49.53154],[-70.51553,49.41084],[-70.57134,49.4727],[-70.63872,49.46616],[-70.70078,49.42739],[-70.73613,49.4417],[-70.78853,49.53594],[-70.81587,49.54346],[-70.85469,49.52524],[-70.89229,49.45664],[-70.94048,49.40815],[-70.96309,49.40596],[-70.83428,49.62544],[-70.71563,49.52481],[-70.66738,49.53115],[-70.58525,49.57227],[-70.44224,49.68355],[-70.34023,49.67021],[-70.30459,49.70054],[-70.30742,49.74815],[-70.3769,49.88696],[-70.33931,49.88359],[-70.31719,49.86357],[-70.23574,49.69853],[-70.17129,49.68398],[-70.13535,49.70825],[-70.09976,49.68979],[-70.07295,49.64272],[-70.0168,49.59673],[-69.95068,49.55488],[-69.89853,49.54512],[-69.78677,49.37036],[-69.78311,49.33862],[-69.85581,49.34248],[-69.90381,49.45068],[-69.90225,49.48091],[-69.94634,49.51763],[-70.02935,49.49775],[-70.06367,49.47481],[-70.08047,49.43989],[-70.1375,49.49077]]]}},{"type":"Feature","properties":{},"geometry":{"type":"Polygon","coordinates":[[[-126.41914,67.25606],[-126.49473,67.26333],[-126.5477,67.44224],[-126.6126,67.52207],[-126.76245,67.5602],[-126.61362,67.57832],[-126.49365,67.55225],[-126.39839,67.48765],[-126.20527,67.41948],[-126.2085,67.35801],[-126.19141,67.33018],[-126.20645,67.30371],[-126.41914,67.25606]]]}},{"type":"Feature","properties":{"name":"Colville Lake","name_en":"Colville"},"geometry":{"type":"Polygon","coordinates":[[[-125.72954,67.29722],[-125.82842,67.12378],[-125.91846,67.0793],[-126.06138,67.05933],[-126.16572,67.06489],[-126.22163,67.08516],[-126.22397,67.10444],[-126.18438,67.13755],[-126.19121,67.16943],[-126.24136,67.19912],[-126.23516,67.21523],[-125.75127,67.31309],[-125.72954,67.29722]]]}},{"type":"Feature","properties":{"name":"Hottah Lake","name_en":"Hottah"},"geometry":{"type":"Polygon","coordinates":[[[-118.68232,65.02988],[-118.67739,65.08052],[-118.69775,65.10898],[-118.83159,65.19165],[-118.82534,65.21748],[-118.65933,65.26221],[-118.44453,65.29072],[-118.2646,65.19912],[-118.24604,65.13623],[-118.28179,65.06856],[-118.23667,64.98589],[-118.2479,64.95581],[-118.325,64.90317],[-118.31934,64.8731],[-118.23945,64.84541],[-118.15571,64.85181],[-118.1457,64.79463],[-118.33286,64.78052],[-118.48848,64.84141],[-118.63623,64.92842],[-118.68232,65.02988]]]}},{"type":"Feature","properties":{"name":"Big Trout Lake","name_en":"Big Trout"},"geometry":{"type":"Polygon","coordinates":[[[-90.35718,53.76606],[-90.28989,53.86797],[-90.25176,53.87007],[-90.17129,53.83789],[-90.10068,53.8708],[-90.00186,53.88633],[-89.86186,53.83355],[-89.84673,53.81489],[-89.60859,53.77153],[-89.67793,53.73306],[-89.81392,53.68994],[-89.93867,53.67876],[-90.03379,53.68521],[-90.16689,53.74663],[-90.35718,53.76606]]]}},{"type":"Feature","properties":{"name":"Trout Lake","name_en":"Trout"},"geometry":{"type":"Polygon","coordinates":[[[-93.18179,51.05493],[-93.2354,51.0335],[-93.31958,51.07461],[-93.4293,51.15361],[-93.4813,51.20815],[-93.48018,51.23657],[-93.45527,51.26401],[-93.37002,51.30151],[-93.2833,51.27949],[-93.17456,51.29473],[-93.14106,51.27295],[-93.07163,51.17334],[-93.07363,51.15903],[-93.1373,51.1228],[-93.18179,51.05493]]]}},{"type":"Feature","properties":{"name":"Island Lake","name_en":"Island"},"geometry":{"type":"Polygon","coordinates":[[[-94.10273,53.75879],[-94.55264,53.71318],[-94.68193,53.73345],[-94.85518,53.78569],[-94.93335,53.82666],[-94.94863,53.85928],[-94.93335,53.9331],[-94.75376,53.98901],[-94.63408,53.98623],[-94.60142,53.97168],[-94.62075,53.94531],[-94.6856,53.91528],[-94.68926,53.89692],[-94.59014,53.85845],[-94.13076,53.89214],[-94.04775,53.88223],[-94.00215,53.84663],[-94.01396,53.79849],[-94.10273,53.75879]]]}},{"type":"Feature","properties":{"name":"Lake Naococane","name_en":"Naococane"},"geometry":{"type":"Polygon","coordinates":[[[-70.48623,52.98286],[-70.39702,52.97388],[-70.44248,52.94062],[-70.48389,52.87183],[-70.46372,52.8626],[-70.46768,52.7458],[-70.42158,52.63857],[-70.4334,52.60991],[-70.48701,52.62988],[-70.52173,52.68247],[-70.52139,52.78535],[-70.53804,52.79966],[-70.5772,52.80303],[-70.60254,52.75908],[-70.64023,52.73579],[-70.70283,52.77461],[-70.7624,52.7874],[-70.77988,52.80889],[-70.78306,52.89932],[-70.8169,52.90859],[-70.94004,52.81685],[-70.96465,52.81904],[-70.98105,52.84087],[-70.98242,52.87236],[-70.92363,52.93769],[-70.74995,52.96269],[-70.74849,52.99585],[-70.82847,53.0145],[-70.82031,53.06025],[-70.7498,53.03799],[-70.69141,52.9978],[-70.59873,52.98784],[-70.52676,53.00664],[-70.48623,52.98286]]]}},{"type":"Feature","properties":{"name":"Lac la Ronge","name_en":"Ronge"},"geometry":{"type":"Polygon","coordinates":[[[-104.45474,55.13833],[-104.63687,55.14795],[-104.73525,55.09038],[-104.82222,54.99394],[-105.12803,54.92495],[-105.23677,54.95664],[-105.25772,55.07402],[-105.21758,55.15596],[-105.23677,55.21856],[-105.20518,55.24844],[-105.08145,55.30195],[-104.95483,55.27954],[-104.8332,55.3063],[-104.79766,55.29194],[-104.59019,55.30195],[-104.51909,55.25659],[-104.40024,55.24736],[-104.36894,55.18242],[-104.45474,55.13833]]]}},{"type":"Feature","properties":{"name":"Mille Lacs Lake","name_en":"Mille Lacs"},"geometry":{"type":"Polygon","coordinates":[[[-93.55176,46.34116],[-93.51362,46.17661],[-93.53965,46.15015],[-93.66787,46.13682],[-93.72593,46.15791],[-93.775,46.20044],[-93.79546,46.25537],[-93.75835,46.30796],[-93.67881,46.34458],[-93.56943,46.35659],[-93.55176,46.34116]]]}},{"type":"Feature","properties":{"name":"Lake Winnipesaukee","name_en":"Winnipesaukee"},"geometry":{"type":"Polygon","coordinates":[[[-71.26201,43.60933],[-71.21636,43.58652],[-71.21411,43.5687],[-71.23247,43.5397],[-71.27729,43.53203],[-71.37051,43.59751],[-71.44346,43.62773],[-71.39927,43.72456],[-71.37383,43.72227],[-71.33066,43.69961],[-71.26201,43.60933]]]}},{"type":"Feature","properties":{"name":"Lake Simcoe","name_en":"Simcoe"},"geometry":{"type":"Polygon","coordinates":[[[-79.47895,44.26978],[-79.48008,44.23579],[-79.49888,44.22686],[-79.53687,44.35283],[-79.58418,44.40508],[-79.56748,44.4313],[-79.44531,44.51001],[-79.39263,44.60264],[-79.3727,44.6981],[-79.35439,44.68989],[-79.34087,44.63643],[-79.26509,44.56279],[-79.21103,44.53525],[-79.16269,44.44951],[-79.20156,44.38437],[-79.44824,44.30962],[-79.47895,44.26978]]]}},{"type":"Feature","properties":{"name":"Gods Lake","name_en":"Gods"},"geometry":{"type":"Polygon","coordinates":[[[-94.10986,54.8499],[-93.64546,54.7876],[-93.70239,54.75835],[-93.91201,54.74375],[-93.93369,54.70908],[-93.98896,54.6708],[-94.41436,54.58579],[-94.49522,54.50161],[-94.76338,54.41167],[-94.76807,54.45376],[-94.7355,54.49966],[-94.6501,54.54077],[-94.50806,54.6689],[-94.477,54.80078],[-94.27187,54.84243],[-94.10986,54.8499]]]}},{"type":"Feature","properties":{"name":"Malheur Lake","name_en":"Malheur"},"geometry":{"type":"Polygon","coordinates":[[[-118.72061,43.29067],[-118.82095,43.24019],[-118.90332,43.30322],[-118.94761,43.39395],[-118.92871,43.41406],[-118.79111,43.42549],[-118.66397,43.40508],[-118.61245,43.29814],[-118.62314,43.28184],[-118.72061,43.29067]]]}},{"type":"Feature","properties":{},"geometry":{"type":"Polygon","coordinates":[[[-95.59951,55.6145],[-95.71397,55.47676],[-95.76909,55.44185],[-95.91792,55.41855],[-95.89561,55.48652],[-95.81728,55.52617],[-95.79517,55.56856],[-95.59951,55.6145]]]}},{"type":"Feature","properties":{},"geometry":{"type":"Polygon","coordinates":[[[-165.37578,65.19326],[-165.48174,65.13413],[-165.70845,65.08037],[-165.79228,65.09126],[-165.8877,65.13774],[-165.89849,65.16528],[-165.81982,65.19053],[-165.38189,65.20522],[-165.37578,65.19326]]]}},{"type":"Feature","properties":{},"geometry":{"type":"Polygon","coordinates":[[[-163.7979,61.14404],[-163.78144,61.10635],[-163.81582,61.05503],[-163.84243,61.05513],[-163.93594,61.14522],[-163.9311,61.16909],[-163.82622,61.21728],[-163.54697,61.2313],[-163.7979,61.14404]]]}},{"type":"Feature","properties":{},"geometry":{"type":"Polygon","coordinates":[[[-162.50234,60.77246],[-162.57251,60.75981],[-162.74981,60.80147],[-162.76841,60.81792],[-162.71401,60.84204],[-162.65518,60.84263],[-162.57256,60.82578],[-162.50811,60.79463],[-162.50234,60.77246]]]}},{"type":"Feature","properties":{"name":"Tikchik Lakes","name_en":"Tikchik"},"geometry":{"type":"Polygon","coordinates":[[[-158.8751,59.16626],[-158.91274,59.16372],[-158.94106,59.18013],[-158.95874,59.24624],[-159.0584,59.33696],[-158.94536,59.31435],[-158.87759,59.25161],[-158.86255,59.20142],[-158.8751,59.16626]]]}},{"type":"Feature","properties":{"name":"Tikchik Lakes","name_en":"Tikchik"},"geometry":{"type":"Polygon","coordinates":[[[-158.25654,59.93452],[-158.53496,59.96104],[-158.82627,59.91099],[-159.02358,59.896],[-159.09185,59.89995],[-159.13179,59.95098],[-158.99995,59.94766],[-158.54185,60.01562],[-158.48628,60.01235],[-158.42324,59.9834],[-158.30674,59.97998],[-158.24175,59.96255],[-158.2227,59.94277],[-158.25654,59.93452]]]}},{"type":"Feature","properties":{"name":"Tikchik Lakes","name_en":"Tikchik"},"geometry":{"type":"Polygon","coordinates":[[[-159.13247,60.22012],[-158.85332,60.2833],[-158.87417,60.26387],[-158.77764,60.22998],[-158.77398,60.20083],[-158.78076,60.18975],[-159.0832,60.21162],[-159.15859,60.19556],[-159.13247,60.22012]]]}},{"type":"Feature","properties":{"name":"Tikchik Lakes","name_en":"Tikchik"},"geometry":{"type":"Polygon","coordinates":[[[-158.8249,59.54282],[-158.83491,59.51772],[-158.80356,59.49102],[-158.66265,59.46514],[-158.58232,59.42461],[-158.80537,59.44473],[-158.8687,59.48101],[-158.99175,59.51587],[-159.04629,59.54712],[-159.13262,59.65107],[-159.09351,59.65327],[-158.94458,59.58584],[-158.79404,59.60303],[-158.64663,59.59556],[-158.70786,59.56411],[-158.8249,59.54282]]]}},{"type":"Feature","properties":{"name":"Rainy Lake","name_en":"Rainy"},"geometry":{"type":"Polygon","coordinates":[[[-92.99526,48.45059],[-93.07114,48.50444],[-93.05576,48.51284],[-92.7876,48.45493],[-92.69761,48.51704],[-92.93638,48.56455],[-92.94785,48.58648],[-93.07949,48.59058],[-93.10908,48.58052],[-93.09985,48.56421],[-93.11699,48.55317],[-93.16235,48.55757],[-93.27925,48.60684],[-93.33931,48.6],[-93.38159,48.61616],[-93.37031,48.65689],[-93.40088,48.68149],[-93.40332,48.70527],[-93.35239,48.7169],[-93.3645,48.74805],[-93.41694,48.7852],[-93.49614,48.81299],[-93.61279,48.83359],[-93.43389,48.84634],[-93.46279,48.90283],[-93.32246,48.93442],[-93.26157,48.8251],[-93.20259,48.79082],[-93.1998,48.74565],[-93.26484,48.68638],[-93.26089,48.67373],[-93.2229,48.67026],[-93.12368,48.72832],[-93.14922,48.67476],[-93.11851,48.66797],[-92.79341,48.69531],[-92.779,48.67803],[-92.86992,48.63477],[-92.86631,48.61523],[-92.73184,48.58843],[-92.65464,48.59966],[-92.60322,48.56499],[-92.58535,48.53374],[-92.56968,48.50019],[-92.5999,48.48457],[-92.49062,48.45625],[-92.44868,48.42412],[-92.43457,48.39067],[-92.45586,48.35068],[-92.51982,48.39863],[-92.60039,48.42417],[-92.91782,48.43296],[-92.99526,48.45059]]]}},{"type":"Feature","properties":{"name":"Williston Lake","name_en":"Williston"},"geometry":{"type":"Polygon","coordinates":[[[-122.60293,56.08955],[-123.01157,56.04028],[-123.13911,55.97363],[-123.71558,56.01494],[-123.78169,55.99522],[-123.7895,55.94209],[-123.77358,55.88682],[-123.75972,55.8627],[-123.71499,55.84785],[-123.65718,55.75166],[-123.44868,55.62295],[-123.23242,55.42534],[-123.16914,55.39263],[-123.16943,55.29053],[-123.14404,55.17622],[-123.32529,55.43398],[-123.41475,55.53403],[-123.50596,55.61313],[-123.80923,55.79365],[-123.92119,55.82852],[-124.03994,55.91269],[-124.03291,56.00049],[-124.20972,56.01372],[-124.50762,56.11445],[-124.21455,56.05283],[-124.16577,56.06733],[-124.15752,56.08706],[-124.34541,56.20957],[-124.83442,56.71265],[-124.83564,56.75693],[-124.75908,56.7416],[-124.45903,56.47144],[-124.35903,56.34541],[-124.24893,56.26323],[-124.14155,56.23657],[-124.07349,56.25478],[-124.05278,56.22261],[-124.07266,56.15356],[-124.03828,56.0999],[-123.96953,56.0606],[-123.78823,56.07217],[-123.2376,56.02871],[-123.11782,56.04761],[-123.09116,56.07568],[-122.971,56.11563],[-122.56597,56.15801],[-122.26392,56.08379],[-122.22329,56.05767],[-122.22173,56.02124],[-122.34502,56.02871],[-122.50151,56.08374],[-122.60293,56.08955]]]}},{"type":"Feature","properties":{"name":"Split Lake","name_en":"Split"},"geometry":{"type":"Polygon","coordinates":[[[-96.04941,56.13574],[-96.08818,56.09985],[-96.07261,56.08491],[-96.08633,56.0791],[-96.35781,56.0939],[-96.55269,56.06279],[-96.57188,56.08618],[-96.50405,56.15029],[-96.27852,56.17695],[-96.20542,56.21997],[-96.05386,56.27285],[-95.90596,56.3023],[-95.84204,56.29077],[-95.86519,56.26479],[-96.10547,56.20303],[-96.04351,56.1563],[-96.04941,56.13574]]]}},{"type":"Feature","properties":{"name":"Ft. Peck Lake","name_en":"Fort Peck"},"geometry":{"type":"Polygon","coordinates":[[[-106.21719,47.58545],[-106.26856,47.54814],[-106.25132,47.64399],[-106.33589,47.78486],[-106.38438,47.8479],[-106.41982,47.87583],[-106.45395,47.8792],[-106.52051,47.82783],[-106.55581,47.74951],[-106.81333,47.71553],[-106.83779,47.69356],[-106.8625,47.6313],[-106.90566,47.67183],[-106.99268,47.6439],[-107.01543,47.64487],[-107.02959,47.66567],[-107.30615,47.68496],[-107.42886,47.63462],[-107.61221,47.62339],[-107.84614,47.46777],[-107.91138,47.39043],[-107.92378,47.40703],[-107.91611,47.50889],[-107.94883,47.55796],[-108.04439,47.58037],[-108.17007,47.58379],[-108.19634,47.60161],[-108.04521,47.61397],[-107.95937,47.60142],[-107.8894,47.53769],[-107.84121,47.52612],[-107.68501,47.64619],[-107.68789,47.67139],[-107.71382,47.6876],[-107.45508,47.6624],[-107.38018,47.71577],[-107.33579,47.72798],[-106.92954,47.725],[-106.9331,47.76387],[-106.76924,47.78828],[-106.59619,47.85952],[-106.56582,47.90747],[-106.58994,47.95815],[-106.43281,48.02715],[-106.36641,48.0147],[-106.32524,47.98506],[-106.3312,47.94956],[-106.35791,47.92524],[-106.34473,47.87881],[-106.25332,47.81475],[-106.26729,47.79346],[-106.2167,47.62837],[-106.21719,47.58545]]]}},{"type":"Feature","properties":{"name":"Lake Sakakawea","name_en":"Sakakawea"},"geometry":{"type":"Polygon","coordinates":[[[-102.23691,47.58901],[-102.33325,47.58618],[-102.42939,47.56231],[-102.41982,47.58994],[-102.29922,47.65693],[-102.33594,47.75688],[-102.56094,47.7852],[-102.61587,47.8189],[-102.65313,47.91631],[-102.61392,47.99199],[-102.65669,48.0353],[-102.76128,48.08408],[-102.90132,48.12002],[-103.05884,48.12539],[-103.18643,48.09707],[-103.23779,48.06338],[-103.33877,48.02974],[-103.45928,48.01558],[-103.52017,48.02749],[-103.58252,48.09668],[-103.74985,48.01733],[-103.77231,48.0273],[-103.75869,48.07402],[-103.66636,48.14189],[-103.57505,48.15308],[-103.45044,48.06694],[-103.35269,48.07559],[-103.21123,48.14487],[-103.11772,48.1708],[-102.91631,48.1709],[-102.67471,48.10527],[-102.59844,48.05298],[-102.55742,47.96773],[-102.57866,47.91103],[-102.5751,47.8437],[-102.52729,47.82241],[-102.40845,47.80562],[-102.38447,47.81958],[-102.41533,47.93828],[-102.2583,47.97769],[-102.29448,47.91182],[-102.2398,47.76606],[-102.16948,47.72935],[-102.21196,47.67725],[-102.1605,47.62398],[-101.88364,47.56133],[-101.71758,47.56728],[-101.58857,47.59853],[-101.20293,47.64482],[-101.16274,47.63374],[-101.14048,47.6064],[-101.39966,47.5062],[-101.5896,47.51465],[-101.91729,47.46387],[-102.03223,47.5293],[-102.23691,47.58901]]]}},{"type":"Feature","properties":{"name":"Teslin Lake","name_en":"Teslin"},"geometry":{"type":"Polygon","coordinates":[[[-132.12476,59.60381],[-132.21348,59.68828],[-132.31611,59.83491],[-132.39917,59.92178],[-132.61011,60.05],[-132.83423,60.13496],[-132.95786,60.20068],[-133.18726,60.38179],[-133.24482,60.44853],[-133.13784,60.42739],[-132.97983,60.29736],[-132.7978,60.19228],[-132.52173,60.09824],[-132.36362,59.98589],[-132.22998,59.84873],[-132.20234,59.76987],[-132.08887,59.64375],[-132.09541,59.60713],[-132.12476,59.60381]]]}},{"type":"Feature","properties":{"name":"Lower Arrow Lake","name_en":"Arrow Lakes"},"geometry":{"type":"Polygon","coordinates":[[[-117.95679,49.33574],[-118.06265,49.41182],[-118.13945,49.52129],[-118.15566,49.60137],[-118.12793,49.75166],[-118.09248,49.80151],[-118.08413,49.77398],[-118.10874,49.58315],[-118.0875,49.51509],[-118.0478,49.45669],[-117.91133,49.37461],[-117.90713,49.3416],[-117.95679,49.33574]]]}},{"type":"Feature","properties":{"name":"Lake Pend Oreille","name_en":"Pend Oreille"},"geometry":{"type":"Polygon","coordinates":[[[-116.2146,48.15991],[-116.40977,48.10698],[-116.44092,48.07505],[-116.45601,47.98413],[-116.55327,47.9707],[-116.498,48.11475],[-116.45752,48.16821],[-116.37412,48.20825],[-116.40044,48.24727],[-116.46895,48.26328],[-116.52539,48.24219],[-116.56948,48.24976],[-116.53008,48.28423],[-116.49936,48.30147],[-116.4333,48.30186],[-116.36186,48.28369],[-116.2146,48.15991]]]}},{"type":"Feature","properties":{"name":"Lake Chelan","name_en":"Chelan"},"geometry":{"type":"Polygon","coordinates":[[[-120.01064,47.85161],[-120.17217,47.91396],[-120.20479,47.96182],[-120.53037,48.1624],[-120.62505,48.25693],[-120.62827,48.2794],[-120.01064,47.85161]]]}},{"type":"Feature","properties":{"name":"Black Lake","name_en":"Black"},"geometry":{"type":"Polygon","coordinates":[[[-105.55376,59.09858],[-105.66045,59.05469],[-105.78481,58.92202],[-105.8353,58.9188],[-105.86797,58.93931],[-105.85483,58.97798],[-105.80606,59.03106],[-105.21514,59.29609],[-105.0125,59.26255],[-104.9481,59.23677],[-105.01235,59.17319],[-105.55376,59.09858]]]}},{"type":"Feature","properties":{"name":"Lake Louise","name_en":"Louise"},"geometry":{"type":"Polygon","coordinates":[[[-146.47305,62.33208],[-146.51528,62.28184],[-146.56426,62.29297],[-146.65308,62.36152],[-146.70391,62.41084],[-146.68408,62.50449],[-146.66079,62.50786],[-146.60996,62.41396],[-146.47305,62.33208]]]}},{"type":"Feature","properties":{"name":"Lower Red Lake","name_en":"Red"},"geometry":{"type":"Polygon","coordinates":[[[-94.97021,48.03203],[-94.7832,47.96963],[-94.77715,47.93628],[-94.79185,47.90967],[-94.89692,47.89209],[-95.11084,47.88926],[-95.24819,47.90732],[-95.2709,47.94238],[-95.25132,47.98887],[-95.18711,48.0334],[-95.08643,48.06514],[-95.01079,48.05972],[-94.97021,48.03203]]]}},{"type":"Feature","properties":{"name":"Upper Red Lake","name_en":"Red"},"geometry":{"type":"Polygon","coordinates":[[[-94.97476,48.15156],[-94.69023,48.20332],[-94.61211,48.19907],[-94.56104,48.17817],[-94.5582,48.14058],[-94.60024,48.10645],[-94.74971,48.06636],[-95.00806,48.07246],[-95.03071,48.09429],[-95.02041,48.12476],[-94.97476,48.15156]]]}},{"type":"Feature","properties":{"name":"Yathkyed Lake","name_en":"Yathkyed"},"geometry":{"type":"Polygon","coordinates":[[[-97.9687,62.54849],[-98.13164,62.66382],[-98.20576,62.6897],[-98.3147,62.61821],[-98.34966,62.61563],[-98.3564,62.70762],[-98.41875,62.76216],[-98.4583,62.82852],[-98.20747,62.80981],[-98.19356,62.85063],[-98.09868,62.84214],[-97.98286,62.8644],[-97.76416,62.86401],[-97.71377,62.89053],[-97.67998,62.94717],[-97.63018,62.9793],[-97.61694,62.96709],[-97.61787,62.92412],[-97.66226,62.86397],[-97.6127,62.66265],[-97.51807,62.60327],[-97.50859,62.56811],[-97.4272,62.50244],[-97.36016,62.48438],[-97.34873,62.50801],[-97.30864,62.48501],[-97.31826,62.46123],[-97.37715,62.43232],[-97.44492,62.42153],[-97.70249,62.50698],[-97.84243,62.50005],[-97.91328,62.45889],[-98.04815,62.527],[-97.9687,62.54849]]]}},{"type":"Feature","properties":{"name":"Amadjuak Lake","name_en":"Amadjuak"},"geometry":{"type":"Polygon","coordinates":[[[-70.63691,64.71074],[-70.8041,64.77378],[-70.91709,64.79243],[-70.99946,64.78662],[-71.05239,64.76777],[-71.09668,64.70674],[-71.22451,64.64311],[-71.56289,64.61265],[-71.65703,64.63228],[-71.89893,64.72822],[-71.91855,64.75127],[-71.8981,64.77773],[-71.98169,64.83496],[-72.01875,64.88887],[-72.05322,64.9103],[-71.95615,64.94751],[-71.96265,64.91279],[-71.81851,64.90957],[-71.87231,64.87339],[-71.87314,64.84375],[-71.74766,64.81943],[-71.70845,64.82891],[-71.7502,64.8606],[-71.51172,64.90557],[-71.504,64.92095],[-71.53428,64.94668],[-71.63848,64.98491],[-71.62422,65.01645],[-71.55464,65.05112],[-71.546,65.08159],[-71.57031,65.12896],[-71.69067,65.24204],[-71.66533,65.3081],[-71.76494,65.39678],[-71.73711,65.40771],[-71.54233,65.3105],[-71.48271,65.28931],[-71.29971,65.26626],[-71.23149,65.21089],[-70.77109,65.07017],[-70.69453,65.02397],[-70.6481,64.95903],[-70.6334,64.90762],[-70.38408,64.71719],[-70.37783,64.70747],[-70.48032,64.66411],[-70.46709,64.62144],[-70.38501,64.58975],[-70.41631,64.58145],[-70.72051,64.62192],[-70.729,64.63916],[-70.64736,64.68618],[-70.63691,64.71074]]]}},{"type":"Feature","properties":{"name":"Amistad Reservoir","name_en":"Amistad"},"geometry":{"type":"Polygon","coordinates":[[[-100.92012,29.49507],[-101.03862,29.4603],[-101.09976,29.45835],[-101.23296,29.50254],[-101.27202,29.4979],[-101.28662,29.50596],[-101.26074,29.56245],[-101.28037,29.58467],[-101.30195,29.58398],[-101.31006,29.62202],[-101.27515,29.64756],[-101.07212,29.51006],[-101.00444,29.54805],[-100.99258,29.53516],[-100.95068,29.6104],[-100.95132,29.529],[-100.92012,29.49507]]]}},{"type":"Feature","properties":{"name":"Cabonga Reservoir","name_en":"Cabonga"},"geometry":{"type":"Polygon","coordinates":[[[-76.47895,47.13843],[-76.35894,47.11924],[-76.32685,47.10229],[-76.33145,47.08315],[-76.39253,47.05596],[-76.44268,47.06387],[-76.5353,47.10913],[-76.55264,47.121],[-76.60273,47.24141],[-76.65073,47.27837],[-76.66802,47.26621],[-76.63857,47.18491],[-76.66885,47.19985],[-76.70723,47.24214],[-76.7146,47.31089],[-76.74141,47.35459],[-76.7814,47.35737],[-76.78867,47.38506],[-76.76738,47.44941],[-76.77905,47.47637],[-76.82275,47.49771],[-76.81934,47.51738],[-76.52231,47.69082],[-76.51616,47.67305],[-76.69902,47.57036],[-76.72163,47.53965],[-76.71484,47.52417],[-76.60518,47.57222],[-76.6334,47.5102],[-76.45898,47.47554],[-76.40776,47.44604],[-76.42246,47.40019],[-76.47495,47.3314],[-76.5168,47.20083],[-76.51152,47.17051],[-76.47895,47.13843]]]}},{"type":"Feature","properties":{"name":"Lago de Chapala","name_en":"Chapala"},"geometry":{"type":"Polygon","coordinates":[[[-102.70029,20.18164],[-102.74438,20.13901],[-102.78574,20.12388],[-103.00781,20.1835],[-103.17041,20.17891],[-103.34038,20.23135],[-103.37212,20.26016],[-103.00205,20.32856],[-102.89385,20.31855],[-102.76963,20.19839],[-102.70029,20.18164]]]}},{"type":"Feature","properties":{"name":"Lake Manitoba","name_en":"Manitoba"},"geometry":{"type":"Polygon","coordinates":[[[-98.01582,50.30415],[-98.15059,50.24033],[-98.33008,50.20176],[-98.45459,50.21099],[-98.51929,50.24204],[-98.55146,50.28711],[-98.54858,50.42129],[-98.60796,50.56758],[-98.81475,50.86401],[-98.85322,50.94551],[-98.94087,51.00762],[-99.00649,51.11392],[-99.0082,51.1395],[-98.98828,51.1523],[-98.8812,51.03686],[-98.84722,51.03911],[-98.82944,51.07192],[-98.83608,51.09976],[-98.8564,51.10913],[-98.89687,51.18814],[-98.95288,51.20205],[-99.02603,51.26719],[-99.07725,51.3394],[-99.16255,51.54346],[-99.25757,51.5626],[-99.31953,51.61699],[-99.36978,51.63535],[-99.42554,51.62705],[-99.52661,51.54624],[-99.54155,51.57812],[-99.54536,51.71372],[-99.49102,51.75762],[-99.39004,51.78115],[-99.33774,51.75884],[-99.21733,51.63618],[-99.16592,51.67539],[-99.1773,51.76245],[-99.16626,51.77666],[-99.06396,51.68643],[-98.99898,51.5106],[-98.91821,51.39526],[-98.90127,51.42803],[-98.91055,51.51274],[-98.97168,51.67549],[-98.89375,51.70894],[-98.83276,51.68433],[-98.75752,51.58779],[-98.7522,51.55215],[-98.77939,51.46567],[-98.77754,51.41006],[-98.75386,51.36279],[-98.59145,51.26904],[-98.57183,51.24326],[-98.66909,51.10371],[-98.71821,51.08784],[-98.7605,50.99497],[-98.74038,50.93467],[-98.72021,50.91167],[-98.5002,50.85996],[-98.41011,50.82334],[-98.17354,50.6604],[-97.97119,50.47007],[-97.95078,50.41992],[-97.95918,50.35723],[-98.01582,50.30415]]]}},{"type":"Feature","properties":{"name":"Lake Winnipegosis","name_en":"Winnipegosis"},"geometry":{"type":"Polygon","coordinates":[[[-99.77481,51.58955],[-99.93511,51.71748],[-99.95044,51.76294],[-99.89878,51.84087],[-99.95342,51.99932],[-99.98413,52.04033],[-99.99976,52.04438],[-100.00542,52.01572],[-99.98438,51.81231],[-100.01099,51.73076],[-100.02544,51.72729],[-100.04917,51.75552],[-100.11343,51.89072],[-100.15923,52.11592],[-100.16504,52.25425],[-100.13628,52.35127],[-100.02676,52.46387],[-99.99233,52.5665],[-100.04526,52.64854],[-100.0624,52.76279],[-100.09565,52.79551],[-100.24126,52.86484],[-100.2917,52.85898],[-100.34287,52.80703],[-100.27866,52.78179],[-100.24219,52.63984],[-100.27515,52.62329],[-100.33921,52.67163],[-100.35825,52.71299],[-100.41753,52.77295],[-100.45317,52.95303],[-100.59951,52.99805],[-100.66543,52.98018],[-100.6668,52.95938],[-100.62114,52.88599],[-100.67798,52.77842],[-100.74624,52.75166],[-100.82344,52.75298],[-100.83935,52.7668],[-100.83311,52.81255],[-100.9146,52.8144],[-100.99253,52.88037],[-100.99394,52.98672],[-101.10176,53.08081],[-101.09072,53.10015],[-100.96372,53.14731],[-100.89517,53.09849],[-100.72554,53.0978],[-100.64399,53.11514],[-100.54346,53.17046],[-100.51499,53.17114],[-100.33462,53.10708],[-99.84351,52.97461],[-99.75679,52.91343],[-99.68486,52.9103],[-99.70493,52.81191],[-99.66187,52.60981],[-99.67549,52.47295],[-99.83892,52.24302],[-99.80894,52.09458],[-99.74443,52.00469],[-99.75557,51.93857],[-99.79756,51.87578],[-99.80273,51.83018],[-99.7812,51.76108],[-99.74604,51.75215],[-99.66592,51.85366],[-99.64692,51.84248],[-99.64243,51.72012],[-99.62002,51.65098],[-99.64453,51.6166],[-99.77481,51.58955]]]}},{"type":"Feature","properties":{"name":"R\u00e9servoir Manicouagan","name_en":"Manicouagan"},"geometry":{"type":"Polygon","coordinates":[[[-68.25513,51.39854],[-68.20444,51.30581],[-68.22275,51.26504],[-68.35229,51.14898],[-68.44717,51.12022],[-68.64219,50.99072],[-68.7398,50.71597],[-68.74277,50.92158],[-68.78218,51.00386],[-68.86812,51.0939],[-69.14844,51.27432],[-69.17563,51.32373],[-69.13359,51.51831],[-69.15479,51.58013],[-69.2498,51.68223],[-69.23247,51.69951],[-69.13828,51.6563],[-69.11787,51.66055],[-69.09902,51.70884],[-69.09155,51.81328],[-69.06299,51.83804],[-69.04268,51.67549],[-69.01045,51.6333],[-68.93481,51.64839],[-68.85596,51.7206],[-68.80752,51.68301],[-68.69961,51.69141],[-68.63599,51.70981],[-68.59609,51.75644],[-68.53496,51.75523],[-68.45688,51.88281],[-68.42876,51.85884],[-68.4834,51.702],[-68.46113,51.67236],[-68.31875,51.64175],[-68.20649,51.70693],[-68.19658,51.69214],[-68.26899,51.61514],[-68.26733,51.57236],[-68.29092,51.53662],[-68.25127,51.46548],[-68.25513,51.39854]],[[-68.58003,51.45679],[-68.56235,51.48042],[-68.5394,51.47324],[-68.47295,51.40156],[-68.39136,51.36763],[-68.40454,51.53189],[-68.48647,51.59106],[-68.60547,51.63057],[-68.72148,51.63223],[-68.84414,51.60005],[-69.05449,51.47207],[-69.10147,51.41025],[-69.09155,51.36826],[-69.01465,51.27959],[-68.8647,51.1981],[-68.6831,51.15625],[-68.59624,51.16782],[-68.53711,51.19985],[-68.46792,51.21367],[-68.39951,51.25649],[-68.40342,51.28496],[-68.53833,51.39287],[-68.58003,51.45679]]]}},{"type":"Feature","properties":{"name":"Churchill Lake","name_en":"Churchill"},"geometry":{"type":"Polygon","coordinates":[[[-108.63428,56.48774],[-108.69199,56.4897],[-108.71499,56.52134],[-108.7356,56.66772],[-108.85898,56.70879],[-108.87007,56.74766],[-108.83735,56.78403],[-108.76465,56.81309],[-108.70278,56.7915],[-108.63447,56.71489],[-108.49453,56.69263],[-108.42471,56.62905],[-108.41152,56.4644],[-108.32402,56.44058],[-108.13398,56.42617],[-108.07437,56.38227],[-108.11065,56.30786],[-108.1894,56.27105],[-108.17422,56.23374],[-108.17935,56.14297],[-108.12217,56.06279],[-108.13545,56.03784],[-108.17822,56.01494],[-108.29966,55.85791],[-108.48638,55.7645],[-108.57207,55.69751],[-108.60479,55.64844],[-108.59751,55.58486],[-108.62656,55.55215],[-108.66475,55.56851],[-108.68652,55.62847],[-108.68814,55.74922],[-108.71631,55.8416],[-108.75913,55.90322],[-108.91802,55.9331],[-109.03359,55.93008],[-109.10019,55.98081],[-109.15786,56.06802],[-109.13711,56.10811],[-109.08643,56.12207],[-108.87476,56.07954],[-108.67148,55.97876],[-108.59951,55.84824],[-108.51963,55.87886],[-108.46699,55.93584],[-108.46685,56.03291],[-108.43272,56.10415],[-108.2728,56.19062],[-108.26846,56.24439],[-108.31455,56.29033],[-108.37637,56.28501],[-108.48872,56.32891],[-108.53936,56.36616],[-108.53027,56.47876],[-108.56118,56.50967],[-108.63428,56.48774]]]}},{"type":"Feature","properties":{},"geometry":{"type":"Polygon","coordinates":[[[-105.04194,21.7958],[-105.06333,21.80864],[-105.04155,21.80117],[-105.04194,21.7958]]]}},{"type":"Feature","properties":{"name":"Lake Mead","name_en":"Mead"},"geometry":{"type":"Polygon","coordinates":[[[-113.67036,35.84268],[-113.79453,36.00952],[-113.98857,36.16475],[-114.03901,36.16348],[-114.1104,36.03203],[-114.20845,36.00566],[-114.29404,36.02988],[-114.32114,36.07646],[-114.3727,36.1001],[-114.45088,36.0793],[-114.50386,36.10615],[-114.64038,36.10601],[-114.71421,36.02373],[-114.74136,36.01353],[-114.76856,36.01987],[-114.81191,36.07456],[-114.81616,36.12148],[-114.51196,36.1939],[-114.43154,36.23716],[-114.38682,36.48271],[-114.36367,36.5145],[-114.33643,36.51924],[-114.33457,36.44385],[-114.37031,36.20923],[-114.29512,36.1104],[-114.22588,36.04971],[-114.15933,36.07681],[-114.02988,36.24468],[-113.99634,36.24365],[-113.77749,36.04814],[-113.69883,35.95776],[-113.63286,35.85947],[-113.63569,35.83086],[-113.67036,35.84268]]]}},{"type":"Feature","properties":{"name":"Lake Powell","name_en":"Powell"},"geometry":{"type":"Polygon","coordinates":[[[-110.36641,37.87114],[-110.40586,37.81016],[-110.4334,37.71108],[-110.67349,37.4502],[-110.69663,37.39297],[-110.83564,37.22461],[-110.79224,37.19316],[-110.64985,37.2083],[-110.67622,37.17505],[-110.7918,37.16997],[-110.99556,37.11431],[-111.11211,37.07627],[-111.18852,37.0229],[-111.30698,37.01572],[-111.45547,36.91851],[-111.47344,36.93213],[-111.53008,37.02925],[-111.43857,37.05898],[-111.33921,37.06221],[-111.25586,37.14629],[-111.21084,37.11875],[-111.16333,37.16494],[-111.07261,37.13853],[-110.9626,37.15078],[-110.88711,37.26357],[-110.85845,37.33472],[-110.79888,37.35195],[-110.73623,37.43066],[-110.75542,37.52573],[-110.68144,37.53086],[-110.59619,37.59228],[-110.44712,37.7686],[-110.4352,37.87139],[-110.40376,37.90625],[-110.36758,37.8979],[-110.36641,37.87114]]]}},{"type":"Feature","properties":{"name":"Southern Indian Lake","name_en":"Southern Indian"},"geometry":{"type":"Polygon","coordinates":[[[-98.20112,57.40547],[-97.99492,57.38716],[-98.10869,57.31709],[-98.2502,57.11191],[-98.56118,57.06079],[-98.85459,56.84082],[-98.93921,56.84077],[-99.0021,56.86245],[-99.06797,56.84614],[-99.21821,56.73569],[-99.47041,56.73301],[-99.55273,56.71084],[-99.54854,56.65391],[-99.5709,56.64136],[-99.64268,56.68096],[-99.68608,56.73042],[-99.66333,56.75337],[-99.54605,56.77588],[-99.40723,56.90269],[-99.37832,56.95977],[-99.32852,56.98765],[-99.22578,56.95137],[-99.15547,56.95576],[-99.12446,57.00464],[-99.01455,57.08472],[-99.01055,57.05029],[-99.03677,56.97451],[-99.0064,56.9269],[-98.90464,56.9248],[-98.87329,56.94609],[-98.88003,57.00391],[-98.85737,57.05972],[-98.77471,57.07256],[-98.69526,57.11724],[-98.65098,57.2189],[-98.66812,57.26177],[-98.63213,57.27573],[-98.54185,57.2749],[-98.50835,57.29932],[-98.53657,57.4564],[-98.59321,57.52881],[-98.59595,57.58535],[-98.55591,57.61104],[-98.52769,57.54302],[-98.47168,57.54883],[-98.29346,57.63784],[-98.20596,57.65352],[-98.22402,57.58018],[-98.29458,57.49321],[-98.20112,57.40547]]]}},{"type":"Feature","properties":{"name":"Lake Abitibi","name_en":"Abitibi"},"geometry":{"type":"Polygon","coordinates":[[[-80.18022,48.81211],[-80.10547,48.91274],[-79.95205,48.93472],[-79.88906,48.92422],[-79.83633,48.87471],[-79.85728,48.80669],[-79.85459,48.7646],[-79.83242,48.72978],[-79.70078,48.72305],[-79.65391,48.73857],[-79.57642,48.79717],[-79.4126,48.71465],[-79.25918,48.68955],[-79.24805,48.66548],[-79.25654,48.59883],[-79.22627,48.47222],[-79.24688,48.4561],[-79.31323,48.45249],[-79.29497,48.57764],[-79.29722,48.6083],[-79.31934,48.6311],[-79.43867,48.64824],[-79.47769,48.64175],[-79.48545,48.61826],[-79.51055,48.61294],[-79.70059,48.64102],[-79.86728,48.63345],[-79.97202,48.69858],[-80.06035,48.7831],[-80.09131,48.77461],[-80.18022,48.81211]]]}},{"type":"Feature","properties":{"name":"Fort Peck Lake","name_en":"Fort Peck"},"geometry":{"type":"Polygon","coordinates":[[[-106.21719,47.58545],[-106.26856,47.54814],[-106.25132,47.64399],[-106.33589,47.78486],[-106.38438,47.8479],[-106.41982,47.87583],[-106.45395,47.8792],[-106.52051,47.82783],[-106.55581,47.74951],[-106.81333,47.71553],[-106.83779,47.69356],[-106.8625,47.6313],[-106.90566,47.67183],[-106.99268,47.6439],[-107.01543,47.64487],[-107.02959,47.66567],[-107.30615,47.68496],[-107.42886,47.63462],[-107.61221,47.62339],[-107.84614,47.46777],[-107.91138,47.39043],[-107.92378,47.40703],[-107.91611,47.50889],[-107.94883,47.55796],[-108.04439,47.58037],[-108.17007,47.58379],[-108.19634,47.60161],[-108.04521,47.61397],[-107.95937,47.60142],[-107.8894,47.53769],[-107.84121,47.52612],[-107.68501,47.64619],[-107.68789,47.67139],[-107.71382,47.6876],[-107.45508,47.6624],[-107.38018,47.71577],[-107.33579,47.72798],[-106.92954,47.725],[-106.9331,47.76387],[-106.76924,47.78828],[-106.59619,47.85952],[-106.56582,47.90747],[-106.58994,47.95815],[-106.43281,48.02715],[-106.36641,48.0147],[-106.32524,47.98506],[-106.3312,47.94956],[-106.35791,47.92524],[-106.34473,47.87881],[-106.25332,47.81475],[-106.26729,47.79346],[-106.2167,47.62837],[-106.21719,47.58545]]]}},{"type":"Feature","properties":{"name":"Lake Oahe","name_en":"Oahe"},"geometry":{"type":"Polygon","coordinates":[[[-100.28877,45.01704],[-100.37026,44.98833],[-100.3918,44.8957],[-100.47612,44.79399],[-100.53247,44.7625],[-100.57319,44.75273],[-100.62529,44.76699],[-100.63584,44.75015],[-100.59536,44.60098],[-100.55947,44.58398],[-100.51558,44.59263],[-100.48765,44.57349],[-100.504,44.52217],[-100.47725,44.49873],[-100.41836,44.49219],[-100.39736,44.47017],[-100.38765,44.45088],[-100.41162,44.41865],[-100.47813,44.44311],[-100.56704,44.446],[-100.60977,44.47046],[-100.6374,44.50298],[-100.61978,44.53135],[-100.67139,44.6271],[-100.68184,44.71416],[-100.72422,44.73188],[-100.84785,44.76367],[-101.18818,44.72695],[-101.1582,44.74663],[-100.99517,44.77695],[-100.95952,44.81763],[-100.80547,44.83433],[-100.76685,44.85034],[-100.77788,44.88218],[-100.66982,44.86719],[-100.55879,44.81055],[-100.50049,44.87031],[-100.45708,44.87173],[-100.44141,44.89736],[-100.44678,44.99932],[-100.34687,45.10151],[-100.33457,45.15713],[-100.31675,45.25972],[-100.34521,45.30459],[-100.40703,45.34824],[-100.61221,45.35488],[-100.52817,45.37695],[-100.3438,45.39014],[-100.35459,45.42241],[-100.43398,45.50381],[-100.6373,45.66231],[-100.53096,45.63647],[-100.4479,45.64448],[-100.39014,45.71011],[-100.41411,45.80772],[-100.65942,46.11958],[-100.66792,46.16167],[-100.61172,46.25005],[-100.59351,46.31372],[-100.60557,46.48853],[-100.63403,46.57993],[-100.76714,46.67256],[-100.78618,46.6957],[-100.77715,46.71377],[-100.71426,46.70532],[-100.58511,46.61724],[-100.52739,46.38647],[-100.57412,46.18735],[-100.55879,46.09624],[-100.49263,45.98794],[-100.43188,45.923],[-100.3769,45.89536],[-100.35044,45.854],[-100.34458,45.68516],[-100.35376,45.64482],[-100.39756,45.61836],[-100.4083,45.56377],[-100.2811,45.42686],[-100.25527,45.2418],[-100.28603,45.08774],[-100.26455,45.07075],[-100.26216,45.04434],[-100.28877,45.01704]]]}},{"type":"Feature","properties":{"name":"Teslin Lake","name_en":"Teslin"},"geometry":{"type":"Polygon","coordinates":[[[-132.12476,59.60381],[-132.21348,59.68828],[-132.31611,59.83491],[-132.39917,59.92178],[-132.61011,60.05],[-132.83423,60.13496],[-132.95786,60.20068],[-133.18726,60.38179],[-133.24482,60.44853],[-133.13784,60.42739],[-132.97983,60.29736],[-132.7978,60.19228],[-132.52173,60.09824],[-132.36362,59.98589],[-132.22998,59.84873],[-132.20234,59.76987],[-132.08887,59.64375],[-132.09541,59.60713],[-132.12476,59.60381]]]}},{"type":"Feature","properties":{"name":"Lower Arrow Lake","name_en":"Arrow Lakes"},"geometry":{"type":"Polygon","coordinates":[[[-117.95679,49.33574],[-118.06265,49.41182],[-118.13945,49.52129],[-118.15566,49.60137],[-118.12793,49.75166],[-118.09248,49.80151],[-118.08413,49.77398],[-118.10874,49.58315],[-118.0875,49.51509],[-118.0478,49.45669],[-117.91133,49.37461],[-117.90713,49.3416],[-117.95679,49.33574]]]}},{"type":"Feature","properties":{"name":"Aylmer Lake","name_en":"Aylmer"},"geometry":{"type":"Polygon","coordinates":[[[-108.08384,64.04492],[-108.25239,64.02197],[-108.45937,63.94541],[-108.66118,63.98848],[-108.74932,64.03594],[-108.85801,64.06514],[-109.11416,64.07554],[-109.39424,64.02036],[-109.57061,64.01816],[-109.63896,64.05122],[-109.36255,64.06582],[-109.15386,64.10415],[-109.02881,64.10337],[-108.63359,64.17012],[-108.59829,64.19458],[-108.62339,64.27637],[-108.60225,64.3313],[-108.54116,64.3875],[-108.46704,64.41348],[-108.43232,64.39771],[-108.43809,64.31362],[-108.41919,64.26665],[-108.36084,64.27754],[-108.2854,64.3168],[-108.24678,64.31567],[-108.26084,64.27666],[-108.35791,64.18135],[-108.33633,64.15561],[-108.26269,64.1418],[-108.25693,64.16021],[-108.18594,64.17695],[-108.10229,64.13691],[-107.94487,64.09385],[-107.93159,64.03643],[-108.08384,64.04492]]]}},{"type":"Feature","properties":{"name":"Clinton-Colden Lake","name_en":"Clinton-Colden"},"geometry":{"type":"Polygon","coordinates":[[[-107.94487,64.09385],[-107.75186,64.07051],[-107.58921,64.11231],[-107.32256,64.13066],[-107.23789,64.09981],[-107.2398,64.02236],[-107.2687,63.98291],[-107.22241,63.92559],[-107.10352,63.92446],[-107.08794,63.91235],[-107.27363,63.77573],[-107.50156,63.78926],[-107.63218,63.87676],[-107.61392,63.93706],[-107.62153,63.96968],[-107.66763,63.9853],[-107.78877,63.98096],[-107.80513,63.9562],[-107.93159,64.03643],[-107.94487,64.09385]]]}},{"type":"Feature","properties":{"name":"Lake Francis Case","name_en":"Francis Case"},"geometry":{"type":"Polygon","coordinates":[[[-99.14658,43.43306],[-98.90459,43.28525],[-98.8314,43.20557],[-98.70649,43.13452],[-98.57085,43.10225],[-98.55967,43.05986],[-98.66563,43.05918],[-98.90019,43.15854],[-98.92993,43.22637],[-99.31523,43.46777],[-99.38257,43.60605],[-99.47085,43.66851],[-99.44067,43.75249],[-99.36533,43.84292],[-99.35244,43.88809],[-99.37398,43.94736],[-99.3644,43.99058],[-99.32227,43.95703],[-99.30288,43.90317],[-99.31523,43.84067],[-99.41055,43.70293],[-99.35,43.64307],[-99.24434,43.47651],[-99.14658,43.43306]]]}},{"type":"Feature","properties":{"name":"Falcon Lake","name_en":"Falcon International"},"geometry":{"type":"Polygon","coordinates":[[[-99.18359,26.75952],[-99.11909,26.74937],[-99.11299,26.72705],[-99.14941,26.65215],[-99.14951,26.59175],[-99.17207,26.56416],[-99.19995,26.56152],[-99.24326,26.58364],[-99.2832,26.75952],[-99.33076,26.80337],[-99.39409,26.79497],[-99.36377,26.82129],[-99.36802,26.88594],[-99.40078,26.9543],[-99.46362,27.02544],[-99.45654,27.05669],[-99.41465,27.04414],[-99.27739,26.92119],[-99.21797,26.91016],[-99.21773,26.80493],[-99.18359,26.75952]]]}},{"type":"Feature","properties":{"name":"Lac \u00cele-\u00e0-la-Crosse","name_en":"\u00cele-\u00e0-la-Crosse"},"geometry":{"type":"Polygon","coordinates":[[[-107.84307,55.30347],[-108.04419,55.50825],[-108.03574,55.5542],[-107.9852,55.57466],[-107.85,55.52793],[-107.80576,55.55254],[-107.85068,55.61807],[-107.85737,55.66065],[-107.80498,55.66465],[-107.7689,55.69751],[-107.76645,55.89414],[-107.73696,55.92119],[-107.66567,55.74424],[-107.73989,55.47954],[-107.74038,55.40835],[-107.79185,55.36694],[-107.7689,55.26738],[-107.78857,55.21089],[-107.84307,55.30347]]]}},{"type":"Feature","properties":{"name":"Wholdaia Lake","name_en":"Wholdaia"},"geometry":{"type":"Polygon","coordinates":[[[-103.73569,60.6418],[-103.93511,60.47686],[-103.94898,60.42148],[-104.1875,60.34121],[-104.15161,60.42534],[-104.13452,60.53335],[-104.33174,60.63306],[-104.39502,60.68481],[-104.46768,60.70312],[-104.49394,60.72612],[-104.39033,60.80903],[-104.34263,60.87051],[-104.37954,60.90127],[-104.42534,60.88496],[-104.44004,60.85195],[-104.50464,60.81836],[-104.58774,60.81348],[-104.63672,60.83462],[-104.64316,60.85557],[-104.52959,60.8603],[-104.4501,60.97275],[-104.44863,61.00122],[-104.41934,61.02202],[-104.33486,61.02627],[-104.21313,60.93794],[-104.22993,60.84634],[-104.21875,60.81377],[-104.14067,60.82583],[-104.13892,60.80459],[-104.21914,60.75713],[-104.21665,60.73848],[-103.85054,60.82378],[-103.76904,60.86592],[-103.74248,60.94507],[-103.71641,60.95181],[-103.64683,60.9022],[-103.66699,60.83486],[-103.81289,60.78491],[-103.96982,60.70718],[-104.08242,60.69282],[-104.13657,60.66753],[-104.12275,60.62446],[-104.04214,60.60176],[-103.93701,60.61387],[-103.87861,60.64116],[-103.85898,60.6772],[-103.81025,60.71045],[-103.74556,60.70098],[-103.73569,60.6418]]]}},{"type":"Feature","properties":{"name":"Tehek Lake","name_en":"Tehek"},"geometry":{"type":"Polygon","coordinates":[[[-95.39019,64.97227],[-95.46309,64.92114],[-95.45937,64.78892],[-95.48706,64.76597],[-95.54951,64.7624],[-95.59263,64.78242],[-95.63648,64.8458],[-95.79878,64.9228],[-95.85791,64.91455],[-95.88086,64.85088],[-95.99268,64.89087],[-96.03208,64.92315],[-96.00322,64.97441],[-95.93135,65.00312],[-95.63208,65.0394],[-95.25,65.03423],[-95.24936,65.00342],[-95.39019,64.97227]]]}},{"type":"Feature","properties":{"name":"R\u00e9servoir de Caniapiscau","name_en":"Caniapiscau"},"geometry":{"type":"Polygon","coordinates":[[[-69.26895,54.04731],[-69.31978,54.02466],[-69.4124,54.03623],[-69.78203,53.94692],[-69.83447,53.94614],[-69.86865,53.95527],[-69.85557,53.97681],[-69.82734,53.99912],[-69.70342,54.03789],[-69.70679,54.06919],[-69.9834,54.13901],[-70.129,54.11016],[-70.14092,54.12895],[-70.01099,54.2231],[-69.87891,54.2606],[-69.86875,54.28926],[-69.88037,54.31074],[-70.08188,54.34263],[-70.04077,54.37192],[-69.971,54.36489],[-69.90088,54.3793],[-69.85815,54.36846],[-69.79273,54.28262],[-69.68247,54.26787],[-69.68672,54.2396],[-69.66357,54.21035],[-69.704,54.17227],[-69.69731,54.15269],[-69.58779,54.10664],[-69.47686,54.09248],[-69.40635,54.12139],[-69.26895,54.04731]]]}},{"type":"Feature","properties":{"name_en":"Bermen"},"geometry":{"type":"Polygon","coordinates":[[[-68.70459,53.77451],[-68.72612,53.68897],[-68.70698,53.60986],[-68.71553,53.58257],[-68.77725,53.57729],[-68.85317,53.5938],[-68.86943,53.57588],[-68.86909,53.52329],[-68.90039,53.48325],[-69.05518,53.42769],[-69.08496,53.44424],[-68.94673,53.60908],[-68.82695,53.67573],[-68.83691,53.71709],[-68.86572,53.73677],[-68.85039,53.75488],[-68.78066,53.77495],[-68.7666,53.79634],[-68.81367,53.84595],[-68.90723,53.87627],[-69.00762,53.9397],[-69.06084,53.95762],[-69.225,53.94893],[-69.24253,53.96108],[-69.23052,53.97905],[-69.15439,53.99985],[-69.15981,54.02314],[-69.14614,54.03955],[-69.06157,54.00742],[-69.00488,54.0417],[-68.9791,54.01143],[-68.90259,53.98525],[-68.86367,53.952],[-68.84639,53.91055],[-68.68477,53.81206],[-68.67969,53.79839],[-68.70459,53.77451]]]}},{"type":"Feature","properties":{"name_en":"Caniapiscau"},"geometry":{"type":"Polygon","coordinates":[[[-70.27441,54.43594],[-70.41943,54.35869],[-70.49746,54.40708],[-70.51714,54.44072],[-70.42441,54.40996],[-70.2144,54.47939],[-70.09531,54.47275],[-69.96953,54.48999],[-69.93164,54.51577],[-69.91191,54.55205],[-69.91191,54.61694],[-69.92012,54.65444],[-69.95972,54.68447],[-70.0292,54.67622],[-69.9834,54.74155],[-69.93491,54.73242],[-69.90019,54.7043],[-69.86001,54.62173],[-69.83945,54.52461],[-69.77422,54.49189],[-69.76562,54.46611],[-69.88203,54.45625],[-69.94868,54.42529],[-70.01528,54.43848],[-70.27441,54.43594]]]}},{"type":"Feature","properties":{"name":"Kentucky Lake","name_en":"Kentucky"},"geometry":{"type":"Polygon","coordinates":[[[-88.05693,36.66934],[-88.00688,36.4271],[-87.91025,36.18701],[-87.97539,35.94526],[-88.04131,35.94853],[-87.98271,36.09888],[-87.99121,36.23413],[-88.03882,36.30679],[-88.06636,36.31431],[-88.09189,36.26035],[-88.11611,36.29277],[-88.11909,36.35464],[-88.08594,36.44687],[-88.08389,36.55479],[-88.27178,36.95059],[-88.2833,37.02153],[-88.20664,36.9706],[-88.05693,36.66934]]]}},{"type":"Feature","properties":{"name":"J. Strom Thurmond Lake","name_en":"Strom Thurmond"},"geometry":{"type":"Polygon","coordinates":[[[-82.41065,33.9541],[-82.18765,33.6938],[-82.20835,33.66357],[-82.33208,33.67217],[-82.46763,33.64072],[-82.57471,33.64268],[-82.54131,33.66235],[-82.43916,33.67119],[-82.27524,33.72544],[-82.30806,33.77588],[-82.49072,33.8979],[-82.5791,33.86543],[-82.55332,33.93731],[-82.5772,33.9564],[-82.58926,34.01738],[-82.546,34.00854],[-82.44121,33.93838],[-82.41065,33.9541]]]}},{"type":"Feature","properties":{"name":"Kinbasket Lake","name_en":"Kinbasket"},"geometry":{"type":"Polygon","coordinates":[[[-118.28662,52.15854],[-118.18047,52.17808],[-118.21802,52.1294],[-118.36621,52.08999],[-118.39229,52.06929],[-118.49863,52.06929],[-118.52661,52.1021],[-118.55132,52.24126],[-118.6417,52.33188],[-118.75054,52.4041],[-118.89023,52.54878],[-119.12764,52.73857],[-119.05806,52.72744],[-118.40244,52.17236],[-118.28662,52.15854]]]}},{"type":"Feature","properties":{"name":"Lake George","name_en":"George"},"geometry":{"type":"Polygon","coordinates":[[[-81.68286,29.50522],[-81.64004,29.41445],[-81.54028,29.28735],[-81.5292,29.22407],[-81.59546,29.19795],[-81.63955,29.25776],[-81.68389,29.36768],[-81.68286,29.50522]]]}},{"type":"Feature","properties":{"name":"Lake Havasu","name_en":"Havasu"},"geometry":{"type":"Polygon","coordinates":[[[-114.40479,34.48828],[-114.3769,34.5397],[-114.32705,34.47773],[-114.08169,34.31802],[-114.13408,34.24165],[-114.16353,34.25337],[-114.18862,34.31802],[-114.35894,34.43809],[-114.40479,34.48828]]]}},{"type":"Feature","properties":{"name":"Shasta Lake","name_en":"Shasta"},"geometry":{"type":"Polygon","coordinates":[[[-122.24228,40.80586],[-122.22886,40.79341],[-122.11558,40.7998],[-122.09468,40.7835],[-122.10166,40.76626],[-122.15122,40.7458],[-122.24072,40.75435],[-122.4106,40.72144],[-122.42617,40.74375],[-122.39521,40.8291],[-122.36216,40.81958],[-122.35098,40.78408],[-122.30127,40.80376],[-122.25889,40.86069],[-122.23169,40.871],[-122.24228,40.80586]]]}},{"type":"Feature","properties":{"name":"Point Lake","name_en":"Point"},"geometry":{"type":"Polygon","coordinates":[[[-114.18486,65.44585],[-114.44165,65.4771],[-114.38091,65.61587],[-114.39658,65.65713],[-114.22871,65.677],[-114.17334,65.63838],[-114.18286,65.61123],[-114.29815,65.60005],[-114.28721,65.55513],[-114.1689,65.49565],[-113.93696,65.44385],[-113.90986,65.402],[-113.8396,65.36777],[-113.621,65.41636],[-113.51699,65.38511],[-113.40063,65.38164],[-113.27051,65.40073],[-113.11274,65.38516],[-113.1248,65.36084],[-113.22368,65.35562],[-113.31597,65.33227],[-113.31206,65.31831],[-112.67812,65.20342],[-112.21738,65.22549],[-112.22207,65.19224],[-112.30654,65.18281],[-112.34556,65.12842],[-112.24194,64.96558],[-112.28779,64.95166],[-112.31782,64.96016],[-112.45679,65.15264],[-112.64985,65.1603],[-112.9394,65.21269],[-112.99722,65.19551],[-113.32363,65.25977],[-113.50747,65.27227],[-113.78706,65.24399],[-113.94985,65.3353],[-114.0981,65.37817],[-114.18486,65.44585]]]}},{"type":"Feature","properties":{"name":"Upper Klamath Lake","name_en":"Upper Klamath"},"geometry":{"type":"Polygon","coordinates":[[[-121.9478,42.49936],[-121.82769,42.40903],[-121.80938,42.25127],[-121.8415,42.2563],[-121.92202,42.33237],[-121.9206,42.3604],[-121.95684,42.39595],[-122.04214,42.42832],[-122.05952,42.47471],[-121.94136,42.60435],[-121.9478,42.49936]]]}},{"type":"Feature","properties":{"name":"Harney Lake","name_en":"Harney"},"geometry":{"type":"Polygon","coordinates":[[[-119.20537,43.25557],[-119.13252,43.3082],[-119.01929,43.25859],[-119.00522,43.23877],[-119.02339,43.19741],[-119.0813,43.1602],[-119.16313,43.18418],[-119.20537,43.25557]]]}},{"type":"Feature","properties":{"name":"Chiputneticook Lakes","name_en":"Chiputneticook Lakes","admin":"admin-0"},"geometry":{"type":"Polygon","coordinates":[[[-67.60044,45.6373],[-67.53271,45.64253],[-67.48008,45.68306],[-67.44941,45.60708],[-67.5124,45.58935],[-67.62549,45.60225],[-67.77895,45.67012],[-67.86299,45.7396],[-67.78706,45.75898],[-67.70776,45.69209],[-67.60044,45.6373]]]}},{"type":"Feature","properties":{"name":"Aishihik Lake","name_en":"Aishihik"},"geometry":{"type":"Polygon","coordinates":[[[-137.09575,61.45693],[-137.04204,61.31035],[-136.99165,61.27266],[-137.0001,61.2271],[-137.08286,61.29228],[-137.16802,61.4499],[-137.52183,61.63579],[-137.4417,61.65195],[-137.33081,61.61157],[-137.14761,61.50342],[-137.09575,61.45693]]]}},{"type":"Feature","properties":{},"geometry":{"type":"Polygon","coordinates":[[[-155.45342,58.63687],[-155.65483,58.60156],[-155.64648,58.57646],[-155.49629,58.54775],[-155.473,58.53047],[-155.51968,58.5145],[-155.65327,58.51958],[-155.84082,58.59736],[-156.16177,58.60459],[-156.32305,58.6293],[-156.40869,58.69067],[-156.34346,58.70898],[-156.19815,58.71182],[-156.19658,58.72398],[-156.15283,58.7293],[-156.00635,58.68804],[-155.43452,58.6605],[-155.45342,58.63687]]]}},{"type":"Feature","properties":{},"geometry":{"type":"Polygon","coordinates":[[[-163.03057,61.08315],[-163.0022,61.10947],[-162.7126,61.07705],[-162.83818,61.04062],[-163.03057,61.08315]]]}},{"type":"Feature","properties":{"name":"Lake Clark","name_en":"Clark"},"geometry":{"type":"Polygon","coordinates":[[[-154.31182,60.27866],[-154.08882,60.33994],[-153.62656,60.43628],[-153.65928,60.40361],[-154.05576,60.30117],[-154.25991,60.22954],[-154.72021,60.04009],[-154.75215,60.06963],[-154.57285,60.18257],[-154.31182,60.27866]]]}},{"type":"Feature","properties":{},"geometry":{"type":"Polygon","coordinates":[[[-151.14932,60.25312],[-151.0646,60.30479],[-150.89434,60.27207],[-150.65366,60.12144],[-150.68144,60.0478],[-150.71602,60.05181],[-150.83096,60.12778],[-151.02148,60.20562],[-151.16582,60.22656],[-151.14932,60.25312]]]}},{"type":"Feature","properties":{},"geometry":{"type":"Polygon","coordinates":[[[-160.08867,61.34004],[-160.13081,61.35845],[-160.10269,61.40625],[-160.03799,61.42173],[-159.97051,61.40205],[-159.93394,61.36689],[-160.08867,61.34004]]]}},{"type":"Feature","properties":{},"geometry":{"type":"Polygon","coordinates":[[[-162.29707,60.91802],[-162.20405,60.85283],[-162.275,60.82119],[-162.37031,60.82998],[-162.39595,60.89878],[-162.39668,60.95],[-162.36216,60.98999],[-162.30742,60.95098],[-162.29707,60.91802]]]}},{"type":"Feature","properties":{},"geometry":{"type":"Polygon","coordinates":[[[-163.63818,61.5186],[-163.69897,61.47202],[-163.72935,61.52266],[-163.95903,61.61865],[-163.97344,61.64526],[-163.93096,61.64839],[-163.78291,61.60244],[-163.63818,61.5186]]]}},{"type":"Feature","properties":{},"geometry":{"type":"Polygon","coordinates":[[[-163.50029,62.65239],[-163.52354,62.57446],[-163.58223,62.60015],[-163.61894,62.67534],[-163.45571,62.71016],[-163.40986,62.679],[-163.50029,62.65239]]]}},{"type":"Feature","properties":{"name":"Wheeler Lake","name_en":"Wheeler"},"geometry":{"type":"Polygon","coordinates":[[[-87.54214,34.85063],[-87.38281,34.85146],[-87.26763,34.80762],[-87.00606,34.68252],[-86.89853,34.57476],[-86.95869,34.56509],[-87.3231,34.76665],[-87.5125,34.79204],[-87.63677,34.76499],[-87.70044,34.77339],[-87.66108,34.81362],[-87.54214,34.85063]]]}},{"type":"Feature","properties":{},"geometry":{"type":"Polygon","coordinates":[[[-76.55352,51.36401],[-76.56323,51.34448],[-76.75122,51.28823],[-77.02593,51.32871],[-76.90322,51.35464],[-76.81948,51.41577],[-76.6772,51.37344],[-76.55352,51.36401]]]}},{"type":"Feature","properties":{},"geometry":{"type":"Polygon","coordinates":[[[-91.38989,51.07104],[-91.54155,51.0855],[-91.64678,51.15356],[-91.60859,51.16597],[-91.44146,51.16289],[-91.4167,51.14326],[-91.38989,51.07104]]]}},{"type":"Feature","properties":{},"geometry":{"type":"Polygon","coordinates":[[[-91.94951,51.98208],[-91.89536,51.9519],[-91.93174,51.89424],[-91.99121,51.93682],[-91.94951,51.98208]]]}},{"type":"Feature","properties":{},"geometry":{"type":"Polygon","coordinates":[[[-78.54981,51.03374],[-78.81299,51.09736],[-78.82739,51.1523],[-78.61631,51.07715],[-78.54981,51.03374]]]}},{"type":"Feature","properties":{},"geometry":{"type":"Polygon","coordinates":[[[-78.60425,47.6083],[-78.76284,47.57026],[-78.78696,47.59492],[-78.81279,47.6564],[-78.79194,47.69097],[-78.61186,47.68062],[-78.57124,47.65625],[-78.60425,47.6083]]]}},{"type":"Feature","properties":{"name_en":"Dozois"},"geometry":{"type":"Polygon","coordinates":[[[-77.23545,47.54951],[-77.12881,47.56084],[-77.06533,47.5085],[-76.96294,47.50234],[-76.93481,47.48755],[-76.96563,47.44233],[-77.11938,47.47729],[-77.18467,47.4562],[-77.16499,47.38936],[-77.18135,47.36899],[-77.25942,47.34673],[-77.28853,47.38599],[-77.27031,47.46289],[-77.32197,47.57349],[-77.28833,47.61372],[-77.23545,47.54951]]]}},{"type":"Feature","properties":{},"geometry":{"type":"Polygon","coordinates":[[[-108.08462,64.73731],[-108.01582,64.74517],[-107.97915,64.72036],[-108.06323,64.69653],[-108.08965,64.71538],[-108.08462,64.73731]]]}},{"type":"Feature","properties":{},"geometry":{"type":"Polygon","coordinates":[[[-108.18867,64.64634],[-108.48076,64.55864],[-108.5333,64.56206],[-108.49434,64.59751],[-108.24023,64.68398],[-108.18027,64.6856],[-108.18867,64.64634]]]}},{"type":"Feature","properties":{},"geometry":{"type":"Polygon","coordinates":[[[-108.98852,64.61348],[-109.09033,64.58696],[-109.09785,64.65557],[-109.06128,64.68623],[-109.06177,64.72676],[-108.93027,64.70586],[-108.82095,64.55176],[-108.98852,64.61348]]]}},{"type":"Feature","properties":{},"geometry":{"type":"Polygon","coordinates":[[[-109.25088,64.59365],[-109.33979,64.65523],[-109.36231,64.70234],[-109.34707,64.75752],[-109.24033,64.74023],[-109.28398,64.70166],[-109.27202,64.66196],[-109.14946,64.58042],[-109.1605,64.54736],[-109.27295,64.53633],[-109.23545,64.56499],[-109.25088,64.59365]]]}},{"type":"Feature","properties":{},"geometry":{"type":"Polygon","coordinates":[[[-78.87964,71.173],[-78.67144,71.12617],[-78.67114,71.11186],[-78.89609,71.08877],[-79.21103,71.09683],[-79.33935,71.12183],[-79.36675,71.14937],[-79.32603,71.16963],[-79.08955,71.17812],[-78.87964,71.173]]]}},{"type":"Feature","properties":{},"geometry":{"type":"Polygon","coordinates":[[[-104.64565,69.73267],[-104.86206,69.85552],[-104.48247,69.8396],[-104.3583,69.81543],[-104.38818,69.75571],[-104.51138,69.71836],[-104.64565,69.73267]]]}},{"type":"Feature","properties":{},"geometry":{"type":"Polygon","coordinates":[[[-98.30249,67.35029],[-98.22871,67.33213],[-98.42109,67.19204],[-98.49067,67.20625],[-98.54595,67.24268],[-98.55151,67.27178],[-98.48594,67.4209],[-98.43486,67.41392],[-98.30249,67.35029]]]}},{"type":"Feature","properties":{},"geometry":{"type":"Polygon","coordinates":[[[-96.20518,55.27139],[-96.05474,55.28706],[-95.85317,55.3606],[-95.78882,55.40019],[-95.70215,55.40137],[-95.67568,55.36406],[-95.73345,55.30752],[-96.10649,55.21724],[-96.22925,55.21245],[-96.28462,55.2377],[-96.20518,55.27139]]]}},{"type":"Feature","properties":{},"geometry":{"type":"Polygon","coordinates":[[[-102.33623,54.65478],[-102.28716,54.71543],[-102.19717,54.73799],[-102.11606,54.70762],[-102.10581,54.59839],[-102.12778,54.49365],[-102.16899,54.45532],[-102.25601,54.44873],[-102.34023,54.47485],[-102.37827,54.51636],[-102.33623,54.65478]]]}},{"type":"Feature","properties":{},"geometry":{"type":"Polygon","coordinates":[[[-105.72783,54.41416],[-105.71406,54.49248],[-105.68315,54.50898],[-105.56763,54.45947],[-105.55308,54.39043],[-105.56968,54.32744],[-105.67256,54.22231],[-105.70674,54.14981],[-105.71406,54.08604],[-105.75537,54.05513],[-105.80483,54.07783],[-105.8125,54.23408],[-105.72783,54.41416]]]}},{"type":"Feature","properties":{},"geometry":{"type":"Polygon","coordinates":[[[-70.9355,53.48301],[-70.9041,53.45801],[-70.86084,53.45156],[-70.84326,53.427],[-70.8647,53.40684],[-70.98047,53.43091],[-71.12539,53.56533],[-71.1168,53.59077],[-71.0188,53.59565],[-70.9498,53.56499],[-70.9355,53.48301]]]}},{"type":"Feature","properties":{},"geometry":{"type":"Polygon","coordinates":[[[-111.98804,64.69023],[-112.32564,64.85996],[-112.34341,64.89883],[-112.1144,64.84805],[-111.88721,64.70059],[-111.96616,64.63779],[-111.9956,64.65977],[-111.98804,64.69023]]]}},{"type":"Feature","properties":{},"geometry":{"type":"Polygon","coordinates":[[[-83.46797,48.43369],[-83.78125,48.30454],[-83.92515,48.30713],[-83.72109,48.42075],[-83.57251,48.42441],[-83.42925,48.50601],[-83.46797,48.43369]]]}},{"type":"Feature","properties":{},"geometry":{"type":"Polygon","coordinates":[[[-107.05889,55.85508],[-106.94722,55.9208],[-106.89678,55.92739],[-106.88042,55.90835],[-106.98394,55.83208],[-106.97329,55.81504],[-107.00942,55.80557],[-107.06255,55.82002],[-107.05889,55.85508]]]}},{"type":"Feature","properties":{},"geometry":{"type":"Polygon","coordinates":[[[-106.51406,55.63921],[-106.55073,55.66763],[-106.53921,55.68882],[-106.34355,55.75986],[-106.33018,55.7398],[-106.35913,55.69082],[-106.34131,55.66191],[-106.47217,55.63091],[-106.51406,55.63921]]]}},{"type":"Feature","properties":{},"geometry":{"type":"Polygon","coordinates":[[[-102.58018,62.60493],[-102.55142,62.49868],[-102.57627,62.45005],[-102.73662,62.4103],[-102.67705,62.56021],[-102.69214,62.6019],[-102.76899,62.66914],[-102.77363,62.7042],[-102.69414,62.76216],[-102.66035,62.75957],[-102.58018,62.60493]]]}},{"type":"Feature","properties":{},"geometry":{"type":"Polygon","coordinates":[[[-103.46865,61.3853],[-103.47803,61.43115],[-103.45635,61.51313],[-103.3418,61.56182],[-103.2334,61.64204],[-103.2105,61.6769],[-103.14356,61.65303],[-103.19082,61.58818],[-103.29624,61.52056],[-103.39214,61.39487],[-103.44741,61.36563],[-103.46865,61.3853]]]}},{"type":"Feature","properties":{},"geometry":{"type":"Polygon","coordinates":[[[-103.83623,58.60913],[-103.78579,58.69102],[-103.66274,58.70166],[-103.59985,58.66113],[-103.66836,58.54502],[-103.81943,58.58286],[-103.83623,58.60913]]]}},{"type":"Feature","properties":{},"geometry":{"type":"Polygon","coordinates":[[[-69.12251,56.33218],[-69.07695,56.27178],[-68.80781,56.08867],[-68.79507,56.05483],[-69.12119,56.24751],[-69.18892,56.32588],[-69.19526,56.42749],[-69.27363,56.50371],[-69.12754,56.64985],[-69.15347,56.50693],[-69.12251,56.33218]]]}},{"type":"Feature","properties":{},"geometry":{"type":"Polygon","coordinates":[[[-89.08853,66.48345],[-89.07451,66.55586],[-88.96006,66.60723],[-88.79185,66.63296],[-88.81992,66.59556],[-88.92969,66.57685],[-89.08853,66.48345]]]}},{"type":"Feature","properties":{},"geometry":{"type":"Polygon","coordinates":[[[-88.09111,66.60488],[-88.2126,66.58149],[-88.28418,66.63403],[-88.39619,66.65679],[-88.54746,66.6398],[-88.68208,66.57925],[-88.71025,66.59687],[-88.71064,66.63232],[-88.61499,66.71079],[-88.34106,66.70532],[-88.20249,66.63267],[-88.09111,66.60488]]]}}]}