{"type":"FeatureCollection","features":[{"type":"Feature","properties":{"name":"Alberta","name_en":"Alberta","postal":"AB","admin":"Canada"},"geometry":{"type":"Polygon","coordinates":[[[-109.99943,48.99308],[-114.06252,48.99308],[-114.05747,49.03796],[-114.18979,49.16806],[-114.35485,49.21069],[-114.56522,49.39389],[-114.58801,49.42032],[-114.57747,49.54362],[-114.73402,49.5872],[-114.64284,49.7303],[-114.68493,49.93427],[-114.65196,50.01961],[-114.78914,50.35914],[-114.9928,50.54503],[-115.09119,50.58481],[-115.20596,50.55366],[-115.30544,50.63456],[-115.29836,50.6735],[-115.34652,50.72895],[-115.63389,50.85524],[-115.588,50.9092],[-115.61893,50.96232],[-115.79378,51.07042],[-115.99764,51.12954],[-116.04188,51.23],[-116.25031,51.32266],[-116.30995,51.44777],[-116.56735,51.6507],[-116.67403,51.79069],[-116.75819,51.78854],[-116.82992,51.71524],[-116.91278,51.71385],[-117.03706,51.8859],[-117.24457,52.04711],[-117.32014,52.15596],[-117.58732,52.14173],[-117.78777,52.23252],[-117.82182,52.27216],[-117.73464,52.35257],[-117.75762,52.39464],[-118.00199,52.48589],[-118.0601,52.41272],[-118.22102,52.3861],[-118.24668,52.44076],[-118.22503,52.48269],[-118.35026,52.62346],[-118.33021,52.70882],[-118.47692,52.87851],[-118.63071,52.90943],[-118.67836,53.02591],[-118.76636,53.06542],[-118.80367,53.1534],[-118.99255,53.23559],[-119.02211,53.13944],[-119.26106,53.20949],[-119.39976,53.3525],[-119.68011,53.37064],[-119.81961,53.49099],[-119.89384,53.51555],[-119.91823,53.61223],[-119.73483,53.63365],[-119.81157,53.69879],[-119.90443,53.72301],[-120.00102,53.84379],[-120.0,60.00109],[-110.00002,60.00109],[-109.99943,48.99308]]]}},{"type":"Feature","properties":{"name":"British Columbia","name_en":"British Columbia","postal":"BC","admin":"Canada"},"geometry":{"type":"MultiPolygon","coordinates":[[[[-120.0,60.00109],[-120.00102,53.84379],[-119.90443,53.72301],[-119.81157,53.69879],[-119.73483,53.63365],[-119.91823,53.61223],[-119.89384,53.51555],[-119.81961,53.49099],[-119.68011,53.37064],[-119.39976,53.3525],[-119.26106,53.20949],[-119.02211,53.13944],[-118.99255,53.23559],[-118.80367,53.1534],[-118.76636,53.06542],[-118.67836,53.02591],[-118.63071,52.90943],[-118.47692,52.87851],[-118.33021,52.70882],[-118.35026,52.62346],[-118.22503,52.48269],[-118.24668,52.44076],[-118.22102,52.3861],[-118.0601,52.41272],[-118.00199,52.48589],[-117.75762,52.39464],[-117.73464,52.35257],[-117.82182,52.27216],[-117.78777,52.23252],[-117.58732,52.14173],[-117.32014,52.15596],[-117.24457,52.04711],[-117.03706,51.8859],[-116.91278,51.71385],[-116.82992,51.71524],[-116.75819,51.78854],[-116.67403,51.79069],[-116.56735,51.6507],[-116.30995,51.44777],[-116.25031,51.32266],[-116.04188,51.23],[-115.99764,51.12954],[-115.79378,51.07042],[-115.61893,50.96232],[-115.588,50.9092],[-115.63389,50.85524],[-115.34652,50.72895],[-115.29836,50.6735],[-115.30544,50.63456],[-115.20596,50.55366],[-115.09119,50.58481],[-114.9928,50.54503],[-114.78914,50.35914],[-114.65196,50.01961],[-114.68493,49.93427],[-114.64284,49.7303],[-114.73402,49.5872],[-114.57747,49.54362],[-114.58801,49.42032],[-114.56522,49.39389],[-114.35485,49.21069],[-114.18979,49.16806],[-114.05747,49.03796],[-114.06252,48.99308],[-122.78878,48.99303],[-122.92417,49.07468],[-123.00231,49.06088],[-123.0492,48.99303],[-123.08643,48.99303],[-123.11765,49.05633],[-123.07956,49.1306],[-123.18188,49.12951],[-123.19108,49.21953],[-123.22942,49.26051],[-122.94763,49.29327],[-122.87911,49.39895],[-123.01553,49.32216],[-123.27676,49.34396],[-123.18749,49.68033],[-123.325,49.5777],[-123.33564,49.4592],[-123.43698,49.4513],[-123.53057,49.39729],[-123.89184,49.49471],[-124.0286,49.60287],[-124.05379,49.66172],[-123.99261,49.73616],[-123.92277,49.71753],[-123.81719,49.58659],[-123.73905,49.59356],[-123.58248,49.68126],[-123.76267,49.65852],[-123.8744,49.73681],[-123.9038,49.79546],[-123.90427,49.98114],[-123.78466,50.088],[-123.82546,50.14423],[-123.94589,50.18391],[-123.86574,50.07208],[-123.95744,49.99276],[-123.98493,49.87556],[-124.14162,49.79267],[-124.28127,49.7721],[-124.48325,49.80822],[-124.78238,50.0201],[-124.78426,50.07281],[-124.93418,50.25807],[-124.93335,50.29791],[-124.9856,50.35561],[-125.0436,50.36375],[-125.0567,50.41862],[-124.86266,50.6373],[-124.85986,50.8724],[-124.93358,50.81059],[-124.94255,50.6657],[-125.05877,50.51387],[-125.20987,50.4763],[-125.47631,50.49718],[-125.52598,50.53415],[-125.53934,50.64903],[-125.64132,50.46622],[-125.77242,50.50818],[-126.09434,50.49759],[-126.40448,50.52988],[-126.44995,50.54974],[-126.44747,50.58777],[-125.8976,50.6844],[-125.90412,50.70492],[-126.51434,50.67939],[-126.51734,50.72445],[-126.3746,50.83736],[-126.52175,50.86604],[-126.4846,50.9605],[-126.51734,51.05683],[-126.56287,50.96547],[-126.6318,50.91514],[-127.05759,50.86754],[-127.35695,50.94555],[-127.70812,51.15119],[-127.68918,51.34349],[-127.63272,51.4273],[-127.41966,51.60806],[-127.28065,51.6541],[-126.69143,51.70341],[-127.33873,51.70739],[-127.44271,51.67896],[-127.66869,51.47759],[-127.72874,51.50554],[-127.85053,51.67318],[-127.86322,51.82082],[-127.72765,51.99321],[-127.85881,51.99029],[-127.79534,52.19103],[-127.43793,52.35613],[-127.24226,52.3951],[-127.17574,52.31484],[-127.00798,52.29066],[-126.71399,52.0607],[-126.89522,52.22547],[-126.93816,52.30859],[-127.12707,52.37096],[-127.19399,52.45768],[-127.18712,52.53767],[-126.99519,52.65792],[-126.95131,52.72123],[-127.00823,52.84256],[-127.01322,52.71999],[-127.06619,52.65271],[-127.51926,52.35928],[-127.71339,52.31851],[-127.83431,52.251],[-128.10225,51.78841],[-128.19357,51.99827],[-128.35762,52.15888],[-128.03748,52.31815],[-128.05156,52.45334],[-127.94022,52.54516],[-128.03825,52.53116],[-128.27154,52.36301],[-128.27516,52.43551],[-128.13238,52.80582],[-128.05327,52.91068],[-128.36503,52.82577],[-128.45197,52.87662],[-128.52468,53.14068],[-128.65232,53.24383],[-128.86854,53.32811],[-129.08093,53.36726],[-129.17157,53.53358],[-129.11446,53.64112],[-129.02142,53.69214],[-128.85459,53.70455],[-128.90561,53.55932],[-128.54212,53.42067],[-128.47861,53.41028],[-128.35805,53.45982],[-128.13269,53.41777],[-127.92785,53.27471],[-127.95007,53.32982],[-128.20723,53.4832],[-128.51176,53.47656],[-128.67555,53.55462],[-128.75079,53.66085],[-128.76366,53.7469],[-128.71472,53.80999],[-128.53212,53.8581],[-128.7048,53.91862],[-128.89017,53.82976],[-128.95936,53.84147],[-129.20813,53.64158],[-129.25784,53.41798],[-129.4624,53.34656],[-129.56372,53.25148],[-129.82179,53.41276],[-129.91188,53.55135],[-130.07438,53.57565],[-130.26326,53.65414],[-130.33524,53.72391],[-130.23284,53.86743],[-130.08596,53.97578],[-130.0433,54.13354],[-129.79078,54.16579],[-129.62604,54.23025],[-129.89842,54.22635],[-130.08425,54.1814],[-130.29031,54.27039],[-130.39679,54.35166],[-130.43025,54.42102],[-130.35048,54.65532],[-130.21895,54.73025],[-129.89015,55.16464],[-129.56067,55.46254],[-129.70133,55.43858],[-129.79517,55.55956],[-129.83773,55.31911],[-129.87716,55.25063],[-130.04847,55.05726],[-130.0918,55.10774],[-129.99583,55.26407],[-129.98514,55.35885],[-130.09296,55.63185],[-130.08513,55.75169],[-130.0203,55.88077],[-130.01407,55.95054],[-130.05596,56.06524],[-130.09787,56.10929],[-130.21471,56.08284],[-130.41315,56.12252],[-130.4771,56.23057],[-130.64907,56.26367],[-130.74168,56.34083],[-131.08292,56.40482],[-131.57512,56.59882],[-131.82427,56.58999],[-131.83309,56.68481],[-131.886,56.74211],[-131.86616,56.79284],[-132.10428,56.85679],[-132.03152,57.02655],[-132.33799,57.07946],[-132.23216,57.19853],[-133.12042,58.07774],[-133.42258,58.33707],[-133.4011,58.41088],[-133.82074,58.70505],[-134.29699,58.8985],[-134.44076,59.08533],[-134.94377,59.28827],[-135.07131,59.44143],[-135.05103,59.57866],[-135.47594,59.79328],[-135.93464,59.66264],[-136.32183,59.60483],[-136.24713,59.5329],[-136.27798,59.48032],[-136.34785,59.45603],[-136.46634,59.45909],[-136.46673,59.27994],[-136.57874,59.15225],[-136.81327,59.15003],[-137.27756,58.98821],[-137.43858,58.90313],[-137.52088,58.91537],[-137.48416,58.99124],[-137.5933,59.22625],[-138.63226,59.77828],[-138.70546,59.90133],[-139.05652,60.00158],[-120.0,60.00109]]],[[[-130.21851,55.06026],[-130.03655,55.29792],[-130.14652,55.65449],[-130.11198,55.7798],[-130.02508,55.88821],[-130.12252,55.69102],[-130.01787,55.28494],[-130.21409,55.02589],[-130.21851,55.06026]]],[[[-130.20391,54.94704],[-130.34943,54.81456],[-130.53549,54.74875],[-130.57533,54.76968],[-130.21409,55.02589],[-130.20391,54.94704]]],[[[-130.95027,54.47777],[-130.95345,54.54184],[-130.90681,54.6318],[-130.75801,54.61378],[-130.80514,54.5438],[-130.95027,54.47777]]],[[[-132.56405,54.06864],[-132.30337,54.09887],[-132.16609,53.95521],[-132.1551,53.87521],[-132.21451,53.81475],[-132.5741,53.67538],[-132.46441,53.65332],[-132.18696,53.68484],[-132.11402,53.86018],[-132.13441,54.03427],[-131.94083,54.04197],[-131.66764,54.14134],[-131.70255,53.98639],[-131.88915,53.71399],[-131.92807,53.37922],[-132.01132,53.26517],[-132.34729,53.18921],[-132.52046,53.19407],[-132.74753,53.31049],[-132.69257,53.36785],[-132.42501,53.33696],[-132.67017,53.4586],[-132.84501,53.50769],[-133.05224,53.77811],[-133.09794,54.00559],[-133.04839,54.15892],[-132.65552,54.12747],[-132.56405,54.06864]]],[[[-130.23628,53.95856],[-130.38423,53.84395],[-130.62463,53.94141],[-130.6636,53.84757],[-130.70726,53.9215],[-130.6469,53.99128],[-130.448,54.089],[-130.2985,54.03567],[-130.23628,53.95856]]],[[[-129.86855,53.1645],[-129.93439,53.17665],[-130.1514,53.34568],[-130.51756,53.54422],[-130.45198,53.63115],[-130.39483,53.62039],[-129.94475,53.43637],[-129.75484,53.24476],[-129.86855,53.1645]]],[[[-129.17325,53.11076],[-129.27683,53.11092],[-129.32388,53.14214],[-129.31438,53.21231],[-129.2382,53.33008],[-129.17702,53.25915],[-129.17325,53.11076]]],[[[-128.55243,52.93977],[-128.50993,52.51861],[-128.67894,52.28965],[-128.73093,52.35652],[-128.76645,52.59839],[-128.74632,52.76339],[-128.8312,52.6788],[-128.89983,52.67384],[-129.02287,52.75596],[-129.0847,52.82245],[-129.09485,52.89187],[-129.17593,52.96494],[-129.17769,53.0179],[-129.11108,53.09067],[-129.03323,53.27995],[-128.85771,53.22859],[-128.63269,53.11252],[-128.55243,52.93977]]],[[[-131.65232,53.10296],[-131.62217,53.02005],[-131.63467,52.92217],[-131.79526,52.88504],[-131.87969,52.91465],[-131.97178,52.87983],[-131.7273,52.75642],[-131.45523,52.70169],[-131.57282,52.62333],[-131.59059,52.57821],[-131.42996,52.42213],[-131.25974,52.41592],[-131.31993,52.30307],[-131.14264,52.29112],[-131.11615,52.21909],[-131.22155,52.15364],[-131.42187,52.23801],[-131.56204,52.39995],[-132.16511,52.78329],[-132.25812,52.9339],[-132.14493,52.95749],[-132.14376,52.9993],[-132.46868,53.07186],[-132.54679,53.13748],[-132.15389,53.16047],[-131.89313,53.23143],[-131.75374,53.19556],[-131.65232,53.10296]]],[[[-129.32869,52.98421],[-129.40972,53.02374],[-129.51472,53.17939],[-129.45075,53.17469],[-129.34349,53.05278],[-129.32869,52.98421]]],[[[-128.96871,52.46424],[-129.15103,52.60532],[-129.2505,52.72216],[-129.26352,52.80078],[-129.18616,52.79124],[-128.94031,52.60072],[-128.93688,52.51003],[-128.96871,52.46424]]],[[[-128.44538,52.3875],[-128.41252,52.47287],[-128.4398,52.69637],[-128.36487,52.78189],[-128.24728,52.78438],[-128.32377,52.45897],[-128.36878,52.40089],[-128.44538,52.3875]]],[[[-131.04724,51.9597],[-131.10344,52.01388],[-131.09812,52.15062],[-131.01065,52.09527],[-131.04724,51.9597]]],[[[-127.94128,51.45717],[-128.09179,51.51112],[-128.14879,51.62669],[-128.12277,51.66679],[-127.99869,51.70382],[-127.91637,51.58543],[-127.94128,51.45717]]],[[[-126.70094,50.51552],[-125.48207,50.31677],[-125.23318,50.01222],[-124.93464,49.73164],[-124.90462,49.68536],[-124.93067,49.64318],[-124.83062,49.5301],[-124.64285,49.42866],[-123.99581,49.22403],[-123.8545,49.11917],[-123.75228,48.95123],[-123.62658,48.82405],[-123.49703,48.5821],[-123.44306,48.69049],[-123.38988,48.67021],[-123.28379,48.45518],[-123.31066,48.41103],[-123.4459,48.42722],[-123.57315,48.32279],[-123.91692,48.38656],[-124.68938,48.59729],[-125.12073,48.7608],[-125.13569,48.8224],[-124.84966,49.02827],[-124.80023,49.14155],[-124.81263,49.21265],[-124.92736,49.01422],[-125.36273,48.99825],[-125.48944,48.93381],[-125.82854,49.09184],[-125.64426,49.18578],[-125.72803,49.19983],[-125.83544,49.27668],[-125.95164,49.24805],[-125.98383,49.2879],[-125.93541,49.40148],[-126.02031,49.36799],[-126.09984,49.42128],[-126.24361,49.44266],[-126.30448,49.38205],[-126.44453,49.45111],[-126.51915,49.39677],[-126.54855,49.41895],[-126.56372,49.54328],[-126.54191,49.59046],[-126.13408,49.67231],[-126.34758,49.66084],[-126.46276,49.72022],[-126.52524,49.7196],[-126.68312,49.87644],[-126.90331,49.94414],[-126.9771,49.8828],[-127.1143,49.87974],[-127.19588,49.94915],[-127.17962,50.07312],[-127.2498,50.138],[-127.29003,50.07084],[-127.34943,50.05196],[-127.46715,50.16345],[-127.86389,50.12774],[-127.82816,50.2114],[-127.83917,50.29321],[-127.96293,50.34597],[-127.90588,50.44519],[-127.64143,50.47909],[-127.4865,50.40463],[-127.529,50.53676],[-127.46594,50.58311],[-127.75147,50.60735],[-127.73116,50.53573],[-127.8647,50.49888],[-128.05835,50.49847],[-128.26744,50.60926],[-128.34989,50.6966],[-128.34604,50.74424],[-128.24157,50.82816],[-127.91808,50.86054],[-126.70094,50.51552]]],[[[-125.19509,50.04433],[-125.35847,50.31151],[-125.30116,50.41408],[-125.196,50.38974],[-125.07402,50.22065],[-125.18414,50.09712],[-125.19509,50.04433]]],[[[-125.00157,50.02078],[-125.02596,50.1341],[-124.99082,50.21715],[-124.90746,50.08397],[-125.00157,50.02078]]],[[[-126.68042,49.60136],[-126.93855,49.71847],[-126.95127,49.7357],[-126.89685,49.7829],[-126.92584,49.83773],[-126.82608,49.87235],[-126.69812,49.80849],[-126.62819,49.67516],[-126.62578,49.62678],[-126.68042,49.60136]]],[[[-124.13981,49.51034],[-124.4572,49.6342],[-124.64986,49.75836],[-124.54717,49.76492],[-124.42149,49.72777],[-124.30915,49.6673],[-124.13981,49.51034]]],[[[-126.06403,49.26361],[-126.22963,49.29565],[-126.20855,49.37978],[-126.09206,49.35399],[-126.06403,49.26361]]],[[[-123.38481,48.87521],[-123.54103,48.94595],[-123.68924,49.09509],[-123.37792,48.90822],[-123.38481,48.87521]]],[[[-123.47726,48.72876],[-123.51752,48.75015],[-123.58235,48.9258],[-123.46786,48.86741],[-123.48754,48.84572],[-123.42274,48.79335],[-123.4068,48.75606],[-123.47726,48.72876]]]]}},{"type":"Feature","properties":{"name":"Manitoba","name_en":"Manitoba","postal":"MB","admin":"Canada"},"geometry":{"type":"Polygon","coordinates":[[[-88.94849,56.85131],[-91.37845,55.31701],[-93.62022,53.74793],[-95.15383,52.82236],[-95.16204,48.99176],[-101.36727,48.99314],[-102.0011,55.81753],[-102.00165,60.00109],[-94.77189,60.00177],[-94.78827,59.26786],[-94.87025,59.08797],[-94.95735,59.06885],[-94.77617,59.02058],[-94.67339,58.8701],[-94.57918,58.86845],[-94.41924,58.74551],[-94.28705,58.71601],[-94.33222,58.29737],[-94.27215,58.37804],[-94.20892,58.62635],[-94.12319,58.7367],[-93.78003,58.77254],[-93.27813,58.75641],[-93.17875,58.72562],[-93.1002,58.48986],[-92.84177,58.07589],[-92.70167,57.77776],[-92.48965,57.46858],[-92.4328,57.32032],[-92.47835,57.2053],[-92.61411,57.03903],[-92.79815,56.92195],[-92.45631,57.03672],[-92.30335,57.04588],[-92.3557,56.97057],[-92.01802,57.06375],[-91.11129,57.24121],[-90.89745,57.25692],[-90.59219,57.22447],[-89.79084,56.98133],[-88.94849,56.85131]]]}},{"type":"Feature","properties":{"name":"New Brunswick","name_en":"New Brunswick","postal":"NB","admin":"Canada"},"geometry":{"type":"MultiPolygon","coordinates":[[[[-66.10975,45.31662],[-66.02659,45.41759],[-66.18272,45.33522],[-66.10736,45.25693],[-66.14373,45.22761],[-66.43984,45.0959],[-66.51095,45.14334],[-66.87248,45.06727],[-66.9187,45.14562],[-67.08406,45.14397],[-67.24958,45.20078],[-67.31529,45.15383],[-67.36694,45.17378],[-67.47254,45.27589],[-67.42795,45.37795],[-67.49366,45.47407],[-67.41386,45.56559],[-67.48008,45.68306],[-67.60044,45.6373],[-67.8007,45.7555],[-67.76705,45.92699],[-67.80679,47.08281],[-68.2355,47.34595],[-68.35802,47.34453],[-68.3769,47.31615],[-68.82872,47.20332],[-69.00309,47.23645],[-69.05366,47.29458],[-68.62847,47.4207],[-68.42964,47.52819],[-68.37921,47.58899],[-68.37791,47.92938],[-68.11352,47.92938],[-68.11352,47.99857],[-67.61289,47.99857],[-67.57904,47.9395],[-67.36485,47.8548],[-67.30705,47.88723],[-67.05758,47.91858],[-66.95182,47.89945],[-66.92503,47.96351],[-66.84268,47.9979],[-66.63156,48.01107],[-66.42879,48.06697],[-66.0,47.9434],[-66.0,45.24958],[-66.10975,45.31662]]],[[[-66.89704,44.62891],[-66.84471,44.76394],[-66.80217,44.80538],[-66.74543,44.7914],[-66.76248,44.68177],[-66.89704,44.62891]]]]}},{"type":"Feature","properties":{"name":"Newfoundland and Labrador","name_en":"Newfoundland and Labrador","postal":"NL","admin":"Canada"},"geometry":{"type":"Polygon","coordinates":[[[-66.0,52.09134],[-66.09696,52.20953],[-66.27953,52.30081],[-66.34545,52.15485],[-66.43928,52.22912],[-66.4634,52.34133],[-66.39423,52.41783],[-66.42609,52.66087],[-66.30021,52.89688],[-66.38989,52.99198],[-66.46795,53.01863],[-66.52103,52.9585],[-66.61528,52.93155],[-66.68835,52.72689],[-66.81478,52.6865],[-66.95102,52.69831],[-67.06802,52.75492],[-67.05365,52.92003],[-66.9703,53.07299],[-66.94444,53.35514],[-67.07605,53.41741],[-67.16491,53.54304],[-67.47353,53.61332],[-67.47099,53.79646],[-67.75725,54.03365],[-67.73141,54.09992],[-67.51132,54.23618],[-67.60972,54.45164],[-67.60142,54.55279],[-67.53651,54.57267],[-67.28552,54.51856],[-67.23607,54.58566],[-67.15018,54.61667],[-67.14687,54.65304],[-67.19918,54.68209],[-67.41577,54.98377],[-67.43709,55.03622],[-67.40815,55.07178],[-67.30175,55.06372],[-67.16672,54.93748],[-66.86705,54.78098],[-66.72445,54.74797],[-66.65078,54.79857],[-66.74744,55.12915],[-66.72506,55.21319],[-66.79731,55.29383],[-66.77399,55.32825],[-66.2398,55.00837],[-66.0,54.92735],[-66.0,52.09134]]]}},{"type":"Feature","properties":{"name":"Nova Scotia","name_en":"Nova Scotia","postal":"NS","admin":"Canada"},"geometry":{"type":"MultiPolygon","coordinates":[[[[-66.00216,43.7781],[-66.03764,43.74217],[-66.12573,43.81384],[-66.19308,44.14387],[-66.09958,44.3675],[-66.0,44.45407],[-66.00216,43.7781]]],[[[-66.14639,44.43594],[-66.09064,44.50494],[-66.0,44.57278],[-66.0,44.53588],[-66.14639,44.43594]]],[[[-66.32411,44.25729],[-66.2505,44.379],[-66.21038,44.39202],[-66.27378,44.29231],[-66.32411,44.25729]]]]}},{"type":"Feature","properties":{"name":"Northwest Territories","name_en":"Northwest Territories","postal":"NT","admin":"Canada"},"geometry":{"type":"MultiPolygon","coordinates":[[[[-102.00165,60.00109],[-123.81916,60.00109],[-123.87949,60.03972],[-124.01082,60.04613],[-123.99736,60.12656],[-124.18469,60.32097],[-124.22549,60.45277],[-124.40284,60.49409],[-124.59944,60.66213],[-124.61123,60.7012],[-124.50503,60.78849],[-124.5826,60.95282],[-124.80651,60.96106],[-124.85956,60.92414],[-124.88049,60.86032],[-125.15163,60.84435],[-125.3225,60.79239],[-125.89916,60.89023],[-126.00318,60.80879],[-126.16152,60.86588],[-126.22276,60.85585],[-126.23467,60.80895],[-126.29689,60.78451],[-126.52007,60.80032],[-126.66516,60.76234],[-126.85928,60.76942],[-126.9116,60.85959],[-126.94421,61.05245],[-127.09291,61.07051],[-127.02676,61.12647],[-127.02126,61.23675],[-127.07252,61.36964],[-127.1666,61.46452],[-127.29936,61.51216],[-127.60867,61.53286],[-127.80723,61.61875],[-127.99358,61.71122],[-128.04657,61.81338],[-128.20633,61.86527],[-128.40007,62.03373],[-128.56083,62.11691],[-128.81386,62.06381],[-128.90737,62.119],[-129.25471,62.15277],[-129.23283,62.21982],[-129.29337,62.29423],[-129.23929,62.37324],[-129.29631,62.42529],[-129.18945,62.49029],[-129.49026,62.59872],[-129.52535,62.67353],[-129.62001,62.71225],[-129.71867,62.83167],[-129.71394,62.9306],[-129.61177,63.05868],[-129.8275,63.09176],[-129.90568,63.18741],[-130.1336,63.27645],[-130.10167,63.31879],[-129.90532,63.40577],[-129.84494,63.48579],[-129.8878,63.55482],[-130.06304,63.63563],[-130.11068,63.69503],[-130.24357,63.67833],[-130.30261,63.70371],[-130.11792,63.79337],[-130.28256,63.82256],[-130.75773,63.99305],[-130.9297,64.12547],[-130.91332,64.19251],[-131.10672,64.4009],[-131.35877,64.45847],[-131.58591,64.38026],[-131.79681,64.38791],[-131.72901,64.53382],[-131.89321,64.5772],[-132.10627,64.70215],[-132.5881,64.79408],[-132.60113,64.82591],[-132.5048,64.88374],[-132.497,64.95748],[-132.35259,65.05725],[-132.51607,65.09416],[-132.54015,65.17006],[-132.57945,65.18458],[-132.7081,65.16716],[-132.77323,65.20341],[-132.34587,65.44342],[-132.19469,65.59766],[-132.29525,65.71614],[-132.55485,65.85701],[-132.34075,65.95525],[-132.34275,65.97897],[-132.61433,66.02923],[-132.9025,65.91354],[-132.9678,65.93371],[-132.91646,66.00165],[-132.93798,66.02866],[-133.2291,66.00615],[-133.41213,65.95603],[-133.62163,65.97463],[-133.67718,66.09563],[-133.56872,66.17663],[-133.58316,66.2851],[-133.80012,66.32559],[-133.73938,66.43985],[-133.65403,66.45284],[-133.63519,66.56565],[-133.76392,66.65097],[-133.80586,66.73342],[-133.79415,66.81863],[-134.03132,66.94403],[-134.05558,67.00449],[-136.12605,67.0047],[-136.19455,67.03622],[-136.22323,67.08828],[-136.21799,67.18122],[-136.10518,67.30422],[-136.17762,67.42263],[-136.16925,67.51423],[-136.23331,67.60026],[-136.40071,67.6659],[-136.44544,67.74659],[-136.44376,68.89512],[-136.12236,68.8822],[-135.36217,68.69643],[-135.23122,68.69428],[-135.43457,68.84199],[-135.89472,68.9267],[-135.93901,68.97419],[-135.92477,68.99264],[-135.57555,69.02695],[-135.9102,69.11149],[-135.69146,69.31117],[-135.61492,69.29099],[-135.49955,69.33716],[-135.29282,69.30786],[-135.25499,69.32383],[-135.2298,69.42521],[-135.14084,69.4678],[-134.45682,69.47762],[-134.49537,69.57193],[-134.45148,69.66549],[-134.40894,69.68179],[-134.24203,69.66883],[-134.07747,69.55787],[-133.87981,69.50772],[-134.17434,69.25283],[-133.69406,69.36843],[-133.16313,69.4339],[-133.02825,69.50826],[-132.91534,69.62965],[-132.84031,69.65069],[-132.4039,69.65875],[-132.56836,69.69813],[-132.4885,69.73807],[-132.33398,69.75182],[-132.16343,69.70499],[-131.44094,69.91793],[-131.13638,69.9069],[-130.92616,70.05161],[-130.66548,70.12703],[-130.49844,70.14318],[-130.17494,70.0859],[-129.94499,70.09094],[-129.67564,70.19295],[-129.53844,70.10518],[-129.53818,70.07391],[-129.64828,69.99774],[-130.83209,69.65149],[-131.93778,69.53473],[-132.33078,69.30797],[-132.68673,69.25986],[-132.81747,69.20575],[-133.41831,68.84427],[-133.34839,68.76988],[-133.19682,68.73983],[-133.13802,68.7466],[-133.33666,68.83523],[-132.70603,68.81487],[-132.53266,68.87565],[-132.7391,68.92246],[-132.77013,69.01217],[-132.71892,69.07919],[-131.91964,69.29052],[-131.78694,69.37129],[-131.82017,69.40163],[-131.78839,69.43196],[-131.56292,69.46139],[-131.34294,69.4354],[-131.30301,69.4151],[-131.32472,69.3612],[-131.16173,69.45499],[-131.06341,69.45069],[-131.01342,69.42873],[-130.98629,69.3629],[-130.97066,69.20906],[-130.87503,69.32003],[-130.51596,69.56965],[-130.35359,69.6558],[-130.11764,69.72009],[-129.10912,69.88194],[-128.89895,69.96617],[-128.93864,69.87502],[-129.13831,69.83253],[-129.1579,69.80008],[-129.10172,69.71703],[-129.05434,69.70107],[-128.85301,69.75104],[-128.38673,69.96017],[-128.27862,70.10813],[-127.68378,70.26036],[-127.97404,70.29291],[-128.04365,70.32878],[-127.9889,70.36315],[-128.17011,70.41845],[-128.16806,70.47978],[-128.12731,70.52381],[-127.99099,70.57384],[-127.75282,70.51715],[-127.22597,70.29614],[-126.92682,70.06172],[-126.68492,69.77708],[-126.25045,69.54526],[-125.9074,69.41856],[-125.52497,69.35158],[-125.38679,69.3492],[-125.17186,69.42798],[-125.16685,69.47979],[-125.35692,69.62596],[-125.34552,69.66244],[-125.2194,69.73238],[-125.20117,69.82881],[-125.0796,69.81783],[-124.76791,69.99002],[-124.9904,70.02663],[-124.55503,70.15122],[-124.44449,70.11061],[-124.47193,69.9185],[-124.40693,69.76742],[-124.12462,69.69001],[-124.13846,69.65319],[-124.48134,69.42517],[-124.42615,69.37944],[-124.33809,69.36483],[-123.5284,69.38935],[-123.36146,69.49664],[-123.21366,69.54149],[-123.11038,69.73812],[-123.02577,69.81],[-122.07006,69.81617],[-121.53111,69.77579],[-120.96243,69.6604],[-120.68185,69.56694],[-120.67795,68.00285],[-112.5039,65.50234],[-110.66947,65.49714],[-109.51638,64.90291],[-109.21511,64.81304],[-108.97293,64.7792],[-101.99914,64.22843],[-102.00165,60.00109]]],[[[-120.29712,72.0],[-120.44316,71.63082],[-120.61932,71.50576],[-121.47216,71.38903],[-121.62218,71.44763],[-121.74936,71.44479],[-122.15662,71.26593],[-122.93655,71.08802],[-123.09566,71.0938],[-123.31474,71.16917],[-123.68185,71.49313],[-124.00778,71.67743],[-125.29666,71.97302],[-125.84531,71.97866],[-125.81967,72.0],[-120.29712,72.0]]],[[[-110.00088,72.0],[-110.00002,70.00115],[-112.50002,70.00115],[-112.49982,69.91155],[-112.64999,69.83445],[-112.87494,69.83336],[-112.88106,70.00136],[-117.05536,70.00218],[-117.0753,69.88901],[-116.6505,69.64981],[-116.85604,69.64968],[-117.12199,69.82586],[-117.1954,70.05407],[-117.16274,70.09249],[-116.55381,70.17504],[-114.59233,70.31245],[-112.6379,70.22523],[-112.18966,70.27561],[-111.78369,70.27292],[-111.63256,70.30883],[-112.11416,70.44687],[-113.75729,70.69072],[-115.9909,70.58628],[-116.32729,70.62375],[-116.99254,70.60365],[-117.58706,70.62954],[-118.26407,70.88831],[-118.37651,70.96771],[-118.2691,71.03473],[-117.81407,71.15845],[-115.89165,71.38179],[-116.04529,71.42308],[-116.04392,71.45429],[-115.98025,71.46928],[-115.47186,71.46582],[-115.30342,71.49372],[-115.58666,71.54641],[-116.78028,71.44416],[-117.93564,71.39208],[-118.18818,71.43596],[-118.22644,71.46711],[-118.14834,71.52571],[-117.8784,71.56085],[-117.74234,71.65935],[-118.58299,71.64901],[-118.8684,71.68678],[-118.98772,71.76425],[-118.99374,71.80303],[-118.98421,71.91308],[-118.9164,72.0],[-110.00088,72.0]]]]}},{"type":"Feature","properties":{"name":"Nunavut","name_en":"Nunavut","postal":"NU","admin":"Canada"},"geometry":{"type":"MultiPolygon","coordinates":[[[[-94.77189,60.00177],[-102.00165,60.00109],[-101.99914,64.22843],[-108.97293,64.7792],[-109.21511,64.81304],[-109.51638,64.90291],[-110.66947,65.49714],[-112.5039,65.50234],[-120.67795,68.00285],[-120.68185,69.56694],[-120.14,69.38057],[-118.86871,69.25717],[-118.09519,69.04291],[-117.22695,68.91342],[-116.05947,68.83698],[-116.24339,68.97408],[-115.93607,68.95812],[-115.80636,68.98664],[-115.4423,68.94091],[-114.62018,68.74612],[-114.21814,68.55204],[-114.09202,68.43541],[-113.96441,68.39908],[-114.02079,68.3065],[-114.09595,68.26679],[-114.76529,68.2702],[-114.85221,68.19527],[-115.12705,68.13201],[-115.18676,68.08419],[-115.16707,68.01854],[-115.4345,67.90237],[-115.13322,67.81917],[-113.8932,67.70688],[-112.50305,67.68194],[-112.23674,67.73111],[-111.57572,67.75684],[-111.19217,67.82258],[-110.99001,67.7908],[-110.37197,67.9542],[-110.21626,67.95401],[-110.07395,67.99293],[-109.93654,67.8879],[-109.83133,67.86584],[-109.63036,67.73272],[-109.22434,67.72977],[-109.03804,67.69117],[-108.94991,67.49397],[-108.85201,67.42198],[-108.71511,67.58283],[-108.61332,67.59805],[-108.49151,67.48333],[-108.34697,67.40343],[-107.98873,67.25642],[-107.90919,67.16257],[-107.99131,67.09518],[-108.22078,67.05061],[-108.49606,67.09229],[-107.76096,66.68371],[-107.48033,66.49178],[-107.25949,66.39854],[-107.71034,66.74006],[-107.746,66.9615],[-107.62619,67.00315],[-107.49922,66.93617],[-107.40209,66.94801],[-107.1565,66.88176],[-107.34786,67.05477],[-107.28316,67.10326],[-107.56749,67.27305],[-107.64407,67.38478],[-107.64988,67.51128],[-107.95405,67.7],[-107.95839,67.8186],[-107.7631,67.90682],[-107.72864,67.95885],[-107.79827,68.03693],[-106.92256,68.11416],[-106.79074,68.14484],[-106.66842,68.21602],[-106.42425,68.20059],[-106.40438,68.31932],[-106.27123,68.3832],[-105.93306,68.44311],[-105.78119,68.52657],[-105.75021,68.5923],[-105.93224,68.63654],[-106.45804,68.51644],[-106.54331,68.46057],[-106.60847,68.35738],[-106.85371,68.38683],[-107.1462,68.3042],[-107.29815,68.29645],[-107.61934,68.33107],[-107.74151,68.28576],[-107.67766,68.20294],[-107.73417,68.17372],[-108.32279,68.15409],[-108.71811,68.29749],[-108.31349,68.61078],[-107.43591,68.68886],[-106.16447,68.91988],[-105.68558,68.82815],[-105.53986,68.71865],[-105.45691,68.57809],[-105.42862,68.45825],[-105.37746,68.41381],[-105.10133,68.29801],[-104.95982,68.31056],[-104.91197,68.25051],[-104.65319,68.23008],[-104.66115,68.14876],[-104.48682,68.06319],[-104.19353,68.03119],[-103.90156,68.04107],[-103.47415,68.11502],[-102.84157,67.85275],[-102.32036,67.73566],[-101.88364,67.74532],[-101.55498,67.69318],[-100.85559,67.79896],[-100.21295,67.8386],[-99.77295,67.81483],[-99.03217,67.71886],[-98.41213,67.80718],[-98.70356,67.96573],[-98.72007,68.04199],[-98.63154,68.07253],[-98.41482,67.98841],[-97.93076,67.71078],[-97.45492,67.61701],[-97.19442,67.6969],[-97.13985,67.79623],[-97.20657,67.85508],[-97.54665,67.96076],[-97.73909,67.97817],[-98.11052,67.90304],[-98.19253,67.92299],[-98.50029,68.11765],[-98.38086,68.13249],[-98.65048,68.36353],[-98.46855,68.38213],[-98.21855,68.31743],[-97.79426,68.38761],[-97.91105,68.44952],[-97.93888,68.51045],[-97.82855,68.53277],[-97.63957,68.48197],[-97.33578,68.47913],[-96.97671,68.25542],[-96.62815,68.2503],[-96.43065,68.31061],[-96.72208,68.03879],[-96.53131,68.06313],[-96.43938,68.15088],[-95.97029,68.24914],[-96.03602,68.15775],[-96.19885,67.71783],[-96.37138,67.55386],[-96.36912,67.50976],[-96.185,67.37557],[-96.14146,67.27184],[-95.71994,67.3168],[-95.69519,67.29873],[-95.77769,67.18463],[-95.557,67.21528],[-95.41593,67.15559],[-95.4189,67.01324],[-95.50222,66.97989],[-95.76867,66.96672],[-96.01953,67.01875],[-96.21557,66.99772],[-96.35045,67.07001],[-96.42253,67.05177],[-96.35952,66.9894],[-95.88531,66.74138],[-95.81327,66.69015],[-95.78753,66.61681],[-95.74314,66.69045],[-96.0161,66.87044],[-96.03687,66.93749],[-95.62503,66.91628],[-95.39965,66.94946],[-95.3541,66.98069],[-95.32108,67.1525],[-95.25875,67.26256],[-95.46337,67.61019],[-95.65049,67.73744],[-95.46071,68.02138],[-95.12587,68.08329],[-94.86102,68.04164],[-94.74442,68.07089],[-93.92775,68.47381],[-93.44892,68.61892],[-93.64397,68.63312],[-93.67619,68.68597],[-93.68146,68.88727],[-93.76574,68.96959],[-93.85246,69.00034],[-93.8961,68.9822],[-93.99157,68.8206],[-94.06487,68.78475],[-94.47834,68.74276],[-94.60042,68.80325],[-94.56257,68.91166],[-94.08363,69.12309],[-94.25538,69.15149],[-94.28494,69.24161],[-94.25473,69.31376],[-93.6195,69.41701],[-93.82044,69.25262],[-93.74854,69.22613],[-93.43098,69.37507],[-93.53708,69.38232],[-93.53227,69.48093],[-93.64978,69.51906],[-94.01529,69.44671],[-94.27078,69.45514],[-94.63385,69.64965],[-94.71271,69.64939],[-94.82253,69.57777],[-95.5876,69.7557],[-95.96494,69.80277],[-96.11909,69.87186],[-96.4924,70.12489],[-96.55136,70.21029],[-96.54562,70.32724],[-96.29771,70.51138],[-96.12273,70.56122],[-95.87864,70.54897],[-95.98819,70.61686],[-95.88634,70.69429],[-96.258,70.6423],[-96.54893,70.80872],[-96.55105,70.88972],[-96.47038,71.06971],[-96.52475,71.12703],[-96.42075,71.17648],[-96.44656,71.23989],[-96.06199,71.41388],[-95.72537,71.32816],[-95.56424,71.33678],[-95.40626,71.49165],[-95.77337,71.51424],[-95.87233,71.57315],[-95.61592,71.68539],[-95.51168,71.7768],[-95.20124,71.90373],[-94.73486,71.98297],[-94.55706,71.97897],[-94.49108,71.91551],[-94.47883,71.84859],[-94.30835,71.76487],[-93.81019,71.76624],[-93.74631,71.7428],[-93.78166,71.67434],[-93.76285,71.63806],[-93.25637,71.46086],[-92.94869,71.26211],[-92.88272,71.06936],[-92.90419,70.91608],[-92.98145,70.85226],[-92.35583,70.63427],[-92.21447,70.49291],[-92.0491,70.38966],[-92.07259,70.31875],[-92.04734,70.30333],[-91.98353,70.28553],[-91.82039,70.34165],[-91.76085,70.32625],[-91.56408,70.17825],[-91.61613,70.14786],[-91.85858,70.13267],[-92.12104,70.16993],[-92.32051,70.23535],[-92.51187,70.10384],[-92.127,70.0845],[-91.9767,70.03867],[-92.88779,69.6682],[-92.31167,69.6729],[-92.23075,69.65337],[-92.25829,69.63431],[-92.2091,69.60329],[-91.91195,69.53126],[-91.72411,69.54563],[-91.38423,69.64945],[-91.20181,69.6448],[-91.15086,69.63714],[-91.43998,69.52571],[-90.66666,69.51552],[-90.41557,69.457],[-90.68396,69.42775],[-90.74854,69.39249],[-90.82213,69.2905],[-90.89228,69.2673],[-91.00498,69.27709],[-91.05774,69.31841],[-91.23721,69.28553],[-90.74476,69.10591],[-90.47902,68.88117],[-90.53896,68.81957],[-90.51018,68.68888],[-90.57364,68.47469],[-90.24776,68.26741],[-90.17444,68.2702],[-89.89771,68.49075],[-89.88422,68.62557],[-89.78309,68.73596],[-89.66662,69.0146],[-89.27956,69.25547],[-89.05673,69.26611],[-88.04133,68.81172],[-87.82776,68.44809],[-87.82791,68.29996],[-87.89269,68.24814],[-87.99095,68.24203],[-88.11116,68.25118],[-88.23523,68.33908],[-88.34695,68.28828],[-88.31384,67.95032],[-88.19591,67.76584],[-87.4991,67.35532],[-87.41795,67.21414],[-87.35939,67.17725],[-87.26625,67.18386],[-86.92393,67.35625],[-86.56081,67.48211],[-86.47554,67.71313],[-86.39803,67.80009],[-85.95258,68.07249],[-85.73109,68.44503],[-85.74489,68.57829],[-85.68977,68.67095],[-85.49109,68.77399],[-85.27507,68.74134],[-84.86758,68.77332],[-85.10666,68.84407],[-85.08338,68.90789],[-84.91607,68.96225],[-84.86221,69.07397],[-85.11353,69.16586],[-85.27546,69.17232],[-85.38677,69.2319],[-85.43191,69.35388],[-85.40222,69.42678],[-85.43723,69.48821],[-85.41597,69.54775],[-85.50242,69.65151],[-85.4461,69.77778],[-85.53482,69.83507],[-85.50736,69.84524],[-85.01982,69.80478],[-84.64512,69.84969],[-84.3188,69.84369],[-83.66536,69.69973],[-82.61836,69.69104],[-82.37419,69.6418],[-82.49569,69.53224],[-82.75484,69.49436],[-82.30985,69.41003],[-82.20815,69.29702],[-82.24676,69.26497],[-82.22756,69.2489],[-81.95179,69.27609],[-81.73216,69.2581],[-81.41229,69.19815],[-81.3216,69.13893],[-81.61145,69.00302],[-81.95163,68.90908],[-81.95794,68.88366],[-81.38091,68.85006],[-81.26351,68.7806],[-81.28154,68.65721],[-81.52686,68.55597],[-81.91484,68.45877],[-82.21017,68.50626],[-82.49871,68.47861],[-82.55268,68.44647],[-82.413,68.3572],[-82.39284,68.3383],[-82.42271,68.29658],[-82.22242,68.14524],[-82.15134,68.13969],[-82.01251,68.19388],[-82.10214,68.0189],[-82.06253,67.92815],[-81.86933,67.80248],[-81.41231,67.59535],[-81.29436,67.49743],[-81.27013,67.45991],[-81.30106,67.35697],[-81.3872,67.18856],[-81.46758,67.06989],[-81.63011,67.002],[-81.92554,66.97473],[-82.19834,66.76466],[-82.64152,66.58751],[-82.94888,66.55082],[-83.29837,66.39215],[-83.52308,66.36876],[-83.5903,66.38784],[-83.65106,66.48462],[-83.99802,66.72853],[-84.20798,66.73634],[-84.36626,66.81112],[-84.27258,66.83923],[-84.53845,66.97281],[-84.84577,67.02872],[-85.04002,66.95607],[-85.11129,66.8909],[-85.01827,66.87209],[-84.85737,66.94067],[-84.63858,66.90233],[-84.22307,66.68249],[-83.79757,66.23847],[-83.90508,66.21177],[-84.32425,66.29066],[-84.4784,66.17932],[-85.09619,66.32536],[-85.44222,66.53734],[-85.60386,66.56824],[-86.06322,66.52039],[-86.70816,66.52307],[-86.7371,66.5109],[-86.68863,66.45749],[-86.747,66.41708],[-86.68511,66.36039],[-86.11309,66.22531],[-86.00084,66.18684],[-85.95873,66.11907],[-86.04285,66.02253],[-87.08108,65.44081],[-87.29146,65.35482],[-87.4529,65.33896],[-87.96998,65.34893],[-88.67246,65.61155],[-88.74393,65.67878],[-89.08776,65.73898],[-89.42036,65.86079],[-89.7494,65.93602],[-89.94401,65.93357],[-89.84775,65.87228],[-89.88969,65.86853],[-90.31627,65.92637],[-91.41152,65.95936],[-91.04111,65.82983],[-91.06492,65.89991],[-90.98346,65.91924],[-89.92406,65.78027],[-89.60042,65.64777],[-89.24173,65.44639],[-88.97405,65.34831],[-88.19779,65.27989],[-87.39195,65.26056],[-87.02755,65.19809],[-87.0027,65.10859],[-87.28051,64.82617],[-87.88502,64.40046],[-87.99756,64.24393],[-88.10562,64.18332],[-88.65303,64.00937],[-88.81772,63.99222],[-89.05962,64.03444],[-89.20065,64.11376],[-89.10765,63.9811],[-89.13155,63.9685],[-89.40353,64.03997],[-89.50093,64.01449],[-89.61582,64.03061],[-89.76381,64.09949],[-89.81131,64.18058],[-90.04166,64.14089],[-90.08002,64.12772],[-89.95357,64.08064],[-89.85572,63.95698],[-90.16819,63.97875],[-90.01344,63.80427],[-90.24529,63.6419],[-90.36885,63.62443],[-90.5964,63.66128],[-90.70683,63.59695],[-90.94566,63.58785],[-91.53881,63.72559],[-91.92601,63.75709],[-91.956,63.77233],[-91.92891,63.81243],[-91.98224,63.82241],[-92.09489,63.78443],[-92.33844,63.78766],[-93.42969,64.02881],[-93.69634,64.14714],[-93.59671,64.04058],[-93.66417,63.94142],[-93.55981,63.8653],[-93.27022,63.84085],[-93.38026,63.90002],[-93.40587,63.94121],[-93.37853,63.9485],[-92.15688,63.69169],[-92.46508,63.55509],[-92.28955,63.563],[-91.84185,63.69756],[-91.33008,63.50682],[-90.97004,63.4428],[-90.74661,63.35159],[-90.71127,63.30404],[-90.69859,63.06386],[-90.77787,62.9716],[-91.1149,62.92158],[-91.44898,62.80405],[-92.03423,62.86345],[-92.36128,62.81937],[-92.37771,62.7724],[-92.30516,62.71168],[-91.95585,62.64476],[-91.93583,62.59241],[-92.00787,62.54052],[-92.2695,62.58698],[-92.5514,62.54673],[-92.59496,62.47009],[-92.76798,62.37997],[-92.76599,62.34994],[-92.62747,62.27904],[-92.52796,62.16843],[-92.86582,62.30623],[-93.20536,62.36493],[-92.98781,62.28591],[-92.90554,62.21512],[-93.06589,62.14975],[-93.01626,62.0927],[-93.07338,62.06055],[-93.34975,62.0298],[-93.36634,62.01456],[-93.27342,61.96108],[-93.33306,61.93291],[-93.58178,61.94206],[-93.49424,61.84692],[-93.31202,61.76729],[-93.70967,61.60254],[-93.91276,61.48146],[-93.94088,61.44364],[-93.88884,61.34403],[-93.94201,61.30799],[-94.08345,61.30365],[-94.04996,61.21128],[-94.0678,61.13887],[-94.5094,60.60452],[-94.5689,60.54199],[-94.67876,60.5377],[-94.7617,60.49822],[-94.64677,60.41641],[-94.77189,60.00177]]],[[[-116.6505,69.64981],[-117.0753,69.88901],[-117.05536,70.00218],[-112.88106,70.00136],[-112.87494,69.83336],[-112.64999,69.83445],[-112.49982,69.91155],[-112.50002,70.00115],[-110.00002,70.00115],[-110.00088,72.0],[-108.35717,72.0],[-108.18822,71.72379],[-107.81284,71.62617],[-107.68727,71.71612],[-107.32928,71.83525],[-107.38179,71.87514],[-107.306,71.89468],[-107.49678,72.0],[-104.89465,72.0],[-104.81032,71.90316],[-104.38592,71.57695],[-104.35579,71.3821],[-104.56307,71.1324],[-104.56958,71.10404],[-104.5148,71.06427],[-104.16687,70.9272],[-103.95347,70.76266],[-103.58458,70.63085],[-103.07719,70.50882],[-103.0012,70.54096],[-103.0828,70.61908],[-103.08859,70.6497],[-103.04957,70.65507],[-102.75047,70.52189],[-101.98984,70.28504],[-101.67632,70.27827],[-101.62682,70.24832],[-101.61844,70.17241],[-101.56243,70.135],[-101.09078,70.13569],[-100.97331,70.02947],[-100.90572,69.81174],[-100.93512,69.71533],[-101.0437,69.66872],[-101.33727,69.71027],[-101.48382,69.85021],[-101.64764,69.69853],[-102.23432,69.84225],[-102.59591,69.71791],[-102.53487,69.62081],[-102.6211,69.55151],[-102.91976,69.56464],[-103.3032,69.6743],[-103.43477,69.66768],[-103.4649,69.64448],[-103.41802,69.61141],[-103.04895,69.47179],[-103.0398,69.3676],[-103.12021,69.20461],[-102.8841,69.34132],[-102.44676,69.4763],[-102.15141,69.48769],[-101.97822,69.42512],[-102.06689,69.33711],[-102.04609,69.25768],[-101.87284,69.23996],[-101.78928,69.18161],[-101.78781,69.13226],[-101.85711,69.02395],[-102.89506,68.82366],[-103.4682,68.80856],[-104.06734,68.86556],[-104.35269,68.92819],[-104.57144,68.87213],[-105.10588,68.92039],[-105.16929,68.95537],[-105.02165,69.0525],[-105.01958,69.08127],[-106.14085,69.16204],[-106.34118,69.22435],[-106.36136,69.38104],[-106.41998,69.41375],[-106.65907,69.43958],[-106.8558,69.34729],[-107.03346,69.18074],[-107.4399,69.00214],[-108.36498,68.93476],[-108.94588,68.75984],[-109.4721,68.67668],[-110.84811,68.5784],[-111.1276,68.58834],[-111.31092,68.54201],[-112.86427,68.47712],[-113.12771,68.49417],[-113.2314,68.53538],[-113.55482,68.76758],[-113.61683,68.83849],[-113.59254,68.95988],[-113.69414,69.19503],[-114.32296,69.26915],[-115.15904,69.26476],[-116.10154,69.33716],[-116.53681,69.43354],[-116.60947,69.51204],[-116.85604,69.64968],[-116.6505,69.64981]]],[[[-86.63817,67.73488],[-86.89253,67.83658],[-86.90843,67.90193],[-86.84704,68.01026],[-86.95981,68.10024],[-86.88484,68.19052],[-86.70209,68.3056],[-86.5699,68.28772],[-86.45198,68.2255],[-86.42112,68.18343],[-86.38245,67.92731],[-86.48966,67.78362],[-86.63817,67.73488]]],[[[-109.32317,67.99088],[-109.49796,68.04701],[-109.46913,68.09801],[-109.34172,68.04585],[-109.32317,67.99088]]],[[[-74.10908,67.78251],[-74.57338,67.82865],[-74.67864,67.90557],[-74.74928,68.01844],[-74.70654,68.06711],[-74.3794,68.09346],[-73.88073,68.02194],[-73.58403,68.01533],[-73.45923,67.98988],[-73.40157,67.8787],[-73.40719,67.79304],[-74.10908,67.78251]]],[[[-109.18362,67.97502],[-108.9705,67.97972],[-108.88606,67.89854],[-108.92017,67.8788],[-109.09623,67.92402],[-109.18362,67.97502]]],[[[-107.95025,67.31821],[-108.15226,67.42943],[-108.12753,67.62859],[-108.04898,67.66489],[-107.99087,67.62213],[-107.98937,67.51355],[-107.89098,67.43723],[-107.95025,67.31821]]],[[[-108.09273,67.00519],[-107.80553,66.9986],[-107.83336,66.92134],[-107.94392,66.85783],[-108.09273,67.00519]]],[[[-83.23786,66.33153],[-82.93134,66.2573],[-83.05989,66.19927],[-83.21393,66.27704],[-83.23786,66.33153]]],[[[-83.59753,65.75748],[-83.26318,65.72327],[-83.23393,65.69655],[-83.38147,65.63],[-83.60655,65.70137],[-83.64951,65.65777],[-83.78755,65.66889],[-83.79819,65.70999],[-83.70192,65.75622],[-83.81358,65.78751],[-84.00851,65.75149],[-84.11825,65.7718],[-84.14323,65.91597],[-84.37014,66.01181],[-84.46739,66.08827],[-84.40716,66.131],[-84.12225,66.07782],[-83.78694,65.9658],[-83.69365,65.8904],[-83.76511,65.83115],[-83.59753,65.75748]]],[[[-84.727,65.5637],[-84.78293,65.57008],[-84.93115,65.68917],[-85.09635,65.7562],[-85.17415,65.94372],[-85.14963,66.0154],[-84.93858,66.00853],[-84.69175,65.79315],[-84.60222,65.63149],[-84.727,65.5637]]],[[[-84.8851,65.24899],[-84.77131,65.30527],[-84.6125,65.4473],[-84.50114,65.45844],[-84.26643,65.36723],[-84.08489,65.21783],[-83.49076,65.13179],[-83.20099,64.95966],[-82.66761,64.78034],[-82.27166,64.72117],[-82.05003,64.64429],[-81.7872,64.42598],[-81.67612,64.21264],[-81.6809,64.14554],[-81.90264,64.03126],[-81.88709,64.0164],[-81.33565,64.07577],[-81.02357,64.03108],[-80.92116,64.10048],[-80.82896,64.08993],[-80.56887,63.93191],[-80.66827,63.90148],[-80.26132,63.80195],[-80.50407,63.67378],[-81.04637,63.46155],[-81.96333,63.66443],[-82.37812,63.70681],[-82.41174,63.73649],[-82.46711,63.92695],[-83.0339,64.02323],[-83.01616,64.12699],[-83.06513,64.15903],[-83.30395,64.14379],[-83.5836,64.05808],[-83.66161,63.87259],[-83.72826,63.81336],[-84.0221,63.65989],[-84.30764,63.58578],[-84.50621,63.39003],[-84.63291,63.30921],[-84.9615,63.19723],[-85.39262,63.11967],[-85.4955,63.13909],[-85.71414,63.65798],[-85.76892,63.70033],[-86.57569,63.66231],[-86.91526,63.56898],[-87.17713,63.59513],[-87.18894,63.67229],[-86.93205,63.90168],[-86.42175,64.05154],[-86.2521,64.13686],[-86.35447,64.37654],[-86.37426,64.56583],[-86.1883,65.01029],[-86.07458,65.53382],[-85.96167,65.70426],[-85.81399,65.83195],[-85.55466,65.91866],[-85.44243,65.84557],[-85.24109,65.79552],[-85.13035,65.69292],[-85.10539,65.62271],[-85.23994,65.51031],[-85.05604,65.4374],[-84.8851,65.24899]]],[[[-77.71406,63.94571],[-77.92883,63.96199],[-77.96599,63.99294],[-77.71081,64.03563],[-77.5636,64.02208],[-77.71406,63.94571]]],[[[-76.78316,63.38404],[-77.05723,63.44977],[-77.36475,63.58831],[-77.13369,63.68206],[-76.76362,63.57357],[-76.65244,63.50356],[-76.67759,63.39396],[-76.78316,63.38404]]],[[[-77.79206,63.42781],[-77.70372,63.43085],[-77.65479,63.39597],[-77.53849,63.28704],[-77.53273,63.23366],[-77.65768,63.16462],[-77.94242,63.11439],[-78.25596,63.23986],[-78.53675,63.42372],[-78.50735,63.45111],[-78.23491,63.48956],[-77.93392,63.47894],[-77.79206,63.42781]]],[[[-81.96058,62.92624],[-81.99018,62.77632],[-82.11375,62.65225],[-82.56826,62.40322],[-83.0158,62.2099],[-83.37682,62.23811],[-83.69886,62.16026],[-83.76096,62.30354],[-83.9124,62.42552],[-83.89927,62.47645],[-83.73906,62.56885],[-83.37641,62.90495],[-83.28944,62.92158],[-82.96576,62.87394],[-82.70642,62.94453],[-82.45972,62.93616],[-82.23477,62.97745],[-82.04762,62.97057],[-81.96058,62.92624]]],[[[-70.40637,62.54484],[-70.76607,62.59685],[-70.83755,62.64811],[-70.85125,62.70434],[-70.98616,62.78779],[-71.13694,62.81591],[-71.22014,62.87391],[-70.83461,62.8401],[-70.44262,62.73379],[-70.26884,62.57809],[-70.40637,62.54484]]],[[[-74.05356,62.60969],[-74.25352,62.622],[-74.62644,62.71277],[-74.56421,62.73328],[-74.10893,62.68031],[-73.98819,62.63607],[-74.05356,62.60969]]],[[[-79.54532,62.4117],[-79.28647,62.24767],[-79.272,62.18599],[-79.32393,62.02605],[-79.66877,61.64446],[-79.81611,61.59464],[-80.26518,61.81819],[-80.26006,62.10906],[-80.0216,62.34297],[-79.86804,62.40436],[-79.54532,62.4117]]],[[[-93.0848,61.8417],[-93.17658,61.89271],[-93.19668,61.91854],[-93.07576,61.93501],[-92.99302,61.88971],[-93.0848,61.8417]]],[[[-78.66888,60.71691],[-78.612,60.77232],[-78.24168,60.81867],[-78.37247,60.7564],[-78.66888,60.71691]]],[[[-68.32409,60.23289],[-68.36526,60.25405],[-68.33825,60.3606],[-68.0876,60.58786],[-67.91419,60.53982],[-67.81885,60.44949],[-67.84425,60.39166],[-67.92231,60.33988],[-68.32409,60.23289]]],[[[-80.16709,59.76385],[-80.04119,59.87014],[-79.89863,59.85314],[-80.06422,59.77083],[-80.16709,59.76385]]],[[[-80.31724,59.62106],[-80.29897,59.67419],[-80.20998,59.72463],[-80.16724,59.70886],[-80.31724,59.62106]]],[[[-69.22086,58.96756],[-69.35282,58.96075],[-69.3032,59.14487],[-69.19518,59.14615],[-69.1938,59.09277],[-69.15521,59.06358],[-69.22086,58.96756]]],[[[-79.73223,57.5075],[-79.77517,57.51447],[-79.80845,57.44244],[-79.83822,57.483],[-79.81086,57.55928],[-79.74257,57.60796],[-79.7135,57.55504],[-79.73223,57.5075]]],[[[-79.89447,56.7571],[-79.94367,56.77676],[-79.9457,56.82692],[-79.86055,56.8635],[-79.82664,56.84309],[-79.83502,56.81602],[-79.89447,56.7571]]],[[[-79.49654,56.66729],[-79.57739,56.64492],[-79.55075,56.73349],[-79.58356,56.78098],[-79.55287,56.79876],[-79.48217,56.7144],[-79.49654,56.66729]]],[[[-78.90665,56.32038],[-79.17548,55.88506],[-79.22782,55.8785],[-79.27363,55.92248],[-79.14227,56.13641],[-79.1423,56.1807],[-79.18214,56.21218],[-79.40742,55.93488],[-79.49509,55.87475],[-79.60573,55.87566],[-79.76474,55.80677],[-79.49744,56.09316],[-79.54472,56.12836],[-79.90457,55.87106],[-80.00824,55.91105],[-79.51527,56.32653],[-79.45887,56.53972],[-79.43205,56.44746],[-79.55418,56.19197],[-79.4583,56.21107],[-79.33937,56.3763],[-79.27242,56.60042],[-79.12354,56.51996],[-79.07773,56.45363],[-78.96319,56.42172],[-78.90665,56.32038]]],[[[-80.0286,56.19941],[-80.08886,56.21388],[-80.05749,56.28737],[-79.74918,56.37651],[-79.57974,56.46635],[-79.68794,56.3268],[-80.0286,56.19941]]],[[[-78.76139,56.17451],[-78.91384,56.1328],[-78.90701,56.16634],[-78.79942,56.38328],[-78.7245,56.43919],[-78.66873,56.43863],[-78.67282,56.26049],[-78.76139,56.17451]]],[[[-79.9393,53.27427],[-80.03935,53.29716],[-80.07403,53.34428],[-79.97456,53.35225],[-79.9393,53.27427]]],[[[-80.80232,52.73399],[-81.83906,52.95791],[-82.00504,53.01051],[-82.03928,53.04988],[-81.8473,53.18627],[-81.33536,53.22425],[-81.13561,53.2058],[-80.76535,52.92323],[-80.70954,52.78742],[-80.73168,52.74728],[-80.80232,52.73399]]],[[[-79.35153,51.9683],[-79.52062,51.95295],[-79.64377,52.01006],[-79.33486,52.09816],[-79.27131,52.0868],[-79.35153,51.9683]]],[[[-96.62436,71.96759],[-96.61343,71.83386],[-96.9465,71.79187],[-97.22223,71.67351],[-97.46126,71.6342],[-98.18134,71.66245],[-98.28386,71.71552],[-98.3227,71.85236],[-98.45884,71.77319],[-98.23147,71.55894],[-98.19863,71.44085],[-98.41228,71.34882],[-98.66289,71.30211],[-99.22363,71.38712],[-99.40367,71.55718],[-99.73474,71.75723],[-100.31726,72.0],[-96.67667,72.0],[-96.62436,71.96759]]],[[[-86.54967,70.98879],[-85.64386,71.15245],[-85.09485,71.15194],[-85.00158,71.13747],[-85.06578,71.0786],[-84.98851,71.03177],[-84.87032,71.00179],[-84.82371,71.02864],[-84.65808,71.51461],[-84.65994,71.58613],[-84.6994,71.63147],[-85.33908,71.69728],[-85.59622,71.86641],[-85.9116,71.98651],[-85.89277,72.0],[-80.93689,72.0],[-80.94792,71.91656],[-80.92513,71.90765],[-80.80224,71.9292],[-80.68179,72.0],[-78.91936,72.0],[-78.58509,71.88063],[-78.62253,71.93494],[-78.74915,72.0],[-75.55383,72.0],[-75.92281,71.71723],[-75.89681,71.71371],[-75.59987,71.91847],[-75.37261,72.0],[-74.22994,72.0],[-74.2126,71.93866],[-74.31574,71.84269],[-74.89297,71.72554],[-75.20481,71.70911],[-74.95945,71.66746],[-74.70075,71.67558],[-74.8683,71.50473],[-74.84075,71.4066],[-75.03533,71.23053],[-74.99622,71.21811],[-74.75895,71.33812],[-74.59957,71.58488],[-74.48811,71.6484],[-74.13903,71.68224],[-73.99209,71.74962],[-73.81404,71.77143],[-73.70723,71.74634],[-73.71356,71.71986],[-74.19727,71.40417],[-74.06333,71.42644],[-73.71286,71.58762],[-73.48161,71.47925],[-73.39779,71.37342],[-73.18062,71.28288],[-73.19219,71.34986],[-73.31046,71.48427],[-73.27821,71.53801],[-72.90193,71.67777],[-72.58062,71.60679],[-72.1165,71.59278],[-71.64069,71.51625],[-71.33295,71.40345],[-71.18656,71.2787],[-71.49501,71.10511],[-71.93793,71.09429],[-72.63272,70.83077],[-72.31256,70.8325],[-72.00917,71.01344],[-71.74254,71.04687],[-71.37085,70.97516],[-71.18624,70.97802],[-70.82606,71.10876],[-70.67263,71.0522],[-70.63646,71.00658],[-70.6391,70.90245],[-70.76173,70.79222],[-71.02176,70.67411],[-71.58591,70.56587],[-71.89018,70.43154],[-71.72725,70.39524],[-71.56498,70.50568],[-71.42664,70.5521],[-71.27585,70.50029],[-71.27957,70.42521],[-71.42943,70.12776],[-71.31305,70.20931],[-70.97979,70.58106],[-70.56096,70.73827],[-70.0847,70.82953],[-69.94978,70.84503],[-69.79571,70.8346],[-69.69548,70.78592],[-69.28904,70.78343],[-68.44667,70.59412],[-68.35825,70.52288],[-68.36352,70.48123],[-68.48258,70.41482],[-68.84292,70.31444],[-69.43568,70.25313],[-70.06146,70.07084],[-70.05773,70.04263],[-69.79584,70.04694],[-69.63455,70.12875],[-69.48298,70.16006],[-68.77822,70.20354],[-68.72329,70.14564],[-69.00832,69.97894],[-68.74407,69.94142],[-68.48936,70.06485],[-68.23066,70.11221],[-68.21043,70.12843],[-68.32719,70.18016],[-68.12065,70.31462],[-67.85534,70.28179],[-67.36369,70.03443],[-67.19589,69.8607],[-67.17264,69.79946],[-67.19276,69.75683],[-67.33671,69.72101],[-67.8062,69.77739],[-68.02039,69.77005],[-68.3721,69.64438],[-68.83709,69.62355],[-69.22768,69.54744],[-69.25078,69.51193],[-68.51302,69.5773],[-67.90825,69.4601],[-67.23695,69.4601],[-66.77085,69.33664],[-66.68523,69.28574],[-66.67928,69.19107],[-66.80289,69.15275],[-67.60723,69.1732],[-67.93846,69.24813],[-68.19821,69.2027],[-68.40628,69.23223],[-68.61891,69.20601],[-69.04061,69.09801],[-68.99349,69.07935],[-68.41553,69.17206],[-67.7517,69.03868],[-67.75102,68.93383],[-67.88319,68.78396],[-68.3242,68.84407],[-68.72531,68.81019],[-69.34269,68.86938],[-68.87142,68.75994],[-68.2104,68.70296],[-68.1525,68.68108],[-68.14831,68.61613],[-67.93846,68.52419],[-67.65597,68.55072],[-67.20251,68.46585],[-66.85421,68.47163],[-66.7139,68.44572],[-66.99727,68.37417],[-67.03296,68.32609],[-66.83095,68.21563],[-66.92309,68.06571],[-66.729,68.12901],[-66.70233,68.12054],[-66.68458,68.02924],[-66.66272,68.0344],[-66.60547,68.11001],[-66.63097,68.21067],[-66.53077,68.25036],[-66.21239,68.28043],[-66.27468,68.04076],[-66.41388,67.90428],[-66.52648,67.85116],[-66.39238,67.83193],[-66.22517,67.95872],[-66.0,68.06206],[-66.0,66.12999],[-66.47697,66.27973],[-66.71233,66.46044],[-66.78739,66.55568],[-66.98634,66.62751],[-67.0148,66.62224],[-66.96898,66.54715],[-67.07688,66.5255],[-67.30731,66.56974],[-67.3177,66.52039],[-67.19176,66.43277],[-67.18976,66.32174],[-67.22537,66.31027],[-67.36885,66.3175],[-67.74077,66.45819],[-67.86843,66.49015],[-67.8834,66.46742],[-67.70449,66.26861],[-67.18323,66.03442],[-67.35046,65.92975],[-67.55075,65.92161],[-67.82805,65.96517],[-68.45989,66.24929],[-68.74892,66.20005],[-68.46708,66.17317],[-68.21717,66.07886],[-68.19836,66.03897],[-68.26069,65.9946],[-68.25681,65.93862],[-68.18674,65.87102],[-68.11507,65.82776],[-67.86644,65.77366],[-67.95435,65.62308],[-67.93676,65.56492],[-67.56964,65.64353],[-67.39968,65.5884],[-67.30343,65.48292],[-67.11797,65.4404],[-67.33651,65.34661],[-67.0665,65.24408],[-66.99857,65.173],[-66.97038,65.08491],[-66.83091,65.07417],[-66.69742,64.81516],[-66.67716,64.81369],[-66.66667,64.97381],[-66.63551,65.00032],[-66.22376,64.8541],[-66.20969,64.82814],[-66.30153,64.77772],[-66.21466,64.72241],[-66.15249,64.73491],[-66.0,64.85947],[-66.0,63.00989],[-66.2492,63.10824],[-66.20107,63.00623],[-66.22867,62.99098],[-66.41447,63.02722],[-66.65497,63.26477],[-66.63645,63.08013],[-66.69748,63.06954],[-66.77323,63.16224],[-66.97472,63.25557],[-67.01792,63.3165],[-67.1798,63.30503],[-67.26095,63.34073],[-67.89326,63.73374],[-67.72258,63.42275],[-68.49374,63.72546],[-68.85894,63.75187],[-68.91109,63.70322],[-68.14126,63.17232],[-67.91536,63.11369],[-67.67596,63.09356],[-67.66491,63.07263],[-67.73695,63.00959],[-67.36665,62.91414],[-66.97952,62.70082],[-66.64486,62.60207],[-66.28125,62.30268],[-66.0,62.22081],[-66.02697,62.13719],[-66.13317,62.10241],[-66.05643,61.96749],[-66.05889,61.91384],[-66.32374,61.87028],[-66.80316,62.01262],[-67.18106,62.07286],[-67.44012,62.15124],[-68.53589,62.25564],[-69.1256,62.42399],[-69.36605,62.57187],[-69.60474,62.76774],[-69.79951,62.79048],[-70.23615,62.76338],[-71.10579,63.00226],[-70.94606,63.1207],[-71.25374,63.04251],[-71.34726,63.06613],[-71.61712,63.1872],[-71.99224,63.41618],[-71.61428,63.44408],[-71.45584,63.51225],[-71.38083,63.5803],[-71.51345,63.58656],[-71.72528,63.70614],[-71.83755,63.72495],[-72.29016,63.728],[-72.17427,63.89341],[-72.49847,63.8235],[-72.67809,64.02002],[-72.91317,64.11717],[-73.2703,64.33349],[-73.45455,64.39928],[-73.27128,64.58252],[-73.62697,64.60251],[-73.72841,64.56826],[-73.91034,64.57812],[-73.95039,64.46583],[-74.0648,64.42468],[-74.0987,64.44372],[-74.13045,64.60779],[-74.46124,64.64469],[-74.6343,64.82395],[-74.68141,64.83067],[-74.91625,64.79198],[-74.91945,64.76551],[-74.64001,64.5571],[-74.69471,64.49658],[-75.0674,64.45668],[-75.48779,64.54076],[-75.71501,64.52438],[-75.76669,64.39194],[-76.11809,64.37633],[-76.40685,64.30316],[-76.56155,64.30161],[-76.72381,64.24202],[-76.85615,64.23762],[-77.79116,64.36708],[-78.04523,64.49926],[-78.17455,64.61774],[-78.18969,64.75181],[-78.05525,64.9829],[-77.87614,65.07293],[-77.36091,65.19653],[-77.46041,65.35591],[-77.3267,65.45311],[-76.48168,65.36971],[-75.82834,65.22703],[-75.51993,65.05603],[-75.50159,65.01308],[-75.58913,64.90503],[-75.45211,64.84162],[-75.3571,65.00874],[-75.44582,65.0997],[-75.77294,65.25702],[-75.79867,65.29751],[-75.70861,65.3157],[-75.16631,65.28392],[-74.98175,65.38143],[-74.49477,65.37167],[-74.23686,65.48391],[-73.98959,65.51698],[-73.5508,65.48525],[-73.56073,65.54292],[-73.74609,65.76668],[-74.03309,65.87706],[-74.27619,66.01276],[-74.40109,66.09695],[-74.43395,66.13902],[-74.41638,66.16708],[-74.37489,66.20815],[-73.58421,66.50695],[-73.28079,66.67495],[-73.03326,66.72817],[-72.98534,66.76538],[-72.94679,66.88325],[-72.78884,67.03064],[-72.36493,67.13342],[-72.22003,67.25429],[-72.35289,67.34189],[-72.57644,67.65866],[-72.72532,67.81162],[-73.06344,68.10701],[-73.32823,68.26674],[-73.33146,68.309],[-73.28448,68.35697],[-73.6445,68.29453],[-73.8205,68.36296],[-73.87936,68.42941],[-73.7806,68.61928],[-73.85156,68.70139],[-74.11797,68.70092],[-73.96604,68.57876],[-73.98928,68.54864],[-74.27011,68.54119],[-74.42243,68.57995],[-74.64794,68.70753],[-74.69582,68.75554],[-74.69995,68.80835],[-74.80834,68.79591],[-74.91041,68.82314],[-74.74326,68.91336],[-74.95402,68.96106],[-74.71673,69.04553],[-74.85486,69.06584],[-75.21329,68.90939],[-75.52267,68.95275],[-75.62302,68.88773],[-76.23472,68.72802],[-76.40339,68.69235],[-76.58509,68.69876],[-76.61945,68.72139],[-76.61625,68.75988],[-76.57455,68.84671],[-76.58767,68.97445],[-76.55724,69.00948],[-76.38092,69.05243],[-75.9537,69.03083],[-75.66799,69.15883],[-75.64773,69.21257],[-75.78715,69.31866],[-76.40796,69.44113],[-76.52036,69.51659],[-76.5161,69.59092],[-76.46329,69.61996],[-76.2341,69.6621],[-76.51326,69.68391],[-76.74234,69.57291],[-77.08992,69.63513],[-77.1288,69.65275],[-76.86861,69.74515],[-76.85859,69.7754],[-77.01597,69.83615],[-77.59164,69.84561],[-77.774,70.2385],[-78.28281,70.22915],[-78.62144,70.35341],[-78.97978,70.58133],[-79.06638,70.60354],[-79.34665,70.4819],[-79.40522,70.40071],[-79.01755,70.32522],[-78.93383,70.29372],[-78.80984,70.17856],[-78.77783,70.04763],[-78.8188,70.01046],[-79.09289,69.92534],[-79.51542,69.88762],[-80.67032,70.05208],[-81.55956,70.11122],[-81.65194,70.09461],[-81.3295,70.02435],[-81.02376,69.9],[-80.84286,69.79165],[-80.92172,69.73089],[-81.56468,69.9427],[-82.29383,69.83693],[-83.14996,70.00906],[-83.85909,69.96273],[-84.52186,70.00524],[-84.9091,70.0782],[-85.43238,70.11138],[-85.78003,70.03666],[-86.32201,70.14544],[-86.48309,70.28857],[-86.49983,70.35039],[-86.39687,70.46531],[-86.70416,70.39074],[-87.12248,70.41195],[-87.17198,70.39983],[-87.06326,70.32512],[-87.6178,70.31875],[-87.90071,70.25189],[-88.40212,70.44247],[-88.84842,70.52288],[-89.2083,70.75971],[-89.37153,70.99613],[-89.45591,71.06171],[-88.69567,71.04559],[-87.84492,70.9444],[-87.1816,70.98756],[-87.1401,71.01161],[-87.87243,71.20855],[-89.07934,71.28795],[-89.69332,71.4235],[-89.84575,71.49228],[-90.02518,71.94879],[-89.97732,72.0],[-86.28113,72.0],[-86.21848,71.89913],[-86.03614,71.77097],[-85.07873,71.39848],[-85.02341,71.35324],[-85.40537,71.22676],[-85.94541,71.16266],[-86.58936,71.01081],[-86.54967,70.98879]]],[[[-100.32124,70.48769],[-100.62067,70.54691],[-100.6783,70.64618],[-100.53794,70.66858],[-100.27612,70.59461],[-100.32108,70.57835],[-100.32124,70.48769]]],[[[-87.10726,70.14668],[-86.61275,70.1057],[-86.51523,70.01705],[-86.73434,69.97632],[-87.04381,69.99987],[-87.19079,70.01856],[-87.32324,70.08012],[-87.32317,70.10224],[-87.10726,70.14668]]],[[[-97.40865,69.63074],[-97.2361,69.67347],[-96.87522,69.51002],[-96.29996,69.3444],[-95.95137,69.02374],[-95.75136,68.89765],[-95.58548,68.83513],[-95.37417,68.89212],[-95.26777,68.82609],[-95.46559,68.74728],[-95.68563,68.73586],[-95.89463,68.62723],[-96.40158,68.4707],[-96.59883,68.46084],[-97.00839,68.53868],[-97.47203,68.54373],[-97.88536,68.67245],[-98.23503,68.73937],[-98.32056,68.84272],[-98.53966,68.79826],[-98.77526,68.81673],[-98.85913,68.86435],[-98.9045,68.93243],[-99.05738,68.91766],[-99.09384,68.89889],[-99.09064,68.86334],[-99.25401,68.86319],[-99.44085,68.91766],[-99.56405,69.03413],[-99.45573,69.13118],[-98.9122,69.16759],[-98.50354,69.30828],[-98.45037,69.35406],[-98.55853,69.46145],[-98.44841,69.47953],[-98.53439,69.52743],[-98.54602,69.57291],[-98.38934,69.56506],[-98.22232,69.48454],[-98.04135,69.45664],[-98.16297,69.51219],[-98.30451,69.66929],[-98.23865,69.78003],[-98.08075,69.83305],[-97.79074,69.8616],[-97.69119,69.84127],[-97.41136,69.73848],[-97.3857,69.70025],[-97.46945,69.6668],[-97.40865,69.63074]]],[[[-79.43065,69.78779],[-79.36497,69.71233],[-79.40243,69.68515],[-79.55284,69.63085],[-79.88171,69.60868],[-80.04751,69.63431],[-79.97114,69.55633],[-79.95449,69.52349],[-79.97785,69.50969],[-80.16149,69.53597],[-80.2445,69.59317],[-80.32961,69.58676],[-80.44805,69.6497],[-80.79478,69.68924],[-80.72659,69.74045],[-80.46594,69.73708],[-80.42424,69.7976],[-80.21365,69.80194],[-80.12462,69.73724],[-79.97085,69.73895],[-79.59398,69.81052],[-79.43065,69.78779]]],[[[-78.02908,69.71489],[-77.96917,69.63895],[-78.03998,69.60841],[-78.47009,69.50253],[-78.8482,69.48278],[-78.57855,69.6388],[-78.2955,69.66712],[-78.20075,69.73951],[-78.02908,69.71489]]],[[[-67.94026,69.53488],[-68.20234,69.58041],[-68.22141,69.61673],[-67.90882,69.68184],[-67.75462,69.63146],[-67.94026,69.53488]]],[[[-95.38092,69.50661],[-95.39941,69.4198],[-95.49623,69.35008],[-95.73015,69.34755],[-95.66583,69.43897],[-95.7041,69.53803],[-95.76361,69.55963],[-95.80619,69.56051],[-95.81182,69.44702],[-95.89344,69.35174],[-95.98595,69.39191],[-95.99478,69.46967],[-95.93621,69.56701],[-95.79774,69.62573],[-95.60251,69.6018],[-95.38092,69.50661]]],[[[-101.2535,69.38848],[-101.28952,69.44124],[-101.2073,69.47984],[-101.35649,69.53968],[-101.31291,69.57607],[-101.09835,69.54077],[-101.00062,69.46191],[-101.2535,69.38848]]],[[[-76.91121,69.17464],[-77.21505,69.13811],[-77.32194,69.19358],[-77.37937,69.27401],[-77.34091,69.40388],[-77.10917,69.43742],[-76.74569,69.40398],[-76.66886,69.36615],[-76.91121,69.17464]]],[[[-90.17738,69.35706],[-90.33029,69.2522],[-90.49204,69.36988],[-90.22854,69.43605],[-90.17738,69.35706]]],[[[-79.27972,68.83874],[-79.36137,68.85766],[-79.40577,68.92305],[-79.24268,69.04927],[-78.93047,69.12292],[-78.77183,69.2522],[-78.66202,69.26233],[-78.68904,69.32512],[-78.65021,69.35122],[-78.33258,69.38605],[-78.22897,69.30399],[-78.53293,69.14606],[-78.8527,68.91569],[-79.27972,68.83874]]],[[[-90.57442,69.20942],[-90.68587,69.28714],[-90.77157,69.29257],[-90.7657,69.33597],[-90.59968,69.36781],[-90.48537,69.24662],[-90.49256,69.2211],[-90.57442,69.20942]]],[[[-100.01802,68.95398],[-100.19569,68.99145],[-100.24736,69.05279],[-100.15313,69.12947],[-100.0728,69.11149],[-100.00562,69.0471],[-100.01802,68.95398]]],[[[-100.24876,68.77502],[-100.39733,68.72382],[-100.49691,68.79224],[-100.59654,68.7664],[-100.62538,68.8159],[-100.60062,69.00943],[-100.41397,69.02809],[-100.2069,68.92618],[-100.17848,68.90391],[-100.24876,68.77502]]],[[[-101.88721,68.58496],[-102.26636,68.66366],[-102.30817,68.68198],[-102.01336,68.82542],[-101.75931,68.77461],[-101.72164,68.72412],[-101.73203,68.65214],[-101.88721,68.58496]]],[[[-74.95932,68.34224],[-75.40025,68.52548],[-75.37017,68.63607],[-75.28739,68.68775],[-75.19974,68.69612],[-74.98363,68.64759],[-74.79825,68.45794],[-74.83099,68.44073],[-74.81287,68.41334],[-74.84498,68.36596],[-74.95932,68.34224]]],[[[-104.59599,68.40221],[-104.96524,68.49174],[-105.05136,68.55902],[-104.7004,68.5767],[-104.60201,68.5615],[-104.44452,68.47068],[-104.45713,68.43117],[-104.59599,68.40221]]],[[[-79.06406,68.18178],[-79.17405,68.23498],[-79.15346,68.33526],[-78.9526,68.35304],[-78.82851,68.26819],[-79.06406,68.18178]]],[[[-75.15381,68.23402],[-75.0635,68.14122],[-75.06234,68.0754],[-75.12734,67.96525],[-75.0905,67.63478],[-75.1273,67.53732],[-75.20197,67.45919],[-75.4001,67.36668],[-75.78007,67.28354],[-76.04897,67.262],[-76.94418,67.25032],[-77.07591,67.31961],[-77.15709,67.40834],[-77.30439,67.68512],[-77.22857,67.85013],[-77.12588,67.94709],[-76.74025,68.23123],[-76.59579,68.27893],[-76.36442,68.31873],[-75.86647,68.33681],[-75.15381,68.23402]]]]}},{"type":"Feature","properties":{"name":"Ontario","name_en":"Ontario","postal":"ON","admin":"Canada"},"geometry":{"type":"MultiPolygon","coordinates":[[[[-95.1553,49.36967],[-95.15383,52.82236],[-93.62022,53.74793],[-91.37845,55.31701],[-88.94849,56.85131],[-88.44706,56.60869],[-88.07508,56.4673],[-87.4824,56.02131],[-86.9194,55.91455],[-85.67668,55.60105],[-85.218,55.34897],[-85.21203,55.29748],[-85.36527,55.07928],[-85.21358,55.22438],[-85.06095,55.28567],[-84.51796,55.2589],[-83.9106,55.31466],[-83.21435,55.21462],[-82.98627,55.23141],[-82.86775,55.16072],[-82.57743,55.14872],[-82.39326,55.0678],[-82.30825,54.99814],[-82.21939,54.81347],[-82.41807,54.35583],[-82.42417,54.24459],[-82.39414,54.18046],[-82.23991,54.04482],[-82.14144,53.81764],[-82.19061,53.61094],[-82.1462,53.3646],[-82.15916,53.26414],[-82.25991,53.1598],[-82.29156,53.03071],[-82.26045,52.96111],[-82.02002,52.81161],[-81.59941,52.43262],[-81.57168,52.36729],[-81.61153,52.32407],[-81.82789,52.22421],[-81.54949,52.23676],[-81.46619,52.20452],[-81.28506,52.08923],[-80.96849,51.97222],[-80.65794,51.75834],[-80.49586,51.52507],[-80.4433,51.3886],[-80.67269,51.26473],[-80.85123,51.12502],[-80.47834,51.30731],[-80.26566,51.31635],[-79.83624,51.17336],[-79.51955,50.91853],[-79.51297,47.55642],[-79.55929,47.48304],[-79.54671,47.40745],[-79.44194,47.22766],[-79.43492,47.13381],[-79.36495,47.02196],[-79.16555,46.82717],[-78.90317,46.48646],[-78.781,46.39344],[-78.46045,46.30689],[-77.68267,46.18667],[-77.37134,46.06285],[-77.23323,45.90358],[-77.03084,45.80747],[-76.94093,45.80097],[-76.9129,45.8758],[-76.82371,45.87968],[-76.66658,45.64259],[-76.55313,45.54208],[-76.41345,45.49634],[-76.00062,45.48363],[-75.90397,45.42023],[-75.62613,45.45076],[-74.86419,45.64218],[-74.57722,45.6322],[-74.39656,45.56771],[-74.47806,45.3179],[-74.34045,45.21444],[-74.70887,45.00387],[-74.85664,45.00393],[-75.17938,44.89938],[-75.79796,44.49068],[-76.05723,44.3666],[-76.40781,44.26245],[-76.6877,44.21797],[-76.9915,44.07412],[-77.06226,44.09116],[-76.89605,44.18755],[-77.01001,44.15288],[-77.03311,44.15644],[-77.02046,44.19692],[-77.05869,44.20508],[-77.25078,44.18882],[-77.58437,44.09434],[-77.33271,44.15293],[-77.33164,44.1042],[-77.296,44.09795],[-77.27148,44.13867],[-77.11528,44.17295],[-77.0832,44.1481],[-77.11699,44.07949],[-77.10273,44.04634],[-76.86299,44.0999],[-77.0438,43.9519],[-76.87031,43.96494],[-76.8791,43.94292],[-77.15117,43.86646],[-77.20796,43.87598],[-77.19004,43.94761],[-77.26719,43.92163],[-77.3148,43.94653],[-77.25898,43.96397],[-77.50288,43.96255],[-77.56763,44.00767],[-77.54902,44.02476],[-77.68179,44.04482],[-77.72647,44.00928],[-78.98867,43.85547],[-79.56904,43.57827],[-79.77417,43.31982],[-79.72783,43.25283],[-79.33755,43.1977],[-79.06139,43.28291],[-79.07319,43.09307],[-79.0397,43.02129],[-78.92236,42.92383],[-78.93643,42.90723],[-79.05693,42.86226],[-79.38594,42.88066],[-80.09946,42.80234],[-80.22046,42.77437],[-80.45122,42.61348],[-80.06211,42.55415],[-80.09385,42.54639],[-81.03916,42.66245],[-81.40439,42.62998],[-81.72993,42.44658],[-81.8668,42.25835],[-81.88701,42.25703],[-81.87446,42.31504],[-82.41191,42.10322],[-82.46177,42.05772],[-82.51152,41.93218],[-82.64512,42.03726],[-82.93662,42.0064],[-83.10786,42.071],[-83.07646,42.27549],[-82.97061,42.32676],[-82.5895,42.31455],[-82.42798,42.3667],[-82.43213,42.4978],[-82.61304,42.52461],[-82.64512,42.55806],[-82.54532,42.62468],[-82.48835,42.73951],[-82.41723,43.01738],[-82.08809,43.13267],[-81.78452,43.32686],[-81.7394,43.39155],[-81.70518,43.55762],[-81.73198,44.0604],[-81.70811,44.13071],[-81.56494,44.35967],[-81.4022,44.4606],[-81.27773,44.6437],[-81.27817,44.78994],[-81.35835,44.91103],[-81.35523,44.97754],[-81.45117,45.01499],[-81.59033,45.16587],[-81.70606,45.22349],[-81.69736,45.25122],[-81.28521,45.24126],[-81.31255,45.15625],[-81.25952,45.02832],[-81.13794,44.96807],[-81.13359,44.91787],[-81.07402,44.91377],[-80.97275,44.96963],[-81.00635,44.87617],[-81.13018,44.76968],[-80.96348,44.80898],[-80.89536,44.78096],[-80.90967,44.61758],[-80.78984,44.70029],[-80.67017,44.727],[-80.59287,44.63853],[-80.46025,44.57778],[-80.08481,44.48936],[-80.00781,44.57168],[-79.99746,44.65234],[-80.1082,44.80679],[-79.92959,44.86299],[-79.92495,44.81289],[-79.82695,44.76802],[-79.67793,44.76895],[-79.70859,44.79116],[-79.69595,44.87515],[-79.77158,44.81934],[-79.82837,44.93633],[-79.90239,44.95654],[-80.08594,45.10938],[-80.00649,45.15327],[-80.04936,45.20405],[-80.12109,45.22334],[-80.04971,45.30112],[-80.05708,45.37456],[-80.17612,45.39658],[-80.1773,45.34385],[-80.34961,45.39927],[-80.41401,45.61987],[-80.44429,45.58413],[-80.51069,45.58975],[-80.81777,45.95103],[-81.09702,45.9416],[-81.16025,45.95488],[-81.17368,46.01606],[-81.23682,45.97412],[-81.44941,45.99443],[-81.59673,45.96655],[-81.62705,45.97803],[-81.59727,46.01191],[-81.64023,46.04004],[-81.54165,46.07466],[-81.61533,46.11939],[-81.76519,46.05791],[-81.76929,46.10444],[-82.196,46.13394],[-82.35005,46.19326],[-82.63814,46.17241],[-82.71914,46.20713],[-83.02549,46.1813],[-83.84273,46.30195],[-83.88174,46.33291],[-84.09185,46.36084],[-84.08711,46.50698],[-84.16538,46.5626],[-84.43242,46.52207],[-84.50054,46.48325],[-84.56856,46.57666],[-84.43814,46.72305],[-84.48809,46.74351],[-84.53994,46.69731],[-84.55347,46.80557],[-84.36743,46.87998],[-84.48799,46.94404],[-84.6249,46.92236],[-84.77515,47.004],[-84.71953,47.14209],[-84.59434,47.32021],[-84.71563,47.42666],[-84.93584,47.53984],[-85.01426,47.63877],[-84.85474,47.94995],[-85.6146,47.94072],[-85.91362,48.02954],[-86.10415,48.2103],[-86.28257,48.59795],[-86.43242,48.75815],[-86.58096,48.75303],[-86.69253,48.80791],[-86.81987,48.77256],[-87.22363,48.77578],[-87.96563,48.95869],[-88.02251,48.99868],[-88.24756,48.98555],[-88.22432,48.86714],[-88.10879,48.77598],[-88.13843,48.68286],[-88.2331,48.59697],[-88.44351,48.56025],[-88.50093,48.46699],[-88.55938,48.44683],[-88.58452,48.49243],[-88.5665,48.52803],[-88.32285,48.73848],[-88.35244,48.8208],[-88.39531,48.84487],[-88.50264,48.83306],[-88.54961,48.65815],[-88.62529,48.59873],[-88.73438,48.38408],[-88.93272,48.3354],[-88.87642,48.38149],[-88.77456,48.58306],[-89.20073,48.45083],[-89.22148,48.31074],[-89.34541,48.12114],[-89.43848,48.09878],[-89.57755,48.00176],[-89.99365,48.01531],[-90.09178,48.1181],[-90.74441,48.10461],[-90.84032,48.20052],[-90.91605,48.20915],[-91.04348,48.19369],[-91.38724,48.05854],[-91.51831,48.05831],[-91.8584,48.19757],[-92.00516,48.30183],[-92.17178,48.3384],[-92.29868,48.32888],[-92.34844,48.27659],[-92.41459,48.27659],[-92.50058,48.43534],[-92.99625,48.61181],[-93.37789,48.61654],[-93.46362,48.56128],[-93.70774,48.52546],[-93.80355,48.54895],[-93.85163,48.60729],[-94.05518,48.65902],[-94.62089,48.7426],[-94.7051,48.80852],[-94.80346,49.00295],[-94.85433,49.30459],[-94.93934,49.34941],[-95.1553,49.36967]]],[[[-79.52047,50.96599],[-79.7314,51.1505],[-79.72324,51.25165],[-79.64299,51.4135],[-79.52135,51.54471],[-79.52047,50.96599]]],[[[-85.59609,47.75708],[-85.85859,47.71909],[-85.95073,47.74731],[-85.88272,47.79102],[-85.76514,47.80674],[-85.59609,47.75708]]],[[[-87.99614,48.85723],[-87.81343,48.85903],[-87.76514,48.84111],[-87.81631,48.76787],[-88.05669,48.7167],[-88.08657,48.80801],[-87.99614,48.85723]]],[[[-87.73047,48.75469],[-87.75269,48.82407],[-87.7021,48.84141],[-87.62168,48.75688],[-87.73047,48.75469]]],[[[-80.17305,44.79624],[-80.23628,44.8645],[-80.15767,44.8479],[-80.17305,44.79624]]],[[[-76.22705,44.2541],[-76.4227,44.12153],[-76.48452,44.12778],[-76.48335,44.17852],[-76.43047,44.22681],[-76.22705,44.2541]]],[[[-76.68755,44.1375],[-76.80947,44.13989],[-76.64263,44.19927],[-76.68755,44.1375]]],[[[-82.68452,41.73584],[-82.67441,41.80606],[-82.65439,41.82744],[-82.6272,41.77114],[-82.68452,41.73584]]],[[[-81.7126,45.52632],[-81.78809,45.46582],[-81.8375,45.48398],[-81.73506,45.53057],[-81.7126,45.52632]]],[[[-82.93667,45.81099],[-83.22183,45.90215],[-83.17617,45.9689],[-83.09731,45.93506],[-82.84521,45.99043],[-82.82295,45.90981],[-82.7646,45.85815],[-82.66025,45.85967],[-82.5314,45.80576],[-82.52041,45.84893],[-82.58047,45.89551],[-82.52725,45.93862],[-82.33203,45.98198],[-82.14258,45.86943],[-82.05459,45.95498],[-81.93887,45.97925],[-81.879,45.89248],[-81.84058,45.8854],[-81.83843,45.78843],[-81.80376,45.74321],[-81.69819,45.89375],[-81.66484,45.87192],[-81.68506,45.80137],[-81.59302,45.7917],[-81.75474,45.59111],[-81.88125,45.5355],[-81.97671,45.56987],[-81.8645,45.6106],[-81.75977,45.69756],[-81.82114,45.69155],[-82.05527,45.56133],[-82.25606,45.66011],[-82.62598,45.77217],[-82.93667,45.81099]]],[[[-83.85649,46.15747],[-83.90684,46.09722],[-83.97861,46.10942],[-84.09702,46.2876],[-83.9707,46.30298],[-83.82212,46.25347],[-83.79458,46.21431],[-83.8083,46.1666],[-83.85649,46.15747]]],[[[-83.39229,45.98823],[-83.26919,45.94658],[-83.33198,45.88037],[-83.38657,45.86856],[-83.47998,45.90674],[-83.39229,45.98823]]]]}},{"type":"Feature","properties":{"name":"Qu\u00e9bec","name_en":"Quebec","postal":"QC","admin":"Canada"},"geometry":{"type":"MultiPolygon","coordinates":[[[[-66.44899,48.11965],[-66.92503,47.96351],[-66.95182,47.89945],[-67.05758,47.91858],[-67.30705,47.88723],[-67.36485,47.8548],[-67.57904,47.9395],[-67.61289,47.99857],[-68.11352,47.99857],[-68.11352,47.92938],[-68.37791,47.92938],[-68.37921,47.58899],[-68.49602,47.48031],[-69.05366,47.29458],[-69.05022,47.42662],[-69.24288,47.46299],[-70.00768,46.70894],[-70.06722,46.44105],[-70.24829,46.25087],[-70.30452,46.05739],[-70.29625,45.90609],[-70.40787,45.80191],[-70.4211,45.73824],[-70.70221,45.55139],[-70.68979,45.42834],[-70.79919,45.40477],[-70.83782,45.36618],[-70.83683,45.3107],[-70.89799,45.26246],[-70.96018,45.3331],[-70.99988,45.33723],[-71.13465,45.26282],[-71.32729,45.29011],[-71.41902,45.20034],[-71.51752,45.00756],[-74.70887,45.00387],[-74.56629,45.0416],[-74.26906,45.1883],[-74.04979,45.24143],[-73.76466,45.39548],[-73.55809,45.42509],[-73.51881,45.45898],[-73.46528,45.63231],[-73.15956,46.01003],[-72.98996,46.10359],[-72.73343,46.18186],[-72.49619,46.35267],[-72.24013,46.4421],[-72.10929,46.55122],[-71.90093,46.63191],[-71.67127,46.65376],[-71.26118,46.75627],[-71.15201,46.81911],[-70.51949,47.03253],[-70.3881,47.11695],[-70.21777,47.28983],[-70.06959,47.37779],[-70.01714,47.47142],[-69.58107,47.8237],[-69.47105,47.9673],[-68.81569,48.36604],[-68.55201,48.4573],[-68.23821,48.62644],[-67.56088,48.85593],[-66.5981,49.12636],[-66.17818,49.21312],[-66.0,49.22069],[-66.0,48.15284],[-66.08312,48.1027],[-66.44899,48.11965]]],[[[-66.08284,54.94171],[-66.77399,55.32825],[-66.79731,55.29383],[-66.72506,55.21319],[-66.74744,55.12915],[-66.65078,54.79857],[-66.72445,54.74797],[-66.86705,54.78098],[-67.16672,54.93748],[-67.30175,55.06372],[-67.40815,55.07178],[-67.43709,55.03622],[-67.41577,54.98377],[-67.19918,54.68209],[-67.14687,54.65304],[-67.15018,54.61667],[-67.23607,54.58566],[-67.28552,54.51856],[-67.53651,54.57267],[-67.60142,54.55279],[-67.60972,54.45164],[-67.51132,54.23618],[-67.76147,54.06074],[-67.47099,53.79646],[-67.47353,53.61332],[-67.16491,53.54304],[-67.07605,53.41741],[-66.94444,53.35514],[-66.9703,53.07299],[-67.06969,52.83259],[-67.06802,52.75492],[-67.02947,52.72037],[-66.81478,52.6865],[-66.68835,52.72689],[-66.63138,52.91026],[-66.52103,52.9585],[-66.46795,53.01863],[-66.38989,52.99198],[-66.30021,52.89688],[-66.42609,52.66087],[-66.39423,52.41783],[-66.4634,52.34133],[-66.46222,52.29453],[-66.37886,52.16452],[-66.34545,52.15485],[-66.27953,52.30081],[-66.09696,52.20953],[-66.0,52.09134],[-66.0,50.26973],[-66.12552,50.20102],[-66.49553,50.21187],[-66.74088,50.06552],[-66.94118,49.9937],[-67.23439,49.60178],[-67.26189,49.45119],[-67.37201,49.34846],[-68.05622,49.25679],[-68.28193,49.19715],[-68.22059,49.14964],[-68.54385,49.05612],[-68.6279,49.00719],[-68.66906,48.93949],[-68.92904,48.82896],[-69.23076,48.57362],[-69.37495,48.3864],[-69.55012,48.2508],[-69.67388,48.19918],[-69.8517,48.20739],[-70.38371,48.36651],[-71.01825,48.4556],[-70.83874,48.36739],[-70.50065,48.35436],[-69.97117,48.20574],[-69.86549,48.17225],[-69.77499,48.0981],[-69.90555,47.83222],[-69.99445,47.73987],[-70.44804,47.42347],[-70.70586,47.13981],[-71.11565,46.92494],[-71.26779,46.79596],[-71.75726,46.67358],[-71.87961,46.68681],[-72.20463,46.55886],[-72.25665,46.48507],[-72.68013,46.2873],[-72.98102,46.20974],[-73.02192,46.12026],[-73.14543,46.06628],[-73.28353,45.89984],[-73.47659,45.73824],[-73.71185,45.71116],[-73.8974,45.56414],[-74.03783,45.50187],[-74.3151,45.53107],[-73.99961,45.43335],[-73.97386,45.34514],[-74.09811,45.324],[-74.34045,45.21444],[-74.47806,45.3179],[-74.39656,45.56771],[-74.57722,45.6322],[-74.86419,45.64218],[-75.62613,45.45076],[-75.90397,45.42023],[-76.00062,45.48363],[-76.41345,45.49634],[-76.55313,45.54208],[-76.66658,45.64259],[-76.82371,45.87968],[-76.9129,45.8758],[-76.94093,45.80097],[-77.03084,45.80747],[-77.23323,45.90358],[-77.37134,46.06285],[-77.68267,46.18667],[-78.46045,46.30689],[-78.781,46.39344],[-79.01458,46.60651],[-79.43492,47.13381],[-79.44194,47.22766],[-79.54671,47.40745],[-79.55929,47.48304],[-79.51297,47.55642],[-79.51955,50.91853],[-79.34789,50.76264],[-79.38073,50.83452],[-79.52047,50.96599],[-79.52135,51.54471],[-79.29696,51.62279],[-79.26426,51.552],[-79.04054,51.46379],[-78.90317,51.20029],[-78.858,51.38395],[-78.73136,51.49748],[-78.97775,51.7338],[-78.98163,51.77457],[-78.92789,51.7988],[-78.82821,51.96301],[-78.70199,52.03269],[-78.53737,52.2133],[-78.4481,52.26136],[-78.52605,52.31071],[-78.55706,52.49189],[-78.74413,52.65539],[-78.76578,52.76003],[-78.72171,52.85647],[-78.89822,53.04338],[-78.99202,53.41036],[-79.10036,53.65662],[-79.11315,53.71722],[-79.04034,53.81796],[-78.9457,53.83159],[-79.07517,53.93239],[-78.99602,54.0025],[-79.06716,54.05195],[-79.2418,54.09887],[-79.13884,54.15721],[-79.35613,54.26338],[-79.47597,54.39476],[-79.59793,54.60168],[-79.71234,54.67181],[-78.47505,55.01101],[-77.77528,55.29125],[-77.16511,55.66353],[-76.76182,55.99643],[-76.60405,56.19956],[-76.52982,56.49996],[-76.52556,56.89177],[-76.57283,57.18118],[-76.65542,57.38058],[-76.89091,57.75813],[-77.15678,58.01889],[-77.55242,58.23959],[-78.01355,58.39917],[-78.35172,58.58067],[-78.46301,58.60244],[-78.5151,58.68236],[-78.48259,58.8291],[-78.4305,58.90178],[-78.06768,59.20018],[-77.84284,59.30501],[-77.76068,59.38004],[-77.85902,59.4758],[-77.73352,59.58096],[-77.72616,59.67587],[-77.5904,59.68052],[-77.39669,59.56924],[-77.34907,59.57895],[-77.48529,59.68457],[-77.33166,59.79661],[-77.37297,59.92511],[-77.28921,60.02202],[-77.58591,60.08816],[-77.45288,60.14579],[-77.68145,60.42712],[-77.59816,60.50674],[-77.50355,60.54271],[-77.715,60.5778],[-77.7908,60.63987],[-77.66062,60.78952],[-77.58958,60.80859],[-77.60301,60.82517],[-77.87155,60.78585],[-78.18138,60.81913],[-77.76502,61.15751],[-77.72683,61.23068],[-77.73618,61.43734],[-77.51436,61.55629],[-77.88989,61.72869],[-78.02138,61.83209],[-78.07748,61.92338],[-78.14696,62.20871],[-78.13342,62.2823],[-78.06812,62.35541],[-77.60397,62.53138],[-77.37243,62.57251],[-76.87939,62.52538],[-75.81689,62.31586],[-75.67553,62.24954],[-75.80922,62.19341],[-75.78984,62.17957],[-75.34118,62.31208],[-75.02275,62.26447],[-74.63257,62.11569],[-74.61291,62.12521],[-74.68991,62.18344],[-74.64578,62.21114],[-73.70505,62.47314],[-73.29899,62.32506],[-72.88185,62.1254],[-72.68695,62.12456],[-72.63209,62.02722],[-72.77162,61.84041],[-72.50557,61.92268],[-72.22613,61.83157],[-72.04004,61.68027],[-72.08203,61.6414],[-72.24706,61.60203],[-72.21587,61.58727],[-72.02309,61.61195],[-71.8661,61.68853],[-71.6383,61.61716],[-71.60477,61.59237],[-71.61942,61.57291],[-71.75575,61.52674],[-71.85439,61.43981],[-71.64534,61.41315],[-71.73211,61.37207],[-71.74344,61.33723],[-71.42272,61.15896],[-71.17516,61.14652],[-70.72322,61.05519],[-70.27927,61.06867],[-70.15796,61.02064],[-70.1459,60.92181],[-70.09531,60.88029],[-69.99244,60.85649],[-69.7084,60.91463],[-69.62365,61.0495],[-69.50335,61.0404],[-69.41434,60.92249],[-69.40473,60.8468],[-69.64047,60.68979],[-69.75129,60.48747],[-69.74057,60.33229],[-69.62874,60.1986],[-69.62981,60.12212],[-69.67375,60.07587],[-69.79565,60.02972],[-69.96283,60.01783],[-70.65483,60.02623],[-70.61974,59.9843],[-69.80568,59.94487],[-69.73393,59.918],[-69.63025,59.82182],[-69.57942,59.67512],[-69.69238,59.48841],[-69.71088,59.39252],[-69.68189,59.34173],[-69.39999,59.33778],[-69.34403,59.3031],[-69.45045,59.18003],[-69.4141,59.08688],[-69.53166,58.86922],[-69.6484,58.82078],[-69.78416,58.95573],[-69.86756,58.85615],[-70.15997,58.78938],[-70.15435,58.7606],[-69.7899,58.68929],[-69.27107,58.88395],[-68.69818,58.90454],[-68.47489,58.82348],[-68.38114,58.74349],[-68.32644,58.59539],[-68.25299,58.55664],[-68.22937,58.4846],[-68.23386,58.39923],[-68.35654,58.16322],[-68.46817,58.0763],[-68.94529,57.96879],[-69.0408,57.90251],[-68.78094,57.97584],[-68.49506,58.01165],[-68.4136,58.05175],[-68.28911,58.17769],[-68.11105,58.47333],[-68.02103,58.48531],[-67.98116,58.46124],[-67.88779,58.32941],[-67.9114,58.26725],[-68.06385,58.13898],[-67.85585,58.27262],[-67.75593,58.4046],[-67.73707,58.38543],[-67.68969,58.24381],[-67.67827,57.99114],[-67.56962,58.2135],[-67.01942,58.43292],[-66.72215,58.49101],[-66.60792,58.54894],[-66.47999,58.73088],[-66.36243,58.79116],[-66.2374,58.77226],[-66.04465,58.60563],[-66.0,58.43473],[-66.0,54.92735],[-66.08284,54.94171]]],[[[-66.0,58.70955],[-66.04304,58.82065],[-66.0,58.83117],[-66.0,58.70955]]],[[[-71.11664,46.86484],[-70.97085,46.96142],[-70.8258,46.99537],[-70.91347,46.91951],[-71.11664,46.86484]]],[[[-73.64356,45.44911],[-73.77533,45.46761],[-73.96054,45.44141],[-73.85291,45.51572],[-73.68743,45.5614],[-73.52248,45.70119],[-73.47607,45.70475],[-73.55165,45.48986],[-73.64356,45.44911]]],[[[-73.69534,45.58549],[-73.85771,45.5736],[-73.72464,45.67184],[-73.57235,45.69447],[-73.69534,45.58549]]]]}},{"type":"Feature","properties":{"name":"Saskatchewan","name_en":"Saskatchewan","postal":"SK","admin":"Canada"},"geometry":{"type":"Polygon","coordinates":[[[-109.99943,48.99308],[-110.00002,60.00109],[-102.00165,60.00109],[-102.0011,55.81753],[-101.36727,48.99314],[-109.99943,48.99308]]]}},{"type":"Feature","properties":{"name":"Yukon","name_en":"Yukon","postal":"YT","admin":"Canada"},"geometry":{"type":"MultiPolygon","coordinates":[[[[-123.81916,60.00109],[-139.05652,60.00158],[-139.18517,60.08357],[-139.07926,60.27945],[-139.07926,60.34371],[-139.6763,60.32834],[-139.97328,60.18315],[-140.45282,60.29973],[-140.52542,60.21834],[-141.00214,60.30024],[-141.00214,69.65079],[-140.40512,69.60247],[-139.97659,69.62175],[-139.18152,69.51556],[-138.68988,69.3168],[-137.86941,69.09283],[-137.25996,68.96411],[-136.71734,68.88918],[-136.44376,68.89512],[-136.44544,67.74659],[-136.40071,67.6659],[-136.23331,67.60026],[-136.16925,67.51423],[-136.17762,67.42263],[-136.10518,67.30422],[-136.21799,67.18122],[-136.22323,67.08828],[-136.16931,67.01524],[-134.05558,67.00449],[-134.03132,66.94403],[-133.79415,66.81863],[-133.80586,66.73342],[-133.76392,66.65097],[-133.63519,66.56565],[-133.65403,66.45284],[-133.73938,66.43985],[-133.80012,66.32559],[-133.58316,66.2851],[-133.56872,66.17663],[-133.67718,66.09563],[-133.62163,65.97463],[-133.41213,65.95603],[-133.2291,66.00615],[-132.93798,66.02866],[-132.91646,66.00165],[-132.9678,65.93371],[-132.9025,65.91354],[-132.61433,66.02923],[-132.34275,65.97897],[-132.34075,65.95525],[-132.55485,65.85701],[-132.29525,65.71614],[-132.19469,65.59766],[-132.34587,65.44342],[-132.77323,65.20341],[-132.7081,65.16716],[-132.57945,65.18458],[-132.54015,65.17006],[-132.51607,65.09416],[-132.35259,65.05725],[-132.497,64.95748],[-132.5048,64.88374],[-132.60113,64.82591],[-132.5881,64.79408],[-132.10627,64.70215],[-131.89321,64.5772],[-131.72901,64.53382],[-131.79681,64.38791],[-131.58591,64.38026],[-131.35877,64.45847],[-131.10672,64.4009],[-130.91332,64.19251],[-130.9297,64.12547],[-130.75773,63.99305],[-130.28256,63.82256],[-130.11792,63.79337],[-130.30261,63.70371],[-130.24357,63.67833],[-130.11068,63.69503],[-130.06304,63.63563],[-129.8878,63.55482],[-129.84494,63.48579],[-129.90532,63.40577],[-130.10167,63.31879],[-130.1336,63.27645],[-129.90568,63.18741],[-129.8275,63.09176],[-129.61177,63.05868],[-129.71394,62.9306],[-129.71867,62.83167],[-129.62001,62.71225],[-129.52535,62.67353],[-129.49026,62.59872],[-129.18945,62.49029],[-129.29631,62.42529],[-129.23929,62.37324],[-129.29337,62.29423],[-129.23283,62.21982],[-129.25471,62.15277],[-128.90737,62.119],[-128.81386,62.06381],[-128.56083,62.11691],[-128.40007,62.03373],[-128.20633,61.86527],[-128.04657,61.81338],[-127.99358,61.71122],[-127.80723,61.61875],[-127.60867,61.53286],[-127.29936,61.51216],[-127.1666,61.46452],[-127.07252,61.36964],[-127.02126,61.23675],[-127.02676,61.12647],[-127.09291,61.07051],[-126.94421,61.05245],[-126.9116,60.85959],[-126.85928,60.76942],[-126.66516,60.76234],[-126.52007,60.80032],[-126.29689,60.78451],[-126.23467,60.80895],[-126.22276,60.85585],[-126.16152,60.86588],[-126.00318,60.80879],[-125.89916,60.89023],[-125.3225,60.79239],[-125.15163,60.84435],[-124.88049,60.86032],[-124.85956,60.92414],[-124.80651,60.96106],[-124.5826,60.95282],[-124.50503,60.78849],[-124.61123,60.7012],[-124.59944,60.66213],[-124.40284,60.49409],[-124.22549,60.45277],[-124.18469,60.32097],[-123.99736,60.12656],[-124.01082,60.04613],[-123.87949,60.03972],[-123.81916,60.00109]]],[[[-139.12574,69.53932],[-139.29139,69.59788],[-139.13961,69.6496],[-138.87886,69.5897],[-139.04314,69.57689],[-139.12574,69.53932]]]]}},{"type":"Feature","properties":{"name":"Alaska","name_en":"Alaska","postal":"AK","admin":"United States of America"},"geometry":{"type":"MultiPolygon","coordinates":[[[[-139.04344,59.99324],[-138.70546,59.90133],[-138.63226,59.77828],[-137.5933,59.22625],[-137.48416,58.99124],[-137.52088,58.91537],[-137.43858,58.90313],[-137.27756,58.98821],[-136.81327,59.15003],[-136.57874,59.15225],[-136.46673,59.27994],[-136.46634,59.45909],[-136.34785,59.45603],[-136.27798,59.48032],[-136.24713,59.5329],[-136.32183,59.60483],[-135.93464,59.66264],[-135.47594,59.79328],[-135.26078,59.69501],[-135.05103,59.57866],[-135.07131,59.44143],[-134.94377,59.28827],[-134.44076,59.08533],[-134.29699,58.8985],[-133.82074,58.70505],[-133.4011,58.41088],[-133.42258,58.33707],[-133.12042,58.07774],[-132.23216,57.19853],[-132.33799,57.07946],[-132.03152,57.02655],[-132.10428,56.85679],[-131.86616,56.79284],[-131.886,56.74211],[-131.83309,56.68481],[-131.82427,56.58999],[-131.57512,56.59882],[-131.08292,56.40482],[-130.74168,56.34083],[-130.64907,56.26367],[-130.4771,56.23057],[-130.41315,56.12252],[-130.21471,56.08284],[-130.09787,56.10929],[-130.02288,56.01451],[-130.01407,55.95054],[-130.14652,55.65449],[-130.03655,55.29792],[-130.17184,55.137],[-130.21409,55.02589],[-130.57533,54.76968],[-130.8496,54.80761],[-131.0459,55.17958],[-130.98394,55.24396],[-130.74822,55.31802],[-130.85596,55.35512],[-130.91857,55.73598],[-131.12768,55.96015],[-131.14036,55.99751],[-131.03277,56.0881],[-131.7842,55.87653],[-131.82616,55.83536],[-131.80329,55.76595],[-131.94501,55.55413],[-131.98341,55.53501],[-132.11901,55.56979],[-132.22342,55.72104],[-132.20753,55.75339],[-132.00573,55.93007],[-131.84384,56.16009],[-131.55135,56.20681],[-131.88791,56.24163],[-132.02193,56.38007],[-132.18203,56.42064],[-132.30499,56.51986],[-132.35765,56.6259],[-132.47594,56.64966],[-132.48713,56.7664],[-132.63952,56.79643],[-132.8022,56.89515],[-132.83881,56.96019],[-132.8246,57.0558],[-132.91341,57.04748],[-133.46585,57.17217],[-133.43666,57.33686],[-133.53895,57.55416],[-133.64871,57.6423],[-133.60339,57.69467],[-133.55422,57.69508],[-133.11706,57.5662],[-133.51547,57.77513],[-133.5352,57.83296],[-133.51112,57.88011],[-133.19432,57.8777],[-133.55936,57.92445],[-133.65726,57.84099],[-133.72232,57.84425],[-134.03109,58.07216],[-134.06334,58.21107],[-134.04525,58.28926],[-133.87673,58.51819],[-133.94386,58.49829],[-134.13121,58.27933],[-134.20883,58.23296],[-134.48545,58.36721],[-134.66361,58.3847],[-134.77614,58.45385],[-134.94251,58.64629],[-134.98612,58.76564],[-135.13185,58.84287],[-135.21737,59.0766],[-135.33031,59.23908],[-135.36367,59.41943],[-135.41273,59.31845],[-135.4841,59.30868],[-135.40015,59.20791],[-135.50232,59.2023],[-135.38615,59.08755],[-135.33406,58.90961],[-135.06204,58.34089],[-135.04971,58.30678],[-135.09025,58.24585],[-135.30254,58.25593],[-135.44994,58.37613],[-135.57179,58.41205],[-135.89754,58.4002],[-135.86173,58.57705],[-136.04549,58.78913],[-136.04311,58.82163],[-135.82638,58.89796],[-136.0166,58.87398],[-136.15003,59.04808],[-136.15948,58.9468],[-136.12352,58.89346],[-136.12419,58.81962],[-136.22584,58.76546],[-136.45115,58.84634],[-136.56621,58.9409],[-136.989,59.03449],[-136.94807,58.93491],[-137.05902,58.87371],[-136.87908,58.88153],[-136.61393,58.80928],[-136.53352,58.74024],[-136.41012,58.70066],[-136.48376,58.61767],[-136.2246,58.60226],[-136.06149,58.45271],[-136.05598,58.38416],[-136.08125,58.36419],[-136.46239,58.32797],[-136.60742,58.24399],[-137.544,58.58118],[-137.56463,58.62588],[-137.8637,58.78556],[-138.02692,58.94147],[-138.35248,59.0873],[-138.56032,59.12916],[-138.5149,59.1659],[-138.88433,59.2369],[-139.79911,59.54626],[-139.61163,59.61031],[-139.51306,59.69812],[-139.58217,59.84831],[-139.56915,59.91236],[-139.51231,59.95355],[-139.44688,59.95686],[-139.33097,59.87702],[-139.28671,59.61094],[-139.2208,59.81987],[-138.98807,59.83501],[-139.2425,59.89278],[-139.43143,60.01225],[-139.51892,60.01712],[-139.91688,59.80567],[-140.21673,59.72664],[-140.41985,59.71072],[-140.84315,59.74886],[-141.40829,59.9028],[-141.28995,60.00414],[-141.32956,60.08281],[-141.40873,60.11767],[-141.40971,60.04227],[-141.44707,60.01943],[-141.67016,59.96988],[-142.54861,60.08604],[-142.94564,60.09695],[-143.80507,60.0129],[-144.14721,60.01639],[-144.16094,60.04582],[-144.0843,60.06303],[-144.08854,60.08434],[-144.18548,60.15074],[-144.64295,60.22465],[-144.90133,60.33518],[-144.82444,60.53362],[-144.69114,60.66911],[-145.24829,60.38014],[-145.89889,60.47817],[-145.67493,60.65113],[-146.14903,60.66069],[-146.18234,60.73474],[-146.25104,60.74906],[-146.50299,60.7008],[-146.57048,60.72916],[-146.39199,60.81087],[-146.63843,60.89732],[-146.63606,60.99253],[-146.59911,61.05353],[-146.28489,61.11265],[-146.58273,61.12785],[-146.87403,61.00491],[-146.98017,60.9778],[-147.19504,60.99684],[-147.36139,60.9145],[-147.56726,60.99493],[-147.65569,60.90951],[-147.80761,60.88538],[-147.89112,60.88987],[-147.99076,60.94827],[-147.97117,61.01907],[-147.75186,61.21896],[-148.04941,61.08268],[-148.34187,61.06041],[-148.41075,61.01147],[-148.20867,61.02992],[-148.34443,60.85355],[-148.55615,60.82699],[-148.55739,60.8029],[-148.25673,60.67532],[-148.305,60.58333],[-148.50959,60.56525],[-148.64012,60.48943],[-148.1192,60.57517],[-148.0507,60.56721],[-147.96409,60.48489],[-148.046,60.4283],[-148.1817,60.39306],[-148.21586,60.32314],[-148.19762,60.16777],[-148.33311,60.12201],[-148.4307,59.98913],[-148.75086,59.94776],[-149.00426,59.97998],[-149.12159,60.03352],[-149.26659,59.99827],[-149.39527,60.10573],[-149.43222,60.00104],[-149.54916,59.89433],[-149.59805,59.77046],[-149.71385,59.9196],[-149.79478,59.85583],[-149.78245,59.75033],[-150.00531,59.78442],[-149.96652,59.69005],[-150.19806,59.56654],[-150.33816,59.58132],[-150.48533,59.53528],[-150.60739,59.56339],[-150.62289,59.47962],[-150.67746,59.42696],[-150.85278,59.34185],[-150.9345,59.24909],[-151.18276,59.30078],[-151.17072,59.2369],[-151.36636,59.24558],[-151.7382,59.18853],[-151.9495,59.26507],[-151.9317,59.34273],[-151.84995,59.40635],[-151.39959,59.51632],[-151.18942,59.63768],[-151.04648,59.7718],[-151.08943,59.78943],[-151.45011,59.65042],[-151.76383,59.70003],[-151.81693,59.7209],[-151.85321,59.78209],[-151.73451,59.98833],[-151.39597,60.27446],[-151.31267,60.46643],[-151.35505,60.65986],[-151.35647,60.72297],[-151.32179,60.74291],[-150.44125,61.02356],[-150.34914,61.02263],[-150.11305,60.93282],[-149.63246,60.95199],[-149.07508,60.87641],[-149.14223,60.93568],[-149.59249,60.99382],[-150.05327,61.1711],[-149.89529,61.23171],[-149.7369,61.36334],[-149.32907,61.49738],[-149.43354,61.5008],[-149.69525,61.47072],[-149.82374,61.41336],[-149.9757,61.27936],[-150.47179,61.25998],[-150.56724,61.3068],[-150.94548,61.19822],[-151.15015,61.08583],[-151.59351,60.97964],[-151.73396,60.91072],[-151.78442,60.83314],[-151.75047,60.75487],[-151.99622,60.68224],[-152.27073,60.52811],[-152.30506,60.453],[-152.26031,60.40944],[-152.36883,60.33635],[-152.65393,60.23845],[-153.02502,60.29565],[-152.66476,60.12527],[-152.63011,60.08377],[-152.66011,59.99722],[-152.75946,59.92089],[-153.21121,59.84271],[-153.02463,59.794],[-153.04815,59.73006],[-153.09362,59.70913],[-153.36399,59.65987],[-153.36645,59.72985],[-153.4144,59.74013],[-153.65253,59.64701],[-153.67072,59.63481],[-153.60938,59.61502],[-153.7526,59.50986],[-154.08832,59.3633],[-154.06749,59.33638],[-154.17834,59.15559],[-154.12981,59.11985],[-153.65638,59.03867],[-153.41828,58.95997],[-153.32707,58.88432],[-153.43761,58.75484],[-153.61734,58.65471],[-153.86195,58.58785],[-154.0199,58.49297],[-154.08589,58.36584],[-154.28903,58.30435],[-154.20805,58.28879],[-154.24701,58.15943],[-154.57058,58.11805],[-154.58492,58.05568],[-155.00686,58.01604],[-155.14737,57.88181],[-155.59024,57.73361],[-155.59585,57.70108],[-155.77798,57.56822],[-156.00019,57.54496],[-156.03734,57.52652],[-156.05538,57.44758],[-156.24219,57.4492],[-156.43587,57.35996],[-156.4784,57.32787],[-156.39763,57.24059],[-156.4005,57.20482],[-156.47514,57.1052],[-156.59204,57.0651],[-156.62899,57.00998],[-156.77988,57.00562],[-157.13914,56.82655],[-157.44057,56.79033],[-157.57839,56.63445],[-157.86909,56.64523],[-158.0783,56.55203],[-157.92999,56.52048],[-158.41441,56.43584],[-158.55215,56.31271],[-158.38614,56.30157],[-158.27566,56.19626],[-158.47611,56.0755],[-158.52334,56.07244],[-158.54267,56.16683],[-158.59117,56.18453],[-158.70488,56.04312],[-158.78986,55.98691],[-159.52323,55.81],[-159.56762,55.69521],[-159.65965,55.6259],[-159.67849,55.82466],[-159.77138,55.84111],[-160.3732,55.63511],[-160.49932,55.53729],[-160.62523,55.55237],[-160.77083,55.48354],[-160.89674,55.51361],[-161.17801,55.38887],[-161.46386,55.38251],[-161.4767,55.46489],[-161.41335,55.53614],[-161.20209,55.54354],[-161.35746,55.61219],[-161.51696,55.61841],[-161.65431,55.56336],[-161.74157,55.39114],[-162.07398,55.13932],[-162.16658,55.14377],[-162.27464,55.07323],[-162.38636,55.05235],[-162.45749,55.0777],[-162.41254,55.10686],[-162.49524,55.20847],[-162.54188,55.24272],[-162.63038,55.24665],[-162.61891,55.03845],[-162.67435,54.99659],[-162.86504,54.95453],[-162.99588,55.04646],[-163.11962,55.0647],[-163.10022,54.97364],[-163.13112,54.91655],[-163.3353,54.83918],[-163.27881,55.12183],[-163.11448,55.19394],[-162.90659,55.19555],[-162.15712,55.71944],[-161.69733,55.90721],[-161.21563,56.02141],[-161.17861,56.01447],[-161.22258,55.97743],[-161.19251,55.95431],[-160.89865,55.99364],[-160.87782,55.97049],[-160.90237,55.94129],[-161.00841,55.91173],[-161.00538,55.88716],[-160.80284,55.75443],[-160.74551,55.77148],[-160.7584,55.85463],[-160.70633,55.87044],[-160.53025,55.86346],[-160.43692,55.81669],[-160.29171,55.80507],[-160.27011,55.8322],[-160.30851,55.86447],[-160.47986,55.93545],[-160.53906,56.00629],[-160.30205,56.31413],[-159.78507,56.56161],[-159.28309,56.68858],[-158.91802,56.88216],[-158.89489,56.81643],[-158.67517,56.79488],[-158.6608,57.03941],[-158.32092,57.2979],[-158.13355,57.36642],[-157.84576,57.52806],[-157.73719,57.54817],[-157.53529,57.48347],[-157.46191,57.5062],[-157.57162,57.54068],[-157.69721,57.67942],[-157.62117,57.89523],[-157.61086,58.05083],[-157.55503,58.13997],[-157.19371,58.19418],[-157.48839,58.2537],[-157.52361,58.42134],[-157.4609,58.50301],[-157.22885,58.64091],[-156.97465,58.73634],[-157.04048,58.77254],[-156.8089,59.13428],[-156.96336,58.98885],[-157.14203,58.87765],[-158.19093,58.61425],[-158.30258,58.64179],[-158.50319,58.85036],[-158.42562,58.99929],[-158.08053,58.97744],[-158.42281,59.08983],[-158.51443,59.07283],[-158.67827,58.92937],[-158.80947,58.97387],[-158.77555,58.90255],[-158.86138,58.71876],[-158.77211,58.52033],[-158.78862,58.44095],[-158.9507,58.40455],[-159.08269,58.46977],[-159.45421,58.7929],[-159.67027,58.91113],[-159.92021,58.81987],[-160.1526,58.90592],[-160.36312,59.05118],[-160.81708,58.8717],[-161.24685,58.79946],[-161.32811,58.7437],[-161.36133,58.66954],[-161.75544,58.61203],[-162.14493,58.64422],[-161.85647,58.71709],[-161.72439,58.79429],[-161.78053,58.89741],[-161.78867,59.01639],[-161.64439,59.10968],[-161.79446,59.10947],[-161.89076,59.07608],[-161.98104,59.14615],[-162.02331,59.28398],[-161.87223,59.42826],[-161.8287,59.58862],[-162.13814,59.98004],[-162.24249,60.17832],[-162.42135,60.28397],[-162.13888,60.61433],[-161.9466,60.68482],[-162.13803,60.68555],[-162.46871,60.39468],[-162.68497,60.26896],[-162.54772,60.23105],[-162.52695,60.19912],[-162.50049,60.12656],[-162.57074,59.98973],[-162.73262,59.99365],[-162.87786,59.92276],[-163.21939,59.8456],[-163.90689,59.80679],[-164.14284,59.89676],[-164.13153,59.99422],[-164.4705,60.1493],[-164.66227,60.30382],[-164.79996,60.30722],[-165.06113,60.41254],[-165.02651,60.50065],[-165.35383,60.54122],[-165.016,60.74002],[-164.8998,60.87313],[-164.80516,60.89205],[-164.31852,60.77127],[-164.26565,60.72467],[-164.37234,60.59186],[-163.99957,60.76605],[-163.89493,60.74518],[-163.73,60.58998],[-163.52869,60.66456],[-163.42095,60.75743],[-163.62303,60.82223],[-163.90653,60.8538],[-163.58691,60.90298],[-163.74902,60.96972],[-163.99461,60.86471],[-164.44156,60.86998],[-164.75397,60.93132],[-165.11482,60.93282],[-165.17547,60.96569],[-164.86898,61.11175],[-165.07708,61.09421],[-165.13772,61.13012],[-165.12777,61.19244],[-165.20376,61.15283],[-165.34489,61.19771],[-165.24394,61.26877],[-165.27365,61.27486],[-165.33368,61.26613],[-165.39204,61.21231],[-165.38078,61.1063],[-165.56588,61.10237],[-165.69138,61.29992],[-165.86395,61.33568],[-165.90628,61.4038],[-165.79711,61.49119],[-165.84532,61.53624],[-165.96131,61.55087],[-166.09399,61.50674],[-166.15272,61.54596],[-166.16809,61.65082],[-165.80892,61.69608],[-166.01994,61.74828],[-166.07882,61.8031],[-165.61281,61.8693],[-165.72525,61.95937],[-165.74393,62.0117],[-165.70727,62.10044],[-165.19451,62.47353],[-164.99972,62.53381],[-164.75787,62.49673],[-164.8444,62.58104],[-164.68798,62.60827],[-164.58943,62.70935],[-164.7927,62.6232],[-164.84541,62.80098],[-164.79965,62.91807],[-164.67746,63.02047],[-164.38425,63.03047],[-164.37508,63.05398],[-164.5252,63.12762],[-164.40905,63.21506],[-164.1076,63.26172],[-163.94286,63.2472],[-163.73623,63.19281],[-163.61631,63.12517],[-163.73785,63.01642],[-163.50436,63.10587],[-163.28786,63.04643],[-162.94772,63.11501],[-162.80776,63.20658],[-162.62149,63.26581],[-162.2828,63.52919],[-162.11248,63.53418],[-162.05623,63.47132],[-161.97398,63.45295],[-161.50543,63.46816],[-161.26602,63.49698],[-160.92671,63.66056],[-160.82651,63.72934],[-160.77855,63.81895],[-160.90397,64.03118],[-160.98753,64.25127],[-161.2201,64.39656],[-161.38567,64.43994],[-161.49071,64.43376],[-161.41461,64.52637],[-161.19305,64.51642],[-160.93195,64.57911],[-160.83602,64.68194],[-160.88697,64.79555],[-161.13018,64.92544],[-161.46637,64.79486],[-161.75937,64.81625],[-161.86833,64.74267],[-162.33463,64.61285],[-162.63573,64.45085],[-162.71107,64.37751],[-162.80701,64.37421],[-162.87643,64.51642],[-163.20388,64.65202],[-163.30284,64.6059],[-163.17409,64.53296],[-163.05175,64.51973],[-163.14435,64.42382],[-163.48619,64.54981],[-163.7131,64.58825],[-164.30397,64.58391],[-164.69183,64.50744],[-164.76492,64.52965],[-164.97876,64.45366],[-166.14277,64.58278],[-166.32511,64.62572],[-166.48138,64.72809],[-166.4781,64.79754],[-166.40867,64.82695],[-166.41524,64.92653],[-166.55086,64.95299],[-166.92841,65.15706],[-166.76253,65.13491],[-166.53102,65.15473],[-166.45164,65.24733],[-166.12148,65.26072],[-166.15704,65.28583],[-167.40399,65.4221],[-167.98723,65.56778],[-168.08836,65.65775],[-167.93057,65.74816],[-167.91437,65.68118],[-167.58005,65.75831],[-167.40531,65.85934],[-167.07422,65.87706],[-166.74767,66.05183],[-166.39873,66.14443],[-166.21458,66.17027],[-166.00893,66.12134],[-165.62991,66.13121],[-165.56023,66.16708],[-165.84026,66.24506],[-165.81186,66.28846],[-165.4494,66.4099],[-165.06395,66.43783],[-164.4605,66.58845],[-163.72768,66.61645],[-163.63822,66.57467],[-163.89397,66.57589],[-163.77548,66.53111],[-163.90286,66.37838],[-163.89397,66.28691],[-164.03375,66.21555],[-163.69538,66.08382],[-162.88649,66.09923],[-162.58687,66.05085],[-162.21428,66.07106],[-161.93368,66.0429],[-161.81632,66.05364],[-161.55685,66.25053],[-161.45541,66.28141],[-161.20108,66.21937],[-161.10923,66.23952],[-161.0343,66.18881],[-161.06954,66.29464],[-161.12029,66.33432],[-161.54442,66.40703],[-161.82815,66.37083],[-161.91691,66.41184],[-161.88758,66.49307],[-162.19118,66.69313],[-162.31773,66.73371],[-162.46744,66.73564],[-162.60743,66.89439],[-162.36161,66.94731],[-162.25355,66.91863],[-162.13142,66.80135],[-162.01765,66.78411],[-162.05072,66.66727],[-161.9096,66.55961],[-161.59104,66.45951],[-161.15579,66.49529],[-160.78449,66.38438],[-160.65055,66.3731],[-160.23171,66.42029],[-160.22732,66.50852],[-160.26256,66.57245],[-160.36088,66.61253],[-160.64378,66.60498],[-160.86402,66.67087],[-161.05146,66.65278],[-161.39805,66.55185],[-161.85668,66.70032],[-161.87875,66.80393],[-161.6222,66.97932],[-161.71994,67.02056],[-161.96543,67.04955],[-162.39153,67.01989],[-162.40941,67.10397],[-162.58312,67.0185],[-163.0017,67.02728],[-163.53182,67.10257],[-163.72057,67.19554],[-163.9427,67.47759],[-164.12517,67.60672],[-165.38602,68.04559],[-165.95958,68.15589],[-166.23595,68.27796],[-166.7863,68.3596],[-166.5459,68.42435],[-166.64786,68.37381],[-166.5704,68.36107],[-166.38054,68.42513],[-166.18205,68.79719],[-166.20908,68.88536],[-165.50948,68.86758],[-164.30237,68.93649],[-163.86793,69.03666],[-163.53567,69.17009],[-163.2052,69.39251],[-163.16146,69.38796],[-163.09355,69.61071],[-162.95212,69.75812],[-161.88097,70.33175],[-161.76108,70.25765],[-162.07387,70.16197],[-160.99627,70.30459],[-160.63412,70.44639],[-160.11715,70.59119],[-159.96315,70.56815],[-160.1064,70.47257],[-160.00555,70.44754],[-160.09508,70.33328],[-159.90755,70.33147],[-159.86569,70.27884],[-159.81499,70.4971],[-159.6833,70.47717],[-159.38675,70.52453],[-159.74621,70.53045],[-159.96183,70.63406],[-160.08159,70.63487],[-159.68089,70.78679],[-159.31451,70.87852],[-159.19172,70.85966],[-159.18317,70.83196],[-159.33986,70.78126],[-159.25115,70.74845],[-158.99629,70.80159],[-158.62093,70.79903],[-158.48438,70.84106],[-157.90937,70.86012],[-157.32473,71.03962],[-156.78329,71.31895],[-156.47024,71.40769],[-156.39525,71.39668],[-156.56723,71.34154],[-156.46998,71.29156],[-155.64558,71.18279],[-155.57944,71.12109],[-155.63458,71.06158],[-155.80433,70.99544],[-156.14659,70.92781],[-156.04194,70.90224],[-155.97352,70.84198],[-155.87224,70.83464],[-155.57939,70.89433],[-155.16685,71.09922],[-154.94382,71.08305],[-154.67368,70.98709],[-154.78522,70.89431],[-154.19523,70.80111],[-153.91822,70.87733],[-153.4977,70.89108],[-153.23291,70.93257],[-152.30041,70.84679],[-152.23292,70.81036],[-152.43725,70.73326],[-152.47058,70.65362],[-152.26967,70.61476],[-152.25336,70.56825],[-152.17293,70.55665],[-151.76902,70.56014],[-151.94467,70.45211],[-151.22482,70.41875],[-150.66263,70.50991],[-150.27364,70.43431],[-149.8701,70.50965],[-149.26944,70.50077],[-148.68836,70.41632],[-148.4792,70.31793],[-148.14273,70.35545],[-147.86952,70.30325],[-147.70535,70.21721],[-147.06293,70.1704],[-146.74489,70.19174],[-145.82314,70.16006],[-145.19738,70.0087],[-144.61918,69.98213],[-144.41689,70.03903],[-143.21833,70.11623],[-142.70787,70.03381],[-142.29699,69.8699],[-141.6992,69.77037],[-141.4079,69.65337],[-141.00214,69.65079],[-141.00214,60.30024],[-140.52542,60.21834],[-140.45282,60.29973],[-139.97328,60.18315],[-139.6763,60.32834],[-139.07926,60.34371],[-139.07926,60.27945],[-139.18517,60.08357],[-139.04344,59.99324]]],[[[-166.14864,66.22182],[-166.03252,66.27771],[-165.8222,66.32809],[-165.9423,66.27818],[-166.14864,66.22182]]],[[[-171.44785,63.61568],[-170.87463,63.594],[-170.67252,63.66883],[-170.43042,63.69886],[-170.12183,63.61751],[-170.01737,63.49173],[-169.62411,63.43055],[-169.55453,63.37349],[-168.716,63.31061],[-168.76135,63.21376],[-168.85238,63.17124],[-169.36472,63.17113],[-169.55928,63.05822],[-169.5713,62.99677],[-169.67636,62.9561],[-169.8186,63.12235],[-170.18961,63.19635],[-170.2727,63.28428],[-170.5271,63.37928],[-170.95403,63.45295],[-171.51914,63.332],[-171.73786,63.39422],[-171.8194,63.47726],[-171.74639,63.70308],[-171.64647,63.72699],[-171.44785,63.61568]]],[[[-148.05742,60.81794],[-148.1238,60.84435],[-148.10168,60.91613],[-148.03773,60.92414],[-147.94311,60.87538],[-147.93071,60.82616],[-148.05742,60.81794]]],[[[-152.06903,60.35808],[-152.00451,60.4074],[-151.95974,60.50375],[-151.89941,60.49036],[-151.88729,60.47269],[-151.98689,60.37398],[-152.06903,60.35808]]],[[[-147.65868,60.42414],[-147.69005,60.3989],[-147.65997,60.3525],[-147.75992,60.19023],[-147.81583,60.18516],[-147.80529,60.23064],[-147.87136,60.22976],[-147.89143,60.29942],[-147.79454,60.45988],[-147.76023,60.43879],[-147.68858,60.4914],[-147.65868,60.42414]]],[[[-146.37168,60.42215],[-146.10224,60.4112],[-146.59534,60.26844],[-146.70287,60.3956],[-146.5603,60.48054],[-146.37168,60.42215]]],[[[-145.15046,60.31265],[-145.23764,60.32133],[-145.28425,60.33683],[-145.12814,60.40112],[-145.10243,60.38826],[-145.15046,60.31265]]],[[[-166.04363,60.33394],[-165.84093,60.34625],[-165.7297,60.3142],[-165.68936,60.22413],[-165.71233,60.06936],[-165.63058,60.02838],[-165.5918,59.91314],[-165.94674,59.89004],[-166.09983,59.84963],[-166.1312,59.81976],[-166.10668,59.77545],[-166.14872,59.76413],[-166.2616,59.8149],[-166.62765,59.86467],[-167.13886,60.00854],[-167.43642,60.20666],[-167.25172,60.23354],[-166.83632,60.217],[-166.78439,60.29642],[-166.4757,60.38277],[-166.36387,60.36474],[-166.18494,60.39678],[-166.04363,60.33394]]],[[[-147.84632,59.79883],[-147.87247,59.82839],[-147.76808,59.94373],[-147.33653,60.18537],[-147.18088,60.35825],[-147.01986,60.33224],[-146.95787,60.28887],[-147.31847,60.0753],[-147.37653,59.99117],[-147.54021,59.8675],[-147.84632,59.79883]]],[[[-148.07416,60.03471],[-148.27187,60.05326],[-148.23069,60.11354],[-148.07959,60.15165],[-147.9142,60.09235],[-148.07416,60.03471]]],[[[-144.6136,59.81263],[-144.44493,59.9507],[-144.23574,60.01521],[-144.24897,59.98213],[-144.6136,59.81263]]],[[[-160.91898,58.57709],[-161.07024,58.56914],[-161.1315,58.6682],[-160.98624,58.73642],[-160.71515,58.79523],[-160.91898,58.57709]]],[[[-152.51552,58.4786],[-152.63662,58.5417],[-152.46317,58.61849],[-152.36793,58.6111],[-152.39281,58.54087],[-152.51552,58.4786]]],[[[-152.38077,58.35209],[-152.34302,58.41163],[-152.19794,58.3631],[-152.12523,58.37427],[-152.07854,58.31236],[-151.97439,58.30985],[-151.9825,58.24435],[-152.10911,58.16115],[-152.26837,58.25169],[-152.33436,58.20808],[-152.30925,58.13387],[-152.53766,58.101],[-152.57135,58.16824],[-152.59823,58.1626],[-152.68305,58.06333],[-152.92844,57.99372],[-153.38133,58.0872],[-152.97613,58.29701],[-152.77186,58.27856],[-152.76871,58.34559],[-152.8411,58.41639],[-152.61228,58.44569],[-152.38077,58.35209]]],[[[-134.68027,58.16167],[-134.2401,58.14399],[-133.96552,57.87378],[-133.82273,57.62868],[-133.92502,57.6708],[-134.18028,58.01113],[-134.24994,58.04917],[-134.30689,58.03439],[-134.2671,57.88453],[-133.93702,57.58158],[-133.92087,57.49196],[-133.97375,57.45138],[-133.91115,57.35255],[-134.10003,57.30012],[-134.26015,57.14679],[-134.51602,57.04257],[-134.59152,57.09196],[-134.61953,57.19553],[-134.57589,57.23175],[-134.48677,57.48202],[-134.65989,57.63808],[-134.78148,58.07785],[-134.90765,58.26277],[-134.92349,58.35465],[-134.83698,58.32016],[-134.68027,58.16167]]],[[[-134.31986,58.2041],[-134.45623,58.20652],[-134.6616,58.29091],[-134.51997,58.33254],[-134.3989,58.28719],[-134.31273,58.2289],[-134.31986,58.2041]]],[[[-135.58748,58.14678],[-135.61539,58.05748],[-135.6931,58.03852],[-135.67114,58.01191],[-135.61324,57.99186],[-135.34662,58.12411],[-135.16285,58.09584],[-134.95468,58.01532],[-134.92798,57.95276],[-134.97064,57.81725],[-135.10258,57.79366],[-135.23122,57.8158],[-135.33848,57.76866],[-135.24954,57.73255],[-134.97884,57.72436],[-134.87311,57.5892],[-134.9315,57.48114],[-135.56422,57.66643],[-135.60856,57.65075],[-135.61781,57.48037],[-135.69195,57.4199],[-135.91076,57.44657],[-136.0766,57.67457],[-136.45991,57.87308],[-136.56861,57.97218],[-136.51228,58.09599],[-136.36953,58.14303],[-136.32198,58.21887],[-136.14372,58.09848],[-136.14236,58.15392],[-136.09437,58.19815],[-135.9474,58.2058],[-135.78706,58.26849],[-135.58748,58.14678]]],[[[-152.89082,57.76898],[-152.69625,57.83229],[-152.51156,57.85146],[-152.41193,57.80593],[-152.48263,57.7033],[-152.41149,57.64609],[-152.23651,57.61491],[-152.21623,57.577],[-152.41219,57.45479],[-152.94079,57.49809],[-152.99745,57.46895],[-152.78137,57.45339],[-152.67905,57.34513],[-152.87903,57.32082],[-153.05161,57.23764],[-153.27436,57.22635],[-153.58829,57.0777],[-153.73258,57.05233],[-153.64653,57.02959],[-153.64333,56.96076],[-153.75725,56.85834],[-153.97271,56.77421],[-154.0508,56.78848],[-154.07085,56.82067],[-153.79319,56.98949],[-153.99938,57.04995],[-154.10299,57.02122],[-154.03504,57.12183],[-154.24376,57.14303],[-154.38111,57.09651],[-154.23921,57.08685],[-154.18433,57.0053],[-154.26094,56.91178],[-154.33895,56.92092],[-154.49878,57.03657],[-154.56932,57.20591],[-154.70595,57.33537],[-154.67321,57.44611],[-154.53532,57.55943],[-154.28143,57.63808],[-154.11617,57.65121],[-154.02984,57.6307],[-153.99504,57.58728],[-154.00791,57.55618],[-153.94734,57.53007],[-153.80544,57.3582],[-153.68772,57.30513],[-153.79782,57.44326],[-153.83815,57.63586],[-153.69015,57.64072],[-153.69315,57.6634],[-153.9061,57.79079],[-153.90442,57.81988],[-153.80583,57.87507],[-153.66266,57.85781],[-153.56858,57.76107],[-153.48794,57.73095],[-153.39043,57.79838],[-153.21747,57.79575],[-153.16884,57.91065],[-153.22594,57.9576],[-153.16046,57.97197],[-152.85041,57.89678],[-152.89805,57.82392],[-152.89082,57.76898]]],[[[-153.26857,57.82237],[-153.46505,57.90939],[-153.52008,57.95574],[-153.48107,57.97103],[-153.34697,57.93279],[-153.24064,57.85008],[-153.26857,57.82237]]],[[[-134.88489,57.24169],[-134.62072,56.71829],[-134.61057,56.60342],[-134.6571,56.52324],[-134.63004,56.30245],[-134.6819,56.21615],[-134.80647,56.28127],[-134.98054,56.51893],[-134.96664,56.59613],[-134.88344,56.67907],[-135.0178,56.66016],[-135.15903,56.72537],[-135.16311,56.82413],[-135.28481,56.80035],[-135.3306,56.82185],[-135.31515,56.93183],[-135.1996,57.02732],[-135.34137,57.08158],[-135.3753,57.18844],[-135.45493,57.24943],[-135.50195,57.24385],[-135.66187,57.03372],[-135.81233,57.00954],[-135.7677,57.10039],[-135.82274,57.28043],[-135.78714,57.31728],[-135.6245,57.35438],[-135.44868,57.53437],[-135.34628,57.53313],[-135.06524,57.41671],[-134.88489,57.24169]]],[[[-170.26399,57.13678],[-170.35799,57.15421],[-170.38662,57.20302],[-170.11617,57.24178],[-170.16056,57.18395],[-170.26399,57.13678]]],[[[-153.13421,57.09259],[-153.29539,57.00042],[-153.37459,57.05192],[-153.35433,57.13191],[-153.28521,57.18504],[-152.90841,57.15243],[-153.13421,57.09259]]],[[[-133.29972,56.97218],[-133.26354,57.00497],[-133.196,57.00347],[-132.99622,56.93043],[-132.95415,56.88028],[-132.95917,56.67705],[-133.03492,56.62073],[-133.244,56.79586],[-133.32896,56.83007],[-133.15662,56.61112],[-133.15817,56.49515],[-133.21266,56.46462],[-133.4842,56.45175],[-133.63135,56.48405],[-133.68816,56.71002],[-133.68098,56.79752],[-133.82307,56.92438],[-133.97947,57.0096],[-133.96236,57.04345],[-133.86598,57.06871],[-133.70773,57.06283],[-133.29972,56.97218]]],[[[-133.92479,56.77571],[-133.83087,56.78129],[-133.73837,56.65044],[-133.76728,56.60012],[-133.85526,56.58217],[-133.88461,56.29212],[-133.9497,56.12771],[-133.99401,56.10113],[-134.06747,56.13301],[-134.12243,56.07741],[-134.18958,56.07697],[-134.24506,56.20327],[-134.19547,56.41351],[-134.0844,56.45635],[-134.29025,56.58001],[-134.27839,56.61711],[-134.3844,56.72403],[-134.37368,56.83865],[-134.27443,56.91818],[-134.14328,56.93234],[-134.0006,56.86919],[-133.92479,56.77571]]],[[[-132.75763,56.51102],[-132.93079,56.52445],[-132.94803,56.56724],[-132.84253,56.79477],[-132.65588,56.68471],[-132.56798,56.57583],[-132.75763,56.51102]]],[[[-169.75521,56.63504],[-169.5505,56.62812],[-169.47433,56.59406],[-169.58688,56.54244],[-169.76617,56.60794],[-169.75521,56.63504]]],[[[-154.25779,56.51268],[-154.33212,56.53903],[-154.3222,56.57061],[-154.21676,56.60874],[-154.11038,56.60293],[-154.11596,56.54389],[-154.25779,56.51268]]],[[[-154.44488,56.57319],[-154.77393,56.42028],[-154.76093,56.47113],[-154.62373,56.5613],[-154.51754,56.60052],[-154.44488,56.57319]]],[[[-132.13294,55.94325],[-132.36858,55.93974],[-132.42059,55.97953],[-132.40605,56.02888],[-132.45116,56.05637],[-132.65991,56.07818],[-132.69903,56.19817],[-132.59872,56.24163],[-132.37985,56.49878],[-132.31649,56.48748],[-132.0669,56.24421],[-132.13294,55.94325]]],[[[-132.83096,56.24417],[-133.03766,56.36483],[-132.90204,56.45377],[-132.64334,56.43516],[-132.66939,56.28731],[-132.83096,56.24417]]],[[[-133.56611,56.3392],[-133.203,56.31984],[-133.08174,56.19419],[-133.09662,56.09004],[-132.75757,55.99501],[-132.59761,55.89504],[-132.43015,55.68699],[-132.1727,55.4806],[-132.51126,55.59392],[-132.63128,55.47318],[-132.41785,55.48292],[-132.21528,55.38354],[-132.16025,55.32298],[-132.20671,55.22443],[-132.00509,55.23064],[-131.97643,55.2086],[-132.00038,55.03385],[-131.98088,54.80482],[-132.0217,54.72632],[-132.18924,54.73485],[-132.34132,54.90724],[-132.54937,54.9526],[-132.59387,54.99574],[-132.62218,55.13597],[-132.70174,55.13054],[-132.68285,55.07395],[-132.70414,55.03008],[-132.7823,55.04847],[-132.91261,55.18849],[-133.11854,55.32766],[-133.103,55.36024],[-132.95891,55.39556],[-133.08247,55.50411],[-133.0334,55.58968],[-133.29826,55.60688],[-133.36901,55.68895],[-133.55326,55.69117],[-133.68018,55.78517],[-133.58406,55.83654],[-133.41172,55.79836],[-133.24153,55.92082],[-133.28922,56.0187],[-133.37123,56.03591],[-133.68421,55.94279],[-133.75519,55.99947],[-133.53086,56.14567],[-133.59442,56.21636],[-133.59861,56.31625],[-133.56611,56.3392]]],[[[-131.01391,55.37928],[-131.08274,55.2668],[-131.18788,55.20629],[-131.26188,55.21978],[-131.31632,55.26852],[-131.42068,55.2759],[-131.45094,55.31629],[-131.42236,55.36843],[-131.44758,55.40879],[-131.52184,55.34107],[-131.64129,55.29895],[-131.76252,55.16583],[-131.81099,55.22311],[-131.84608,55.41625],[-131.64756,55.58555],[-131.62496,55.83169],[-131.26922,55.95539],[-131.12067,55.85664],[-130.96596,55.66952],[-131.01391,55.37928]]],[[[-155.60489,55.78957],[-155.7232,55.80218],[-155.73736,55.8298],[-155.57324,55.92108],[-155.566,55.8212],[-155.60489,55.78957]]],[[[-133.2832,55.51563],[-133.65018,55.26929],[-133.63499,55.41331],[-133.73713,55.49692],[-133.63424,55.53924],[-133.45477,55.52229],[-133.34558,55.55909],[-133.2832,55.51563]]],[[[-160.66972,55.31424],[-160.55278,55.38075],[-160.58316,55.30763],[-160.48754,55.18485],[-160.60908,55.15901],[-160.70179,55.17762],[-160.79509,55.14522],[-160.82548,55.174],[-160.83966,55.33538],[-160.72393,55.40463],[-160.67218,55.37938],[-160.66972,55.31424]]],[[[-160.34331,55.25879],[-160.48074,55.30898],[-160.51748,55.33383],[-160.3623,55.35698],[-160.32928,55.33771],[-160.34331,55.25879]]],[[[-132.83772,54.88094],[-132.77231,54.92605],[-132.61722,54.89241],[-132.64696,54.75614],[-132.70582,54.68415],[-132.80729,54.70912],[-133.00893,54.85484],[-133.1227,54.96982],[-133.25116,55.17513],[-133.41797,55.21072],[-133.45381,55.26034],[-133.42904,55.30381],[-133.29656,55.32572],[-133.0974,55.21374],[-132.99575,55.11059],[-132.98219,55.03303],[-132.83772,54.88094]]],[[[-159.87297,55.12875],[-160.1696,54.94168],[-160.22706,54.92269],[-160.1536,55.03834],[-160.17208,55.12305],[-160.10221,55.13389],[-159.88737,55.27301],[-159.89824,55.22128],[-159.83941,55.18237],[-159.87297,55.12875]]],[[[-131.40463,55.21332],[-131.23203,54.90378],[-131.40618,54.8943],[-131.44569,54.90934],[-131.43133,54.99648],[-131.48174,55.03525],[-131.59222,55.02569],[-131.59511,55.09075],[-131.55599,55.13741],[-131.56545,55.26412],[-131.40463,55.21332]]],[[[-159.52039,55.07215],[-159.64849,55.07458],[-159.63966,55.12397],[-159.59795,55.12571],[-159.59527,55.18201],[-159.54509,55.22598],[-159.52039,55.07215]]],[[[-159.362,54.9724],[-159.42135,54.97814],[-159.46192,55.05881],[-159.39042,55.04088],[-159.362,54.9724]]],[[[-163.37896,54.81552],[-163.13505,54.72328],[-163.08327,54.66902],[-163.35808,54.73568],[-163.58303,54.62566],[-164.07331,54.621],[-164.23462,54.57135],[-164.4035,54.44784],[-164.5908,54.40433],[-164.82342,54.41908],[-164.90393,54.54478],[-164.88766,54.60783],[-164.70619,54.69199],[-164.47864,54.90683],[-164.27369,54.90006],[-163.86798,55.03912],[-163.55301,55.03783],[-163.47604,54.98073],[-163.37896,54.81552]]],[[[-162.32192,54.84239],[-162.4339,54.93153],[-162.26461,54.98352],[-162.23376,54.93205],[-162.32192,54.84239]]],[[[-162.64113,54.37953],[-162.81171,54.44438],[-162.82055,54.49455],[-162.64539,54.46205],[-162.55441,54.40136],[-162.64113,54.37953]]],[[[-165.60482,54.12915],[-165.65415,54.2533],[-165.59035,54.27865],[-165.55061,54.28454],[-165.48767,54.22188],[-165.40786,54.19685],[-165.60482,54.12915]]],[[[-165.87938,54.05303],[-166.05665,54.05432],[-166.10583,54.14481],[-166.04128,54.19124],[-165.89287,54.20697],[-165.69288,54.09992],[-165.87938,54.05303]]],[[[-166.57218,53.85346],[-166.37232,53.99898],[-166.23088,53.9326],[-166.48875,53.78551],[-166.54921,53.70096],[-166.38472,53.72052],[-166.30946,53.69749],[-166.7022,53.53668],[-166.77041,53.47601],[-167.15364,53.40785],[-167.62862,53.25944],[-167.80877,53.32377],[-167.1361,53.52645],[-167.09235,53.63595],[-167.01574,53.69837],[-166.89415,53.69713],[-166.81873,53.64138],[-166.80366,53.68541],[-166.74126,53.71295],[-167.0715,53.78339],[-167.11817,53.87263],[-167.03807,53.94218],[-166.67328,54.00596],[-166.62739,53.99567],[-166.61535,53.90095],[-166.57218,53.85346]]],[[[-166.22383,53.72041],[-166.24943,53.74514],[-166.23437,53.78419],[-166.15455,53.83614],[-166.10267,53.83279],[-166.22383,53.72041]]],[[[-168.27068,53.23805],[-168.50563,53.04317],[-169.0889,52.83202],[-168.79587,53.04493],[-168.77781,53.14879],[-168.68983,53.22725],[-168.38041,53.28344],[-168.39643,53.40879],[-168.28771,53.50015],[-167.98571,53.55818],[-167.80469,53.48495],[-167.86515,53.38731],[-168.27068,53.23805]]],[[[-169.70808,52.80711],[-169.98055,52.80603],[-169.99184,52.82985],[-169.7549,52.88365],[-169.69196,52.84737],[-169.70808,52.80711]]],[[[-170.79735,52.54976],[-170.82703,52.60072],[-170.68208,52.69756],[-170.58462,52.66758],[-170.61402,52.60961],[-170.79735,52.54976]]]]}},{"type":"Feature","properties":{"name":"Alabama","name_en":"Alabama","postal":"AL","admin":"United States of America"},"geometry":{"type":"MultiPolygon","coordinates":[[[[-87.42938,30.47786],[-87.62227,30.26477],[-88.00593,30.23092],[-87.79029,30.29179],[-87.85711,30.40739],[-87.92428,30.44964],[-87.923,30.56155],[-88.01132,30.69418],[-88.13544,30.3666],[-88.39959,30.37081],[-88.48619,31.89051],[-88.08477,34.93311],[-88.20314,35.0242],[-85.6236,35.00086],[-85.20097,32.95623],[-85.01504,32.52616],[-84.97391,32.40929],[-84.98597,32.36095],[-84.92153,32.28589],[-85.03463,32.14737],[-85.12413,31.88054],[-85.12482,31.77677],[-85.05488,31.57268],[-85.0926,31.29571],[-85.06744,31.11758],[-85.00728,31.00167],[-87.59369,31.00074],[-87.60106,30.8606],[-87.40828,30.64147],[-87.42938,30.47786]]],[[[-88.07134,30.25234],[-88.28972,30.23294],[-88.31625,30.24045],[-88.10937,30.27373],[-88.07134,30.25234]]]]}},{"type":"Feature","properties":{"name":"Arkansas","name_en":"Arkansas","postal":"AR","admin":"United States of America"},"geometry":{"type":"Polygon","coordinates":[[[-89.70932,35.98305],[-89.68891,35.92096],[-89.76359,35.88877],[-89.77966,35.80574],[-89.89456,35.7505],[-89.94351,35.67914],[-89.92652,35.59165],[-89.96734,35.50331],[-90.06602,35.41411],[-90.10788,35.3142],[-90.09292,35.20359],[-90.14227,35.1143],[-90.25596,35.04639],[-90.31994,34.89916],[-90.41595,34.85162],[-90.47476,34.76005],[-90.53925,34.72817],[-90.58401,34.50371],[-90.63542,34.41387],[-90.76234,34.35643],[-90.81722,34.25222],[-90.90972,34.18876],[-90.94025,34.12856],[-90.91473,34.04862],[-91.07018,33.9742],[-91.03818,33.90139],[-91.05271,33.8276],[-91.20748,33.67567],[-91.17272,33.61668],[-91.21458,33.58341],[-91.14101,33.43851],[-91.16334,33.29445],[-91.10678,33.21792],[-91.14996,33.01592],[-94.04131,33.012],[-94.04733,33.55443],[-94.19153,33.58901],[-94.35767,33.56097],[-94.48415,33.64843],[-94.43914,35.38725],[-94.61838,36.50087],[-90.16224,36.50087],[-90.07447,36.37183],[-90.07566,36.29672],[-90.30304,36.09937],[-90.38107,35.99274],[-89.70932,35.98305]]]}},{"type":"Feature","properties":{"name":"Arizona","name_en":"Arizona","postal":"AZ","admin":"United States of America"},"geometry":{"type":"Polygon","coordinates":[[[-109.04781,31.32788],[-111.04197,31.32421],[-114.83595,32.50833],[-114.72095,32.72448],[-114.58218,32.73472],[-114.51647,32.77276],[-114.47753,32.842],[-114.49086,32.98362],[-114.64809,33.07175],[-114.70439,33.16978],[-114.71943,33.33086],[-114.7017,33.41781],[-114.60261,33.4699],[-114.52156,33.60761],[-114.50905,33.90392],[-114.32932,34.14203],[-114.12561,34.28651],[-114.15879,34.35522],[-114.37102,34.48849],[-114.398,34.5897],[-114.61093,34.9074],[-114.59099,35.35278],[-114.66206,35.54536],[-114.64517,35.63054],[-114.6871,35.91734],[-114.74136,36.01352],[-114.66914,36.12172],[-114.50528,36.15643],[-114.40609,36.14831],[-114.23215,36.0317],[-114.18321,36.0303],[-114.04288,36.18177],[-114.04027,37.00415],[-109.04667,37.00085],[-109.04781,31.32788]]]}},{"type":"Feature","properties":{"name":"California","name_en":"California","postal":"CA","admin":"United States of America"},"geometry":{"type":"MultiPolygon","coordinates":[[[[-114.61093,34.9074],[-114.398,34.5897],[-114.37102,34.48849],[-114.12507,34.31718],[-114.12561,34.28651],[-114.41828,34.05115],[-114.50905,33.90392],[-114.52156,33.60761],[-114.60261,33.4699],[-114.7017,33.41781],[-114.70439,33.16978],[-114.64809,33.07175],[-114.49086,32.98362],[-114.469,32.91231],[-114.51647,32.77276],[-114.58218,32.73472],[-114.83906,32.70472],[-117.12827,32.53337],[-117.13739,32.64917],[-117.18374,32.68788],[-117.24348,32.66403],[-117.26297,32.93887],[-117.31883,33.10005],[-117.46742,33.29549],[-118.08051,33.72215],[-118.2644,33.75862],[-118.29417,33.71231],[-118.41044,33.74394],[-118.39295,33.85829],[-118.5062,34.01741],[-118.83204,34.02446],[-119.14373,34.11202],[-119.23584,34.16412],[-119.26765,34.25744],[-119.60605,34.418],[-119.7132,34.39966],[-120.05298,34.46927],[-120.48119,34.47164],[-120.6447,34.57999],[-120.6249,34.81198],[-120.66302,34.94929],[-120.63361,35.07646],[-120.65909,35.1224],[-120.85737,35.20969],[-120.88489,35.27495],[-120.86029,35.36544],[-120.89959,35.42512],[-121.02284,35.48078],[-121.13795,35.60713],[-121.28383,35.67632],[-121.34386,35.79223],[-121.66435,36.15404],[-121.87741,36.33106],[-121.91865,36.57235],[-121.79,36.73228],[-121.80745,36.85123],[-121.88067,36.93894],[-122.16421,36.99097],[-122.3949,37.20752],[-122.40847,37.37317],[-122.49924,37.54261],[-122.51422,37.77199],[-122.44562,37.798],[-122.3841,37.78854],[-122.36971,37.65586],[-122.29759,37.59187],[-122.166,37.50167],[-122.07053,37.47828],[-122.38545,37.96058],[-122.31423,38.00735],[-122.08673,38.04961],[-121.52534,38.05592],[-121.62573,38.08393],[-121.88077,38.07501],[-122.03151,38.12352],[-122.15378,38.06553],[-122.39335,38.14481],[-122.48389,38.10884],[-122.49489,37.95358],[-122.46691,37.83821],[-122.52133,37.8264],[-122.932,38.05546],[-122.99879,37.98862],[-122.96815,38.09701],[-122.9776,38.22733],[-122.87681,38.12336],[-122.90815,38.19659],[-123.04618,38.30506],[-123.12116,38.44928],[-123.28973,38.53587],[-123.70113,38.90729],[-123.71952,39.11097],[-123.82029,39.3684],[-123.77779,39.51496],[-123.83293,39.77551],[-124.10851,40.09453],[-124.32403,40.25196],[-124.35654,40.37108],[-124.37165,40.4912],[-124.28368,40.71053],[-124.25391,40.74031],[-124.22001,40.69648],[-124.19024,40.77173],[-124.21918,40.79075],[-124.13309,40.96978],[-124.14001,41.15589],[-124.06852,41.38417],[-124.11769,41.62175],[-124.16324,41.719],[-124.24461,41.78794],[-124.20874,41.88855],[-124.22841,42.00077],[-120.00081,42.00056],[-120.00006,39.00026],[-118.12627,37.69238],[-116.65959,36.58997],[-114.61054,34.99112],[-114.61093,34.9074]]],[[[-119.67887,34.02846],[-119.56913,34.05296],[-119.54929,34.02815],[-119.80958,33.9678],[-119.88552,33.99493],[-119.91805,34.06785],[-119.67887,34.02846]]],[[[-120.3066,34.02487],[-120.44156,34.03293],[-120.36774,34.0733],[-120.3066,34.02487]]],[[[-120.04357,33.91886],[-120.16713,33.91808],[-120.25191,34.01384],[-120.07184,34.02651],[-119.98394,33.97333],[-120.04357,33.91886]]],[[[-118.29748,33.31213],[-118.4463,33.31709],[-118.49204,33.41282],[-118.55943,33.43197],[-118.56942,33.46418],[-118.39171,33.4151],[-118.29748,33.31213]]],[[[-119.43803,33.2172],[-119.54368,33.22461],[-119.57518,33.27833],[-119.4788,33.27464],[-119.43803,33.2172]]],[[[-118.35039,32.82761],[-118.4732,32.83893],[-118.59017,33.01116],[-118.5571,33.03266],[-118.35039,32.82761]]]]}},{"type":"Feature","properties":{"name":"Colorado","name_en":"Colorado","postal":"CO","admin":"United States of America"},"geometry":{"type":"Polygon","coordinates":[[[-109.04667,37.00085],[-109.04639,41.00086],[-102.02501,41.00063],[-102.01278,37.00085],[-109.04667,37.00085]]]}},{"type":"Feature","properties":{"name":"Connecticut","name_en":"Connecticut","postal":"CT","admin":"United States of America"},"geometry":{"type":"Polygon","coordinates":[[[-71.80164,42.02271],[-71.79579,41.51995],[-71.84235,41.33551],[-72.26527,41.29167],[-72.37106,41.31216],[-72.47942,41.27578],[-72.92472,41.28515],[-73.02372,41.21648],[-73.63047,40.99186],[-73.72302,41.10451],[-73.48414,41.21896],[-73.54473,41.29595],[-73.48057,42.05557],[-72.8077,42.03408],[-72.80646,42.00803],[-72.75762,42.03408],[-71.80164,42.02271]]]}},{"type":"Feature","properties":{"name":"District of Columbia","name_en":"Washington","postal":"DC","admin":"United States of America"},"geometry":{"type":"Polygon","coordinates":[[[-77.05305,38.9153],[-77.12205,38.94354],[-77.04212,39.01178],[-76.93124,38.88822],[-77.01974,38.80653],[-77.05305,38.9153]]]}},{"type":"Feature","properties":{"name":"Delaware","name_en":"Delaware","postal":"DE","admin":"United States of America"},"geometry":{"type":"Polygon","coordinates":[[[-75.03766,38.45559],[-75.70703,38.45507],[-75.78472,39.72236],[-75.67682,39.82723],[-75.51045,39.84344],[-75.42103,39.81542],[-75.5876,39.64078],[-75.57388,39.47695],[-75.41266,39.28138],[-75.39217,39.09275],[-75.31041,38.96656],[-75.18506,38.81939],[-75.08869,38.77753],[-75.12848,38.63245],[-75.18711,38.59113],[-75.07288,38.57874],[-75.03766,38.45559]]]}},{"type":"Feature","properties":{"name":"Florida","name_en":"Florida","postal":"FL","admin":"United States of America"},"geometry":{"type":"MultiPolygon","coordinates":[[[[-87.48951,30.37768],[-87.42938,30.47786],[-87.40828,30.64147],[-87.60106,30.8606],[-87.59369,31.00074],[-85.00728,31.00167],[-84.88394,30.72094],[-82.23988,30.56568],[-82.19423,30.39344],[-82.11227,30.37136],[-82.02982,30.4777],[-82.03819,30.73197],[-81.95708,30.81429],[-81.67336,30.74024],[-81.50394,30.73143],[-81.45719,30.64076],[-81.24951,29.79379],[-81.10453,29.45696],[-80.90002,29.04985],[-80.52412,28.48609],[-80.56782,28.42646],[-80.58498,28.2716],[-80.45689,27.90067],[-80.49955,27.93447],[-80.61002,28.1776],[-80.60694,28.52288],[-80.63288,28.51803],[-80.69349,28.34496],[-80.73175,28.46292],[-80.68846,28.57854],[-80.76594,28.63282],[-80.77101,28.73246],[-80.83819,28.75765],[-80.74861,28.381],[-80.22611,27.20705],[-80.08865,26.99396],[-80.04131,26.56861],[-80.12637,25.83352],[-80.15893,25.87834],[-80.30083,25.61854],[-80.36692,25.33127],[-80.48464,25.22983],[-80.55763,25.23241],[-80.73654,25.15634],[-80.86222,25.17619],[-81.1105,25.13805],[-81.16739,25.22853],[-81.13603,25.30965],[-81.09765,25.31915],[-80.96537,25.2243],[-80.94041,25.26422],[-80.98035,25.31166],[-81.11331,25.36724],[-81.34508,25.73182],[-81.36493,25.83103],[-81.56824,25.89155],[-81.7155,25.98317],[-81.81149,26.1461],[-81.86658,26.435],[-81.95895,26.48993],[-81.82864,26.68706],[-81.92055,26.63142],[-81.97019,26.55204],[-82.03961,26.55204],[-82.07788,26.70434],[-82.06692,26.89157],[-82.01325,26.96156],[-82.1811,26.93678],[-82.18066,26.8401],[-82.29007,26.87081],[-82.44137,27.05969],[-82.62046,27.40107],[-82.71459,27.49958],[-82.63585,27.52458],[-82.40054,27.83538],[-82.44571,27.90285],[-82.49814,27.86791],[-82.63594,27.98121],[-82.6752,27.96377],[-82.59655,27.87324],[-82.61098,27.77722],[-82.66089,27.71841],[-82.71534,27.73311],[-82.74286,27.70937],[-82.84351,27.846],[-82.66063,28.48586],[-82.65148,28.88749],[-82.76933,29.05156],[-83.29047,29.4519],[-83.69437,29.92598],[-84.04422,30.10379],[-84.30968,30.06476],[-84.35562,30.02902],[-84.38283,29.90737],[-84.54998,29.89787],[-84.80055,29.77307],[-84.88893,29.77761],[-85.0293,29.72108],[-85.31894,29.68021],[-85.37636,29.69519],[-85.4138,29.76759],[-85.4138,29.84247],[-85.33641,29.74012],[-85.31489,29.75808],[-85.30686,29.79785],[-85.35363,29.87575],[-85.6758,30.12193],[-85.62347,30.11708],[-85.61028,30.1484],[-85.66342,30.18945],[-85.60353,30.28678],[-85.74081,30.24439],[-85.75579,30.167],[-86.17515,30.33252],[-86.45443,30.39913],[-86.24008,30.4291],[-86.12383,30.4058],[-86.16569,30.46424],[-86.25739,30.49302],[-86.44795,30.49561],[-86.67964,30.4029],[-87.20115,30.33923],[-87.12378,30.39667],[-86.9858,30.43086],[-86.96515,30.50192],[-86.99758,30.57033],[-87.07202,30.50043],[-87.17059,30.53879],[-87.18465,30.4537],[-87.28105,30.33923],[-87.47577,30.29427],[-87.50073,30.30926],[-87.44373,30.36383],[-87.4483,30.39416],[-87.48951,30.37768]]],[[[-85.00827,29.60662],[-85.11674,29.63279],[-85.00055,29.62719],[-84.73717,29.73244],[-85.00827,29.60662]]],[[[-80.17051,27.2048],[-80.37607,27.64343],[-80.43689,27.85055],[-80.39576,27.79455],[-80.17051,27.2048]]],[[[-82.08522,26.4936],[-82.1356,26.59197],[-82.16914,26.70072],[-82.12113,26.66553],[-82.08522,26.4936]]],[[[-82.07284,26.42754],[-82.18439,26.48094],[-82.20138,26.54805],[-82.11606,26.46091],[-82.03718,26.45363],[-82.07284,26.42754]]],[[[-80.58058,24.95424],[-80.45602,25.14932],[-80.35493,25.23365],[-80.35129,25.29696],[-80.25706,25.3476],[-80.38183,25.14229],[-80.58058,24.95424]]],[[[-80.66514,24.89845],[-80.62567,24.94109],[-80.61461,24.93793],[-80.6383,24.90318],[-80.66514,24.89845]]],[[[-80.84836,24.80368],[-80.79941,24.84631],[-80.78519,24.83528],[-80.78677,24.82104],[-80.84836,24.80368]]],[[[-81.09001,24.69311],[-81.13737,24.71051],[-80.93049,24.75947],[-80.98892,24.72788],[-81.09001,24.69311]]],[[[-81.32231,24.68508],[-81.37904,24.63627],[-81.42009,24.74999],[-81.32231,24.68508]]],[[[-81.6315,24.59002],[-81.57925,24.62937],[-81.5623,24.68914],[-81.53223,24.61416],[-81.6315,24.59002]]],[[[-81.73976,24.5545],[-81.81141,24.55781],[-81.73865,24.57543],[-81.73976,24.5545]]]]}},{"type":"Feature","properties":{"name":"Georgia","name_en":"Georgia","postal":"GA","admin":"United States of America"},"geometry":{"type":"MultiPolygon","coordinates":[[[[-85.06744,31.11758],[-85.0926,31.29571],[-85.05488,31.57268],[-85.12482,31.77677],[-85.12413,31.88054],[-85.03463,32.14737],[-84.92153,32.28589],[-84.98597,32.36095],[-84.97391,32.40929],[-85.01504,32.52616],[-85.20097,32.95623],[-85.6236,35.00086],[-83.11482,35.00148],[-83.31672,34.80566],[-83.35558,34.70832],[-83.05278,34.51086],[-82.84773,34.43691],[-82.58927,34.01738],[-82.3519,33.83773],[-82.20836,33.66358],[-82.00572,33.52289],[-81.78032,33.19529],[-81.57824,33.06858],[-81.48978,32.93566],[-81.37697,32.60747],[-81.29033,32.55724],[-81.1715,32.38014],[-81.13502,32.18186],[-81.07481,32.1097],[-80.87235,32.02956],[-80.92343,31.94489],[-81.11329,31.87862],[-81.06613,31.78799],[-81.1979,31.70422],[-81.16992,31.61032],[-81.25935,31.53893],[-81.17543,31.5313],[-81.29498,31.37121],[-81.38095,31.35326],[-81.28846,31.26391],[-81.36487,31.17189],[-81.44177,31.19972],[-81.5204,30.87465],[-81.50394,30.73143],[-81.67336,30.74024],[-81.95708,30.81429],[-82.03819,30.73197],[-82.02183,30.55987],[-82.06176,30.4046],[-82.16262,30.37572],[-82.20624,30.42161],[-82.23988,30.56568],[-84.88394,30.72094],[-85.06744,31.11758]]],[[[-81.4635,30.72776],[-81.48464,30.89783],[-81.41898,30.97144],[-81.4635,30.72776]]]]}},{"type":"Feature","properties":{"name":"Hawaii","name_en":"Hawaii","postal":"HI","admin":"United States of America"},"geometry":{"type":"MultiPolygon","coordinates":[[[[-159.46067,21.87613],[-159.60886,21.90952],[-159.74802,21.98982],[-159.78918,22.04181],[-159.72663,22.1402],[-159.57922,22.22313],[-159.35205,22.21958],[-159.30066,22.10526],[-159.34373,21.97365],[-159.46067,21.87613]]],[[[-160.20024,21.79689],[-160.23471,21.80368],[-160.24345,21.84306],[-160.22091,21.89727],[-160.10064,22.01524],[-160.04873,22.00465],[-160.08004,21.90744],[-160.15339,21.87877],[-160.20024,21.79689]]],[[[-157.82958,21.47145],[-157.72089,21.45771],[-157.70554,21.37808],[-157.63541,21.30765],[-157.79879,21.26862],[-157.90175,21.34056],[-157.95844,21.32691],[-157.97844,21.37848],[-158.01727,21.36774],[-157.98097,21.31611],[-158.11034,21.3186],[-158.23909,21.48934],[-158.27312,21.58525],[-158.12311,21.60026],[-158.02035,21.6918],[-157.9625,21.70136],[-157.8515,21.55336],[-157.82958,21.47145]]],[[[-157.24993,21.22976],[-156.71216,21.15509],[-156.74789,21.10357],[-156.85985,21.05633],[-157.02087,21.09778],[-157.29031,21.11258],[-157.24993,21.22976]]],[[[-156.46083,20.91474],[-156.27754,20.95128],[-155.98985,20.75713],[-156.10713,20.64478],[-156.40879,20.60518],[-156.43822,20.61787],[-156.48006,20.80124],[-156.54382,20.79],[-156.61545,20.82183],[-156.69777,20.94906],[-156.65687,21.02451],[-156.58542,21.03433],[-156.46083,20.91474]]],[[[-156.90887,20.74447],[-156.97341,20.75755],[-157.05057,20.91247],[-156.94178,20.93004],[-156.84828,20.87779],[-156.80939,20.83113],[-156.90887,20.74447]]],[[[-155.62561,18.96391],[-155.88131,19.07052],[-155.90559,19.12581],[-155.89074,19.38254],[-156.04869,19.74996],[-155.8203,20.01418],[-155.89275,20.1674],[-155.87428,20.2598],[-155.83162,20.27582],[-155.19879,19.99438],[-155.08608,19.87563],[-155.06593,19.7482],[-154.98904,19.73197],[-154.95258,19.64464],[-154.80419,19.52444],[-154.85028,19.45411],[-155.05348,19.31919],[-155.30961,19.26017],[-155.53523,19.10907],[-155.62561,18.96391]]]]}},{"type":"Feature","properties":{"name":"Iowa","name_en":"Iowa","postal":"IA","admin":"United States of America"},"geometry":{"type":"Polygon","coordinates":[[[-91.44195,40.37945],[-91.73153,40.62465],[-95.76503,40.60187],[-95.859,40.74511],[-95.83402,40.88949],[-95.8466,41.08033],[-95.91117,41.24518],[-95.88363,41.28756],[-95.94972,41.36743],[-95.94357,41.46093],[-95.98158,41.4738],[-96.0114,41.53788],[-96.05863,41.54578],[-96.08664,41.82137],[-96.20138,42.03612],[-96.29533,42.13291],[-96.3561,42.26013],[-96.38375,42.41778],[-96.48095,42.51126],[-96.5387,42.65859],[-96.62177,42.72953],[-96.46129,43.12977],[-96.49028,43.20553],[-96.56345,43.24269],[-96.53496,43.33806],[-96.59862,43.4975],[-91.24525,43.50241],[-91.21869,43.39529],[-91.1172,43.33116],[-91.10697,43.27803],[-91.16133,43.10233],[-91.06958,42.78855],[-90.68787,42.61032],[-90.58963,42.4448],[-90.48474,42.38326],[-90.34657,42.21484],[-90.16752,42.1003],[-90.15244,41.98152],[-90.21777,41.81311],[-90.27601,41.77001],[-90.34753,41.63203],[-90.43667,41.56036],[-90.58673,41.49473],[-90.93876,41.42559],[-91.04811,41.3691],[-91.08211,41.28032],[-91.06651,41.20591],[-90.96383,41.08253],[-90.954,41.01558],[-91.00013,40.90468],[-91.10213,40.74979],[-91.21513,40.64956],[-91.33904,40.60398],[-91.39418,40.53665],[-91.39078,40.39713],[-91.44195,40.37945]]]}},{"type":"Feature","properties":{"name":"Idaho","name_en":"Idaho","postal":"ID","admin":"United States of America"},"geometry":{"type":"Polygon","coordinates":[[[-117.03905,48.99308],[-116.04849,48.99308],[-116.04901,48.00472],[-115.71838,47.68148],[-115.69087,47.60665],[-115.71086,47.5526],[-115.66968,47.49785],[-115.71332,47.44675],[-115.30667,47.23117],[-114.75369,46.73457],[-114.66162,46.74554],[-114.62401,46.67762],[-114.563,46.65044],[-114.33687,46.65922],[-114.4466,46.19933],[-114.48536,46.15821],[-114.47831,46.03558],[-114.4159,45.98216],[-114.39679,45.89095],[-114.52254,45.81513],[-114.4958,45.68585],[-114.52923,45.57572],[-114.29764,45.48756],[-114.11662,45.5791],[-113.99192,45.69302],[-113.80227,45.6011],[-113.69711,45.30498],[-113.44713,45.02908],[-113.4608,44.90362],[-113.33889,44.80807],[-113.23427,44.80987],[-113.14071,44.76549],[-113.06271,44.66507],[-112.99969,44.48036],[-112.85386,44.39832],[-112.71593,44.49804],[-112.37538,44.47002],[-112.32004,44.53315],[-112.23131,44.56069],[-111.49986,44.54485],[-111.4481,44.71112],[-111.37252,44.74624],[-111.30408,44.72331],[-111.16093,44.55584],[-111.05143,44.49888],[-111.0503,42.00088],[-117.01668,42.00056],[-117.0205,43.81319],[-116.91242,44.19947],[-116.95319,44.24531],[-117.13974,44.29026],[-117.19731,44.3438],[-117.2017,44.43621],[-116.85586,44.90574],[-116.83955,44.98516],[-116.54916,45.45674],[-116.47704,45.64109],[-116.52092,45.72191],[-116.86919,45.95848],[-116.9302,46.05595],[-116.94296,46.23211],[-117.039,46.39655],[-117.03905,48.99308]]]}},{"type":"Feature","properties":{"name":"Illinois","name_en":"Illinois","postal":"IL","admin":"United States of America"},"geometry":{"type":"Polygon","coordinates":[[[-91.39078,40.39713],[-91.39418,40.53665],[-91.33904,40.60398],[-91.21513,40.64956],[-91.10213,40.74979],[-90.954,41.01558],[-90.96383,41.08253],[-91.06651,41.20591],[-91.08211,41.28032],[-91.04811,41.3691],[-90.93876,41.42559],[-90.58673,41.49473],[-90.43667,41.56036],[-90.34753,41.63203],[-90.31924,41.70965],[-90.17661,41.88364],[-90.15244,41.98152],[-90.16752,42.1003],[-90.34657,42.21484],[-90.42504,42.32566],[-90.65059,42.51298],[-87.81208,42.49711],[-87.79746,42.21143],[-87.69463,42.08438],[-87.52124,41.72778],[-87.53292,39.37486],[-87.61105,39.29135],[-87.61499,39.19329],[-87.64728,39.16875],[-87.53028,38.9089],[-87.51768,38.81182],[-87.52946,38.74229],[-87.68066,38.48799],[-87.73523,38.4699],[-87.87296,38.29502],[-87.92143,38.29751],[-87.98041,38.24919],[-87.95806,38.14429],[-88.00602,38.11328],[-87.99026,38.08931],[-88.04452,38.01329],[-88.0425,37.93665],[-88.09532,37.87557],[-88.04199,37.78885],[-88.12896,37.69951],[-88.14038,37.62065],[-88.10751,37.53435],[-88.1905,37.46456],[-88.49467,37.36429],[-88.44624,37.12042],[-88.47167,37.08839],[-88.8726,37.18554],[-89.04621,37.18298],[-89.1346,37.10247],[-89.15431,36.99211],[-89.27239,37.07998],[-89.30083,37.01205],[-89.41394,37.10242],[-89.48691,37.21274],[-89.50293,37.30051],[-89.46197,37.36568],[-89.46197,37.43413],[-89.52342,37.64452],[-89.82296,37.88409],[-90.17358,38.06905],[-90.36577,38.25425],[-90.37399,38.30976],[-90.3166,38.45781],[-90.13421,38.84667],[-90.22007,38.89768],[-90.47797,38.94812],[-90.57707,38.90961],[-90.66353,38.98749],[-90.73722,39.1818],[-90.91938,39.3869],[-91.37874,39.74941],[-91.42587,39.82682],[-91.50165,40.09753],[-91.49978,40.22602],[-91.44195,40.37945],[-91.39078,40.39713]]]}},{"type":"Feature","properties":{"name":"Indiana","name_en":"Indiana","postal":"IN","admin":"United States of America"},"geometry":{"type":"Polygon","coordinates":[[[-88.09532,37.87557],[-88.0425,37.93665],[-88.04452,38.01329],[-87.99026,38.08931],[-88.00602,38.11328],[-87.95806,38.14429],[-87.98041,38.24919],[-87.92143,38.29751],[-87.87296,38.29502],[-87.73523,38.4699],[-87.68066,38.48799],[-87.52946,38.74229],[-87.51768,38.81182],[-87.53028,38.9089],[-87.64728,39.16875],[-87.61499,39.19329],[-87.61105,39.29135],[-87.53292,39.37486],[-87.52124,41.72778],[-87.4125,41.65649],[-87.25322,41.63765],[-87.07261,41.66948],[-86.8626,41.76059],[-84.7964,41.75973],[-84.82171,39.09198],[-84.8606,39.03971],[-84.83549,38.99604],[-84.86389,38.93323],[-84.78962,38.86838],[-84.80074,38.81939],[-85.16989,38.69038],[-85.30675,38.73719],[-85.40543,38.72996],[-85.44478,38.6831],[-85.42483,38.59659],[-85.45868,38.53021],[-85.54633,38.48401],[-85.70629,38.30135],[-85.78845,38.28521],[-85.96116,38.01402],[-86.02133,37.98435],[-86.20753,38.03657],[-86.3146,38.16377],[-86.36145,38.17899],[-86.36514,38.1446],[-86.45738,38.12015],[-86.44834,38.08597],[-86.59923,37.8748],[-86.86908,37.97613],[-86.96944,37.93805],[-87.14104,37.80524],[-87.37238,37.92348],[-87.51845,37.92157],[-87.58739,37.95569],[-87.64325,37.83304],[-87.71446,37.8996],[-87.87443,37.91574],[-87.906,37.90182],[-87.93811,37.79382],[-88.04199,37.78885],[-88.09532,37.87557]]]}},{"type":"Feature","properties":{"name":"Kansas","name_en":"Kansas","postal":"KS","admin":"United States of America"},"geometry":{"type":"Polygon","coordinates":[[[-102.01278,37.00085],[-102.02449,40.00112],[-95.34668,40.00149],[-95.1162,39.87209],[-94.98402,39.89116],[-94.92994,39.8615],[-94.8986,39.74114],[-95.00476,39.69155],[-95.07536,39.59738],[-95.05794,39.50896],[-94.95252,39.42638],[-94.77785,39.19399],[-94.62238,39.1244],[-94.61807,37.00085],[-102.01278,37.00085]]]}},{"type":"Feature","properties":{"name":"Kentucky","name_en":"Kentucky","postal":"KY","admin":"United States of America"},"geometry":{"type":"MultiPolygon","coordinates":[[[[-89.16507,37.04156],[-89.04621,37.18298],[-88.8726,37.18554],[-88.47167,37.08839],[-88.44624,37.12042],[-88.49467,37.36429],[-88.1905,37.46456],[-88.10751,37.53435],[-88.14038,37.62065],[-88.12896,37.69951],[-88.02178,37.80043],[-87.93811,37.79382],[-87.89212,37.91299],[-87.71446,37.8996],[-87.64325,37.83304],[-87.58739,37.95569],[-87.51845,37.92157],[-87.45729,37.9381],[-87.14104,37.80524],[-86.96944,37.93805],[-86.86908,37.97613],[-86.59923,37.8748],[-86.44834,38.08597],[-86.45738,38.12015],[-86.36514,38.1446],[-86.36145,38.17899],[-86.3146,38.16377],[-86.20753,38.03657],[-86.02133,37.98435],[-85.96116,38.01402],[-85.78845,38.28521],[-85.70629,38.30135],[-85.54633,38.48401],[-85.45868,38.53021],[-85.42483,38.59659],[-85.44478,38.6831],[-85.40543,38.72996],[-85.30675,38.73719],[-85.16989,38.69038],[-84.80074,38.81939],[-84.78962,38.86838],[-84.86389,38.93323],[-84.83549,38.99604],[-84.8606,39.03971],[-84.7659,39.125],[-84.59455,39.08578],[-84.43006,39.0909],[-84.29044,38.97471],[-84.22728,38.8652],[-84.11324,38.79839],[-83.82809,38.73123],[-83.68988,38.64953],[-83.53839,38.69986],[-83.35697,38.62741],[-83.20347,38.63891],[-83.00007,38.714],[-82.88044,38.71025],[-82.75823,38.54116],[-82.5895,38.42034],[-82.57841,38.27208],[-82.61771,38.14987],[-82.39388,37.82831],[-82.28024,37.68718],[-82.10346,37.57057],[-81.96528,37.53972],[-82.34321,37.29693],[-82.68159,37.13812],[-82.73189,37.04808],[-82.8945,36.90637],[-83.04382,36.84555],[-83.15022,36.76233],[-83.73038,36.58682],[-86.50759,36.66484],[-87.83915,36.64397],[-87.86871,36.67505],[-88.0963,36.69301],[-88.05911,36.49968],[-89.45033,36.50002],[-89.39746,36.58779],[-89.33053,36.61591],[-89.25612,36.59441],[-89.20305,36.62552],[-89.12952,36.81106],[-89.12249,36.91159],[-89.16507,37.04156]]],[[[-89.55731,36.50108],[-89.53558,36.55528],[-89.48722,36.50307],[-89.55731,36.50108]]]]}},{"type":"Feature","properties":{"name":"Louisiana","name_en":"Louisiana","postal":"LA","admin":"United States of America"},"geometry":{"type":"MultiPolygon","coordinates":[[[[-94.04131,33.012],[-91.14996,33.01592],[-91.14418,32.96688],[-91.09608,32.93768],[-91.13559,32.75578],[-91.09208,32.72586],[-91.14965,32.62501],[-91.10381,32.4905],[-90.9447,32.33071],[-90.93765,32.27733],[-91.07459,32.13132],[-91.09254,32.04585],[-91.15653,31.97069],[-91.2865,31.88397],[-91.37253,31.77372],[-91.45909,31.55498],[-91.50573,31.5187],[-91.52895,31.34519],[-91.55869,31.28791],[-91.61825,31.27696],[-91.63081,31.2176],[-91.59637,31.10991],[-91.65645,31.00181],[-89.73531,31.00116],[-89.83537,30.73082],[-89.82,30.61121],[-89.68577,30.46268],[-89.59166,30.22302],[-89.52086,30.19263],[-89.58848,30.16596],[-89.95425,30.26874],[-90.04522,30.3514],[-90.22528,30.37929],[-90.332,30.27759],[-90.41306,30.1403],[-90.17534,30.0291],[-89.9942,30.05926],[-89.89404,30.12587],[-89.81224,30.12369],[-89.73743,30.17199],[-89.66755,30.14452],[-89.66507,30.11705],[-89.81518,30.00727],[-89.74382,29.92986],[-89.63168,29.90383],[-89.58951,29.91505],[-89.56339,30.00209],[-89.49445,30.05817],[-89.40074,30.04605],[-89.41405,30.01088],[-89.35785,29.92101],[-89.35446,29.82023],[-89.53066,29.77221],[-89.59089,29.72527],[-89.55931,29.69804],[-89.68294,29.67485],[-89.72088,29.61931],[-89.6748,29.53867],[-89.51368,29.42007],[-89.18078,29.33571],[-89.11683,29.24821],[-89.01575,29.20287],[-89.02138,29.14272],[-89.10951,29.09867],[-89.15551,29.01663],[-89.2361,29.08112],[-89.37615,28.98133],[-89.35354,29.07024],[-89.44314,29.19414],[-89.62027,29.3024],[-89.79238,29.3332],[-89.81828,29.41614],[-89.87725,29.45802],[-90.15907,29.53714],[-90.14126,29.47975],[-90.05233,29.43141],[-90.0528,29.33684],[-90.13586,29.13607],[-90.2128,29.10494],[-90.30161,29.25581],[-90.3792,29.29511],[-90.50251,29.29976],[-90.58625,29.27155],[-90.6775,29.15062],[-90.75102,29.13089],[-91.29013,29.28899],[-91.28272,29.32074],[-91.2375,29.33097],[-91.15076,29.3179],[-91.24398,29.45733],[-91.24885,29.56419],[-91.33092,29.51357],[-91.5142,29.55538],[-91.67247,29.74609],[-91.82439,29.75069],[-91.89317,29.83601],[-92.01733,29.8003],[-92.13547,29.69947],[-92.05888,29.61719],[-92.08404,29.59282],[-92.26082,29.55685],[-92.67132,29.59708],[-93.1757,29.77896],[-93.69484,29.76992],[-93.82646,29.72514],[-93.86574,29.75563],[-93.88388,29.81002],[-93.80881,29.85081],[-93.77308,29.91404],[-93.79401,29.97726],[-93.71063,30.11281],[-93.75039,30.34471],[-93.72021,30.55826],[-93.57919,30.82381],[-93.56265,31.0049],[-93.53059,31.04619],[-93.55775,31.18042],[-93.66588,31.32258],[-93.73758,31.51381],[-93.8069,31.5688],[-93.84558,31.79294],[-94.0433,31.99923],[-94.04131,33.012]]],[[[-89.22044,30.0376],[-89.342,30.06285],[-89.18468,30.16868],[-89.22396,30.08405],[-89.22044,30.0376]]],[[[-88.85566,29.77586],[-88.82799,29.92835],[-88.86687,30.05672],[-88.81258,29.93336],[-88.85566,29.77586]]],[[[-88.94358,29.66023],[-88.90116,29.73263],[-88.87266,29.75299],[-88.8893,29.71258],[-88.94358,29.66023]]],[[[-91.83085,29.48647],[-91.99623,29.57311],[-92.00665,29.61029],[-91.87523,29.64098],[-91.76767,29.58471],[-91.76189,29.539],[-91.83085,29.48647]]]]}},{"type":"Feature","properties":{"name":"Massachusetts","name_en":"Massachusetts","postal":"MA","admin":"United States of America"},"geometry":{"type":"MultiPolygon","coordinates":[[[[-71.38714,42.01686],[-72.75762,42.03408],[-72.80646,42.00803],[-72.8077,42.03408],[-73.48057,42.05557],[-73.50729,42.08001],[-73.25333,42.75222],[-71.32962,42.70249],[-70.97408,42.87168],[-70.80611,42.87676],[-70.82905,42.82535],[-70.78134,42.72124],[-70.73568,42.66929],[-70.62398,42.67176],[-70.61295,42.62326],[-70.83117,42.55257],[-71.04617,42.33112],[-70.73826,42.22887],[-70.6177,42.04043],[-70.65615,41.98705],[-70.54892,41.93863],[-70.51468,41.80331],[-70.42668,41.7573],[-70.29547,41.72895],[-70.00141,41.82618],[-70.11024,42.03014],[-70.17258,42.06281],[-70.19623,42.03511],[-70.24108,42.09123],[-70.10894,42.07831],[-69.9779,41.96126],[-69.93384,41.71042],[-69.94864,41.67714],[-70.40466,41.62689],[-70.65713,41.53423],[-70.66645,41.71011],[-70.70113,41.71485],[-70.97425,41.54853],[-71.07979,41.53809],[-71.16854,41.48941],[-71.20428,41.64113],[-71.14873,41.74572],[-71.23377,41.70655],[-71.34073,41.79792],[-71.33763,41.89144],[-71.37907,41.90241],[-71.38714,42.01686]]],[[[-70.78531,41.32745],[-70.82918,41.359],[-70.76049,41.3736],[-70.67372,41.44853],[-70.61599,41.45721],[-70.52536,41.41479],[-70.5099,41.37634],[-70.78531,41.32745]]],[[[-70.0551,41.24947],[-70.23308,41.28634],[-70.0627,41.32848],[-70.0412,41.39748],[-69.97794,41.2656],[-70.0551,41.24947]]]]}},{"type":"Feature","properties":{"name":"Maryland","name_en":"Maryland","postal":"MD","admin":"United States of America"},"geometry":{"type":"MultiPolygon","coordinates":[[[[-77.01974,38.80653],[-76.93124,38.88822],[-77.04212,39.01178],[-77.12205,38.94354],[-77.30109,39.05338],[-77.48092,39.11296],[-77.50645,39.14262],[-77.47886,39.22086],[-77.73905,39.35434],[-77.7917,39.44178],[-77.77958,39.48834],[-77.87217,39.57578],[-77.85542,39.59971],[-78.0272,39.63123],[-78.09778,39.67789],[-78.18113,39.68574],[-78.40676,39.62786],[-78.49554,39.53335],[-78.67767,39.54952],[-78.77777,39.62662],[-78.97148,39.45364],[-79.07534,39.47599],[-79.29356,39.31158],[-79.48798,39.21091],[-79.4775,39.7228],[-75.78472,39.72236],[-75.70703,38.45507],[-75.03766,38.45559],[-75.03875,38.42637],[-75.07435,38.36572],[-75.0734,38.41001],[-75.11675,38.40621],[-75.16,38.25506],[-75.22543,38.24229],[-75.37596,38.02499],[-75.62,37.99921],[-75.65926,37.95396],[-75.85081,37.97155],[-75.79534,38.08667],[-75.92807,38.16924],[-75.86392,38.26123],[-75.8587,38.36207],[-75.9674,38.29136],[-75.98571,38.33195],[-76.05122,38.27954],[-76.21167,38.36133],[-76.29487,38.49466],[-76.26417,38.59997],[-76.00094,38.60173],[-76.21297,38.75829],[-76.27831,38.77247],[-76.34118,38.70965],[-76.30032,38.8182],[-76.16813,38.85274],[-76.19105,38.91555],[-76.24082,38.94308],[-76.33066,38.90861],[-76.3296,38.95279],[-76.31276,39.00936],[-76.18571,38.99074],[-76.13519,39.08211],[-76.13294,39.12297],[-76.21685,39.06364],[-76.2357,39.19162],[-76.15313,39.31504],[-76.07436,39.36886],[-75.87598,39.37599],[-76.00311,39.41085],[-75.87293,39.51089],[-75.9704,39.50456],[-75.95892,39.58505],[-76.063,39.56112],[-76.09726,39.4331],[-76.14137,39.40323],[-76.21581,39.37995],[-76.24766,39.4386],[-76.27637,39.32274],[-76.33082,39.4039],[-76.35898,39.32469],[-76.40569,39.30388],[-76.42088,39.22499],[-76.57041,39.26934],[-76.48938,39.15869],[-76.42761,39.12604],[-76.42006,39.07389],[-76.47308,39.03061],[-76.55855,39.06521],[-76.49378,38.94522],[-76.53688,38.74262],[-76.50131,38.53218],[-76.39409,38.36897],[-76.43874,38.36154],[-76.57243,38.43579],[-76.67733,38.61196],[-76.66855,38.53751],[-76.64198,38.45435],[-76.40877,38.26826],[-76.3329,38.14078],[-76.34118,38.08703],[-76.45443,38.17354],[-76.76916,38.26293],[-76.86812,38.3903],[-76.88975,38.29208],[-77.00118,38.44525],[-77.1559,38.39711],[-77.23252,38.40771],[-77.22092,38.54095],[-77.01819,38.77774],[-77.03036,38.88925],[-77.01974,38.80653]]],[[[-75.25248,38.03745],[-75.226,38.0723],[-75.09789,38.29808],[-75.13623,38.18054],[-75.25248,38.03745]]]]}},{"type":"Feature","properties":{"name":"Maine","name_en":"Maine","postal":"ME","admin":"United States of America"},"geometry":{"type":"MultiPolygon","coordinates":[[[[-69.04857,47.27366],[-68.93718,47.21125],[-68.82872,47.20332],[-68.3769,47.31615],[-68.35802,47.34453],[-68.2355,47.34595],[-67.80679,47.08281],[-67.76705,45.92699],[-67.8007,45.7555],[-67.86299,45.7396],[-67.62549,45.60225],[-67.43265,45.60311],[-67.42443,45.5304],[-67.49366,45.47407],[-67.42795,45.37795],[-67.47254,45.27589],[-67.31529,45.15383],[-67.24958,45.20078],[-67.12484,45.16945],[-67.08045,44.98917],[-67.11394,44.94439],[-67.10673,44.88504],[-67.01402,44.86775],[-66.98702,44.8277],[-67.19125,44.67556],[-67.36407,44.69686],[-67.556,44.64477],[-67.59907,44.57679],[-67.65299,44.5624],[-67.83906,44.57625],[-67.90702,44.45362],[-67.9627,44.46431],[-68.05662,44.38432],[-68.15203,44.50201],[-68.27743,44.50737],[-68.37375,44.44514],[-68.4506,44.5076],[-68.52142,44.38024],[-68.53253,44.25865],[-68.61203,44.31052],[-68.81192,44.33936],[-68.71012,44.44256],[-68.79494,44.4545],[-68.76272,44.57077],[-68.84737,44.48504],[-68.96147,44.43386],[-68.95617,44.3481],[-69.06356,44.17235],[-69.06836,44.09756],[-69.22606,43.98646],[-69.34454,44.00093],[-69.52073,43.89737],[-69.5567,43.98277],[-69.58998,43.88657],[-69.62394,43.88063],[-69.65288,43.99388],[-69.69913,43.95502],[-69.72985,43.852],[-69.79529,43.91063],[-69.80834,43.77231],[-69.87253,43.81954],[-69.97433,43.78787],[-69.96523,43.85511],[-70.17881,43.76637],[-70.26924,43.67191],[-70.20258,43.62612],[-70.5207,43.34882],[-70.64233,43.13443],[-70.7331,43.07003],[-70.81284,43.16365],[-70.82903,43.23907],[-70.9197,43.3281],[-70.96755,43.45815],[-71.08455,45.29401],[-70.96018,45.3331],[-70.89799,45.26246],[-70.86505,45.2707],[-70.79919,45.40477],[-70.68979,45.42834],[-70.70221,45.55139],[-70.4211,45.73824],[-70.40787,45.80191],[-70.29625,45.90609],[-70.30452,46.05739],[-70.24829,46.25087],[-70.06722,46.44105],[-70.00768,46.70894],[-69.35888,47.35065],[-69.24288,47.46299],[-69.05022,47.42662],[-69.04857,47.27366]]],[[[-68.18726,44.33248],[-68.30926,44.32151],[-68.3151,44.2497],[-68.41171,44.29435],[-68.40949,44.36427],[-68.29944,44.45651],[-68.23805,44.4384],[-68.18726,44.33248]]],[[[-68.62319,44.19607],[-68.70171,44.18268],[-68.67673,44.25622],[-68.62319,44.19607]]]]}},{"type":"Feature","properties":{"name":"Michigan","name_en":"Michigan","postal":"MI","admin":"United States of America"},"geometry":{"type":"MultiPolygon","coordinates":[[[[-82.41723,43.01738],[-82.54532,42.62468],[-82.64512,42.55806],[-82.6499,42.68657],[-82.78735,42.66455],[-82.78379,42.61274],[-82.87012,42.51899],[-82.902,42.39399],[-83.10483,42.28643],[-83.17524,42.14629],[-83.17656,42.04893],[-83.36206,41.87988],[-83.4642,41.73945],[-84.79611,41.70143],[-84.7964,41.75973],[-86.8626,41.76059],[-86.63247,41.91133],[-86.40737,42.22373],[-86.29956,42.41763],[-86.23271,42.65],[-86.22153,42.90044],[-86.24849,43.02881],[-86.54214,43.6373],[-86.43804,43.81274],[-86.44863,43.92397],[-86.51919,44.07373],[-86.2959,44.33062],[-86.24219,44.55132],[-86.25874,44.69902],[-86.12583,44.74775],[-86.05767,44.91636],[-85.9105,44.97632],[-85.85781,44.96152],[-85.6166,45.19292],[-85.56587,45.20654],[-85.64722,44.8375],[-85.62251,44.80396],[-85.59326,44.81567],[-85.53389,44.97559],[-85.49409,44.99443],[-85.54936,44.77188],[-85.38901,45.03276],[-85.37568,45.27695],[-85.22285,45.35615],[-84.92983,45.4126],[-85.05469,45.46665],[-85.09873,45.55313],[-85.08779,45.60527],[-84.95547,45.74341],[-84.9814,45.76704],[-84.77197,45.79478],[-84.44141,45.67627],[-84.24228,45.64443],[-84.0728,45.50913],[-83.91826,45.48628],[-83.41528,45.29902],[-83.39619,45.22139],[-83.3311,45.16421],[-83.27871,45.04678],[-83.42593,45.05894],[-83.45156,44.99199],[-83.32778,44.86924],[-83.29956,44.7852],[-83.33057,44.3751],[-83.46279,44.26494],[-83.5125,44.27075],[-83.61396,44.05825],[-83.87881,43.96255],[-83.93828,43.73755],[-83.848,43.66362],[-83.66787,43.621],[-83.5731,43.69712],[-83.4689,43.73091],[-83.35298,43.87935],[-83.38257,43.92407],[-82.99463,44.06108],[-82.87822,44.04775],[-82.71611,43.93901],[-82.66333,43.8542],[-82.46128,43.08101],[-82.41723,43.01738]]],[[[-87.65361,45.1218],[-87.72092,45.24277],[-87.66423,45.37129],[-87.84182,45.36079],[-87.87491,45.38539],[-87.79456,45.59603],[-87.80908,45.68604],[-87.92254,45.75997],[-88.11612,45.8158],[-88.09648,45.87841],[-88.15175,45.94541],[-88.49299,46.01352],[-88.83733,46.03662],[-89.11929,46.14919],[-90.11855,46.34166],[-90.23038,46.50977],[-90.34088,46.55845],[-90.39234,46.54897],[-90.41259,46.58528],[-90.15356,46.65449],[-89.8606,46.79277],[-89.35498,46.88193],[-89.15479,46.98862],[-88.9481,47.04297],[-88.82964,47.14585],[-88.65049,47.23198],[-88.63272,47.16689],[-88.54326,47.12158],[-88.46602,47.01255],[-88.47607,46.83672],[-88.44912,46.80151],[-88.38301,46.87432],[-88.21626,46.95156],[-87.77759,46.88789],[-87.6375,46.82651],[-87.3581,46.52441],[-87.17065,46.51353],[-87.03413,46.54321],[-86.91362,46.4833],[-86.73291,46.49014],[-86.6375,46.45298],[-86.40269,46.58774],[-86.13203,46.68682],[-85.61611,46.69058],[-85.01465,46.7835],[-84.96792,46.7707],[-85.0145,46.68648],[-85.03433,46.50576],[-84.85117,46.46948],[-84.63486,46.48228],[-84.52837,46.43608],[-84.38696,46.50225],[-84.32744,46.49146],[-84.20225,46.28315],[-84.24795,46.20303],[-84.05488,46.15894],[-84.04077,46.08818],[-83.89414,46.00132],[-83.97881,45.96152],[-84.4731,45.98999],[-84.63154,46.05264],[-84.7249,45.95752],[-84.71333,45.87051],[-84.75693,45.86279],[-85.10063,46.04619],[-85.47881,46.10757],[-85.6148,46.02046],[-85.91372,45.94116],[-86.12295,45.96894],[-86.27178,45.93667],[-86.35132,45.83096],[-86.52749,45.75317],[-86.62197,45.62275],[-86.6897,45.65732],[-86.69141,45.70142],[-86.55928,45.8063],[-86.56333,45.88252],[-86.75361,45.85947],[-86.93789,45.70024],[-86.99277,45.78965],[-86.98232,45.91728],[-87.08486,45.72978],[-87.59282,45.17783],[-87.60584,45.10855],[-87.65361,45.1218]]],[[[-88.95518,47.92603],[-88.93037,47.89624],[-89.19522,47.85181],[-89.16909,47.91709],[-89.2001,47.91709],[-89.14663,47.95264],[-88.58828,48.1585],[-88.48486,48.16743],[-88.5813,48.11074],[-88.62476,48.04204],[-88.95518,47.92603]]],[[[-88.02065,47.39238],[-87.9749,47.35493],[-88.22187,47.2106],[-88.23677,47.15894],[-88.40225,47.01929],[-88.43906,47.01074],[-88.46865,47.04761],[-88.40908,47.13144],[-88.41675,47.19145],[-88.45381,47.15185],[-88.43408,47.12231],[-88.61572,47.17417],[-88.56196,47.27217],[-88.32031,47.42109],[-87.99429,47.48423],[-87.87793,47.48418],[-87.74102,47.43364],[-88.02065,47.39238]]],[[[-84.1373,46.30625],[-84.11558,46.26079],[-84.13486,46.24043],[-84.19551,46.30342],[-84.1373,46.30625]]],[[[-85.99849,45.15015],[-85.97622,45.10215],[-86.01577,45.08916],[-86.05957,45.14683],[-85.99849,45.15015]]],[[[-85.50146,45.75024],[-85.50908,45.62446],[-85.61206,45.60928],[-85.57285,45.73789],[-85.53853,45.77539],[-85.50146,45.75024]]],[[[-83.50347,46.01313],[-83.51802,45.95786],[-83.58828,45.94111],[-83.82324,45.95566],[-83.87515,45.99126],[-83.87109,46.01738],[-83.71479,46.0375],[-83.68325,46.05723],[-83.68389,46.10625],[-83.6082,46.09658],[-83.50347,46.01313]]],[[[-84.41675,45.81431],[-84.37476,45.76538],[-84.41231,45.73628],[-84.56309,45.80386],[-84.41675,45.81431]]],[[[-84.13272,46.34067],[-84.27417,46.4875],[-84.21553,46.53608],[-84.14243,46.53091],[-84.16357,46.41001],[-84.13272,46.34067]]]]}},{"type":"Feature","properties":{"name":"Minnesota","name_en":"Minnesota","postal":"MN","admin":"United States of America"},"geometry":{"type":"Polygon","coordinates":[[[-97.22574,48.99318],[-95.16204,48.99176],[-95.1553,49.36967],[-94.93934,49.34941],[-94.85433,49.30459],[-94.80346,49.00295],[-94.7051,48.80852],[-94.62089,48.7426],[-94.05518,48.65902],[-93.85163,48.60729],[-93.80355,48.54895],[-93.70774,48.52546],[-93.46362,48.56128],[-93.37789,48.61654],[-92.99625,48.61181],[-92.50058,48.43534],[-92.41459,48.27659],[-92.34844,48.27659],[-92.29868,48.32888],[-92.17178,48.3384],[-92.00516,48.30183],[-91.8584,48.19757],[-91.51831,48.05831],[-91.38724,48.05854],[-91.04348,48.19369],[-90.91605,48.20915],[-90.84032,48.20052],[-90.74441,48.10461],[-90.09178,48.1181],[-89.99365,48.01531],[-89.57755,48.00176],[-89.99985,47.84116],[-90.59746,47.68774],[-90.84673,47.58525],[-91.64517,47.05005],[-92.06455,46.81885],[-92.224,46.67102],[-92.29165,46.66072],[-92.29263,46.08438],[-92.69395,45.90901],[-92.89652,45.65858],[-92.89249,45.59476],[-92.75746,45.54324],[-92.6826,45.4331],[-92.75392,45.27757],[-92.75906,45.11058],[-92.79304,45.07136],[-92.7634,44.93426],[-92.79921,44.79003],[-92.76981,44.72585],[-92.64354,44.64534],[-92.44159,44.58658],[-92.24031,44.46214],[-92.05512,44.39982],[-91.84098,44.19416],[-91.38269,43.9908],[-91.31992,43.93628],[-91.27843,43.79743],[-91.24525,43.50241],[-96.45362,43.50117],[-96.45367,45.29734],[-96.52976,45.37155],[-96.69611,45.43178],[-96.85106,45.626],[-96.61469,45.79997],[-96.5564,45.94277],[-96.56085,46.13824],[-96.61743,46.3271],[-96.73086,46.47277],[-96.78665,46.64822],[-96.77013,46.91967],[-96.82533,47.01886],[-96.85871,47.58834],[-96.98801,47.82034],[-97.00743,47.92561],[-97.12593,48.17339],[-97.12805,48.68111],[-97.22574,48.99318]]]}},{"type":"Feature","properties":{"name":"Missouri","name_en":"Missouri","postal":"MO","admin":"United States of America"},"geometry":{"type":"Polygon","coordinates":[[[-89.70477,36.00157],[-90.38107,35.99274],[-90.30304,36.09937],[-90.07566,36.29672],[-90.07447,36.37183],[-90.16224,36.50087],[-94.61838,36.50087],[-94.62238,39.1244],[-94.77785,39.19399],[-94.95252,39.42638],[-95.05794,39.50896],[-95.07536,39.59738],[-95.00476,39.69155],[-94.8986,39.74114],[-94.92994,39.8615],[-94.98402,39.89116],[-95.1162,39.87209],[-95.36247,40.01032],[-95.4343,40.09598],[-95.46365,40.19806],[-95.66157,40.36276],[-95.76503,40.60187],[-91.73153,40.62465],[-91.68205,40.55187],[-91.44195,40.37945],[-91.49978,40.22602],[-91.50165,40.09753],[-91.37874,39.74941],[-90.91938,39.3869],[-90.73722,39.1818],[-90.66353,38.98749],[-90.57707,38.90961],[-90.47797,38.94812],[-90.22007,38.89768],[-90.13421,38.84667],[-90.3166,38.45781],[-90.37399,38.30976],[-90.36577,38.25425],[-90.17358,38.06905],[-89.82296,37.88409],[-89.52342,37.64452],[-89.46197,37.43413],[-89.46197,37.36568],[-89.50293,37.30051],[-89.48691,37.21274],[-89.35188,37.03552],[-89.29002,37.01278],[-89.27239,37.07998],[-89.15431,36.99211],[-89.12249,36.91159],[-89.12952,36.81106],[-89.20305,36.62552],[-89.25612,36.59441],[-89.33053,36.61591],[-89.39746,36.58779],[-89.47149,36.48888],[-89.51952,36.55482],[-89.54964,36.55306],[-89.5406,36.42667],[-89.61171,36.32197],[-89.58355,36.27223],[-89.67455,36.22057],[-89.63413,36.16792],[-89.64189,36.10451],[-89.70477,36.00157]]]}},{"type":"Feature","properties":{"name":"Mississippi","name_en":"Mississippi","postal":"MS","admin":"United States of America"},"geometry":{"type":"MultiPolygon","coordinates":[[[[-88.08477,34.93311],[-88.48619,31.89051],[-88.39959,30.37081],[-88.6921,30.35536],[-88.90521,30.41515],[-89.22364,30.33236],[-89.32054,30.34533],[-89.44349,30.22314],[-89.52086,30.19263],[-89.59166,30.22302],[-89.68577,30.46268],[-89.82,30.61121],[-89.83537,30.73082],[-89.73531,31.00116],[-91.65645,31.00181],[-91.59637,31.10991],[-91.63081,31.2176],[-91.61825,31.27696],[-91.55869,31.28791],[-91.52895,31.34519],[-91.50573,31.5187],[-91.45909,31.55498],[-91.37253,31.77372],[-91.2865,31.88397],[-91.15653,31.97069],[-91.09254,32.04585],[-91.07459,32.13132],[-90.93765,32.27733],[-90.9447,32.33071],[-91.10381,32.4905],[-91.14965,32.62501],[-91.09436,32.69426],[-91.13606,32.80885],[-91.09608,32.93768],[-91.14418,32.96688],[-91.15286,33.04057],[-91.10678,33.21792],[-91.16334,33.29445],[-91.14101,33.43851],[-91.21458,33.58341],[-91.17272,33.61668],[-91.20748,33.67567],[-91.05271,33.8276],[-91.06035,33.9893],[-90.91473,34.04862],[-90.94025,34.12856],[-90.90972,34.18876],[-90.81722,34.25222],[-90.76234,34.35643],[-90.63542,34.41387],[-90.58401,34.50371],[-90.53925,34.72817],[-90.47476,34.76005],[-90.41595,34.85162],[-90.31994,34.89916],[-90.2821,34.9453],[-90.29371,35.00111],[-88.17327,34.999],[-88.08477,34.93311]]],[[[-88.57065,30.2048],[-88.7131,30.24492],[-88.72285,30.26425],[-88.57399,30.22916],[-88.57065,30.2048]]]]}},{"type":"Feature","properties":{"name":"Montana","name_en":"Montana","postal":"MT","admin":"United States of America"},"geometry":{"type":"Polygon","coordinates":[[[-116.04849,48.99308],[-104.03393,48.99314],[-104.00548,45.00097],[-111.05086,45.00106],[-111.05143,44.49888],[-111.16093,44.55584],[-111.30408,44.72331],[-111.37252,44.74624],[-111.4481,44.71112],[-111.49986,44.54485],[-112.23131,44.56069],[-112.32004,44.53315],[-112.37538,44.47002],[-112.71593,44.49804],[-112.78714,44.46308],[-112.83135,44.39662],[-112.91039,44.41933],[-112.99969,44.48036],[-113.06271,44.66507],[-113.14071,44.76549],[-113.23427,44.80987],[-113.33889,44.80807],[-113.4608,44.90362],[-113.44713,45.02908],[-113.69711,45.30498],[-113.80227,45.6011],[-113.99192,45.69302],[-114.11662,45.5791],[-114.29764,45.48756],[-114.52923,45.57572],[-114.4958,45.68585],[-114.52254,45.81513],[-114.39679,45.89095],[-114.4159,45.98216],[-114.47831,46.03558],[-114.48536,46.15821],[-114.4466,46.19933],[-114.33687,46.65922],[-114.563,46.65044],[-114.62401,46.67762],[-114.66162,46.74554],[-114.75369,46.73457],[-115.30667,47.23117],[-115.70247,47.43759],[-115.66968,47.49785],[-115.71086,47.5526],[-115.69087,47.60665],[-115.71838,47.68148],[-116.04901,48.00472],[-116.04849,48.99308]]]}},{"type":"Feature","properties":{"name":"North Carolina","name_en":"North Carolina","postal":"NC","admin":"United States of America"},"geometry":{"type":"MultiPolygon","coordinates":[[[[-83.09655,35.00164],[-84.32469,34.9881],[-84.2611,35.24958],[-84.06228,35.28601],[-84.00374,35.41407],[-83.87131,35.51489],[-83.51112,35.58408],[-83.12037,35.77462],[-82.9902,35.80045],[-82.88772,35.95173],[-82.81282,35.94744],[-82.70009,36.02984],[-82.6111,36.04736],[-82.55341,35.97099],[-82.29494,36.13397],[-82.1825,36.15379],[-82.10062,36.10653],[-82.05137,36.12286],[-81.90825,36.30641],[-81.73413,36.35545],[-81.70442,36.53399],[-81.65889,36.61058],[-75.96644,36.55136],[-75.97849,36.42915],[-75.86658,36.26786],[-75.82007,36.11283],[-75.88302,36.1757],[-76.14783,36.27929],[-76.15003,36.14576],[-76.27058,36.18991],[-76.22738,36.11604],[-76.38368,36.13353],[-76.47881,36.02819],[-76.55935,36.01535],[-76.67893,36.07531],[-76.73363,36.22915],[-76.72622,35.95759],[-76.35833,35.95289],[-76.20656,35.99121],[-76.06977,35.97031],[-76.08357,35.69054],[-76.00119,35.72219],[-75.97893,35.89595],[-75.81201,35.95574],[-75.74475,35.76547],[-75.77392,35.647],[-76.10351,35.3803],[-76.17385,35.35415],[-76.48948,35.39702],[-76.53248,35.50843],[-76.57719,35.5323],[-76.61106,35.52967],[-76.63413,35.45321],[-76.74139,35.43148],[-77.04,35.52739],[-76.97447,35.45841],[-76.59544,35.3297],[-76.51295,35.27043],[-76.60752,35.153],[-76.62803,35.07336],[-76.77914,34.99035],[-76.86104,35.00499],[-77.07027,35.15465],[-76.97496,35.02517],[-76.89866,34.97024],[-76.74497,34.94096],[-76.45675,34.98934],[-76.36221,34.9365],[-76.51687,34.77726],[-76.70707,34.75214],[-76.73319,34.707],[-77.13392,34.70793],[-77.29623,34.60295],[-77.35837,34.62026],[-77.41227,34.7308],[-77.41295,34.59213],[-77.37979,34.52663],[-77.75076,34.28499],[-77.86083,34.14918],[-77.92785,33.93974],[-77.95327,34.16898],[-77.97056,33.99343],[-78.01334,33.91181],[-78.40588,33.91757],[-78.56427,33.87666],[-79.65356,34.79679],[-80.78408,34.82863],[-80.79297,34.96277],[-80.93368,35.11367],[-81.04525,35.06562],[-81.04685,35.13108],[-81.08732,35.15571],[-82.39253,35.21093],[-82.74397,35.08406],[-83.09655,35.00164]]],[[[-75.85743,36.55058],[-75.75788,36.22923],[-75.5342,35.81908],[-75.80979,36.27105],[-75.88906,36.55051],[-75.85743,36.55058]]],[[[-75.65077,35.83559],[-75.71718,35.94613],[-75.64886,35.91039],[-75.65077,35.83559]]],[[[-75.67827,35.21284],[-75.53636,35.27862],[-75.48128,35.57212],[-75.50352,35.76916],[-75.45647,35.56416],[-75.50934,35.28033],[-75.54412,35.2401],[-75.67827,35.21284]]],[[[-75.96368,35.11884],[-75.9842,35.12307],[-75.78196,35.1902],[-75.96368,35.11884]]],[[[-76.52858,34.6315],[-76.43703,34.75633],[-76.20739,34.9389],[-76.50364,34.64295],[-76.52858,34.6315]]],[[[-76.54623,34.65486],[-76.66196,34.68465],[-76.67392,34.70016],[-76.54623,34.65486]]]]}},{"type":"Feature","properties":{"name":"North Dakota","name_en":"North Dakota","postal":"ND","admin":"United States of America"},"geometry":{"type":"Polygon","coordinates":[[[-104.03393,48.99314],[-97.22574,48.99318],[-97.12805,48.68111],[-97.12593,48.17339],[-97.00743,47.92561],[-96.98801,47.82034],[-96.85871,47.58834],[-96.82533,47.01886],[-96.77013,46.91967],[-96.78665,46.64822],[-96.73086,46.47277],[-96.59857,46.27186],[-96.56085,46.13824],[-96.5564,45.94277],[-104.01109,45.94306],[-104.03393,48.99314]]]}},{"type":"Feature","properties":{"name":"Nebraska","name_en":"Nebraska","postal":"NE","admin":"United States of America"},"geometry":{"type":"Polygon","coordinates":[[[-102.02449,40.00112],[-102.02501,41.00063],[-104.02165,41.00086],[-104.02886,43.0014],[-98.44177,43.00109],[-98.14328,42.85226],[-97.96495,42.80587],[-97.88092,42.84958],[-97.69814,42.87464],[-97.23879,42.86054],[-96.67554,42.6376],[-96.63278,42.56867],[-96.55795,42.52479],[-96.451,42.50599],[-96.38375,42.41778],[-96.3561,42.26013],[-96.29533,42.13291],[-96.20138,42.03612],[-96.08664,41.82137],[-96.05863,41.54578],[-96.0114,41.53788],[-95.98158,41.4738],[-95.94357,41.46093],[-95.94972,41.36743],[-95.89194,41.31617],[-95.90691,41.21195],[-95.87089,41.18782],[-95.83402,40.88949],[-95.859,40.74511],[-95.6847,40.46636],[-95.66157,40.36276],[-95.60711,40.29547],[-95.52122,40.26458],[-95.46365,40.19806],[-95.4343,40.09598],[-95.34668,40.00149],[-102.02449,40.00112]]]}},{"type":"Feature","properties":{"name":"New Hampshire","name_en":"New Hampshire","postal":"NH","admin":"United States of America"},"geometry":{"type":"Polygon","coordinates":[[[-71.41902,45.20034],[-71.32729,45.29011],[-71.20162,45.26033],[-71.08455,45.29401],[-70.96755,43.45815],[-70.9197,43.3281],[-70.82903,43.23907],[-70.81284,43.16365],[-70.7331,43.07003],[-70.77764,42.94058],[-70.80611,42.87676],[-70.97408,42.87168],[-71.32962,42.70249],[-72.46686,42.73031],[-72.54981,42.88668],[-72.47371,43.03854],[-72.36237,43.58664],[-72.11492,43.96543],[-72.03121,44.30073],[-71.82551,44.37409],[-71.60929,44.51405],[-71.56844,44.60764],[-71.62066,44.77189],[-71.51023,44.90834],[-71.53348,44.98797],[-71.41902,45.20034]]]}},{"type":"Feature","properties":{"name":"New Jersey","name_en":"New Jersey","postal":"NJ","admin":"United States of America"},"geometry":{"type":"MultiPolygon","coordinates":[[[[-75.02353,40.01745],[-74.73489,40.1545],[-74.97638,40.40583],[-75.03405,40.42037],[-75.09745,40.54313],[-75.18902,40.59581],[-75.18569,40.74382],[-75.07556,40.85627],[-75.12304,40.999],[-74.9123,41.15527],[-74.81248,41.30151],[-74.69905,41.3573],[-73.91008,40.99226],[-74.0255,40.75638],[-74.18714,40.64799],[-74.26419,40.52863],[-74.24152,40.45627],[-74.04984,40.42983],[-73.99845,40.45216],[-73.97225,40.40032],[-73.95759,40.32836],[-74.07992,39.78811],[-74.06459,39.99312],[-74.11764,39.93813],[-74.17614,39.7266],[-74.25658,39.61386],[-74.3306,39.53589],[-74.40702,39.54881],[-74.38987,39.48684],[-74.42883,39.38719],[-74.47436,39.34256],[-74.5787,39.31611],[-74.79448,39.00191],[-74.92344,38.94114],[-74.95431,38.94995],[-74.89702,39.14547],[-75.05022,39.21083],[-75.13611,39.20787],[-75.35343,39.33982],[-75.52424,39.49017],[-75.52355,39.60185],[-75.42191,39.78971],[-75.15383,39.87049],[-75.02353,40.01745]]],[[[-74.2505,39.52937],[-74.25316,39.55848],[-74.10677,39.74644],[-74.13322,39.68079],[-74.2505,39.52937]]]]}},{"type":"Feature","properties":{"name":"New Mexico","name_en":"New Mexico","postal":"NM","admin":"United States of America"},"geometry":{"type":"Polygon","coordinates":[[[-109.04781,31.32788],[-109.04667,37.00085],[-103.00084,37.00085],[-103.00029,36.50123],[-103.04215,36.50062],[-103.06564,32.00275],[-106.66826,32.00095],[-106.56636,31.81953],[-106.44538,31.7684],[-108.21184,31.77933],[-108.21445,31.32943],[-109.04781,31.32788]]]}},{"type":"Feature","properties":{"name":"Nevada","name_en":"Nevada","postal":"NV","admin":"United States of America"},"geometry":{"type":"Polygon","coordinates":[[[-114.04259,42.00111],[-114.04288,36.18177],[-114.11944,36.07666],[-114.23215,36.0317],[-114.40609,36.14831],[-114.59297,36.14756],[-114.71576,36.08498],[-114.74136,36.01352],[-114.6871,35.91734],[-114.64517,35.63054],[-114.66206,35.54536],[-114.59099,35.35278],[-114.61054,34.99112],[-118.12627,37.69238],[-120.00006,39.00026],[-120.00081,42.00056],[-114.04259,42.00111]]]}},{"type":"Feature","properties":{"name":"New York","name_en":"New York","postal":"NY","admin":"United States of America"},"geometry":{"type":"MultiPolygon","coordinates":[[[[-79.06605,43.1061],[-79.06139,43.28291],[-78.45747,43.38755],[-78.17495,43.39468],[-77.83823,43.35708],[-77.52905,43.26738],[-77.2708,43.29453],[-76.96309,43.26377],[-76.8853,43.31401],[-76.72231,43.34263],[-76.47271,43.50727],[-76.20259,43.57451],[-76.21811,43.75781],[-76.28462,43.86924],[-76.23252,43.89453],[-76.23643,43.87095],[-76.19834,43.87446],[-76.07065,43.99849],[-76.19228,44.00337],[-76.15415,44.04541],[-76.17329,44.07944],[-76.30606,44.04321],[-76.35244,44.10605],[-75.83218,44.39727],[-75.77568,44.45889],[-75.79196,44.49705],[-75.17938,44.89938],[-74.85664,45.00393],[-73.35218,45.00542],[-73.37208,44.59733],[-73.30975,44.45964],[-73.32091,44.26887],[-73.42613,44.07485],[-73.37497,43.80415],[-73.41593,43.58964],[-73.33048,43.62669],[-73.2471,43.55305],[-73.2802,42.81315],[-73.25333,42.75222],[-73.50729,42.08001],[-73.48057,42.05557],[-73.54473,41.29595],[-73.48414,41.21896],[-73.72302,41.10451],[-73.63047,40.99186],[-73.98708,40.75139],[-73.87197,41.05516],[-73.88225,41.17059],[-73.92533,41.21806],[-73.96995,41.24973],[-73.91765,41.13578],[-73.91008,40.99226],[-74.69905,41.3573],[-74.75662,41.42391],[-74.93537,41.47437],[-75.05136,41.60837],[-75.05368,41.76505],[-75.09554,41.83171],[-75.23886,41.8922],[-75.35134,41.99842],[-79.76296,42.0009],[-79.763,42.27569],[-79.20923,42.55518],[-78.87783,42.79912],[-78.92432,42.99751],[-78.89473,43.05776],[-79.06605,43.1061]]],[[[-72.58089,40.92133],[-72.51657,40.91481],[-72.18385,41.04679],[-72.10189,41.01502],[-71.90321,41.0607],[-72.55554,40.82578],[-73.19429,40.65421],[-73.89956,40.57052],[-73.79918,40.64098],[-73.87517,40.65163],[-73.929,40.59881],[-74.01491,40.58121],[-74.03204,40.63868],[-73.87926,40.79167],[-73.69521,40.87003],[-73.65224,40.83802],[-73.64284,40.88123],[-73.5738,40.91963],[-72.62512,40.99184],[-72.27414,41.15304],[-72.58089,40.92133]]],[[[-74.23588,40.51871],[-74.18815,40.6146],[-74.06875,40.64931],[-74.07971,40.58646],[-74.23588,40.51871]]],[[[-79.01201,43.00269],[-79.01416,43.05151],[-78.91621,43.05317],[-78.96055,42.98823],[-79.01201,43.00269]]]]}},{"type":"Feature","properties":{"name":"Ohio","name_en":"Ohio","postal":"OH","admin":"United States of America"},"geometry":{"type":"Polygon","coordinates":[[[-80.52028,41.98957],[-80.51908,40.64696],[-80.63752,40.60326],[-80.65905,40.56298],[-80.60409,40.4452],[-80.60182,40.36389],[-80.87219,39.73551],[-80.87431,39.66429],[-80.96329,39.57113],[-81.2625,39.38654],[-81.33335,39.36282],[-81.43965,39.39256],[-81.60646,39.27414],[-81.65721,39.27197],[-81.8026,39.08606],[-81.78012,38.94698],[-81.89668,38.89355],[-81.9498,38.98933],[-82.00109,39.0111],[-82.07227,38.96295],[-82.20353,38.76823],[-82.18007,38.63759],[-82.38706,38.43399],[-82.49754,38.41497],[-82.62128,38.45068],[-82.84462,38.62767],[-82.88044,38.71025],[-83.00007,38.714],[-83.20347,38.63891],[-83.35697,38.62741],[-83.53839,38.69986],[-83.68988,38.64953],[-83.82809,38.73123],[-84.11324,38.79839],[-84.22728,38.8652],[-84.29044,38.97471],[-84.43006,39.0909],[-84.66054,39.09447],[-84.70695,39.12891],[-84.82171,39.09198],[-84.79611,41.70143],[-83.45426,41.74555],[-82.96328,41.54194],[-82.83076,41.57969],[-82.7,41.52129],[-83.02749,41.45454],[-82.64263,41.4669],[-82.48027,41.3981],[-82.12134,41.49297],[-81.72319,41.51094],[-81.22861,41.77041],[-80.52028,41.98957]]]}},{"type":"Feature","properties":{"name":"Oklahoma","name_en":"Oklahoma","postal":"OK","admin":"United States of America"},"geometry":{"type":"Polygon","coordinates":[[[-94.59598,36.36166],[-94.43914,35.38725],[-94.48415,33.64843],[-94.7092,33.69929],[-95.21586,33.95904],[-95.37389,33.87427],[-95.52349,33.88656],[-95.59447,33.94516],[-95.78391,33.8645],[-95.94158,33.88284],[-96.13934,33.82196],[-96.31505,33.71112],[-96.59159,33.84927],[-96.60635,33.90563],[-96.74628,33.85419],[-96.84757,33.88318],[-96.93405,33.95348],[-97.06384,33.8568],[-97.119,33.73476],[-97.19249,33.78463],[-97.18618,33.87008],[-97.21494,33.89711],[-97.39849,33.83132],[-97.57125,33.91594],[-97.64093,33.99167],[-97.84242,33.87579],[-97.92159,33.87837],[-97.95107,33.97121],[-98.06938,34.0403],[-98.09864,34.14503],[-98.35598,34.14151],[-98.45367,34.07813],[-98.6084,34.16128],[-98.73012,34.14658],[-99.15751,34.22328],[-99.25288,34.38808],[-99.36039,34.45609],[-99.40499,34.39207],[-99.63203,34.38849],[-99.86703,34.54337],[-99.99934,34.58672],[-100.00244,36.5009],[-103.00029,36.50123],[-103.00084,37.00085],[-94.61807,37.00085],[-94.59598,36.36166]]]}},{"type":"Feature","properties":{"name":"Oregon","name_en":"Oregon","postal":"OR","admin":"United States of America"},"geometry":{"type":"Polygon","coordinates":[[[-117.01668,42.00056],[-124.22841,42.00077],[-124.35527,42.12288],[-124.42051,42.38101],[-124.40617,42.58368],[-124.53963,42.81287],[-124.34659,43.34165],[-124.19694,43.42334],[-124.28799,43.4097],[-124.14872,43.69173],[-124.09916,44.33378],[-124.04746,44.42551],[-124.05919,44.77773],[-123.92936,45.57696],[-123.96122,45.843],[-123.94713,46.14059],[-123.9893,46.2194],[-123.91168,46.1822],[-123.67361,46.1826],[-123.52163,46.22266],[-123.32156,46.14401],[-123.1209,46.17878],[-123.04228,46.16003],[-122.942,46.11486],[-122.84337,45.97809],[-122.72591,45.67375],[-122.64985,45.62744],[-122.20253,45.59107],[-122.08512,45.60265],[-121.88201,45.68946],[-121.66252,45.71813],[-121.40212,45.71184],[-121.2427,45.68703],[-121.18428,45.64378],[-121.04524,45.63904],[-120.35143,45.72517],[-119.93428,45.83787],[-119.42911,45.93417],[-119.17735,45.94508],[-119.01968,46.00034],[-116.89648,46.0021],[-116.76472,45.87291],[-116.52092,45.72191],[-116.47704,45.64109],[-116.54916,45.45674],[-116.73734,45.16884],[-116.85586,44.90574],[-117.2017,44.43621],[-117.19731,44.3438],[-117.13974,44.29026],[-116.95319,44.24531],[-116.91242,44.19947],[-117.0205,43.81319],[-117.01668,42.00056]]]}},{"type":"Feature","properties":{"name":"Pennsylvania","name_en":"Pennsylvania","postal":"PA","admin":"United States of America"},"geometry":{"type":"Polygon","coordinates":[[[-79.763,42.27013],[-79.76296,42.0009],[-75.35134,41.99842],[-75.23886,41.8922],[-75.09554,41.83171],[-75.05368,41.76505],[-75.05136,41.60837],[-74.98126,41.5077],[-74.75662,41.42391],[-74.69905,41.3573],[-74.81248,41.30151],[-74.9123,41.15527],[-75.12304,40.999],[-75.07556,40.85627],[-75.17474,40.77552],[-75.19228,40.68987],[-75.18902,40.59581],[-75.09745,40.54313],[-75.03405,40.42037],[-74.97638,40.40583],[-74.73489,40.1545],[-75.02353,40.01745],[-75.17292,39.89478],[-75.42103,39.81542],[-75.63458,39.83948],[-75.78472,39.72236],[-80.51944,39.72251],[-80.52028,41.98957],[-79.763,42.27013]]]}},{"type":"Feature","properties":{"name":"Rhode Island","name_en":"Rhode Island","postal":"RI","admin":"United States of America"},"geometry":{"type":"MultiPolygon","coordinates":[[[[-71.84235,41.33551],[-71.79579,41.51995],[-71.80084,42.01196],[-71.38714,42.01686],[-71.37907,41.90241],[-71.33763,41.89144],[-71.34073,41.79792],[-71.23377,41.70655],[-71.27107,41.68123],[-71.39016,41.79534],[-71.36368,41.70273],[-71.42654,41.6333],[-71.4438,41.45369],[-71.52286,41.37897],[-71.76928,41.33091],[-71.84235,41.33551]]],[[[-71.24138,41.49197],[-71.34623,41.4694],[-71.28019,41.62005],[-71.23205,41.6543],[-71.24138,41.49197]]],[[[-71.39308,41.46675],[-71.40338,41.51504],[-71.36432,41.57181],[-71.36536,41.48527],[-71.39308,41.46675]]]]}},{"type":"Feature","properties":{"name":"South Carolina","name_en":"South Carolina","postal":"SC","admin":"United States of America"},"geometry":{"type":"Polygon","coordinates":[[[-81.07481,32.1097],[-81.13502,32.18186],[-81.1715,32.38014],[-81.29033,32.55724],[-81.37697,32.60747],[-81.48978,32.93566],[-81.57824,33.06858],[-81.78032,33.19529],[-82.00572,33.52289],[-82.20836,33.66358],[-82.3519,33.83773],[-82.58927,34.01738],[-82.84773,34.43691],[-83.05278,34.51086],[-83.35558,34.70832],[-83.31672,34.80566],[-83.12136,35.00055],[-82.74397,35.08406],[-82.39253,35.21093],[-81.08732,35.15571],[-81.04685,35.13108],[-81.04525,35.06562],[-80.93368,35.11367],[-80.79297,34.96277],[-80.78408,34.82863],[-79.65356,34.79679],[-78.56427,33.87666],[-78.92029,33.6587],[-79.13819,33.40592],[-79.19382,33.24415],[-79.23836,33.31215],[-79.22647,33.40489],[-79.28133,33.31544],[-79.22924,33.18513],[-79.27601,33.13539],[-79.41993,33.04253],[-79.58712,33.00088],[-79.61493,32.90926],[-79.80499,32.78738],[-79.9331,32.81003],[-79.89364,32.7287],[-79.94073,32.66716],[-80.02175,32.61989],[-80.22967,32.57651],[-80.36284,32.50073],[-80.57223,32.5337],[-80.6342,32.51173],[-80.47428,32.42278],[-80.48573,32.35183],[-80.57934,32.28733],[-80.60822,32.29281],[-80.64721,32.39593],[-80.70933,32.33704],[-80.80256,32.44805],[-80.79788,32.3634],[-80.69421,32.21574],[-80.75801,32.14218],[-80.84924,32.11393],[-80.87235,32.02956],[-81.07481,32.1097]]]}},{"type":"Feature","properties":{"name":"South Dakota","name_en":"South Dakota","postal":"SD","admin":"United States of America"},"geometry":{"type":"Polygon","coordinates":[[[-96.59862,43.4975],[-96.53496,43.33806],[-96.56345,43.24269],[-96.49028,43.20553],[-96.46129,43.12977],[-96.62683,42.757],[-96.5387,42.65859],[-96.48095,42.51126],[-96.63278,42.56867],[-96.67554,42.6376],[-96.80453,42.70142],[-97.23879,42.86054],[-97.69814,42.87464],[-97.88092,42.84958],[-97.96495,42.80587],[-98.14328,42.85226],[-98.44177,43.00109],[-104.02886,43.0014],[-104.03721,45.00113],[-104.00478,45.01348],[-104.01109,45.94306],[-96.5564,45.94277],[-96.61469,45.79997],[-96.85106,45.626],[-96.69611,45.43178],[-96.52976,45.37155],[-96.45367,45.29734],[-96.45362,43.50117],[-96.59862,43.4975]]]}},{"type":"Feature","properties":{"name":"Tennessee","name_en":"Tennessee","postal":"TN","admin":"United States of America"},"geometry":{"type":"Polygon","coordinates":[[[-84.32469,34.9881],[-88.19043,35.025],[-88.17327,34.999],[-90.29376,35.00448],[-90.14227,35.1143],[-90.09292,35.20359],[-90.10788,35.3142],[-89.92652,35.59165],[-89.94351,35.67914],[-89.89456,35.7505],[-89.77966,35.80574],[-89.76359,35.88877],[-89.68891,35.92096],[-89.70932,35.98305],[-89.63413,36.16792],[-89.67455,36.22057],[-89.58355,36.27223],[-89.61171,36.32197],[-89.55527,36.37292],[-89.55731,36.50108],[-88.05911,36.49968],[-88.0963,36.69301],[-87.86871,36.67505],[-87.83915,36.64397],[-86.50759,36.66484],[-83.73038,36.58682],[-81.65889,36.61058],[-81.70442,36.53399],[-81.73413,36.35545],[-81.90825,36.30641],[-82.05137,36.12286],[-82.10062,36.10653],[-82.1825,36.15379],[-82.29494,36.13397],[-82.55341,35.97099],[-82.6111,36.04736],[-82.70009,36.02984],[-82.81282,35.94744],[-82.88772,35.95173],[-82.9902,35.80045],[-83.12037,35.77462],[-83.51112,35.58408],[-83.87131,35.51489],[-84.00374,35.41407],[-84.06228,35.28601],[-84.2611,35.24958],[-84.32469,34.9881]]]}},{"type":"Feature","properties":{"name":"Texas","name_en":"Texas","postal":"TX","admin":"United States of America"},"geometry":{"type":"MultiPolygon","coordinates":[[[[-94.48415,33.64843],[-94.35767,33.56097],[-94.19153,33.58901],[-94.04733,33.55443],[-94.0433,31.99923],[-93.84558,31.79294],[-93.8069,31.5688],[-93.73758,31.51381],[-93.66588,31.32258],[-93.55775,31.18042],[-93.53059,31.04619],[-93.56265,31.0049],[-93.57919,30.82381],[-93.72021,30.55826],[-93.75039,30.34471],[-93.71063,30.11281],[-93.79401,29.97726],[-93.84145,29.97975],[-93.9463,29.81501],[-93.89046,29.68936],[-94.09968,29.67038],[-94.75961,29.38425],[-94.75013,29.41803],[-94.52626,29.54796],[-94.77829,29.54786],[-94.72437,29.6553],[-94.74194,29.74999],[-94.83232,29.7526],[-94.88991,29.67695],[-95.02287,29.70232],[-94.99283,29.53093],[-94.88829,29.37055],[-95.13904,29.16784],[-95.15215,29.07923],[-95.27351,28.96386],[-95.85342,28.64035],[-96.23453,28.48899],[-96.01103,28.63194],[-96.37344,28.65704],[-96.44873,28.59448],[-96.5757,28.71571],[-96.64004,28.70876],[-96.52465,28.4887],[-96.42111,28.45734],[-96.5617,28.36716],[-96.67634,28.34129],[-96.77355,28.42162],[-96.8069,28.22019],[-96.83951,28.1944],[-96.8916,28.15755],[-96.93328,28.22427],[-97.01547,28.16345],[-97.15649,28.14436],[-97.14127,28.06076],[-97.03433,28.09385],[-97.07309,27.98609],[-97.17145,27.87957],[-97.25158,27.85442],[-97.37413,27.87003],[-97.43152,27.83722],[-97.28873,27.67061],[-97.43911,27.32829],[-97.52386,27.31397],[-97.76845,27.4575],[-97.69238,27.28714],[-97.4851,27.23741],[-97.47567,27.11789],[-97.55471,26.96735],[-97.43508,26.48585],[-97.21393,26.06787],[-97.15037,26.06531],[-97.14019,26.02973],[-97.14624,25.96146],[-97.28178,25.94162],[-97.35816,25.87052],[-97.58724,25.98421],[-97.80142,26.04205],[-98.27503,26.1112],[-98.37812,26.18236],[-98.69141,26.27645],[-98.76523,26.34041],[-99.10777,26.44692],[-99.22993,26.76193],[-99.45653,27.05667],[-99.44026,27.17012],[-99.51007,27.34033],[-99.48583,27.39805],[-99.50532,27.54834],[-99.75427,27.72993],[-100.11195,28.17296],[-100.29604,28.32768],[-100.33173,28.50255],[-100.54969,28.82134],[-100.65863,29.06854],[-100.7546,29.18251],[-101.01633,29.40066],[-101.03863,29.46029],[-101.30353,29.63408],[-101.38034,29.74255],[-101.54462,29.78353],[-101.54638,29.80807],[-101.9909,29.7957],[-102.26892,29.87117],[-102.34308,29.86497],[-102.38566,29.80666],[-102.47625,29.76908],[-102.61494,29.75234],[-102.73419,29.64395],[-102.834,29.44397],[-102.87783,29.31532],[-102.86568,29.25803],[-103.09001,29.04187],[-103.1683,28.99817],[-103.2577,29.00113],[-103.42293,29.07068],[-103.85291,29.29108],[-103.98975,29.32317],[-104.40062,29.57375],[-104.62221,29.85427],[-104.68133,29.99053],[-104.68133,30.13436],[-104.91785,30.58336],[-105.51399,30.98077],[-106.02409,31.39777],[-106.14807,31.45093],[-106.43603,31.76447],[-106.56636,31.81953],[-106.66826,32.00095],[-103.06564,32.00275],[-103.04215,36.50062],[-100.00244,36.5009],[-99.99934,34.58672],[-99.86703,34.54337],[-99.68561,34.41583],[-99.63203,34.38849],[-99.40499,34.39207],[-99.36039,34.45609],[-99.25288,34.38808],[-99.15751,34.22328],[-98.73012,34.14658],[-98.6084,34.16128],[-98.45367,34.07813],[-98.35598,34.14151],[-98.09864,34.14503],[-98.06938,34.0403],[-97.95107,33.97121],[-97.92159,33.87837],[-97.84242,33.87579],[-97.64093,33.99167],[-97.57125,33.91594],[-97.39849,33.83132],[-97.19476,33.89062],[-97.20101,33.80816],[-97.14507,33.73769],[-97.09895,33.75044],[-97.06384,33.8568],[-96.93405,33.95348],[-96.84757,33.88318],[-96.74628,33.85419],[-96.60635,33.90563],[-96.59159,33.84927],[-96.31505,33.71112],[-96.13934,33.82196],[-95.94158,33.88284],[-95.78391,33.8645],[-95.59447,33.94516],[-95.52349,33.88656],[-95.37389,33.87427],[-95.21586,33.95904],[-94.96239,33.84341],[-94.86937,33.7682],[-94.48415,33.64843]]],[[[-95.08967,29.13631],[-94.82599,29.34131],[-94.76762,29.33903],[-94.86495,29.25289],[-95.08967,29.13631]]],[[[-96.80112,28.14841],[-96.75561,28.20243],[-96.40357,28.38158],[-96.41333,28.33781],[-96.80112,28.14841]]],[[[-97.03601,27.89918],[-96.97867,28.01384],[-96.85742,28.13291],[-96.83977,28.0888],[-97.03601,27.89918]]],[[[-97.38483,27.24253],[-97.29504,27.52307],[-97.13001,27.77913],[-97.06056,27.82202],[-97.25091,27.54119],[-97.38483,27.24253]]],[[[-97.1845,26.11293],[-97.40208,26.82051],[-97.38599,27.1965],[-97.35124,26.80147],[-97.20223,26.29979],[-97.1845,26.11293]]]]}},{"type":"Feature","properties":{"name":"Utah","name_en":"Utah","postal":"UT","admin":"United States of America"},"geometry":{"type":"Polygon","coordinates":[[[-109.04667,37.00085],[-114.04027,37.00415],[-114.04259,42.00111],[-111.0503,42.00088],[-111.04999,41.00086],[-109.04639,41.00086],[-109.04667,37.00085]]]}},{"type":"Feature","properties":{"name":"Virginia","name_en":"Virginia","postal":"VA","admin":"United States of America"},"geometry":{"type":"MultiPolygon","coordinates":[[[[-77.30109,39.05338],[-77.03036,38.88925],[-77.0456,38.7758],[-77.26039,38.59999],[-77.3137,38.39663],[-77.23192,38.34004],[-77.04676,38.35668],[-76.90634,38.19705],[-76.54951,38.0945],[-76.47176,38.01117],[-76.26428,37.89355],[-76.30563,37.72157],[-76.34414,37.67568],[-76.49248,37.68222],[-76.82864,37.96151],[-76.93998,38.09546],[-77.1111,38.16568],[-76.92512,38.03302],[-76.54946,37.66914],[-76.30557,37.57151],[-76.36763,37.53029],[-76.26857,37.49515],[-76.26348,37.35702],[-76.40099,37.38615],[-76.39313,37.29995],[-76.45393,37.27354],[-76.53839,37.30935],[-76.75769,37.50544],[-76.7381,37.44877],[-76.6109,37.32258],[-76.32694,37.14926],[-76.2833,37.05268],[-76.40089,36.99133],[-76.6023,37.14284],[-76.6309,37.2217],[-76.70351,37.21767],[-77.00697,37.31767],[-77.25089,37.32919],[-76.67185,37.17295],[-76.63392,37.04743],[-76.50463,36.96102],[-76.48786,36.89702],[-76.39955,36.88984],[-76.24426,36.95263],[-75.99941,36.91266],[-75.85743,36.55058],[-81.64163,36.59508],[-81.90534,36.61854],[-81.95251,36.59802],[-83.66752,36.60503],[-83.15022,36.76233],[-83.04382,36.84555],[-82.8945,36.90637],[-82.73189,37.04808],[-82.68159,37.13812],[-82.34321,37.29693],[-81.96528,37.53972],[-81.9714,37.47306],[-81.87564,37.32961],[-81.58902,37.20807],[-81.35004,37.33369],[-81.17812,37.26333],[-80.91537,37.31136],[-80.84349,37.42172],[-80.71985,37.40102],[-80.5074,37.46906],[-80.46451,37.43273],[-80.37118,37.4726],[-80.24582,37.62078],[-80.2853,37.67705],[-80.24593,37.75102],[-79.97173,38.04615],[-79.90269,38.18075],[-79.71525,38.40404],[-79.6396,38.57245],[-79.55527,38.55938],[-79.50483,38.49135],[-79.39587,38.45439],[-79.24027,38.47652],[-79.04119,38.78967],[-78.99199,38.8197],[-78.86872,38.81794],[-78.58148,38.99902],[-78.43524,39.16076],[-78.32222,39.45185],[-77.83579,39.14521],[-77.72664,39.34644],[-77.53415,39.26561],[-77.47886,39.22086],[-77.50645,39.14262],[-77.48092,39.11296],[-77.30109,39.05338]]],[[[-75.62,37.99921],[-75.37596,38.02499],[-75.59636,37.63119],[-75.58711,37.55872],[-75.69884,37.51637],[-75.81205,37.42522],[-75.93438,37.1519],[-75.99737,37.26383],[-75.97505,37.39844],[-75.88816,37.61916],[-75.71935,37.82138],[-75.62,37.99921]]],[[[-75.22579,38.04034],[-75.33305,37.88828],[-75.37855,37.87205],[-75.25248,38.03745],[-75.22579,38.04034]]]]}},{"type":"Feature","properties":{"name":"Vermont","name_en":"Vermont","postal":"VT","admin":"United States of America"},"geometry":{"type":"Polygon","coordinates":[[[-73.35218,45.00542],[-71.51752,45.00756],[-71.51023,44.90834],[-71.62066,44.77189],[-71.56844,44.60764],[-71.60929,44.51405],[-71.82551,44.37409],[-72.03121,44.30073],[-72.11492,43.96543],[-72.36237,43.58664],[-72.47371,43.03854],[-72.54981,42.88668],[-72.46686,42.73031],[-73.25333,42.75222],[-73.2802,42.81315],[-73.2471,43.55305],[-73.33048,43.62669],[-73.41593,43.58964],[-73.37497,43.80415],[-73.42613,44.07485],[-73.32091,44.26887],[-73.30975,44.45964],[-73.37208,44.59733],[-73.35218,45.00542]]]}},{"type":"Feature","properties":{"name":"Washington","name_en":"Washington","postal":"WA","admin":"United States of America"},"geometry":{"type":"MultiPolygon","coordinates":[[[[-122.78878,48.99303],[-117.03905,48.99308],[-117.039,46.39655],[-116.94296,46.23211],[-116.92211,46.16364],[-116.94785,46.12432],[-116.89648,46.0021],[-119.01968,46.00034],[-119.17735,45.94508],[-119.42911,45.93417],[-119.93428,45.83787],[-120.35143,45.72517],[-121.04524,45.63904],[-121.18428,45.64378],[-121.2427,45.68703],[-121.40212,45.71184],[-121.66252,45.71813],[-121.88201,45.68946],[-122.08512,45.60265],[-122.20253,45.59107],[-122.64985,45.62744],[-122.72591,45.67375],[-122.84337,45.97809],[-122.942,46.11486],[-123.04228,46.16003],[-123.1209,46.17878],[-123.22059,46.15362],[-123.46486,46.2711],[-123.65033,46.26772],[-123.68837,46.29986],[-123.89571,46.26777],[-123.95974,46.30074],[-124.07276,46.27945],[-124.04436,46.60506],[-123.94613,46.43256],[-123.88915,46.66002],[-124.0717,46.7448],[-124.11255,46.86267],[-123.84288,46.96318],[-124.11169,47.03519],[-124.13924,46.9547],[-124.19885,47.20854],[-124.30928,47.4046],[-124.37602,47.65864],[-124.46004,47.78421],[-124.62107,47.90413],[-124.66308,47.97412],[-124.70998,48.38038],[-123.97576,48.16848],[-123.29443,48.11955],[-123.16188,48.15455],[-122.97388,48.0733],[-122.7786,48.13758],[-122.65664,47.88113],[-122.77844,47.73843],[-122.80177,47.73533],[-122.82138,47.79316],[-123.05065,47.55193],[-123.13904,47.3861],[-123.10421,47.34837],[-122.92216,47.40765],[-123.06678,47.39964],[-123.06013,47.45365],[-122.98246,47.55937],[-122.81405,47.65854],[-122.60814,47.83548],[-122.58572,47.92788],[-122.5328,47.91971],[-122.52391,47.76934],[-122.63018,47.6928],[-122.61362,47.61562],[-122.67548,47.61234],[-122.55745,47.4632],[-122.57789,47.29319],[-122.64866,47.28146],[-122.7077,47.31639],[-122.7678,47.21836],[-122.82846,47.3366],[-122.91952,47.28967],[-123.02757,47.13891],[-122.81196,47.14601],[-122.70194,47.11087],[-122.60414,47.16702],[-122.54218,47.27557],[-122.42012,47.3121],[-122.35382,47.37158],[-122.36834,47.60392],[-122.41051,47.65265],[-122.38363,47.71647],[-122.40183,47.78427],[-122.24201,48.01076],[-122.4158,48.18393],[-122.39477,48.08415],[-122.49402,48.13045],[-122.52032,48.22909],[-122.40338,48.26919],[-122.40855,48.2939],[-122.54166,48.41095],[-122.66248,48.44639],[-122.65726,48.49001],[-122.49675,48.50554],[-122.54512,48.76229],[-122.65302,48.76387],[-122.68594,48.79429],[-122.78878,48.99303]]],[[[-123.0492,48.99303],[-123.06326,48.97774],[-123.08643,48.99303],[-123.0492,48.99303]]],[[[-122.76883,48.65098],[-122.83761,48.62655],[-122.90303,48.66468],[-122.89254,48.5945],[-123.00285,48.6522],[-122.89771,48.71036],[-122.76883,48.65098]]],[[[-122.98675,48.468],[-123.13992,48.50795],[-123.16214,48.60639],[-123.11419,48.61326],[-122.98675,48.468]]],[[[-122.83658,48.42154],[-122.93228,48.48474],[-122.88552,48.55161],[-122.81462,48.45234],[-122.83658,48.42154]]],[[[-122.52384,48.02544],[-122.50285,48.08006],[-122.36674,47.98544],[-122.36658,47.93883],[-122.41144,47.91775],[-122.55752,47.99247],[-122.62266,48.15143],[-122.74152,48.22527],[-122.62863,48.38423],[-122.53556,48.32121],[-122.54244,48.294],[-122.697,48.22869],[-122.59762,48.20042],[-122.52384,48.02544]]],[[[-122.50265,47.57544],[-122.57592,47.61947],[-122.54977,47.70396],[-122.50787,47.68264],[-122.50265,47.57544]]],[[[-122.39872,47.37251],[-122.45696,47.35933],[-122.46854,47.39023],[-122.50993,47.35799],[-122.48647,47.48878],[-122.39872,47.37251]]],[[[-122.86263,47.18507],[-122.90797,47.22611],[-122.8851,47.27471],[-122.84919,47.2163],[-122.86263,47.18507]]]]}},{"type":"Feature","properties":{"name":"Wisconsin","name_en":"Wisconsin","postal":"WI","admin":"United States of America"},"geometry":{"type":"MultiPolygon","coordinates":[[[[-90.65733,42.52051],[-90.68787,42.61032],[-91.06958,42.78855],[-91.11759,42.88165],[-91.16133,43.10233],[-91.10697,43.27803],[-91.1172,43.33116],[-91.17836,43.35893],[-91.23828,43.44024],[-91.31992,43.93628],[-91.38269,43.9908],[-91.84098,44.19416],[-92.05512,44.39982],[-92.24031,44.46214],[-92.44159,44.58658],[-92.64354,44.64534],[-92.76981,44.72585],[-92.79921,44.79003],[-92.7634,44.93426],[-92.79304,45.07136],[-92.75906,45.11058],[-92.76614,45.23646],[-92.6826,45.4331],[-92.75746,45.54324],[-92.89249,45.59476],[-92.89652,45.65858],[-92.69395,45.90901],[-92.29263,46.08438],[-92.29165,46.66072],[-92.224,46.67102],[-92.12535,46.76301],[-91.98731,46.69897],[-91.83564,46.7021],[-91.49907,46.76611],[-91.21763,46.88564],[-91.12725,46.86768],[-90.94604,46.95376],[-90.83994,46.96245],[-90.76836,46.90801],[-90.94351,46.61899],[-90.923,46.60308],[-90.76997,46.64541],[-90.73682,46.68887],[-90.23038,46.50977],[-90.11855,46.34166],[-89.11929,46.14919],[-88.83733,46.03662],[-88.49299,46.01352],[-88.15175,45.94541],[-88.09648,45.87841],[-88.11612,45.8158],[-87.92254,45.75997],[-87.80908,45.68604],[-87.79456,45.59603],[-87.87491,45.38539],[-87.84182,45.36079],[-87.66423,45.37129],[-87.71885,45.20127],[-87.65361,45.1218],[-87.60584,45.10855],[-87.627,45.03227],[-87.83027,44.94248],[-87.9978,44.69233],[-88.01875,44.57114],[-87.929,44.55947],[-87.78755,44.65156],[-87.60439,44.84687],[-87.41958,44.86563],[-87.34561,44.80063],[-87.35605,44.72036],[-87.44087,44.60068],[-87.52744,44.38569],[-87.5125,44.23027],[-87.53491,44.17427],[-87.60342,44.12495],[-87.70015,43.97661],[-87.72939,43.85117],[-87.69971,43.72373],[-87.89839,43.2938],[-87.88774,43.01245],[-87.78706,42.80918],[-87.81208,42.49711],[-90.65733,42.52051]]],[[[-90.42212,47.07114],[-90.45933,47.01011],[-90.47173,47.01753],[-90.42212,47.07114]]],[[[-90.54668,46.91929],[-90.65181,46.92227],[-90.65044,46.93677],[-90.54263,46.96274],[-90.54668,46.91929]]],[[[-90.59609,46.86885],[-90.71055,46.78335],[-90.7916,46.77231],[-90.59609,46.86885]]],[[[-87.00503,45.2958],[-86.99189,45.24102],[-87.0415,45.23667],[-87.05688,45.15054],[-87.08418,45.15396],[-87.05894,45.10244],[-87.14136,45.04067],[-87.18809,44.92197],[-87.28027,44.83486],[-87.35459,44.83882],[-87.39648,44.95415],[-87.25879,45.13799],[-87.12202,45.22451],[-87.08813,45.27915],[-87.00503,45.2958]]],[[[-86.87847,45.41416],[-86.86186,45.35225],[-86.9667,45.36831],[-86.93799,45.42559],[-86.87847,45.41416]]]]}},{"type":"Feature","properties":{"name":"West Virginia","name_en":"West Virginia","postal":"WV","admin":"United States of America"},"geometry":{"type":"Polygon","coordinates":[[[-82.10346,37.57057],[-82.28024,37.68718],[-82.58877,38.09974],[-82.61771,38.14987],[-82.57841,38.27208],[-82.61278,38.44822],[-82.49754,38.41497],[-82.31815,38.47967],[-82.29087,38.55202],[-82.18007,38.63759],[-82.20353,38.76823],[-82.07227,38.96295],[-82.00109,39.0111],[-81.9498,38.98933],[-81.89668,38.89355],[-81.78012,38.94698],[-81.8026,39.08606],[-81.65721,39.27197],[-81.60646,39.27414],[-81.43965,39.39256],[-81.33335,39.36282],[-81.2625,39.38654],[-80.96329,39.57113],[-80.87431,39.66429],[-80.87219,39.73551],[-80.60182,40.36389],[-80.60409,40.4452],[-80.65905,40.56298],[-80.63752,40.60326],[-80.51908,40.64696],[-80.51944,39.72251],[-79.4775,39.7228],[-79.48798,39.21091],[-79.29356,39.31158],[-79.07534,39.47599],[-78.97148,39.45364],[-78.77777,39.62662],[-78.67767,39.54952],[-78.49554,39.53335],[-78.40676,39.62786],[-78.18113,39.68574],[-78.09778,39.67789],[-78.0272,39.63123],[-77.85542,39.59971],[-77.87217,39.57578],[-77.77958,39.48834],[-77.7917,39.44178],[-77.72664,39.34644],[-77.83579,39.14521],[-78.32222,39.45185],[-78.43524,39.16076],[-78.58148,38.99902],[-78.86872,38.81794],[-78.99199,38.8197],[-79.04119,38.78967],[-79.24027,38.47652],[-79.39587,38.45439],[-79.50483,38.49135],[-79.55527,38.55938],[-79.6396,38.57245],[-79.71525,38.40404],[-79.90269,38.18075],[-79.97173,38.04615],[-80.24593,37.75102],[-80.2853,37.67705],[-80.24582,37.62078],[-80.37118,37.4726],[-80.46451,37.43273],[-80.5074,37.46906],[-80.71985,37.40102],[-80.84349,37.42172],[-80.91537,37.31136],[-81.17812,37.26333],[-81.35004,37.33369],[-81.58902,37.20807],[-81.87564,37.32961],[-81.9714,37.47306],[-81.96528,37.53972],[-82.10346,37.57057]]]}},{"type":"Feature","properties":{"name":"Wyoming","name_en":"Wyoming","postal":"WY","admin":"United States of America"},"geometry":{"type":"Polygon","coordinates":[[[-104.02165,41.00086],[-111.04999,41.00086],[-111.05086,45.00106],[-104.03721,45.00113],[-104.02165,41.00086]]]}},{"type":"Feature","properties":{"name":"Chukchi Autonomous Okrug","name_en":"Chukotka Autonomous Okrug","postal":"CK","admin":"Russia"},"geometry":{"type":"Polygon","coordinates":[[[-171.79556,66.93174],[-171.3605,66.67676],[-170.92666,66.52974],[-170.4731,66.32026],[-170.60444,66.24893],[-170.30122,66.29404],[-170.19194,66.20127],[-170.24394,66.16929],[-169.77788,66.14311],[-169.72915,66.0581],[-169.83169,65.99893],[-170.00381,66.0335],[-170.15942,66.00806],[-170.54067,65.86543],[-170.56099,65.65625],[-170.66631,65.62153],[-171.00146,65.66489],[-171.37686,65.80396],[-171.45117,65.79424],[-171.13442,65.62808],[-171.05425,65.54995],[-171.10586,65.51104],[-171.46626,65.53311],[-171.94717,65.50796],[-171.95718,65.54209],[-172.0,65.5482],[-172.0,66.96774],[-171.79556,66.93174]]]}}]}